timestamp,outside_t,outside_h,outside_c,outside_p,outside_a,outside_v,room_1_t,room_1_h,room_1_c,room_1_p,room_1_a,room_1_v,room_2_t,room_2_h,room_2_c,room_2_p,room_2_a,room_2_v,room_3_t,room_3_h,room_3_c,room_3_p,room_3_a,room_3_v,supply_t,supply_h,supply_c,supply_p,supply_a,supply_v,return_t,return_h,return_c,return_p,return_a,return_v,mixed_t,mixed_h,mixed_c,mixed_p,mixed_a,mixed_v,cooler_t,cooler_h,cooler_c,cooler_p,cooler_a,cooler_v,heated_t,heated_h,heated_c,heated_p,heated_a,heated_v,mixer,fan,flowrate,coolerState,heaterState,humidifierState,time_str,actual_occupancy
2026-07-31 12:07:56.999000+05:30,30.6,67.6,458,0,1,51,22.1,65.2,0,954.8,0,0,25.6,60.1,473,0,1,58,0,0,0,0,0,0,18.6,86.0,435,0,1,40,0,0,0,0,0,0,0,0,0,0,0,0,0,0,0,0,0,0,0,0,0,0,0,0,100,57,0,0,0,0,12:07:00,0
2026-07-31 12:08:02.060000+05:30,30.5,67.3,438,0,1,41,22.1,65.3,0,954.8,0,0,25.6,60.2,474,0,1,59,0,0,0,0,0,0,18.6,86.0,464,0,1,54,0,0,0,0,0,0,0,0,0,0,0,0,0,0,0,0,0,0,0,0,0,0,0,0,100,57,0,0,0,0,12:07:00,0
2026-07-31 12:08:06.996000+05:30,30.5,67.6,425,0,1,35,22.1,65.3,0,954.8,0,0,25.6,60.2,449,0,1,46,0,0,0,0,0,0,18.6,86.0,451,0,1,47,0,0,0,0,0,0,0,0,0,0,0,0,0,0,0,0,0,0,0,0,0,0,0,0,100,57,0,0,0,0,12:07:00,0
2026-07-31 12:08:12.002000+05:30,30.5,67.3,409,0,1,28,22.1,65.3,0,954.8,0,0,25.6,60.3,451,0,1,47,0,0,0,0,0,0,18.6,86.0,470,0,1,56,0,0,0,0,0,0,0,0,0,0,0,0,0,0,0,0,0,0,0,0,0,0,0,0,100,57,0,0,0,0,12:07:00,0
2026-07-31 12:08:16.995000+05:30,30.5,67.1,419,0,1,32,22.1,65.3,0,954.8,0,0,25.6,60.3,450,0,1,46,0,0,0,0,0,0,18.6,86.0,441,0,1,42,0,0,0,0,0,0,0,0,0,0,0,0,0,0,0,0,0,0,0,0,0,0,0,0,100,57,0,0,0,0,12:07:00,0
2026-07-31 12:08:22.001000+05:30,30.5,67.2,429,0,1,37,22.1,65.3,0,954.8,0,0,25.6,60.3,432,0,1,38,0,0,0,0,0,0,18.6,86.1,462,0,1,52,0,0,0,0,0,0,0,0,0,0,0,0,0,0,0,0,0,0,0,0,0,0,0,0,100,57,0,0,0,0,12:07:00,0
2026-07-31 12:08:27.001000+05:30,30.5,68.1,454,0,1,49,22.1,65.4,0,954.8,0,0,25.5,60.4,453,0,1,48,0,0,0,0,0,0,18.5,86.0,454,0,1,48,0,0,0,0,0,0,0,0,0,0,0,0,0,0,0,0,0,0,0,0,0,0,0,0,100,57,0,0,0,0,12:07:00,0
2026-07-31 12:08:32.001000+05:30,30.6,68.5,452,0,1,48,22.1,65.4,0,954.8,0,0,25.5,60.5,436,0,1,40,0,0,0,0,0,0,18.5,86.0,450,0,1,47,0,0,0,0,0,0,0,0,0,0,0,0,0,0,0,0,0,0,0,0,0,0,0,0,100,57,0,0,0,0,12:07:00,0
2026-07-31 12:08:37.001000+05:30,30.6,68.2,458,0,1,51,22.1,65.4,0,954.8,0,0,25.5,60.5,438,0,1,41,0,0,0,0,0,0,18.5,86.0,433,0,1,39,0,0,0,0,0,0,0,0,0,0,0,0,0,0,0,0,0,0,0,0,0,0,0,0,100,57,0,0,0,0,12:07:00,0
2026-07-31 12:08:42.001000+05:30,30.6,68.2,438,0,1,41,22.1,65.5,0,954.7,0,0,25.6,60.5,460,0,1,52,0,0,0,0,0,0,18.5,86.0,428,0,1,36,0,0,0,0,0,0,0,0,0,0,0,0,0,0,0,0,0,0,0,0,0,0,0,0,100,57,0,0,0,0,12:07:00,0
2026-07-31 12:08:47.001000+05:30,30.5,67.9,429,0,1,37,22.1,65.5,0,954.7,0,0,25.5,60.5,473,0,1,58,0,0,0,0,0,0,18.5,86.0,481,0,1,62,0,0,0,0,0,0,0,0,0,0,0,0,0,0,0,0,0,0,0,0,0,0,0,0,100,57,0,0,0,0,12:07:00,0
2026-07-31 12:08:52+05:30,30.5,68.0,430,0,1,37,22.1,65.5,0,954.7,0,0,25.5,60.5,434,0,1,39,0,0,0,0,0,0,18.6,86.1,438,0,1,41,0,0,0,0,0,0,0,0,0,0,0,0,0,0,0,0,0,0,0,0,0,0,0,0,100,57,0,0,0,0,12:07:00,0
2026-07-31 12:08:57+05:30,30.5,67.7,436,0,1,40,22.1,65.5,0,954.8,0,0,25.5,60.6,458,0,1,51,0,0,0,0,0,0,18.6,86.1,468,0,1,56,0,0,0,0,0,0,0,0,0,0,0,0,0,0,0,0,0,0,0,0,0,0,0,0,100,57,0,0,0,0,12:07:00,0
2026-07-31 12:09:02+05:30,30.5,67.4,432,0,1,38,22.1,65.5,0,954.8,0,0,25.5,60.6,435,0,1,39,0,0,0,0,0,0,18.5,86.0,438,0,1,41,0,0,0,0,0,0,0,0,0,0,0,0,0,0,0,0,0,0,0,0,0,0,0,0,100,57,0,0,0,0,12:07:00,0
2026-07-31 12:09:07+05:30,30.6,67.2,422,0,1,34,22.1,65.5,0,954.8,0,0,25.5,60.6,442,0,1,43,0,0,0,0,0,0,18.5,86.0,449,0,1,46,0,0,0,0,0,0,0,0,0,0,0,0,0,0,0,0,0,0,0,0,0,0,0,0,100,57,0,0,0,0,12:07:00,0
2026-07-31 12:09:12+05:30,30.5,67.7,451,0,1,47,22.1,65.6,0,954.7,0,0,25.5,60.6,428,0,1,36,0,0,0,0,0,0,18.5,85.9,442,0,1,43,0,0,0,0,0,0,0,0,0,0,0,0,0,0,0,0,0,0,0,0,0,0,0,0,100,57,0,0,0,0,12:07:00,0
2026-07-31 12:09:17+05:30,30.6,67.9,449,0,1,46,22.0,65.6,0,954.8,0,0,25.5,60.7,459,0,1,51,0,0,0,0,0,0,18.5,85.9,429,0,1,37,0,0,0,0,0,0,0,0,0,0,0,0,0,0,0,0,0,0,0,0,0,0,0,0,100,57,0,0,0,0,12:07:00,0
2026-07-31 12:09:22+05:30,30.6,68.2,429,0,1,37,22.0,65.6,0,954.8,0,0,25.5,60.7,453,0,1,48,0,0,0,0,0,0,18.5,85.9,447,0,1,45,0,0,0,0,0,0,0,0,0,0,0,0,0,0,0,0,0,0,0,0,0,0,0,0,100,57,0,0,0,0,12:07:00,0
2026-07-31 12:09:27.001000+05:30,30.6,67.8,437,0,1,40,22.0,65.6,0,954.8,0,0,25.5,60.7,474,0,1,58,0,0,0,0,0,0,18.5,85.9,442,0,1,43,0,0,0,0,0,0,0,0,0,0,0,0,0,0,0,0,0,0,0,0,0,0,0,0,100,57,0,0,0,0,12:07:00,0
2026-07-31 12:09:31.999000+05:30,30.5,67.6,405,0,1,26,22.0,65.6,0,954.7,0,0,25.4,60.8,451,0,1,47,0,0,0,0,0,0,18.5,86.0,448,0,1,46,0,0,0,0,0,0,0,0,0,0,0,0,0,0,0,0,0,0,0,0,0,0,0,0,100,57,0,0,0,0,12:07:00,0
2026-07-31 12:09:36.999000+05:30,30.5,67.6,439,0,1,41,22.0,65.7,0,954.7,0,0,25.5,60.8,474,0,1,58,0,0,0,0,0,0,18.5,86.0,434,0,1,39,0,0,0,0,0,0,0,0,0,0,0,0,0,0,0,0,0,0,0,0,0,0,0,0,100,57,0,0,0,0,12:07:00,0
2026-07-31 12:09:42.035000+05:30,30.5,68.0,439,0,1,41,22.0,65.7,0,954.7,0,0,25.5,60.8,448,0,1,46,0,0,0,0,0,0,18.5,86.1,441,0,1,42,0,0,0,0,0,0,0,0,0,0,0,0,0,0,0,0,0,0,0,0,0,0,0,0,100,57,0,0,0,0,12:07:00,0
2026-07-31 12:09:46.999000+05:30,30.5,68.1,451,0,1,47,22.0,65.7,0,954.7,0,0,25.4,60.8,426,0,1,35,0,0,0,0,0,0,18.5,86.0,451,0,1,47,0,0,0,0,0,0,0,0,0,0,0,0,0,0,0,0,0,0,0,0,0,0,0,0,100,57,0,0,0,0,12:07:00,0
2026-07-31 12:09:52+05:30,30.5,68.1,472,0,1,57,22.0,65.7,0,954.7,0,0,25.4,60.9,462,0,1,52,0,0,0,0,0,0,18.5,86.0,440,0,1,42,0,0,0,0,0,0,0,0,0,0,0,0,0,0,0,0,0,0,0,0,0,0,0,0,100,57,0,0,0,0,12:07:00,0
2026-07-31 12:09:56.999000+05:30,30.5,67.9,418,0,1,32,22.0,65.7,0,954.7,0,0,25.4,60.9,422,0,1,33,0,0,0,0,0,0,18.5,86.1,452,0,1,47,0,0,0,0,0,0,0,0,0,0,0,0,0,0,0,0,0,0,0,0,0,0,0,0,100,57,0,0,0,0,12:07:00,0
2026-07-31 12:10:01.999000+05:30,30.5,67.5,429,0,1,37,22.0,65.8,0,954.7,0,0,25.4,61.0,420,0,1,33,0,0,0,0,0,0,18.5,86.2,450,0,1,47,0,0,0,0,0,0,0,0,0,0,0,0,0,0,0,0,0,0,0,0,0,0,0,0,100,57,0,0,0,0,12:07:00,0
2026-07-31 12:10:06.998000+05:30,30.5,67.5,406,0,1,26,22.0,65.8,0,954.7,0,0,25.4,61.0,458,0,1,50,0,0,0,0,0,0,18.5,86.2,463,0,1,53,0,0,0,0,0,0,0,0,0,0,0,0,0,0,0,0,0,0,0,0,0,0,0,0,100,57,0,0,0,0,12:07:00,0
2026-07-31 12:10:11.999000+05:30,30.5,67.7,422,0,1,34,22.0,65.8,0,954.7,0,0,25.4,61.0,449,0,1,46,0,0,0,0,0,0,18.5,86.2,428,0,1,36,0,0,0,0,0,0,0,0,0,0,0,0,0,0,0,0,0,0,0,0,0,0,0,0,100,57,0,0,0,0,12:07:00,0
2026-07-31 12:10:16.998000+05:30,30.4,67.4,400,0,1,22,22.0,65.8,0,954.7,0,0,25.4,61.0,448,0,1,46,0,0,0,0,0,0,18.5,86.2,458,0,1,51,0,0,0,0,0,0,0,0,0,0,0,0,0,0,0,0,0,0,0,0,0,0,0,0,100,57,0,0,0,0,12:07:00,0
2026-07-31 12:10:21.998000+05:30,30.4,67.7,412,0,1,29,22.0,65.8,0,954.7,0,0,25.4,61.0,424,0,1,34,0,0,0,0,0,0,18.6,86.3,441,0,1,42,0,0,0,0,0,0,0,0,0,0,0,0,0,0,0,0,0,0,0,0,0,0,0,0,100,57,0,0,0,0,12:07:00,0
2026-07-31 12:10:26.998000+05:30,30.4,67.8,411,0,1,29,22.0,65.9,0,954.7,0,0,25.4,61.1,447,0,1,45,0,0,0,0,0,0,18.6,86.3,455,0,1,49,0,0,0,0,0,0,0,0,0,0,0,0,0,0,0,0,0,0,0,0,0,0,0,0,100,57,0,0,0,0,12:07:00,0
2026-07-31 12:10:31.998000+05:30,30.5,68.3,444,0,1,44,22.0,65.9,0,954.7,0,0,25.4,61.1,446,0,1,45,0,0,0,0,0,0,18.5,86.3,449,0,1,46,0,0,0,0,0,0,0,0,0,0,0,0,0,0,0,0,0,0,0,0,0,0,0,0,100,57,0,0,0,0,12:07:00,0
2026-07-31 12:10:36.998000+05:30,30.4,68.4,423,0,1,34,22.0,65.9,0,954.8,0,0,25.4,61.1,456,0,1,50,0,0,0,0,0,0,18.6,86.3,462,0,1,53,0,0,0,0,0,0,0,0,0,0,0,0,0,0,0,0,0,0,0,0,0,0,0,0,100,57,0,0,0,0,12:07:00,0
2026-07-31 12:10:41.998000+05:30,30.4,68.4,425,0,1,35,22.0,65.9,0,954.7,0,0,25.4,61.1,458,0,1,50,0,0,0,0,0,0,18.5,86.3,458,0,1,51,0,0,0,0,0,0,0,0,0,0,0,0,0,0,0,0,0,0,0,0,0,0,0,0,100,57,0,0,0,0,12:07:00,0
2026-07-31 12:10:46.998000+05:30,30.4,68.3,420,0,1,32,22.0,65.9,0,954.7,0,0,25.4,61.1,451,0,1,47,0,0,0,0,0,0,18.5,86.3,457,0,1,50,0,0,0,0,0,0,0,0,0,0,0,0,0,0,0,0,0,0,0,0,0,0,0,0,100,57,0,0,0,0,12:07:00,0
2026-07-31 12:10:51.997000+05:30,30.4,68.5,456,0,1,50,22.0,65.9,0,954.7,0,0,25.4,61.1,467,0,1,55,0,0,0,0,0,0,18.5,86.2,462,0,1,53,0,0,0,0,0,0,0,0,0,0,0,0,0,0,0,0,0,0,0,0,0,0,0,0,100,57,0,0,0,0,12:07:00,0
2026-07-31 12:10:56.997000+05:30,30.4,68.7,432,0,1,38,22.0,66.0,0,954.7,0,0,25.4,61.1,482,0,1,63,0,0,0,0,0,0,18.5,86.2,466,0,1,54,0,0,0,0,0,0,0,0,0,0,0,0,0,0,0,0,0,0,0,0,0,0,0,0,100,57,0,0,0,0,12:07:00,0
2026-07-31 12:11:01.997000+05:30,30.3,68.9,429,0,1,37,21.9,66.0,0,954.7,0,0,25.4,61.1,476,0,1,60,0,0,0,0,0,0,18.5,86.2,485,0,1,64,0,0,0,0,0,0,0,0,0,0,0,0,0,0,0,0,0,0,0,0,0,0,0,0,100,57,0,0,0,0,12:07:00,0
2026-07-31 12:11:06.997000+05:30,30.4,69.0,438,0,1,41,22.0,66.0,0,954.7,0,0,25.4,61.2,464,0,1,54,0,0,0,0,0,0,18.5,86.2,462,0,1,52,0,0,0,0,0,0,0,0,0,0,0,0,0,0,0,0,0,0,0,0,0,0,0,0,100,57,0,0,0,0,12:07:00,0
2026-07-31 12:11:11.998000+05:30,30.4,68.9,437,0,1,40,22.0,66.0,0,954.7,0,0,25.4,61.2,466,0,1,54,0,0,0,0,0,0,18.5,86.2,469,0,1,56,0,0,0,0,0,0,0,0,0,0,0,0,0,0,0,0,0,0,0,0,0,0,0,0,100,57,0,0,0,0,12:07:00,0
2026-07-31 12:11:16.997000+05:30,30.3,68.9,440,0,1,42,21.9,66.1,0,954.7,0,0,25.3,61.2,436,0,1,40,0,0,0,0,0,0,18.6,86.2,454,0,1,49,0,0,0,0,0,0,0,0,0,0,0,0,0,0,0,0,0,0,0,0,0,0,0,0,100,57,0,0,0,0,12:07:00,0
2026-07-31 12:11:21.995000+05:30,30.3,68.9,433,0,1,39,21.9,66.1,0,954.7,0,0,25.3,61.2,462,0,1,53,0,0,0,0,0,0,18.6,86.2,455,0,1,49,0,0,0,0,0,0,0,0,0,0,0,0,0,0,0,0,0,0,0,0,0,0,0,0,100,57,0,0,0,0,12:07:00,0
2026-07-31 12:11:27.005000+05:30,30.3,69.0,400,0,1,14,21.9,66.1,0,954.7,0,0,25.3,61.2,450,0,1,47,0,0,0,0,0,0,18.6,86.2,459,0,1,51,0,0,0,0,0,0,0,0,0,0,0,0,0,0,0,0,0,0,0,0,0,0,0,0,100,57,0,0,0,0,12:07:00,0
2026-07-31 12:11:31.998000+05:30,30.3,69.0,435,0,1,39,21.9,66.1,0,954.7,0,0,25.3,61.2,449,0,1,46,0,0,0,0,0,0,18.6,86.2,454,0,1,49,0,0,0,0,0,0,0,0,0,0,0,0,0,0,0,0,0,0,0,0,0,0,0,0,100,57,0,0,0,0,12:07:00,0
2026-07-31 12:11:37.035000+05:30,30.3,69.0,438,0,1,41,21.9,66.1,0,954.7,0,0,25.3,61.3,424,0,1,35,0,0,0,0,0,0,18.6,86.2,444,0,1,44,0,0,0,0,0,0,0,0,0,0,0,0,0,0,0,0,0,0,0,0,0,0,0,0,100,57,0,0,0,0,12:07:00,0
2026-07-31 12:11:41.996000+05:30,30.3,68.8,431,0,1,37,21.9,66.2,0,954.6,0,0,25.3,61.4,475,0,1,59,0,0,0,0,0,0,18.6,86.2,457,0,1,50,0,0,0,0,0,0,0,0,0,0,0,0,0,0,0,0,0,0,0,0,0,0,0,0,100,57,0,0,0,0,12:07:00,0
2026-07-31 12:11:46.998000+05:30,30.3,68.8,439,0,1,41,21.9,66.2,0,954.6,0,0,25.3,61.4,432,0,1,38,0,0,0,0,0,0,18.6,86.2,449,0,1,46,0,0,0,0,0,0,0,0,0,0,0,0,0,0,0,0,0,0,0,0,0,0,0,0,100,57,0,0,0,0,12:07:00,0
2026-07-31 12:11:51.996000+05:30,30.3,68.5,436,0,1,40,21.9,66.2,0,954.7,0,0,25.3,61.4,464,0,1,54,0,0,0,0,0,0,18.5,86.3,466,0,1,54,0,0,0,0,0,0,0,0,0,0,0,0,0,0,0,0,0,0,0,0,0,0,0,0,100,57,0,0,0,0,12:07:00,0
2026-07-31 12:11:56.996000+05:30,30.4,68.6,466,0,1,54,21.9,66.2,0,954.7,0,0,25.3,61.4,457,0,1,50,0,0,0,0,0,0,18.5,86.3,450,0,1,47,0,0,0,0,0,0,0,0,0,0,0,0,0,0,0,0,0,0,0,0,0,0,0,0,100,57,0,0,0,0,12:07:00,0
2026-07-31 12:12:01.996000+05:30,30.4,69.0,462,0,1,52,21.9,66.1,0,954.7,0,0,25.3,61.4,447,0,1,45,0,0,0,0,0,0,18.6,86.3,446,0,1,45,0,0,0,0,0,0,0,0,0,0,0,0,0,0,0,0,0,0,0,0,0,0,0,0,100,57,0,0,0,0,12:07:00,0
2026-07-31 12:12:06.996000+05:30,30.4,69.3,449,0,1,46,21.9,66.3,0,954.7,0,0,25.3,61.4,432,0,1,38,0,0,0,0,0,0,18.6,86.3,443,0,1,43,0,0,0,0,0,0,0,0,0,0,0,0,0,0,0,0,0,0,0,0,0,0,0,0,100,57,0,0,0,0,12:07:00,0
2026-07-31 12:12:11.995000+05:30,30.3,69.5,464,0,1,54,21.9,66.3,0,954.7,0,0,25.3,61.4,457,0,1,50,0,0,0,0,0,0,18.6,86.5,451,0,1,47,0,0,0,0,0,0,0,0,0,0,0,0,0,0,0,0,0,0,0,0,0,0,0,0,100,57,0,0,0,0,12:07:00,0
2026-07-31 12:12:16.997000+05:30,30.4,69.8,443,0,1,43,21.9,66.3,0,954.6,0,0,25.3,61.5,473,0,1,58,0,0,0,0,0,0,18.6,86.5,451,0,1,47,0,0,0,0,0,0,0,0,0,0,0,0,0,0,0,0,0,0,0,0,0,0,0,0,100,57,0,0,0,0,12:07:00,0
2026-07-31 12:12:21.996000+05:30,30.4,70.1,441,0,1,42,21.9,66.3,0,954.6,0,0,25.3,61.5,482,0,1,62,0,0,0,0,0,0,18.6,86.5,463,0,1,53,0,0,0,0,0,0,0,0,0,0,0,0,0,0,0,0,0,0,0,0,0,0,0,0,100,57,0,0,0,0,12:07:00,0
2026-07-31 12:12:26.995000+05:30,30.4,70.4,433,0,1,39,21.9,66.4,0,954.6,0,0,25.3,61.5,461,0,1,52,0,0,0,0,0,0,18.6,86.5,441,0,1,42,0,0,0,0,0,0,0,0,0,0,0,0,0,0,0,0,0,0,0,0,0,0,0,0,100,57,0,0,0,0,12:07:00,0
2026-07-31 12:12:31.995000+05:30,30.3,70.1,453,0,1,48,21.9,66.4,0,954.7,0,0,25.3,61.5,435,0,1,40,0,0,0,0,0,0,18.6,86.5,452,0,1,48,0,0,0,0,0,0,0,0,0,0,0,0,0,0,0,0,0,0,0,0,0,0,0,0,100,57,0,0,0,0,12:07:00,0
2026-07-31 12:12:36.995000+05:30,30.3,70.0,441,0,1,42,21.9,66.4,0,954.7,0,0,25.3,61.6,429,0,1,37,0,0,0,0,0,0,18.6,86.6,476,0,1,59,0,0,0,0,0,0,0,0,0,0,0,0,0,0,0,0,0,0,0,0,0,0,0,0,100,57,0,0,0,0,12:07:00,0
2026-07-31 12:12:42.002000+05:30,30.3,69.7,437,0,1,41,21.9,66.4,0,954.7,0,0,25.3,61.6,456,0,1,50,0,0,0,0,0,0,18.6,86.6,446,0,1,45,0,0,0,0,0,0,0,0,0,0,0,0,0,0,0,0,0,0,0,0,0,0,0,0,100,57,0,0,0,0,12:07:00,0
2026-07-31 12:12:46.995000+05:30,30.3,69.2,431,0,1,38,21.9,66.5,0,954.7,0,0,25.3,61.6,446,0,1,45,0,0,0,0,0,0,18.6,86.6,459,0,1,51,0,0,0,0,0,0,0,0,0,0,0,0,0,0,0,0,0,0,0,0,0,0,0,0,100,57,0,0,0,0,12:07:00,0
2026-07-31 12:12:52.002000+05:30,30.4,68.8,432,0,1,38,21.9,66.5,0,954.7,0,0,25.3,61.6,461,0,1,52,0,0,0,0,0,0,18.6,86.4,448,0,1,46,0,0,0,0,0,0,0,0,0,0,0,0,0,0,0,0,0,0,0,0,0,0,0,0,100,57,0,0,0,0,12:07:00,0
2026-07-31 12:12:57.001000+05:30,30.4,69.0,476,0,1,59,21.9,66.5,0,954.7,0,0,25.3,61.6,460,0,1,51,0,0,0,0,0,0,18.6,86.4,471,0,1,57,0,0,0,0,0,0,0,0,0,0,0,0,0,0,0,0,0,0,0,0,0,0,0,0,100,57,0,0,0,0,12:07:00,0
2026-07-31 12:13:02.001000+05:30,30.4,69.5,467,0,1,55,21.9,66.5,0,954.7,0,0,25.3,61.6,441,0,1,42,0,0,0,0,0,0,18.6,86.4,455,0,1,49,0,0,0,0,0,0,0,0,0,0,0,0,0,0,0,0,0,0,0,0,0,0,0,0,100,57,0,0,0,0,12:13:00,1
2026-07-31 12:13:06.995000+05:30,30.4,70.0,466,0,1,54,21.9,66.5,0,954.7,0,0,25.3,61.6,466,0,1,55,0,0,0,0,0,0,18.6,86.5,454,0,1,48,0,0,0,0,0,0,0,0,0,0,0,0,0,0,0,0,0,0,0,0,0,0,0,0,100,57,0,0,0,0,12:13:00,1
2026-07-31 12:13:12+05:30,30.4,70.4,494,0,2,69,21.9,66.5,0,954.7,0,0,25.3,61.7,446,0,1,45,0,0,0,0,0,0,18.6,86.5,445,0,1,44,0,0,0,0,0,0,0,0,0,0,0,0,0,0,0,0,0,0,0,0,0,0,0,0,100,57,0,0,0,0,12:13:00,1
2026-07-31 12:13:16.995000+05:30,30.4,70.8,448,0,1,45,21.9,66.5,0,954.7,0,0,25.3,61.7,450,0,1,47,0,0,0,0,0,0,18.6,86.5,460,0,1,51,0,0,0,0,0,0,0,0,0,0,0,0,0,0,0,0,0,0,0,0,0,0,0,0,100,57,0,0,0,0,12:13:00,1
2026-07-31 12:13:22+05:30,30.4,71.1,457,0,1,50,21.9,66.6,0,954.1,0,0,25.3,61.7,434,0,1,39,0,0,0,0,0,0,18.5,87.0,469,0,1,56,0,0,0,0,0,0,0,0,0,0,0,0,0,0,0,0,0,0,0,0,0,0,0,0,100,57,0,0,0,0,12:13:00,1
2026-07-31 12:13:26.994000+05:30,30.4,71.2,465,0,1,54,21.9,66.6,0,954.1,0,0,25.3,61.7,466,0,1,55,0,0,0,0,0,0,18.5,87.0,462,0,1,52,0,0,0,0,0,0,0,0,0,0,0,0,0,0,0,0,0,0,0,0,0,0,0,0,100,57,0,0,0,0,12:13:00,1
2026-07-31 12:13:32+05:30,30.4,71.0,450,0,1,47,21.9,70.6,0,954.7,0,0,25.3,64.5,463,0,1,53,0,0,0,0,0,0,18.6,87.6,464,0,1,53,0,0,0,0,0,0,0,0,0,0,0,0,0,0,0,0,0,0,0,0,0,0,0,0,100,57,0,0,0,0,12:13:00,1
2026-07-31 12:13:36.994000+05:30,30.4,70.3,420,0,1,33,21.9,69.7,0,954.7,0,0,25.3,64.3,463,0,1,53,0,0,0,0,0,0,18.6,87.6,460,0,1,52,0,0,0,0,0,0,0,0,0,0,0,0,0,0,0,0,0,0,0,0,0,0,0,0,100,57,0,0,0,0,12:13:00,1
2026-07-31 12:13:42+05:30,30.4,69.9,444,0,1,44,21.9,69.5,0,954.6,0,0,25.3,64.7,447,0,1,45,0,0,0,0,0,0,18.6,87.6,477,0,1,60,0,0,0,0,0,0,0,0,0,0,0,0,0,0,0,0,0,0,0,0,0,0,0,0,100,57,0,0,0,0,12:13:00,1
2026-07-31 12:13:46.999000+05:30,30.4,69.9,429,0,1,37,21.9,69.5,0,954.6,0,0,25.3,64.7,491,0,2,67,0,0,0,0,0,0,18.6,87.4,466,0,1,55,0,0,0,0,0,0,0,0,0,0,0,0,0,0,0,0,0,0,0,0,0,0,0,0,100,57,0,0,0,0,12:13:00,1
2026-07-31 12:13:51.999000+05:30,30.4,69.9,434,0,1,39,21.9,69.5,0,954.7,0,0,25.3,65.1,459,0,1,51,0,0,0,0,0,0,18.6,87.2,470,0,1,56,0,0,0,0,0,0,0,0,0,0,0,0,0,0,0,0,0,0,0,0,0,0,0,0,100,57,0,0,0,0,12:13:00,1
2026-07-31 12:13:57.001000+05:30,30.4,69.5,405,0,1,26,21.9,69.7,0,954.7,0,0,25.4,65.2,466,0,1,55,0,0,0,0,0,0,18.6,87.2,485,0,1,64,0,0,0,0,0,0,0,0,0,0,0,0,0,0,0,0,0,0,0,0,0,0,0,0,100,57,0,0,0,0,12:13:00,1
2026-07-31 12:14:02.099000+05:30,30.4,69.3,409,0,1,28,21.9,69.7,0,954.7,0,0,25.4,65.2,467,0,1,55,0,0,0,0,0,0,18.6,87.2,464,0,1,54,0,0,0,0,0,0,0,0,0,0,0,0,0,0,0,0,0,0,0,0,0,0,0,0,100,57,0,0,0,0,12:13:00,1
2026-07-31 12:14:06.999000+05:30,30.4,69.0,420,0,1,33,21.9,69.6,0,954.7,0,0,25.5,65.0,445,0,1,44,0,0,0,0,0,0,18.6,87.2,475,0,1,59,0,0,0,0,0,0,0,0,0,0,0,0,0,0,0,0,0,0,0,0,0,0,0,0,100,57,0,0,0,0,12:13:00,1
2026-07-31 12:14:12+05:30,30.4,69.0,416,0,1,31,21.9,69.6,0,954.6,0,0,25.5,64.8,448,0,1,46,0,0,0,0,0,0,18.6,87.2,471,0,1,57,0,0,0,0,0,0,0,0,0,0,0,0,0,0,0,0,0,0,0,0,0,0,0,0,100,57,0,0,0,0,12:13:00,1
2026-07-31 12:14:17.073000+05:30,30.4,69.0,410,0,1,28,21.9,69.6,0,954.6,0,0,25.5,64.8,449,0,1,46,0,0,0,0,0,0,18.6,87.2,461,0,1,52,0,0,0,0,0,0,0,0,0,0,0,0,0,0,0,0,0,0,0,0,0,0,0,0,100,57,0,0,0,0,12:13:00,1
2026-07-31 12:14:21.999000+05:30,30.3,68.9,400,0,1,23,21.9,69.6,0,954.7,0,0,25.5,64.6,455,0,1,49,0,0,0,0,0,0,18.6,87.1,473,0,1,58,0,0,0,0,0,0,0,0,0,0,0,0,0,0,0,0,0,0,0,0,0,0,0,0,100,57,0,0,0,0,12:13:00,1
2026-07-31 12:14:27+05:30,30.3,68.9,418,0,1,32,21.9,69.6,0,954.7,0,0,25.6,64.5,464,0,1,53,0,0,0,0,0,0,18.6,87.1,455,0,1,49,0,0,0,0,0,0,0,0,0,0,0,0,0,0,0,0,0,0,0,0,0,0,0,0,100,57,0,0,0,0,12:13:00,1
2026-07-31 12:14:31.999000+05:30,30.4,68.7,418,0,1,31,21.9,69.6,0,954.7,0,0,25.6,64.5,485,0,1,64,0,0,0,0,0,0,18.6,87.1,449,0,1,46,0,0,0,0,0,0,0,0,0,0,0,0,0,0,0,0,0,0,0,0,0,0,0,0,100,57,0,0,0,0,12:13:00,1
2026-07-31 12:14:36.999000+05:30,30.3,68.6,403,0,1,25,21.9,69.6,0,954.7,0,0,25.6,64.5,481,0,1,62,0,0,0,0,0,0,18.6,87.1,485,0,1,64,0,0,0,0,0,0,0,0,0,0,0,0,0,0,0,0,0,0,0,0,0,0,0,0,100,57,0,0,0,0,12:13:00,1
2026-07-31 12:14:41.999000+05:30,30.3,68.9,423,0,1,34,21.9,69.7,0,954.7,0,0,25.6,64.5,478,0,1,61,0,0,0,0,0,0,18.6,86.8,473,0,1,58,0,0,0,0,0,0,0,0,0,0,0,0,0,0,0,0,0,0,0,0,0,0,0,0,100,57,0,0,0,0,12:13:00,1
2026-07-31 12:14:46.998000+05:30,30.3,69.0,430,0,1,37,21.9,69.7,0,954.7,0,0,25.6,64.5,473,0,1,58,0,0,0,0,0,0,18.6,86.8,477,0,1,60,0,0,0,0,0,0,0,0,0,0,0,0,0,0,0,0,0,0,0,0,0,0,0,0,100,57,0,0,0,0,12:13:00,1
2026-07-31 12:14:51.999000+05:30,30.3,69.0,418,0,1,32,21.9,69.8,0,954.7,0,0,25.6,64.3,468,0,1,56,0,0,0,0,0,0,18.6,87.0,443,0,1,43,0,0,0,0,0,0,0,0,0,0,0,0,0,0,0,0,0,0,0,0,0,0,0,0,100,57,0,0,0,0,12:13:00,1
2026-07-31 12:14:56.999000+05:30,30.3,69.0,415,0,1,30,21.9,69.8,0,954.7,0,0,25.6,64.3,461,0,1,52,0,0,0,0,0,0,18.6,87.0,454,0,1,49,0,0,0,0,0,0,0,0,0,0,0,0,0,0,0,0,0,0,0,0,0,0,0,0,100,57,0,0,0,0,12:13:00,1
2026-07-31 12:15:01.998000+05:30,30.4,68.7,447,0,1,45,22.0,69.8,0,954.7,0,0,25.6,64.3,491,0,2,67,0,0,0,0,0,0,18.6,86.9,461,0,1,52,0,0,0,0,0,0,0,0,0,0,0,0,0,0,0,0,0,0,0,0,0,0,0,0,100,57,0,0,0,0,12:13:00,1
2026-07-31 12:15:06.999000+05:30,30.4,68.5,413,0,1,29,22.0,69.7,0,954.7,0,0,25.6,64.2,481,0,1,62,0,0,0,0,0,0,18.6,86.9,465,0,1,54,0,0,0,0,0,0,0,0,0,0,0,0,0,0,0,0,0,0,0,0,0,0,0,0,100,57,0,0,0,0,12:13:00,1
2026-07-31 12:15:11.998000+05:30,30.4,68.9,458,0,1,50,22.0,69.7,0,954.7,0,0,25.6,64.2,464,0,1,54,0,0,0,0,0,0,18.6,86.9,463,0,1,53,0,0,0,0,0,0,0,0,0,0,0,0,0,0,0,0,0,0,0,0,0,0,0,0,100,57,0,0,0,0,12:13:00,1
2026-07-31 12:15:17.066000+05:30,30.4,69.5,458,0,1,50,22.0,69.7,0,954.7,0,0,25.6,64.2,482,0,1,62,0,0,0,0,0,0,18.6,87.0,453,0,1,48,0,0,0,0,0,0,0,0,0,0,0,0,0,0,0,0,0,0,0,0,0,0,0,0,100,57,0,0,0,0,12:13:00,1
2026-07-31 12:15:21.997000+05:30,30.4,69.6,437,0,1,40,22.0,69.8,0,954.6,0,0,25.6,64.2,478,0,1,61,0,0,0,0,0,0,18.6,87.1,475,0,1,59,0,0,0,0,0,0,0,0,0,0,0,0,0,0,0,0,0,0,0,0,0,0,0,0,100,57,0,0,0,0,12:13:00,1
2026-07-31 12:15:26.998000+05:30,30.5,69.4,467,0,1,55,22.0,69.8,0,954.6,0,0,25.6,64.2,472,0,1,57,0,0,0,0,0,0,18.6,87.1,458,0,1,51,0,0,0,0,0,0,0,0,0,0,0,0,0,0,0,0,0,0,0,0,0,0,0,0,100,57,0,0,0,0,12:13:00,1
2026-07-31 12:15:31.996000+05:30,30.4,69.5,485,0,1,64,22.0,69.8,0,954.7,0,0,25.6,64.2,470,0,1,56,0,0,0,0,0,0,18.7,87.2,468,0,1,55,0,0,0,0,0,0,0,0,0,0,0,0,0,0,0,0,0,0,0,0,0,0,0,0,100,57,0,0,0,0,12:13:00,1
2026-07-31 12:15:36.998000+05:30,30.5,70.0,482,0,1,63,22.0,69.8,0,954.7,0,0,25.6,64.2,482,0,1,63,0,0,0,0,0,0,18.7,87.2,465,0,1,54,0,0,0,0,0,0,0,0,0,0,0,0,0,0,0,0,0,0,0,0,0,0,0,0,100,57,0,0,0,0,12:13:00,1
2026-07-31 12:15:41.996000+05:30,30.5,70.3,488,0,2,66,22.0,69.8,0,954.7,0,0,25.7,64.2,476,0,1,60,0,0,0,0,0,0,18.6,87.2,461,0,1,52,0,0,0,0,0,0,0,0,0,0,0,0,0,0,0,0,0,0,0,0,0,0,0,0,100,57,0,0,0,0,12:13:00,1
2026-07-31 12:15:46.997000+05:30,30.5,70.6,470,0,1,56,22.0,69.8,0,954.7,0,0,25.7,64.2,493,0,2,68,0,0,0,0,0,0,18.6,87.2,463,0,1,53,0,0,0,0,0,0,0,0,0,0,0,0,0,0,0,0,0,0,0,0,0,0,0,0,100,57,0,0,0,0,12:13:00,1
2026-07-31 12:15:51.997000+05:30,30.5,70.9,468,0,1,55,22.0,69.8,0,954.7,0,0,25.7,64.1,499,0,2,72,0,0,0,0,0,0,18.7,87.2,483,0,1,63,0,0,0,0,0,0,0,0,0,0,0,0,0,0,0,0,0,0,0,0,0,0,0,0,100,57,0,0,0,0,12:13:00,1
2026-07-31 12:15:56.999000+05:30,30.5,71.1,483,0,1,63,22.0,69.7,0,954.7,0,0,25.7,64.0,493,0,2,68,0,0,0,0,0,0,18.7,87.2,471,0,1,57,0,0,0,0,0,0,0,0,0,0,0,0,0,0,0,0,0,0,0,0,0,0,0,0,100,57,0,0,0,0,12:13:00,1
2026-07-31 12:16:01.996000+05:30,30.5,71.4,482,0,1,63,22.0,69.7,0,954.6,0,0,25.7,64.0,486,0,2,65,0,0,0,0,0,0,18.7,87.3,453,0,1,48,0,0,0,0,0,0,0,0,0,0,0,0,0,0,0,0,0,0,0,0,0,0,0,0,100,57,0,0,0,0,12:13:00,1
2026-07-31 12:16:06.999000+05:30,30.5,71.4,479,0,1,61,22.0,69.7,0,954.6,0,0,25.7,64.0,463,0,1,53,0,0,0,0,0,0,18.7,87.3,471,0,1,57,0,0,0,0,0,0,0,0,0,0,0,0,0,0,0,0,0,0,0,0,0,0,0,0,100,57,0,0,0,0,12:13:00,1
2026-07-31 12:16:11.996000+05:30,30.5,71.1,434,0,1,39,22.0,69.7,0,954.7,0,0,25.8,63.9,492,0,2,68,0,0,0,0,0,0,18.7,87.3,481,0,1,62,0,0,0,0,0,0,0,0,0,0,0,0,0,0,0,0,0,0,0,0,0,0,0,0,100,57,0,0,0,0,12:13:00,1
2026-07-31 12:16:16.996000+05:30,30.4,70.3,434,0,1,39,22.0,69.7,0,954.7,0,0,25.7,63.8,486,0,2,65,0,0,0,0,0,0,18.7,87.4,483,0,1,63,0,0,0,0,0,0,0,0,0,0,0,0,0,0,0,0,0,0,0,0,0,0,0,0,100,57,0,0,0,0,12:13:00,1
2026-07-31 12:16:21.996000+05:30,30.4,70.1,429,0,1,37,22.0,69.7,0,954.7,0,0,25.7,63.8,502,0,2,73,0,0,0,0,0,0,18.7,87.4,495,0,2,69,0,0,0,0,0,0,0,0,0,0,0,0,0,0,0,0,0,0,0,0,0,0,0,0,100,57,0,0,0,0,12:13:00,1
2026-07-31 12:16:26.996000+05:30,30.4,70.0,445,0,1,44,22.1,69.7,0,954.6,0,0,25.8,63.9,509,0,2,77,0,0,0,0,0,0,18.7,87.3,458,0,1,50,0,0,0,0,0,0,0,0,0,0,0,0,0,0,0,0,0,0,0,0,0,0,0,0,100,57,0,0,0,0,12:13:00,1
2026-07-31 12:16:31.996000+05:30,30.4,69.8,435,0,1,40,22.1,69.7,0,954.6,0,0,25.8,63.9,504,0,2,74,0,0,0,0,0,0,18.7,87.3,476,0,1,60,0,0,0,0,0,0,0,0,0,0,0,0,0,0,0,0,0,0,0,0,0,0,0,0,100,57,0,0,0,0,12:13:00,1
2026-07-31 12:16:36.996000+05:30,30.4,69.5,431,0,1,38,22.1,69.7,0,954.6,0,0,25.8,63.8,481,0,1,62,0,0,0,0,0,0,18.7,87.3,453,0,1,48,0,0,0,0,0,0,0,0,0,0,0,0,0,0,0,0,0,0,0,0,0,0,0,0,100,57,0,0,0,0,12:13:00,1
2026-07-31 12:16:41.995000+05:30,30.4,69.4,428,0,1,36,22.1,69.7,0,954.7,0,0,25.8,63.9,514,0,2,80,0,0,0,0,0,0,18.8,87.3,477,0,1,60,0,0,0,0,0,0,0,0,0,0,0,0,0,0,0,0,0,0,0,0,0,0,0,0,100,57,0,0,0,0,12:13:00,1
2026-07-31 12:16:46.996000+05:30,30.4,69.2,418,0,1,32,22.1,69.7,0,954.7,0,0,25.8,63.9,509,0,2,77,0,0,0,0,0,0,18.8,87.3,472,0,1,58,0,0,0,0,0,0,0,0,0,0,0,0,0,0,0,0,0,0,0,0,0,0,0,0,100,57,0,0,0,0,12:13:00,1
2026-07-31 12:16:52.001000+05:30,30.4,69.5,429,0,1,37,22.1,69.7,0,954.7,0,0,25.8,63.9,498,0,2,71,0,0,0,0,0,0,18.8,87.3,455,0,1,49,0,0,0,0,0,0,0,0,0,0,0,0,0,0,0,0,0,0,0,0,0,0,0,0,100,57,0,0,0,0,12:13:00,1
2026-07-31 12:16:56.995000+05:30,30.4,69.9,413,0,1,30,22.1,69.7,0,954.7,0,0,25.8,63.9,474,0,1,58,0,0,0,0,0,0,18.8,87.3,474,0,1,59,0,0,0,0,0,0,0,0,0,0,0,0,0,0,0,0,0,0,0,0,0,0,0,0,100,57,0,0,0,0,12:13:00,1
2026-07-31 12:17:01.995000+05:30,30.3,69.8,402,0,1,24,22.1,69.6,0,954.6,0,0,25.7,63.9,487,0,2,65,0,0,0,0,0,0,18.8,87.3,480,0,1,62,0,0,0,0,0,0,0,0,0,0,0,0,0,0,0,0,0,0,0,0,0,0,0,0,100,57,0,0,0,0,12:13:00,1
2026-07-31 12:17:06.995000+05:30,30.3,69.8,421,0,1,33,22.1,69.7,0,954.6,0,0,25.7,64.0,490,0,2,67,0,0,0,0,0,0,18.8,87.2,474,0,1,58,0,0,0,0,0,0,0,0,0,0,0,0,0,0,0,0,0,0,0,0,0,0,0,0,100,57,0,0,0,0,12:13:00,1
2026-07-31 12:17:11.995000+05:30,30.3,70.0,427,0,1,36,22.1,69.7,0,954.6,0,0,25.7,64.0,486,0,2,65,0,0,0,0,0,0,18.8,87.2,452,0,1,48,0,0,0,0,0,0,0,0,0,0,0,0,0,0,0,0,0,0,0,0,0,0,0,0,100,57,0,0,0,0,12:13:00,1
2026-07-31 12:17:16.995000+05:30,30.3,70.1,448,0,1,46,22.1,69.7,0,954.6,0,0,25.7,64.0,473,0,1,58,0,0,0,0,0,0,18.7,87.1,472,0,1,57,0,0,0,0,0,0,0,0,0,0,0,0,0,0,0,0,0,0,0,0,0,0,0,0,100,57,0,0,0,0,12:13:00,1
2026-07-31 12:17:22.001000+05:30,30.3,70.0,435,0,1,40,22.1,69.7,0,954.6,0,0,25.7,64.0,495,0,2,70,0,0,0,0,0,0,18.7,87.1,474,0,1,58,0,0,0,0,0,0,0,0,0,0,0,0,0,0,0,0,0,0,0,0,0,0,0,0,100,57,0,0,0,0,12:13:00,1
2026-07-31 12:17:27.001000+05:30,30.3,70.0,429,0,1,37,22.1,69.7,0,954.6,0,0,25.7,64.1,474,0,1,59,0,0,0,0,0,0,18.8,87.1,490,0,2,67,0,0,0,0,0,0,0,0,0,0,0,0,0,0,0,0,0,0,0,0,0,0,0,0,100,57,0,0,0,0,12:13:00,1
2026-07-31 12:17:32.011000+05:30,30.3,69.9,460,0,1,51,22.1,69.7,0,954.6,0,0,25.7,64.2,480,0,1,62,0,0,0,0,0,0,18.8,87.1,483,0,1,63,0,0,0,0,0,0,0,0,0,0,0,0,0,0,0,0,0,0,0,0,0,0,0,0,100,57,0,0,0,0,12:13:00,1
2026-07-31 12:17:36.999000+05:30,30.3,69.6,449,0,1,46,22.1,69.7,0,954.6,0,0,25.7,64.2,480,0,1,62,0,0,0,0,0,0,18.8,87.1,494,0,2,69,0,0,0,0,0,0,0,0,0,0,0,0,0,0,0,0,0,0,0,0,0,0,0,0,100,57,0,0,0,0,12:13:00,1
2026-07-31 12:17:41.998000+05:30,30.3,69.4,462,0,1,52,22.1,69.7,0,954.6,0,0,25.7,64.1,462,0,1,52,0,0,0,0,0,0,18.8,87.1,490,0,2,67,0,0,0,0,0,0,0,0,0,0,0,0,0,0,0,0,0,0,0,0,0,0,0,0,100,57,0,0,0,0,12:13:00,1
2026-07-31 12:17:46.999000+05:30,30.3,69.3,433,0,1,38,22.1,69.7,0,954.6,0,0,25.7,64.1,473,0,1,58,0,0,0,0,0,0,18.8,87.1,488,0,2,66,0,0,0,0,0,0,0,0,0,0,0,0,0,0,0,0,0,0,0,0,0,0,0,0,100,57,0,0,0,0,12:13:00,1
2026-07-31 12:17:52.005000+05:30,30.3,69.4,449,0,1,46,22.1,69.7,0,954.6,0,0,25.8,64.1,485,0,1,64,0,0,0,0,0,0,18.8,87.1,477,0,1,60,0,0,0,0,0,0,0,0,0,0,0,0,0,0,0,0,0,0,0,0,0,0,0,0,100,57,0,0,0,0,12:13:00,1
2026-07-31 12:17:56.996000+05:30,30.2,69.6,459,0,1,51,22.1,69.7,0,954.6,0,0,25.8,64.1,511,0,2,78,0,0,0,0,0,0,18.8,87.1,486,0,2,65,0,0,0,0,0,0,0,0,0,0,0,0,0,0,0,0,0,0,0,0,0,0,0,0,100,57,0,0,0,0,12:13:00,1
2026-07-31 12:18:01.999000+05:30,30.2,69.6,449,0,1,46,22.1,69.6,0,954.6,0,0,25.8,64.1,516,0,2,81,0,0,0,0,0,0,18.8,87.0,503,0,2,74,0,0,0,0,0,0,0,0,0,0,0,0,0,0,0,0,0,0,0,0,0,0,0,0,100,57,0,0,0,0,12:13:00,1
2026-07-31 12:18:07.001000+05:30,30.2,69.8,445,0,1,44,22.1,69.6,0,954.7,0,0,25.8,64.1,497,0,2,70,0,0,0,0,0,0,18.8,87.0,495,0,2,69,0,0,0,0,0,0,0,0,0,0,0,0,0,0,0,0,0,0,0,0,0,0,0,0,100,57,0,0,0,0,12:13:00,1
2026-07-31 12:18:12+05:30,30.2,69.8,451,0,1,47,22.1,69.6,0,954.7,0,0,25.8,64.0,502,0,2,73,0,0,0,0,0,0,18.8,86.8,494,0,2,69,0,0,0,0,0,0,0,0,0,0,0,0,0,0,0,0,0,0,0,0,0,0,0,0,100,57,0,0,0,0,12:13:00,1
2026-07-31 12:18:17+05:30,30.2,70.0,468,0,1,55,22.1,69.6,0,954.7,0,0,25.8,64.0,492,0,2,68,0,0,0,0,0,0,18.8,86.8,504,0,2,74,0,0,0,0,0,0,0,0,0,0,0,0,0,0,0,0,0,0,0,0,0,0,0,0,100,57,0,0,0,0,12:13:00,1
2026-07-31 12:18:22.040000+05:30,30.2,69.9,446,0,1,45,22.2,69.6,0,954.6,0,0,25.8,64.0,507,0,2,76,0,0,0,0,0,0,18.8,86.8,485,0,1,64,0,0,0,0,0,0,0,0,0,0,0,0,0,0,0,0,0,0,0,0,0,0,0,0,100,57,0,0,0,0,12:13:00,1
2026-07-31 12:18:26.999000+05:30,30.3,69.8,459,0,1,51,22.2,69.6,0,954.5,0,0,25.8,63.9,484,0,1,64,0,0,0,0,0,0,18.8,86.9,483,0,1,63,0,0,0,0,0,0,0,0,0,0,0,0,0,0,0,0,0,0,0,0,0,0,0,0,100,57,0,0,0,0,12:13:00,1
2026-07-31 12:18:31.999000+05:30,30.3,69.6,474,0,1,58,22.2,69.6,0,954.6,0,0,25.8,64.0,518,0,2,82,0,0,0,0,0,0,18.8,87.0,498,0,2,71,0,0,0,0,0,0,0,0,0,0,0,0,0,0,0,0,0,0,0,0,0,0,0,0,100,57,0,0,0,0,12:13:00,1
2026-07-31 12:18:36.999000+05:30,30.3,69.5,446,0,1,45,22.2,69.6,0,954.5,0,0,25.8,64.1,496,0,2,70,0,0,0,0,0,0,18.8,87.0,480,0,1,62,0,0,0,0,0,0,0,0,0,0,0,0,0,0,0,0,0,0,0,0,0,0,0,0,100,57,0,0,0,0,12:13:00,1
2026-07-31 12:18:41.999000+05:30,30.2,69.7,437,0,1,41,22.2,69.6,0,954.5,0,0,25.8,64.1,511,0,2,78,0,0,0,0,0,0,18.8,87.0,507,0,2,76,0,0,0,0,0,0,0,0,0,0,0,0,0,0,0,0,0,0,0,0,0,0,0,0,100,57,0,0,0,0,12:13:00,1
2026-07-31 12:18:46.999000+05:30,30.2,69.8,441,0,1,42,22.2,69.6,0,954.6,0,0,25.8,64.0,537,0,2,93,0,0,0,0,0,0,18.8,87.0,476,0,1,60,0,0,0,0,0,0,0,0,0,0,0,0,0,0,0,0,0,0,0,0,0,0,0,0,100,57,0,0,0,0,12:13:00,1
2026-07-31 12:18:51.999000+05:30,30.2,70.0,420,0,1,33,22.2,69.6,0,954.6,0,0,25.8,64.0,488,0,2,66,0,0,0,0,0,0,18.8,87.0,482,0,1,62,0,0,0,0,0,0,0,0,0,0,0,0,0,0,0,0,0,0,0,0,0,0,0,0,100,57,0,0,0,0,12:13:00,1
2026-07-31 12:18:56.999000+05:30,30.2,70.0,439,0,1,41,22.2,69.7,0,954.6,0,0,25.8,64.1,479,0,1,61,0,0,0,0,0,0,18.8,86.9,497,0,2,70,0,0,0,0,0,0,0,0,0,0,0,0,0,0,0,0,0,0,0,0,0,0,0,0,100,57,0,0,0,0,12:13:00,1
2026-07-31 12:19:01.999000+05:30,30.2,70.1,436,0,1,40,22.2,69.6,0,954.6,0,0,25.7,64.1,518,0,2,82,0,0,0,0,0,0,18.8,86.9,470,0,1,57,0,0,0,0,0,0,0,0,0,0,0,0,0,0,0,0,0,0,0,0,0,0,0,0,100,57,0,0,0,0,12:13:00,1
2026-07-31 12:19:06.998000+05:30,30.2,70.1,474,0,1,59,22.2,69.6,0,954.6,0,0,25.7,64.1,495,0,2,69,0,0,0,0,0,0,18.8,86.9,490,0,2,67,0,0,0,0,0,0,0,0,0,0,0,0,0,0,0,0,0,0,0,0,0,0,0,0,100,57,0,0,0,0,12:13:00,1
2026-07-31 12:19:11.999000+05:30,30.2,70.0,439,0,1,42,22.2,69.6,0,954.7,0,0,25.8,64.1,504,0,2,74,0,0,0,0,0,0,18.8,86.8,482,0,1,63,0,0,0,0,0,0,0,0,0,0,0,0,0,0,0,0,0,0,0,0,0,0,0,0,100,57,0,0,0,0,12:13:00,1
2026-07-31 12:19:16.995000+05:30,30.2,69.7,424,0,1,34,22.2,69.6,0,954.7,0,0,25.8,64.1,504,0,2,74,0,0,0,0,0,0,18.8,86.8,482,0,1,63,0,0,0,0,0,0,0,0,0,0,0,0,0,0,0,0,0,0,0,0,0,0,0,0,100,57,0,0,0,0,12:13:00,1
2026-07-31 12:19:21.999000+05:30,30.2,69.8,429,0,1,37,22.2,69.5,0,954.6,0,0,25.7,64.1,486,0,2,65,0,0,0,0,0,0,18.8,86.7,497,0,2,71,0,0,0,0,0,0,0,0,0,0,0,0,0,0,0,0,0,0,0,0,0,0,0,0,100,57,0,0,0,0,12:13:00,1
2026-07-31 12:19:27.023000+05:30,30.2,69.9,470,0,1,57,22.2,69.5,0,954.6,0,0,25.7,64.2,503,0,2,74,0,0,0,0,0,0,18.8,86.7,486,0,2,65,0,0,0,0,0,0,0,0,0,0,0,0,0,0,0,0,0,0,0,0,0,0,0,0,100,57,0,0,0,0,12:13:00,1
2026-07-31 12:19:31.998000+05:30,30.2,70.0,486,0,1,64,22.2,69.5,0,954.6,0,0,25.7,64.2,501,0,2,72,0,0,0,0,0,0,18.8,86.7,504,0,2,74,0,0,0,0,0,0,0,0,0,0,0,0,0,0,0,0,0,0,0,0,0,0,0,0,100,57,0,0,0,0,12:13:00,1
2026-07-31 12:19:37.048000+05:30,30.1,70.4,447,0,1,45,22.2,69.5,0,954.5,0,0,25.8,64.2,523,0,2,85,0,0,0,0,0,0,18.8,86.8,517,0,2,82,0,0,0,0,0,0,0,0,0,0,0,0,0,0,0,0,0,0,0,0,0,0,0,0,100,57,0,0,0,0,12:13:00,1
2026-07-31 12:19:41.996000+05:30,30.1,70.1,444,0,1,44,22.2,69.5,0,954.6,0,0,25.8,64.1,540,0,2,95,0,0,0,0,0,0,18.7,86.7,505,0,2,75,0,0,0,0,0,0,0,0,0,0,0,0,0,0,0,0,0,0,0,0,0,0,0,0,100,57,0,0,0,0,12:13:00,1
2026-07-31 12:19:47.065000+05:30,30.1,69.9,437,0,1,41,22.2,69.5,0,954.6,0,0,25.8,64.1,545,0,2,97,0,0,0,0,0,0,18.7,86.7,492,0,2,68,0,0,0,0,0,0,0,0,0,0,0,0,0,0,0,0,0,0,0,0,0,0,0,0,100,57,0,0,0,0,12:13:00,1
2026-07-31 12:19:51.997000+05:30,30.1,69.9,436,0,1,40,22.2,69.5,0,954.6,0,0,25.8,64.1,536,0,2,92,0,0,0,0,0,0,18.7,86.7,496,0,2,70,0,0,0,0,0,0,0,0,0,0,0,0,0,0,0,0,0,0,0,0,0,0,0,0,100,57,0,0,0,0,12:13:00,1
2026-07-31 12:19:57.007000+05:30,30.1,70.4,448,0,1,46,22.2,69.5,0,954.6,0,0,25.8,64.1,536,0,2,92,0,0,0,0,0,0,18.7,86.7,496,0,2,70,0,0,0,0,0,0,0,0,0,0,0,0,0,0,0,0,0,0,0,0,0,0,0,0,100,57,0,0,0,0,12:13:00,1
2026-07-31 12:20:01.998000+05:30,30.1,70.7,463,0,1,53,22.3,69.4,0,954.6,0,0,25.9,64.0,552,0,2,102,0,0,0,0,0,0,18.8,86.7,479,0,1,61,0,0,0,0,0,0,0,0,0,0,0,0,0,0,0,0,0,0,0,0,0,0,0,0,100,57,0,0,0,0,12:13:00,1
2026-07-31 12:20:07+05:30,30.2,71.2,466,0,1,54,22.3,69.4,0,954.6,0,0,25.9,64.0,546,0,2,98,0,0,0,0,0,0,18.8,86.7,486,0,2,65,0,0,0,0,0,0,0,0,0,0,0,0,0,0,0,0,0,0,0,0,0,0,0,0,100,57,0,0,0,0,12:13:00,1
2026-07-31 12:20:11.998000+05:30,30.1,71.5,469,0,1,56,22.3,69.5,0,954.6,0,0,25.9,64.1,600,0,2,132,0,0,0,0,0,0,18.8,86.8,504,0,2,74,0,0,0,0,0,0,0,0,0,0,0,0,0,0,0,0,0,0,0,0,0,0,0,0,100,57,0,0,0,0,12:13:00,1
2026-07-31 12:20:17.063000+05:30,30.1,71.5,448,0,1,46,22.3,69.5,0,954.6,0,0,25.9,64.1,581,0,2,119,0,0,0,0,0,0,18.8,86.8,504,0,2,74,0,0,0,0,0,0,0,0,0,0,0,0,0,0,0,0,0,0,0,0,0,0,0,0,100,57,0,0,0,0,12:13:00,1
2026-07-31 12:20:21.996000+05:30,30.2,71.6,467,0,1,55,22.3,69.6,0,954.6,0,0,26.0,63.9,556,0,2,104,0,0,0,0,0,0,18.8,86.8,497,0,2,70,0,0,0,0,0,0,0,0,0,0,0,0,0,0,0,0,0,0,0,0,0,0,0,0,100,57,0,0,0,0,12:13:00,1
2026-07-31 12:20:27.001000+05:30,30.2,71.8,492,0,2,68,22.3,69.6,0,954.5,0,0,26.0,63.8,567,0,2,111,0,0,0,0,0,0,18.8,86.7,488,0,2,66,0,0,0,0,0,0,0,0,0,0,0,0,0,0,0,0,0,0,0,0,0,0,0,0,100,57,0,0,0,0,12:13:00,1
2026-07-31 12:20:31.999000+05:30,30.1,71.7,497,0,2,70,22.3,69.6,0,954.5,0,0,26.0,63.8,537,0,2,93,0,0,0,0,0,0,18.8,86.7,493,0,2,68,0,0,0,0,0,0,0,0,0,0,0,0,0,0,0,0,0,0,0,0,0,0,0,0,100,57,0,0,0,0,12:13:00,1
2026-07-31 12:20:37.098000+05:30,30.2,71.7,494,0,2,69,22.3,69.7,0,954.6,0,0,26.0,63.8,575,0,2,115,0,0,0,0,0,0,18.8,86.7,483,0,1,63,0,0,0,0,0,0,0,0,0,0,0,0,0,0,0,0,0,0,0,0,0,0,0,0,100,57,0,0,0,0,12:13:00,1
2026-07-31 12:20:41.999000+05:30,30.1,71.6,482,0,1,63,22.3,69.4,0,954.5,0,0,26.0,63.7,561,0,2,107,0,0,0,0,0,0,18.8,86.8,479,0,1,61,0,0,0,0,0,0,0,0,0,0,0,0,0,0,0,0,0,0,0,0,0,0,0,0,100,57,0,0,0,0,12:13:00,1
2026-07-31 12:20:47.077000+05:30,30.2,71.4,492,0,2,68,22.3,69.4,0,954.5,0,0,26.0,63.7,530,0,2,89,0,0,0,0,0,0,18.8,86.8,506,0,2,75,0,0,0,0,0,0,0,0,0,0,0,0,0,0,0,0,0,0,0,0,0,0,0,0,100,57,0,0,0,0,12:13:00,1
2026-07-31 12:20:52.008000+05:30,30.2,71.6,470,0,1,57,22.4,69.4,0,954.5,0,0,26.0,63.6,545,0,2,98,0,0,0,0,0,0,18.8,86.8,481,0,1,62,0,0,0,0,0,0,0,0,0,0,0,0,0,0,0,0,0,0,0,0,0,0,0,0,100,57,0,0,0,0,12:13:00,1
2026-07-31 12:20:57.076000+05:30,30.2,71.2,483,0,1,63,22.4,69.2,0,954.5,0,0,26.0,63.6,545,0,2,98,0,0,0,0,0,0,18.9,87.0,477,0,1,60,0,0,0,0,0,0,0,0,0,0,0,0,0,0,0,0,0,0,0,0,0,0,0,0,100,57,0,0,0,0,12:13:00,1
2026-07-31 12:21:02.008000+05:30,30.2,71.8,492,0,2,68,22.4,69.2,0,954.5,0,0,26.0,63.6,525,0,2,86,0,0,0,0,0,0,18.9,87.0,486,0,2,65,0,0,0,0,0,0,0,0,0,0,0,0,0,0,0,0,0,0,0,0,0,0,0,0,100,57,0,0,0,0,12:13:00,1
2026-07-31 12:21:07.120000+05:30,30.3,72.1,507,0,2,76,22.4,69.1,0,954.5,0,0,26.1,63.5,566,0,2,110,0,0,0,0,0,0,18.9,87.0,496,0,2,70,0,0,0,0,0,0,0,0,0,0,0,0,0,0,0,0,0,0,0,0,0,0,0,0,100,57,0,0,0,0,12:13:00,1
2026-07-31 12:21:11.998000+05:30,30.3,72.1,494,0,2,69,22.4,69.0,0,954.6,0,0,26.0,63.4,531,0,2,89,0,0,0,0,0,0,18.9,87.0,501,0,2,72,0,0,0,0,0,0,0,0,0,0,0,0,0,0,0,0,0,0,0,0,0,0,0,0,100,57,0,0,0,0,12:13:00,1
2026-07-31 12:21:17.066000+05:30,30.3,72.3,506,0,2,75,22.4,69.0,0,954.6,0,0,26.0,63.4,537,0,2,93,0,0,0,0,0,0,18.9,87.0,518,0,2,82,0,0,0,0,0,0,0,0,0,0,0,0,0,0,0,0,0,0,0,0,0,0,0,0,100,51,0,0,0,0,12:13:00,1
2026-07-31 12:21:22.001000+05:30,30.3,72.0,493,0,2,68,22.4,68.8,0,954.4,0,0,26.1,63.3,535,0,2,92,0,0,0,0,0,0,18.9,87.1,496,0,2,70,0,0,0,0,0,0,0,0,0,0,0,0,0,0,0,0,0,0,0,0,0,0,0,0,100,50,0,0,0,0,12:13:00,1
2026-07-31 12:21:26.995000+05:30,30.4,71.9,486,0,2,65,22.4,68.8,0,954.4,0,0,26.1,63.2,529,0,2,88,0,0,0,0,0,0,18.9,87.1,502,0,2,73,0,0,0,0,0,0,0,0,0,0,0,0,0,0,0,0,0,0,0,0,0,0,0,0,100,50,0,0,0,0,12:13:00,1
2026-07-31 12:21:31.995000+05:30,30.3,72.2,500,0,2,72,22.4,68.8,0,954.4,0,0,26.1,63.2,549,0,2,100,0,0,0,0,0,0,18.9,86.9,488,0,2,66,0,0,0,0,0,0,0,0,0,0,0,0,0,0,0,0,0,0,0,0,0,0,0,0,100,50,0,0,0,0,12:13:00,1
2026-07-31 12:21:37.020000+05:30,30.3,72.5,487,0,2,65,22.4,68.8,0,954.4,0,0,26.1,63.2,549,0,2,100,0,0,0,0,0,0,18.9,86.9,488,0,2,66,0,0,0,0,0,0,0,0,0,0,0,0,0,0,0,0,0,0,0,0,0,0,0,0,100,50,0,0,0,0,12:13:00,1
2026-07-31 12:21:41.997000+05:30,30.4,72.6,495,0,2,69,22.4,68.7,0,954.3,0,0,26.1,63.1,538,0,2,93,0,0,0,0,0,0,18.9,86.5,471,0,1,57,0,0,0,0,0,0,0,0,0,0,0,0,0,0,0,0,0,0,0,0,0,0,0,0,100,50,0,0,0,0,12:13:00,1
2026-07-31 12:21:47.026000+05:30,30.3,72.7,507,0,2,76,22.4,68.7,0,954.3,0,0,26.1,63.1,548,0,2,99,0,0,0,0,0,0,18.9,86.1,485,0,1,64,0,0,0,0,0,0,0,0,0,0,0,0,0,0,0,0,0,0,0,0,0,0,0,0,100,50,0,0,0,0,12:13:00,1
2026-07-31 12:21:52.011000+05:30,30.3,72.8,496,0,2,70,22.5,68.7,0,954.3,0,0,26.1,63.2,584,0,2,121,0,0,0,0,0,0,18.9,85.7,488,0,2,66,0,0,0,0,0,0,0,0,0,0,0,0,0,0,0,0,0,0,0,0,0,0,0,0,100,50,0,0,0,0,12:13:00,1
2026-07-31 12:21:57.079000+05:30,30.3,72.8,466,0,1,55,22.5,68.7,0,954.3,0,0,26.1,63.2,562,0,2,108,0,0,0,0,0,0,18.9,85.7,468,0,1,55,0,0,0,0,0,0,0,0,0,0,0,0,0,0,0,0,0,0,0,0,0,0,0,0,100,50,0,0,0,0,12:13:00,1
2026-07-31 12:22:01.999000+05:30,30.4,72.2,475,0,1,59,22.5,68.7,0,954.3,0,0,26.1,63.4,560,0,2,106,0,0,0,0,0,0,18.8,85.4,488,0,2,66,0,0,0,0,0,0,0,0,0,0,0,0,0,0,0,0,0,0,0,0,0,0,0,0,100,50,0,0,0,0,12:13:00,1
2026-07-31 12:22:07.079000+05:30,30.4,71.5,483,0,1,63,22.5,68.6,0,954.4,0,0,26.1,63.3,549,0,2,100,0,0,0,0,0,0,18.8,85.2,486,0,2,65,0,0,0,0,0,0,0,0,0,0,0,0,0,0,0,0,0,0,0,0,0,0,0,0,100,50,0,0,0,0,12:13:00,1
2026-07-31 12:22:11.999000+05:30,30.4,71.2,468,0,1,56,22.5,68.6,0,954.4,0,0,26.1,63.3,546,0,2,98,0,0,0,0,0,0,18.8,85.2,475,0,1,59,0,0,0,0,0,0,0,0,0,0,0,0,0,0,0,0,0,0,0,0,0,0,0,0,100,50,0,0,0,0,12:13:00,1
2026-07-31 12:22:16.997000+05:30,30.4,70.8,473,0,1,58,22.5,68.6,0,954.4,0,0,26.1,63.1,557,0,2,105,0,0,0,0,0,0,18.8,85.0,484,0,1,64,0,0,0,0,0,0,0,0,0,0,0,0,0,0,0,0,0,0,0,0,0,0,0,0,100,50,0,0,0,0,12:13:00,1
2026-07-31 12:22:21.997000+05:30,30.4,70.5,493,0,2,68,22.5,68.5,0,954.3,0,0,26.2,63.0,553,0,2,102,0,0,0,0,0,0,18.8,84.9,486,0,2,65,0,0,0,0,0,0,0,0,0,0,0,0,0,0,0,0,0,0,0,0,0,0,0,0,100,50,0,0,0,0,12:13:00,1
2026-07-31 12:22:27.001000+05:30,30.4,71.1,496,0,2,70,22.5,68.5,0,954.3,0,0,26.2,63.0,549,0,2,100,0,0,0,0,0,0,18.8,84.9,487,0,2,65,0,0,0,0,0,0,0,0,0,0,0,0,0,0,0,0,0,0,0,0,0,0,0,0,100,50,0,0,0,0,12:13:00,1
2026-07-31 12:22:32.007000+05:30,30.4,71.5,504,0,2,74,22.5,68.4,0,954.4,0,0,26.2,62.9,550,0,2,100,0,0,0,0,0,0,18.8,84.9,491,0,2,67,0,0,0,0,0,0,0,0,0,0,0,0,0,0,0,0,0,0,0,0,0,0,0,0,100,50,0,0,0,0,12:13:00,1
2026-07-31 12:22:37.009000+05:30,30.4,71.6,502,0,2,73,22.5,68.4,0,954.4,0,0,26.2,62.9,541,0,2,95,0,0,0,0,0,0,18.8,84.9,457,0,1,50,0,0,0,0,0,0,0,0,0,0,0,0,0,0,0,0,0,0,0,0,0,0,0,0,100,50,0,0,0,0,12:13:00,1
2026-07-31 12:22:42.009000+05:30,30.4,71.4,466,0,1,55,22.5,68.3,0,954.3,0,0,26.2,62.7,534,0,2,91,0,0,0,0,0,0,18.8,84.9,457,0,1,50,0,0,0,0,0,0,0,0,0,0,0,0,0,0,0,0,0,0,0,0,0,0,0,0,100,50,0,0,0,0,12:13:00,1
2026-07-31 12:22:47.008000+05:30,30.4,71.4,460,0,1,52,22.5,68.3,0,954.3,0,0,26.2,62.7,566,0,2,110,0,0,0,0,0,0,18.8,84.9,473,0,1,58,0,0,0,0,0,0,0,0,0,0,0,0,0,0,0,0,0,0,0,0,0,0,0,0,100,50,0,0,0,0,12:13:00,1
2026-07-31 12:22:52.001000+05:30,30.4,70.9,485,0,1,64,22.5,68.2,0,954.5,0,0,26.3,62.6,536,0,2,92,0,0,0,0,0,0,18.8,84.9,472,0,1,57,0,0,0,0,0,0,0,0,0,0,0,0,0,0,0,0,0,0,0,0,0,0,0,0,100,50,0,0,0,0,12:13:00,1
2026-07-31 12:22:57.002000+05:30,30.4,70.5,502,0,2,73,22.5,68.2,0,954.5,0,0,26.3,62.6,562,0,2,107,0,0,0,0,0,0,18.8,84.9,501,0,2,73,0,0,0,0,0,0,0,0,0,0,0,0,0,0,0,0,0,0,0,0,0,0,0,0,100,50,0,0,0,0,12:13:00,1
2026-07-31 12:23:02+05:30,30.4,71.1,504,0,2,74,22.5,68.2,0,954.4,0,0,26.3,62.5,557,0,2,105,0,0,0,0,0,0,18.7,85.1,502,0,2,73,0,0,0,0,0,0,0,0,0,0,0,0,0,0,0,0,0,0,0,0,0,0,0,0,100,50,0,0,0,0,12:13:00,1
2026-07-31 12:23:07.010000+05:30,30.4,71.5,498,0,2,71,22.5,68.2,0,954.4,0,0,26.3,62.4,585,0,2,122,0,0,0,0,0,0,18.7,85.3,481,0,1,62,0,0,0,0,0,0,0,0,0,0,0,0,0,0,0,0,0,0,0,0,0,0,0,0,100,50,0,0,0,0,12:13:00,1
2026-07-31 12:23:11.996000+05:30,30.5,71.9,485,0,1,64,22.5,68.2,0,954.4,0,0,26.3,62.4,557,0,2,105,0,0,0,0,0,0,18.7,85.3,481,0,1,62,0,0,0,0,0,0,0,0,0,0,0,0,0,0,0,0,0,0,0,0,0,0,0,0,100,50,0,0,0,0,12:13:00,1
2026-07-31 12:23:17.010000+05:30,30.5,72.1,500,0,2,72,22.5,68.2,0,954.4,0,0,26.3,62.3,541,0,2,95,0,0,0,0,0,0,18.7,85.6,487,0,2,65,0,0,0,0,0,0,0,0,0,0,0,0,0,0,0,0,0,0,0,0,0,0,0,0,100,50,0,0,0,0,12:13:00,1
2026-07-31 12:23:22.006000+05:30,30.5,72.0,487,0,2,65,22.5,68.2,0,954.4,0,0,26.3,62.3,552,0,2,102,0,0,0,0,0,0,18.7,85.6,484,0,1,64,0,0,0,0,0,0,0,0,0,0,0,0,0,0,0,0,0,0,0,0,0,0,0,0,100,50,0,0,0,0,12:13:00,1
2026-07-31 12:23:26.996000+05:30,30.5,71.3,462,0,1,52,22.5,68.0,0,954.4,0,0,26.3,62.3,556,0,2,104,0,0,0,0,0,0,18.7,85.7,490,0,2,67,0,0,0,0,0,0,0,0,0,0,0,0,0,0,0,0,0,0,0,0,0,0,0,0,100,50,0,0,0,0,12:13:00,1
2026-07-31 12:23:31.997000+05:30,30.5,71.0,472,0,1,57,22.5,68.0,0,954.4,0,0,26.3,62.3,573,0,2,115,0,0,0,0,0,0,18.7,85.8,497,0,2,71,0,0,0,0,0,0,0,0,0,0,0,0,0,0,0,0,0,0,0,0,0,0,0,0,100,50,0,0,0,0,12:13:00,1
2026-07-31 12:23:37+05:30,30.5,70.7,485,0,1,64,22.5,68.0,0,954.4,0,0,26.4,62.2,576,0,2,116,0,0,0,0,0,0,18.7,85.8,485,0,1,64,0,0,0,0,0,0,0,0,0,0,0,0,0,0,0,0,0,0,0,0,0,0,0,0,100,50,0,0,0,0,12:13:00,1
2026-07-31 12:23:41.999000+05:30,30.4,70.9,460,0,1,52,22.5,68.0,0,954.4,0,0,26.4,62.2,551,0,2,101,0,0,0,0,0,0,18.7,85.8,477,0,1,60,0,0,0,0,0,0,0,0,0,0,0,0,0,0,0,0,0,0,0,0,0,0,0,0,100,50,0,0,0,0,12:13:00,1
2026-07-31 12:23:46.998000+05:30,30.4,70.8,462,0,1,53,22.5,68.0,0,954.3,0,0,26.4,62.2,582,0,2,120,0,0,0,0,0,0,18.7,86.0,493,0,2,68,0,0,0,0,0,0,0,0,0,0,0,0,0,0,0,0,0,0,0,0,0,0,0,0,100,50,0,0,0,0,12:13:00,1
2026-07-31 12:23:51.995000+05:30,30.4,70.7,437,0,1,40,22.5,68.0,0,954.3,0,0,26.3,62.1,568,0,2,112,0,0,0,0,0,0,18.7,86.0,488,0,2,66,0,0,0,0,0,0,0,0,0,0,0,0,0,0,0,0,0,0,0,0,0,0,0,0,100,50,0,0,0,0,12:13:00,1
2026-07-31 12:23:57+05:30,30.3,71.3,474,0,1,58,22.5,68.0,0,954.3,0,0,26.3,62.1,584,0,2,121,0,0,0,0,0,0,18.7,86.0,490,0,2,67,0,0,0,0,0,0,0,0,0,0,0,0,0,0,0,0,0,0,0,0,0,0,0,0,100,50,0,0,0,0,12:13:00,1
2026-07-31 12:24:02.003000+05:30,30.4,70.9,442,0,1,43,22.6,67.9,0,954.3,0,0,26.3,62.1,577,0,2,117,0,0,0,0,0,0,18.7,85.9,494,0,2,69,0,0,0,0,0,0,0,0,0,0,0,0,0,0,0,0,0,0,0,0,0,0,0,0,100,50,0,0,0,0,12:13:00,1
2026-07-31 12:24:06.998000+05:30,30.3,70.9,445,0,1,44,22.6,67.8,0,954.4,0,0,26.3,62.1,549,0,2,100,0,0,0,0,0,0,18.7,86.0,514,0,2,80,0,0,0,0,0,0,0,0,0,0,0,0,0,0,0,0,0,0,0,0,0,0,0,0,100,50,0,0,0,0,12:13:00,1
2026-07-31 12:24:11.997000+05:30,30.3,70.9,454,0,1,48,22.6,67.8,0,954.4,0,0,26.3,62.1,569,0,2,112,0,0,0,0,0,0,18.7,86.0,511,0,2,78,0,0,0,0,0,0,0,0,0,0,0,0,0,0,0,0,0,0,0,0,0,0,0,0,100,50,0,0,0,0,12:13:00,1
2026-07-31 12:24:16.997000+05:30,30.3,70.9,440,0,1,42,22.6,67.8,0,954.3,0,0,26.3,62.1,579,0,2,118,0,0,0,0,0,0,18.7,86.0,475,0,1,59,0,0,0,0,0,0,0,0,0,0,0,0,0,0,0,0,0,0,0,0,0,0,0,0,100,50,0,0,0,0,12:13:00,1
2026-07-31 12:24:21.997000+05:30,30.3,70.7,452,0,1,48,22.6,67.8,0,954.4,0,0,26.3,62.1,565,0,2,109,0,0,0,0,0,0,18.7,86.0,491,0,2,67,0,0,0,0,0,0,0,0,0,0,0,0,0,0,0,0,0,0,0,0,0,0,0,0,100,50,0,0,0,0,12:13:00,1
2026-07-31 12:24:26.997000+05:30,30.3,70.5,448,0,1,46,22.6,67.8,0,954.4,0,0,26.3,62.1,577,0,2,117,0,0,0,0,0,0,18.7,86.0,502,0,2,73,0,0,0,0,0,0,0,0,0,0,0,0,0,0,0,0,0,0,0,0,0,0,0,0,100,50,0,0,0,0,12:13:00,1
2026-07-31 12:24:31.997000+05:30,30.3,70.7,447,0,1,45,22.6,67.8,0,954.3,0,0,26.3,62.0,535,0,2,92,0,0,0,0,0,0,18.7,85.9,501,0,2,73,0,0,0,0,0,0,0,0,0,0,0,0,0,0,0,0,0,0,0,0,0,0,0,0,100,50,0,0,0,0,12:13:00,1
2026-07-31 12:24:36.996000+05:30,30.3,70.7,400,0,1,23,22.6,67.7,0,954.3,0,0,26.3,62.0,552,0,2,101,0,0,0,0,0,0,18.7,86.0,492,0,2,68,0,0,0,0,0,0,0,0,0,0,0,0,0,0,0,0,0,0,0,0,0,0,0,0,100,50,0,0,0,0,12:13:00,1
2026-07-31 12:24:41.996000+05:30,30.3,70.8,464,0,1,54,22.6,67.7,0,954.3,0,0,26.3,62.0,521,0,2,84,0,0,0,0,0,0,18.7,86.0,486,0,2,65,0,0,0,0,0,0,0,0,0,0,0,0,0,0,0,0,0,0,0,0,0,0,0,0,100,50,0,0,0,0,12:13:00,1
2026-07-31 12:24:46.996000+05:30,30.3,70.6,458,0,1,51,22.6,67.7,0,954.3,0,0,26.3,62.0,510,0,2,78,0,0,0,0,0,0,18.7,85.9,484,0,1,63,0,0,0,0,0,0,0,0,0,0,0,0,0,0,0,0,0,0,0,0,0,0,0,0,100,50,0,0,0,0,12:13:00,1
2026-07-31 12:24:51.996000+05:30,30.3,70.4,459,0,1,51,22.6,67.6,0,954.4,0,0,26.3,62.0,546,0,2,98,0,0,0,0,0,0,18.7,85.9,490,0,2,67,0,0,0,0,0,0,0,0,0,0,0,0,0,0,0,0,0,0,0,0,0,0,0,0,100,50,0,0,0,0,12:13:00,1
2026-07-31 12:24:56.997000+05:30,30.3,70.5,461,0,1,52,22.6,67.6,0,954.4,0,0,26.3,62.0,519,0,2,83,0,0,0,0,0,0,18.7,85.8,493,0,2,69,0,0,0,0,0,0,0,0,0,0,0,0,0,0,0,0,0,0,0,0,0,0,0,0,100,50,0,0,0,0,12:13:00,1
2026-07-31 12:25:01.996000+05:30,30.3,70.5,421,0,1,33,22.6,67.7,0,954.3,0,0,26.3,62.1,557,0,2,105,0,0,0,0,0,0,18.7,85.7,458,0,1,51,0,0,0,0,0,0,0,0,0,0,0,0,0,0,0,0,0,0,0,0,0,0,0,0,100,50,0,0,0,0,12:13:00,1
2026-07-31 12:25:06.996000+05:30,30.2,70.5,482,0,1,63,22.6,67.6,0,954.3,0,0,26.3,62.1,551,0,2,101,0,0,0,0,0,0,18.7,85.6,477,0,1,60,0,0,0,0,0,0,0,0,0,0,0,0,0,0,0,0,0,0,0,0,0,0,0,0,100,50,0,0,0,0,12:13:00,1
2026-07-31 12:25:11.996000+05:30,30.2,70.8,440,0,1,42,22.6,67.6,0,954.3,0,0,26.3,62.1,544,0,2,97,0,0,0,0,0,0,18.7,85.6,487,0,2,65,0,0,0,0,0,0,0,0,0,0,0,0,0,0,0,0,0,0,0,0,0,0,0,0,100,50,0,0,0,0,12:13:00,1
2026-07-31 12:25:16.996000+05:30,30.2,70.9,469,0,1,56,22.6,67.6,0,954.3,0,0,26.3,62.0,559,0,2,106,0,0,0,0,0,0,18.7,85.6,485,0,1,64,0,0,0,0,0,0,0,0,0,0,0,0,0,0,0,0,0,0,0,0,0,0,0,0,100,50,0,0,0,0,12:13:00,1
2026-07-31 12:25:21.995000+05:30,30.2,71.1,478,0,1,61,22.6,67.6,0,954.3,0,0,26.3,62.0,546,0,2,98,0,0,0,0,0,0,18.7,85.5,479,0,1,61,0,0,0,0,0,0,0,0,0,0,0,0,0,0,0,0,0,0,0,0,0,0,0,0,100,50,0,0,0,0,12:13:00,1
2026-07-31 12:25:26.999000+05:30,30.2,71.3,439,0,1,41,22.6,67.5,0,954.3,0,0,26.3,61.9,543,0,2,96,0,0,0,0,0,0,18.7,85.5,489,0,2,66,0,0,0,0,0,0,0,0,0,0,0,0,0,0,0,0,0,0,0,0,0,0,0,0,100,50,0,0,0,0,12:13:00,1
2026-07-31 12:25:31.995000+05:30,30.2,71.2,461,0,1,52,22.6,67.5,0,954.3,0,0,26.3,61.9,580,0,2,119,0,0,0,0,0,0,18.7,85.5,502,0,2,73,0,0,0,0,0,0,0,0,0,0,0,0,0,0,0,0,0,0,0,0,0,0,0,0,100,50,0,0,0,0,12:13:00,1
2026-07-31 12:25:37.002000+05:30,30.2,71.2,472,0,1,58,22.6,67.5,0,954.3,0,0,26.3,61.9,557,0,2,105,0,0,0,0,0,0,18.7,85.5,486,0,2,65,0,0,0,0,0,0,0,0,0,0,0,0,0,0,0,0,0,0,0,0,0,0,0,0,100,50,0,0,0,0,12:13:00,1
2026-07-31 12:25:42.002000+05:30,30.2,71.6,477,0,1,60,22.6,67.5,0,954.3,0,0,26.3,61.9,541,0,2,95,0,0,0,0,0,0,18.7,85.6,489,0,2,66,0,0,0,0,0,0,0,0,0,0,0,0,0,0,0,0,0,0,0,0,0,0,0,0,100,50,0,0,0,0,12:13:00,1
2026-07-31 12:25:47.002000+05:30,30.2,71.5,492,0,2,68,22.6,67.5,0,954.3,0,0,26.3,61.9,571,0,2,113,0,0,0,0,0,0,18.7,85.6,491,0,2,67,0,0,0,0,0,0,0,0,0,0,0,0,0,0,0,0,0,0,0,0,0,0,0,0,100,50,0,0,0,0,12:13:00,1
2026-07-31 12:25:52.001000+05:30,30.2,71.6,425,0,1,35,22.6,67.4,0,954.3,0,0,26.3,61.8,572,0,2,114,0,0,0,0,0,0,18.8,85.6,484,0,1,64,0,0,0,0,0,0,0,0,0,0,0,0,0,0,0,0,0,0,0,0,0,0,0,0,100,50,0,0,0,0,12:13:00,1
2026-07-31 12:25:57.001000+05:30,30.1,71.5,423,0,1,34,22.6,67.4,0,954.3,0,0,26.3,61.8,572,0,2,114,0,0,0,0,0,0,18.8,85.6,484,0,1,64,0,0,0,0,0,0,0,0,0,0,0,0,0,0,0,0,0,0,0,0,0,0,0,0,100,50,0,0,0,0,12:13:00,1
2026-07-31 12:26:01.995000+05:30,30.1,71.3,478,0,1,60,22.6,67.3,0,954.3,0,0,26.3,61.8,585,0,2,122,0,0,0,0,0,0,18.7,85.6,511,0,2,78,0,0,0,0,0,0,0,0,0,0,0,0,0,0,0,0,0,0,0,0,0,0,0,0,100,50,0,0,0,0,12:26:00,2
2026-07-31 12:26:07.001000+05:30,30.1,71.2,459,0,1,51,22.6,67.3,0,954.4,0,0,26.4,61.8,550,0,2,100,0,0,0,0,0,0,18.7,85.6,499,0,2,72,0,0,0,0,0,0,0,0,0,0,0,0,0,0,0,0,0,0,0,0,0,0,0,0,100,50,0,0,0,0,12:26:00,2
2026-07-31 12:26:11.996000+05:30,30.1,70.9,446,0,1,45,22.6,67.3,0,954.4,0,0,26.4,61.8,577,0,2,117,0,0,0,0,0,0,18.7,85.6,495,0,2,70,0,0,0,0,0,0,0,0,0,0,0,0,0,0,0,0,0,0,0,0,0,0,0,0,100,50,0,0,0,0,12:26:00,2
2026-07-31 12:26:17.001000+05:30,30.1,71.7,446,0,1,45,22.6,67.2,0,953.7,0,0,26.3,61.6,541,0,2,95,0,0,0,0,0,0,18.6,85.8,521,0,2,84,0,0,0,0,0,0,0,0,0,0,0,0,0,0,0,0,0,0,0,0,0,0,0,0,100,50,0,0,0,0,12:26:00,2
2026-07-31 12:26:22+05:30,30.1,71.8,472,0,1,58,22.6,67.2,0,953.7,0,0,26.3,61.6,569,0,2,112,0,0,0,0,0,0,18.6,85.8,493,0,2,68,0,0,0,0,0,0,0,0,0,0,0,0,0,0,0,0,0,0,0,0,0,0,0,0,100,50,0,0,0,0,12:26:00,2
2026-07-31 12:26:27.001000+05:30,30.2,71.6,474,0,1,59,22.6,67.9,0,953.7,0,0,26.3,62.2,551,0,2,101,0,0,0,0,0,0,18.6,86.9,482,0,1,62,0,0,0,0,0,0,0,0,0,0,0,0,0,0,0,0,0,0,0,0,0,0,0,0,100,50,0,0,0,0,12:26:00,2
2026-07-31 12:26:32+05:30,30.2,71.8,477,0,1,60,22.6,68.2,0,953.7,0,0,26.3,62.8,567,0,2,110,0,0,0,0,0,0,18.6,87.3,501,0,2,72,0,0,0,0,0,0,0,0,0,0,0,0,0,0,0,0,0,0,0,0,0,0,0,0,100,50,0,0,0,0,12:26:00,2
2026-07-31 12:26:37+05:30,30.2,72.3,483,0,1,63,22.6,68.2,0,953.7,0,0,26.3,62.8,543,0,2,96,0,0,0,0,0,0,18.6,87.3,501,0,2,73,0,0,0,0,0,0,0,0,0,0,0,0,0,0,0,0,0,0,0,0,0,0,0,0,100,50,0,0,0,0,12:26:00,2
2026-07-31 12:26:42+05:30,30.2,72.1,488,0,2,66,22.6,68.8,0,953.7,0,0,26.3,63.5,582,0,2,120,0,0,0,0,0,0,18.6,87.7,506,0,2,76,0,0,0,0,0,0,0,0,0,0,0,0,0,0,0,0,0,0,0,0,0,0,0,0,100,50,0,0,0,0,12:26:00,2
2026-07-31 12:26:47+05:30,30.2,72.5,486,0,1,64,22.6,68.7,0,953.7,0,0,26.4,63.8,571,0,2,113,0,0,0,0,0,0,18.6,87.8,536,0,2,92,0,0,0,0,0,0,0,0,0,0,0,0,0,0,0,0,0,0,0,0,0,0,0,0,100,50,0,0,0,0,12:26:00,2
2026-07-31 12:26:52+05:30,30.3,72.8,480,0,1,62,22.6,68.7,0,953.7,0,0,26.4,63.8,559,0,2,106,0,0,0,0,0,0,18.6,87.8,504,0,2,74,0,0,0,0,0,0,0,0,0,0,0,0,0,0,0,0,0,0,0,0,0,0,0,0,100,50,0,0,0,0,12:26:00,2
2026-07-31 12:26:56.999000+05:30,30.3,72.9,459,0,1,51,22.6,68.4,0,953.7,0,0,26.3,63.7,575,0,2,116,0,0,0,0,0,0,18.6,88.0,509,0,2,77,0,0,0,0,0,0,0,0,0,0,0,0,0,0,0,0,0,0,0,0,0,0,0,0,100,50,0,0,0,0,12:26:00,2
2026-07-31 12:27:02+05:30,30.3,73.1,480,0,1,62,22.6,68.4,0,953.7,0,0,26.3,63.7,557,0,2,105,0,0,0,0,0,0,18.6,88.0,486,0,2,65,0,0,0,0,0,0,0,0,0,0,0,0,0,0,0,0,0,0,0,0,0,0,0,0,100,50,0,0,0,0,12:26:00,2
2026-07-31 12:27:07+05:30,30.3,73.2,488,0,2,66,22.7,68.6,0,953.7,0,0,26.3,63.6,571,0,2,113,0,0,0,0,0,0,18.6,88.2,503,0,2,74,0,0,0,0,0,0,0,0,0,0,0,0,0,0,0,0,0,0,0,0,0,0,0,0,100,50,0,0,0,0,12:26:00,2
2026-07-31 12:27:11.999000+05:30,30.3,73.1,494,0,2,69,22.7,68.9,0,953.7,0,0,26.3,63.7,546,0,2,98,0,0,0,0,0,0,18.6,88.3,498,0,2,71,0,0,0,0,0,0,0,0,0,0,0,0,0,0,0,0,0,0,0,0,0,0,0,0,100,50,0,0,0,0,12:26:00,2
2026-07-31 12:27:17.042000+05:30,30.3,73.1,493,0,2,68,22.7,68.9,0,953.7,0,0,26.4,63.7,589,0,2,125,0,0,0,0,0,0,18.7,88.5,500,0,2,72,0,0,0,0,0,0,0,0,0,0,0,0,0,0,0,0,0,0,0,0,0,0,0,0,100,50,0,0,0,0,12:26:00,2
2026-07-31 12:27:22+05:30,30.3,73.1,497,0,2,70,22.7,68.9,0,953.7,0,0,26.4,63.7,554,0,2,103,0,0,0,0,0,0,18.7,88.5,497,0,2,71,0,0,0,0,0,0,0,0,0,0,0,0,0,0,0,0,0,0,0,0,0,0,0,0,100,50,0,0,0,0,12:26:00,2
2026-07-31 12:27:26.999000+05:30,30.3,73.2,491,0,2,67,22.7,68.9,0,953.7,0,0,26.4,63.5,541,0,2,95,0,0,0,0,0,0,18.6,88.6,496,0,2,70,0,0,0,0,0,0,0,0,0,0,0,0,0,0,0,0,0,0,0,0,0,0,0,0,100,50,0,0,0,0,12:26:00,2
2026-07-31 12:27:31.999000+05:30,30.4,72.9,514,0,2,80,22.7,68.9,0,953.6,0,0,26.5,63.4,567,0,2,110,0,0,0,0,0,0,18.6,88.6,495,0,2,69,0,0,0,0,0,0,0,0,0,0,0,0,0,0,0,0,0,0,0,0,0,0,0,0,100,50,0,0,0,0,12:26:00,2
2026-07-31 12:27:36.999000+05:30,30.4,72.7,501,0,2,72,22.7,68.9,0,953.6,0,0,26.5,63.4,582,0,2,120,0,0,0,0,0,0,18.6,88.6,506,0,2,75,0,0,0,0,0,0,0,0,0,0,0,0,0,0,0,0,0,0,0,0,0,0,0,0,100,50,0,0,0,0,12:26:00,2
2026-07-31 12:27:41.998000+05:30,30.4,72.8,514,0,2,80,22.7,69.1,0,953.6,0,0,26.5,63.5,571,0,2,113,0,0,0,0,0,0,18.6,88.9,501,0,2,73,0,0,0,0,0,0,0,0,0,0,0,0,0,0,0,0,0,0,0,0,0,0,0,0,100,50,0,0,0,0,12:26:00,2
2026-07-31 12:27:46.998000+05:30,30.4,72.7,496,0,2,70,22.7,69.1,0,953.6,0,0,26.5,63.5,591,0,2,126,0,0,0,0,0,0,18.6,88.9,495,0,2,69,0,0,0,0,0,0,0,0,0,0,0,0,0,0,0,0,0,0,0,0,0,0,0,0,100,50,0,0,0,0,12:26:00,2
2026-07-31 12:27:51.998000+05:30,30.3,72.7,480,0,1,61,22.7,69.2,0,953.7,0,0,26.5,63.6,608,0,2,138,0,0,0,0,0,0,18.7,88.9,497,0,2,71,0,0,0,0,0,0,0,0,0,0,0,0,0,0,0,0,0,0,0,0,0,0,0,0,100,50,0,0,0,0,12:26:00,2
2026-07-31 12:27:56.997000+05:30,30.4,72.2,474,0,1,59,22.7,69.2,0,953.7,0,0,26.5,63.6,590,0,2,125,0,0,0,0,0,0,18.7,88.9,503,0,2,74,0,0,0,0,0,0,0,0,0,0,0,0,0,0,0,0,0,0,0,0,0,0,0,0,100,50,0,0,0,0,12:26:00,2
2026-07-31 12:28:01.998000+05:30,30.4,72.0,471,0,1,57,22.7,69.4,0,953.7,0,0,26.5,63.7,609,0,2,138,0,0,0,0,0,0,18.7,88.9,506,0,2,75,0,0,0,0,0,0,0,0,0,0,0,0,0,0,0,0,0,0,0,0,0,0,0,0,100,50,0,0,0,0,12:26:00,2
2026-07-31 12:28:06.998000+05:30,30.4,71.7,478,0,1,61,22.7,69.4,0,953.7,0,0,26.5,63.7,609,0,2,138,0,0,0,0,0,0,18.7,88.9,506,0,2,75,0,0,0,0,0,0,0,0,0,0,0,0,0,0,0,0,0,0,0,0,0,0,0,0,100,50,0,0,0,0,12:26:00,2
2026-07-31 12:28:11.997000+05:30,30.4,71.6,497,0,2,70,22.7,69.4,0,953.6,0,0,26.5,63.8,580,0,2,119,0,0,0,0,0,0,18.7,89.0,486,0,2,65,0,0,0,0,0,0,0,0,0,0,0,0,0,0,0,0,0,0,0,0,0,0,0,0,100,50,0,0,0,0,12:26:00,2
2026-07-31 12:28:16.997000+05:30,30.4,71.6,473,0,1,58,22.7,69.4,0,953.6,0,0,26.5,63.8,584,0,2,122,0,0,0,0,0,0,18.7,89.1,492,0,2,68,0,0,0,0,0,0,0,0,0,0,0,0,0,0,0,0,0,0,0,0,0,0,0,0,100,50,0,0,0,0,12:26:00,2
2026-07-31 12:28:21.997000+05:30,30.4,71.3,489,0,2,66,22.7,69.4,0,953.7,0,0,26.5,63.8,586,0,2,122,0,0,0,0,0,0,18.7,89.1,498,0,2,71,0,0,0,0,0,0,0,0,0,0,0,0,0,0,0,0,0,0,0,0,0,0,0,0,100,50,0,0,0,0,12:26:00,2
2026-07-31 12:28:26.997000+05:30,30.4,71.7,469,0,1,56,22.7,69.4,0,953.6,0,0,26.5,63.8,583,0,2,121,0,0,0,0,0,0,18.7,89.1,498,0,2,71,0,0,0,0,0,0,0,0,0,0,0,0,0,0,0,0,0,0,0,0,0,0,0,0,100,50,0,0,0,0,12:26:00,2
2026-07-31 12:28:31.997000+05:30,30.4,71.6,471,0,1,57,22.7,69.4,0,953.6,0,0,26.5,63.8,574,0,2,115,0,0,0,0,0,0,18.7,89.1,503,0,2,74,0,0,0,0,0,0,0,0,0,0,0,0,0,0,0,0,0,0,0,0,0,0,0,0,100,50,0,0,0,0,12:26:00,2
2026-07-31 12:28:36.997000+05:30,30.4,71.4,486,0,2,65,22.7,69.3,0,953.7,0,0,26.4,63.8,548,0,2,99,0,0,0,0,0,0,18.7,89.1,497,0,2,71,0,0,0,0,0,0,0,0,0,0,0,0,0,0,0,0,0,0,0,0,0,0,0,0,100,50,0,0,0,0,12:26:00,2
2026-07-31 12:28:41.997000+05:30,30.4,71.4,484,0,1,63,22.7,69.3,0,953.7,0,0,26.4,63.8,548,0,2,99,0,0,0,0,0,0,18.7,89.1,497,0,2,71,0,0,0,0,0,0,0,0,0,0,0,0,0,0,0,0,0,0,0,0,0,0,0,0,100,50,0,0,0,0,12:26:00,2
2026-07-31 12:28:46.997000+05:30,30.4,71.0,485,0,1,64,22.7,69.3,0,953.6,0,0,26.4,63.7,550,0,2,101,0,0,0,0,0,0,18.7,89.0,511,0,2,78,0,0,0,0,0,0,0,0,0,0,0,0,0,0,0,0,0,0,0,0,0,0,0,0,100,50,0,0,0,0,12:26:00,2
2026-07-31 12:28:51.997000+05:30,30.4,71.3,492,0,2,68,22.7,69.3,0,953.6,0,0,26.4,63.7,554,0,2,103,0,0,0,0,0,0,18.7,89.0,498,0,2,71,0,0,0,0,0,0,0,0,0,0,0,0,0,0,0,0,0,0,0,0,0,0,0,0,100,50,0,0,0,0,12:26:00,2
2026-07-31 12:28:56.996000+05:30,30.4,71.4,494,0,2,69,22.7,69.3,0,953.6,0,0,26.4,63.8,573,0,2,115,0,0,0,0,0,0,18.7,89.1,502,0,2,73,0,0,0,0,0,0,0,0,0,0,0,0,0,0,0,0,0,0,0,0,0,0,0,0,100,50,0,0,0,0,12:26:00,2
2026-07-31 12:29:01.995000+05:30,30.4,71.4,486,0,2,65,22.7,69.3,0,953.6,0,0,26.4,63.8,599,0,2,131,0,0,0,0,0,0,18.7,89.1,493,0,2,69,0,0,0,0,0,0,0,0,0,0,0,0,0,0,0,0,0,0,0,0,0,0,0,0,100,50,0,0,0,0,12:26:00,2
2026-07-31 12:29:06.996000+05:30,30.4,71.4,489,0,2,66,22.8,69.3,0,953.6,0,0,26.4,63.8,591,0,2,126,0,0,0,0,0,0,18.7,89.1,500,0,2,72,0,0,0,0,0,0,0,0,0,0,0,0,0,0,0,0,0,0,0,0,0,0,0,0,100,50,0,0,0,0,12:26:00,2
2026-07-31 12:29:11.995000+05:30,30.4,71.7,499,0,2,72,22.8,69.3,0,953.6,0,0,26.4,63.8,577,0,2,117,0,0,0,0,0,0,18.7,89.1,500,0,2,72,0,0,0,0,0,0,0,0,0,0,0,0,0,0,0,0,0,0,0,0,0,0,0,0,100,50,0,0,0,0,12:26:00,2
2026-07-31 12:29:16.995000+05:30,30.5,71.7,479,0,1,61,22.8,69.3,0,953.6,0,0,26.4,63.8,591,0,2,126,0,0,0,0,0,0,18.7,89.1,495,0,2,70,0,0,0,0,0,0,0,0,0,0,0,0,0,0,0,0,0,0,0,0,0,0,0,0,100,50,0,0,0,0,12:26:00,2
2026-07-31 12:29:21.995000+05:30,30.4,71.5,437,0,1,40,22.8,69.3,0,953.6,0,0,26.4,63.8,581,0,2,119,0,0,0,0,0,0,18.7,89.1,519,0,2,82,0,0,0,0,0,0,0,0,0,0,0,0,0,0,0,0,0,0,0,0,0,0,0,0,100,50,0,0,0,0,12:26:00,2
2026-07-31 12:29:26.995000+05:30,30.5,71.6,500,0,2,72,22.8,69.3,0,953.7,0,0,26.5,63.8,551,0,2,101,0,0,0,0,0,0,18.7,88.8,494,0,2,69,0,0,0,0,0,0,0,0,0,0,0,0,0,0,0,0,0,0,0,0,0,0,0,0,100,50,0,0,0,0,12:26:00,2
2026-07-31 12:29:31.995000+05:30,30.5,71.5,507,0,2,76,22.8,69.3,0,953.7,0,0,26.5,63.9,563,0,2,108,0,0,0,0,0,0,18.7,88.8,497,0,2,70,0,0,0,0,0,0,0,0,0,0,0,0,0,0,0,0,0,0,0,0,0,0,0,0,100,50,0,0,0,0,12:26:00,2
2026-07-31 12:29:36.995000+05:30,30.5,71.5,506,0,2,76,22.8,69.3,0,953.7,0,0,26.5,63.9,555,0,2,103,0,0,0,0,0,0,18.7,88.6,503,0,2,74,0,0,0,0,0,0,0,0,0,0,0,0,0,0,0,0,0,0,0,0,0,0,0,0,100,50,0,0,0,0,12:26:00,2
2026-07-31 12:29:42.039000+05:30,30.5,71.4,490,0,2,67,22.8,69.3,0,953.6,0,0,26.5,63.8,592,0,2,127,0,0,0,0,0,0,18.7,88.5,491,0,2,68,0,0,0,0,0,0,0,0,0,0,0,0,0,0,0,0,0,0,0,0,0,0,0,0,100,50,0,0,0,0,12:26:00,2
2026-07-31 12:29:46.996000+05:30,30.5,71.2,510,0,2,78,22.8,69.3,0,953.6,0,0,26.5,63.8,622,0,2,147,0,0,0,0,0,0,18.7,88.6,521,0,2,84,0,0,0,0,0,0,0,0,0,0,0,0,0,0,0,0,0,0,0,0,0,0,0,0,100,50,0,0,0,0,12:26:00,2
2026-07-31 12:29:51.995000+05:30,30.5,71.5,519,0,2,82,22.8,69.3,0,953.6,0,0,26.5,63.8,588,0,2,124,0,0,0,0,0,0,18.7,88.6,510,0,2,77,0,0,0,0,0,0,0,0,0,0,0,0,0,0,0,0,0,0,0,0,0,0,0,0,100,50,0,0,0,0,12:26:00,2
2026-07-31 12:29:56.995000+05:30,30.5,71.9,502,0,2,73,22.8,69.3,0,953.7,0,0,26.5,63.7,581,0,2,119,0,0,0,0,0,0,18.7,88.6,519,0,2,82,0,0,0,0,0,0,0,0,0,0,0,0,0,0,0,0,0,0,0,0,0,0,0,0,100,50,0,0,0,0,12:26:00,2
2026-07-31 12:30:01.995000+05:30,30.5,72.0,514,0,2,80,22.8,69.2,0,953.6,0,0,26.5,63.7,594,0,2,128,0,0,0,0,0,0,18.7,88.6,500,0,2,72,0,0,0,0,0,0,0,0,0,0,0,0,0,0,0,0,0,0,0,0,0,0,0,0,100,50,0,0,0,0,12:26:00,2
2026-07-31 12:30:06.995000+05:30,30.5,71.9,520,0,2,83,22.8,69.2,0,953.6,0,0,26.5,63.7,574,0,2,115,0,0,0,0,0,0,18.7,88.6,505,0,2,75,0,0,0,0,0,0,0,0,0,0,0,0,0,0,0,0,0,0,0,0,0,0,0,0,100,50,0,0,0,0,12:26:00,2
2026-07-31 12:30:11.995000+05:30,30.5,71.7,500,0,2,72,22.8,69.2,0,953.7,0,0,26.6,63.7,575,0,2,116,0,0,0,0,0,0,18.8,88.7,496,0,2,70,0,0,0,0,0,0,0,0,0,0,0,0,0,0,0,0,0,0,0,0,0,0,0,0,100,50,0,0,0,0,12:26:00,2
2026-07-31 12:30:17.001000+05:30,30.5,71.5,500,0,2,72,22.8,69.1,0,953.6,0,0,26.5,63.6,564,0,2,109,0,0,0,0,0,0,18.8,88.7,517,0,2,82,0,0,0,0,0,0,0,0,0,0,0,0,0,0,0,0,0,0,0,0,0,0,0,0,100,50,0,0,0,0,12:26:00,2
2026-07-31 12:30:21.995000+05:30,30.5,71.8,493,0,2,68,22.8,69.1,0,953.6,0,0,26.5,63.6,571,0,2,113,0,0,0,0,0,0,18.8,88.7,509,0,2,77,0,0,0,0,0,0,0,0,0,0,0,0,0,0,0,0,0,0,0,0,0,0,0,0,100,50,0,0,0,0,12:26:00,2
2026-07-31 12:30:27.001000+05:30,30.5,72.0,482,0,1,62,22.8,69.2,0,953.7,0,0,26.5,63.6,565,0,2,109,0,0,0,0,0,0,18.8,88.7,517,0,2,82,0,0,0,0,0,0,0,0,0,0,0,0,0,0,0,0,0,0,0,0,0,0,0,0,100,50,0,0,0,0,12:26:00,2
2026-07-31 12:30:32.001000+05:30,30.5,72.0,498,0,2,71,22.8,69.2,0,953.6,0,0,26.5,63.6,592,0,2,127,0,0,0,0,0,0,18.8,88.7,506,0,2,75,0,0,0,0,0,0,0,0,0,0,0,0,0,0,0,0,0,0,0,0,0,0,0,0,100,50,0,0,0,0,12:26:00,2
2026-07-31 12:30:37.001000+05:30,30.5,72.2,522,0,2,84,22.8,69.2,0,953.6,0,0,26.5,63.6,594,0,2,128,0,0,0,0,0,0,18.8,88.7,511,0,2,78,0,0,0,0,0,0,0,0,0,0,0,0,0,0,0,0,0,0,0,0,0,0,0,0,100,50,0,0,0,0,12:26:00,2
2026-07-31 12:30:41.995000+05:30,30.6,72.2,542,0,2,96,22.9,69.2,0,953.6,0,0,26.5,63.6,600,0,2,132,0,0,0,0,0,0,18.8,88.5,524,0,2,85,0,0,0,0,0,0,0,0,0,0,0,0,0,0,0,0,0,0,0,0,0,0,0,0,100,50,0,0,0,0,12:26:00,2
2026-07-31 12:30:47.001000+05:30,30.5,72.2,529,0,2,88,22.9,69.1,0,953.6,0,0,26.6,63.6,592,0,2,127,0,0,0,0,0,0,18.8,88.5,499,0,2,72,0,0,0,0,0,0,0,0,0,0,0,0,0,0,0,0,0,0,0,0,0,0,0,0,100,50,0,0,0,0,12:26:00,2
2026-07-31 12:30:52+05:30,30.5,71.8,482,0,1,63,22.9,69.1,0,953.6,0,0,26.6,63.6,587,0,2,123,0,0,0,0,0,0,18.8,88.5,492,0,2,68,0,0,0,0,0,0,0,0,0,0,0,0,0,0,0,0,0,0,0,0,0,0,0,0,100,50,0,0,0,0,12:26:00,2
2026-07-31 12:30:57+05:30,30.5,71.5,463,0,1,53,22.9,69.1,0,953.6,0,0,26.6,63.5,608,0,2,138,0,0,0,0,0,0,18.8,88.6,528,0,2,88,0,0,0,0,0,0,0,0,0,0,0,0,0,0,0,0,0,0,0,0,0,0,0,0,100,50,0,0,0,0,12:26:00,2
2026-07-31 12:31:02+05:30,30.5,71.1,460,0,1,52,22.9,69.0,0,953.6,0,0,26.6,63.5,590,0,2,125,0,0,0,0,0,0,18.8,88.6,494,0,2,69,0,0,0,0,0,0,0,0,0,0,0,0,0,0,0,0,0,0,0,0,0,0,0,0,100,50,0,0,0,0,12:31:00,1
2026-07-31 12:31:07+05:30,30.5,70.8,514,0,2,80,22.9,69.0,0,953.6,0,0,26.6,63.5,590,0,2,125,0,0,0,0,0,0,18.8,88.6,502,0,2,73,0,0,0,0,0,0,0,0,0,0,0,0,0,0,0,0,0,0,0,0,0,0,0,0,100,50,0,0,0,0,12:31:00,1
2026-07-31 12:31:11.996000+05:30,30.5,71.0,501,0,2,72,22.9,69.0,0,953.6,0,0,26.6,63.4,603,0,2,134,0,0,0,0,0,0,18.8,88.7,519,0,2,83,0,0,0,0,0,0,0,0,0,0,0,0,0,0,0,0,0,0,0,0,0,0,0,0,100,50,0,0,0,0,12:31:00,1
2026-07-31 12:31:17+05:30,30.6,71.1,515,0,2,80,22.9,69.0,0,953.6,0,0,26.6,63.3,593,0,2,127,0,0,0,0,0,0,18.8,88.7,500,0,2,72,0,0,0,0,0,0,0,0,0,0,0,0,0,0,0,0,0,0,0,0,0,0,0,0,100,50,0,0,0,0,12:31:00,1
2026-07-31 12:31:22+05:30,30.6,71.4,500,0,2,72,22.9,69.0,0,953.6,0,0,26.6,63.3,555,0,2,103,0,0,0,0,0,0,18.8,88.7,503,0,2,74,0,0,0,0,0,0,0,0,0,0,0,0,0,0,0,0,0,0,0,0,0,0,0,0,100,50,0,0,0,0,12:31:00,1
2026-07-31 12:31:26.998000+05:30,30.6,71.3,469,0,1,56,22.9,70.0,0,954.0,0,0,26.6,64.5,606,0,2,136,0,0,0,0,0,0,18.9,88.6,517,0,2,81,0,0,0,0,0,0,0,0,0,0,0,0,0,0,0,0,0,0,0,0,0,0,0,0,100,50,0,0,0,0,12:31:00,1
2026-07-31 12:31:31.998000+05:30,30.6,70.8,475,0,1,59,22.9,70.0,0,954.0,0,0,26.6,64.5,606,0,2,136,0,0,0,0,0,0,18.9,88.6,517,0,2,81,0,0,0,0,0,0,0,0,0,0,0,0,0,0,0,0,0,0,0,0,0,0,0,0,100,50,0,0,0,0,12:31:00,1
2026-07-31 12:31:36.995000+05:30,30.6,70.5,514,0,2,80,22.9,70.8,0,954.1,0,0,26.6,65.2,588,0,2,124,0,0,0,0,0,0,19.0,88.0,481,0,1,62,0,0,0,0,0,0,0,0,0,0,0,0,0,0,0,0,0,0,0,0,0,0,0,0,100,50,0,0,0,0,12:31:00,1
2026-07-31 12:31:41.998000+05:30,30.6,70.8,472,0,1,57,22.9,70.0,0,954.2,0,0,26.6,64.9,587,0,2,124,0,0,0,0,0,0,19.0,88.0,494,0,2,69,0,0,0,0,0,0,0,0,0,0,0,0,0,0,0,0,0,0,0,0,0,0,0,0,100,50,0,0,0,0,12:31:00,1
2026-07-31 12:31:46.994000+05:30,30.6,70.6,472,0,1,57,22.9,70.0,0,954.2,0,0,26.6,64.9,594,0,2,128,0,0,0,0,0,0,19.0,87.4,506,0,2,75,0,0,0,0,0,0,0,0,0,0,0,0,0,0,0,0,0,0,0,0,0,0,0,0,100,50,0,0,0,0,12:31:00,1
2026-07-31 12:31:51.996000+05:30,30.5,70.9,449,0,1,46,22.9,69.8,0,954.2,0,0,26.6,64.6,566,0,2,110,0,0,0,0,0,0,19.0,87.1,522,0,2,84,0,0,0,0,0,0,0,0,0,0,0,0,0,0,0,0,0,0,0,0,0,0,0,0,100,50,0,0,0,0,12:31:00,1
2026-07-31 12:31:56.996000+05:30,30.5,71.1,451,0,1,47,22.9,69.8,0,954.2,0,0,26.6,64.6,594,0,2,128,0,0,0,0,0,0,19.0,87.1,519,0,2,83,0,0,0,0,0,0,0,0,0,0,0,0,0,0,0,0,0,0,0,0,0,0,0,0,100,50,0,0,0,0,12:31:00,1
2026-07-31 12:32:01.996000+05:30,30.5,71.1,449,0,1,46,22.9,69.9,0,954.2,0,0,26.6,64.5,593,0,2,127,0,0,0,0,0,0,19.0,86.8,506,0,2,75,0,0,0,0,0,0,0,0,0,0,0,0,0,0,0,0,0,0,0,0,0,0,0,0,100,50,0,0,0,0,12:31:00,1
2026-07-31 12:32:07+05:30,30.5,71.2,493,0,2,68,22.9,69.9,0,954.2,0,0,26.6,64.5,591,0,2,126,0,0,0,0,0,0,19.0,86.8,492,0,2,68,0,0,0,0,0,0,0,0,0,0,0,0,0,0,0,0,0,0,0,0,0,0,0,0,100,50,0,0,0,0,12:31:00,1
2026-07-31 12:32:11.996000+05:30,30.5,70.9,459,0,1,51,23.0,69.8,0,954.2,0,0,26.6,64.4,607,0,2,136,0,0,0,0,0,0,19.0,86.6,522,0,2,84,0,0,0,0,0,0,0,0,0,0,0,0,0,0,0,0,0,0,0,0,0,0,0,0,100,50,0,0,0,0,12:31:00,1
2026-07-31 12:32:16.998000+05:30,30.5,70.7,476,0,1,59,23.0,69.7,0,954.2,0,0,26.6,64.3,584,0,2,121,0,0,0,0,0,0,19.0,86.6,505,0,2,75,0,0,0,0,0,0,0,0,0,0,0,0,0,0,0,0,0,0,0,0,0,0,0,0,100,50,0,0,0,0,12:31:00,1
2026-07-31 12:32:21.998000+05:30,30.5,70.3,484,0,1,64,23.0,69.7,0,954.2,0,0,26.6,64.3,602,0,2,133,0,0,0,0,0,0,19.0,86.6,488,0,2,66,0,0,0,0,0,0,0,0,0,0,0,0,0,0,0,0,0,0,0,0,0,0,0,0,100,50,0,0,0,0,12:31:00,1
2026-07-31 12:32:26.997000+05:30,30.5,70.1,486,0,2,65,23.0,69.6,0,954.1,0,0,26.7,64.2,580,0,2,119,0,0,0,0,0,0,19.0,86.2,509,0,2,77,0,0,0,0,0,0,0,0,0,0,0,0,0,0,0,0,0,0,0,0,0,0,0,0,100,50,0,0,0,0,12:31:00,1
2026-07-31 12:32:31.997000+05:30,30.5,69.9,487,0,2,65,23.0,69.6,0,954.1,0,0,26.7,64.2,596,0,2,130,0,0,0,0,0,0,19.0,86.2,490,0,2,67,0,0,0,0,0,0,0,0,0,0,0,0,0,0,0,0,0,0,0,0,0,0,0,0,100,50,0,0,0,0,12:31:00,1
2026-07-31 12:32:37.004000+05:30,30.5,69.8,449,0,1,46,23.0,69.5,0,954.2,0,0,26.7,64.1,575,0,2,116,0,0,0,0,0,0,19.0,86.1,489,0,2,66,0,0,0,0,0,0,0,0,0,0,0,0,0,0,0,0,0,0,0,0,0,0,0,0,100,50,0,0,0,0,12:31:00,1
2026-07-31 12:32:42.004000+05:30,30.5,69.7,462,0,1,52,23.0,69.5,0,954.3,0,0,26.7,64.0,576,0,2,116,0,0,0,0,0,0,19.0,86.0,488,0,2,66,0,0,0,0,0,0,0,0,0,0,0,0,0,0,0,0,0,0,0,0,0,0,0,0,100,50,0,0,0,0,12:31:00,1
2026-07-31 12:32:47.003000+05:30,30.6,69.9,477,0,1,60,23.0,69.5,0,954.3,0,0,26.7,64.0,593,0,2,127,0,0,0,0,0,0,19.0,86.0,492,0,2,68,0,0,0,0,0,0,0,0,0,0,0,0,0,0,0,0,0,0,0,0,0,0,0,0,100,50,0,0,0,0,12:31:00,1
2026-07-31 12:32:52.008000+05:30,30.6,69.9,477,0,1,60,23.0,69.4,0,954.2,0,0,26.7,63.8,601,0,2,132,0,0,0,0,0,0,19.0,86.0,508,0,2,76,0,0,0,0,0,0,0,0,0,0,0,0,0,0,0,0,0,0,0,0,0,0,0,0,100,50,0,0,0,0,12:31:00,1
2026-07-31 12:32:56.996000+05:30,30.6,69.8,490,0,2,67,23.0,69.4,0,954.2,0,0,26.7,63.8,601,0,2,132,0,0,0,0,0,0,19.0,86.0,508,0,2,76,0,0,0,0,0,0,0,0,0,0,0,0,0,0,0,0,0,0,0,0,0,0,0,0,100,50,0,0,0,0,12:31:00,1
2026-07-31 12:33:01.996000+05:30,30.6,69.9,493,0,2,68,23.0,69.4,0,954.2,0,0,26.7,63.8,593,0,2,127,0,0,0,0,0,0,19.0,86.0,474,0,1,59,0,0,0,0,0,0,0,0,0,0,0,0,0,0,0,0,0,0,0,0,0,0,0,0,100,50,0,0,0,0,12:31:00,1
2026-07-31 12:33:06.995000+05:30,30.6,70.1,475,0,1,59,23.0,69.2,0,954.1,0,0,26.7,63.8,584,0,2,121,0,0,0,0,0,0,19.0,86.0,503,0,2,74,0,0,0,0,0,0,0,0,0,0,0,0,0,0,0,0,0,0,0,0,0,0,0,0,100,50,0,0,0,0,12:31:00,1
2026-07-31 12:33:11.999000+05:30,30.6,70.6,480,0,1,61,23.0,69.2,0,954.1,0,0,26.7,63.5,602,0,2,133,0,0,0,0,0,0,19.0,85.9,490,0,2,67,0,0,0,0,0,0,0,0,0,0,0,0,0,0,0,0,0,0,0,0,0,0,0,0,100,50,0,0,0,0,12:31:00,1
2026-07-31 12:33:17.007000+05:30,30.7,70.9,500,0,2,72,23.0,69.1,0,954.2,0,0,26.7,63.5,610,0,2,139,0,0,0,0,0,0,19.0,85.9,499,0,2,72,0,0,0,0,0,0,0,0,0,0,0,0,0,0,0,0,0,0,0,0,0,0,0,0,100,50,0,0,0,0,12:31:00,1
2026-07-31 12:33:21.995000+05:30,30.7,71.0,493,0,2,69,23.0,69.0,0,954.2,0,0,26.8,63.4,603,0,2,134,0,0,0,0,0,0,19.0,85.7,498,0,2,71,0,0,0,0,0,0,0,0,0,0,0,0,0,0,0,0,0,0,0,0,0,0,0,0,100,50,0,0,0,0,12:31:00,1
2026-07-31 12:33:27.002000+05:30,30.7,71.3,474,0,1,59,23.0,69.0,0,954.2,0,0,26.8,63.4,582,0,2,120,0,0,0,0,0,0,19.0,85.7,505,0,2,75,0,0,0,0,0,0,0,0,0,0,0,0,0,0,0,0,0,0,0,0,0,0,0,0,100,50,0,0,0,0,12:31:00,1
2026-07-31 12:33:31.996000+05:30,30.7,71.6,491,0,2,67,23.0,69.0,0,954.1,0,0,26.7,63.3,570,0,2,113,0,0,0,0,0,0,19.0,85.7,495,0,2,70,0,0,0,0,0,0,0,0,0,0,0,0,0,0,0,0,0,0,0,0,0,0,0,0,100,50,0,0,0,0,12:31:00,1
2026-07-31 12:33:36.995000+05:30,30.7,71.6,506,0,2,75,23.0,68.8,0,954.1,0,0,26.7,63.2,592,0,2,127,0,0,0,0,0,0,19.0,85.7,515,0,2,80,0,0,0,0,0,0,0,0,0,0,0,0,0,0,0,0,0,0,0,0,0,0,0,0,100,50,0,0,0,0,12:31:00,1
2026-07-31 12:33:41.996000+05:30,30.7,71.8,512,0,2,79,23.0,68.8,0,954.1,0,0,26.7,63.2,547,0,2,98,0,0,0,0,0,0,19.0,85.8,506,0,2,75,0,0,0,0,0,0,0,0,0,0,0,0,0,0,0,0,0,0,0,0,0,0,0,0,100,50,0,0,0,0,12:31:00,1
2026-07-31 12:33:46.995000+05:30,30.7,72.1,505,0,2,75,23.0,69.0,0,954.2,0,0,26.7,63.1,563,0,2,108,0,0,0,0,0,0,19.0,85.8,513,0,2,79,0,0,0,0,0,0,0,0,0,0,0,0,0,0,0,0,0,0,0,0,0,0,0,0,100,50,0,0,0,0,12:31:00,1
2026-07-31 12:33:51.995000+05:30,30.7,72.3,509,0,2,77,23.0,69.0,0,954.2,0,0,26.7,63.1,564,0,2,109,0,0,0,0,0,0,19.0,85.8,494,0,2,69,0,0,0,0,0,0,0,0,0,0,0,0,0,0,0,0,0,0,0,0,0,0,0,0,100,50,0,0,0,0,12:31:00,1
2026-07-31 12:33:56.995000+05:30,30.7,72.4,501,0,2,72,23.0,68.8,0,954.2,0,0,26.7,63.1,599,0,2,131,0,0,0,0,0,0,19.0,85.8,491,0,2,67,0,0,0,0,0,0,0,0,0,0,0,0,0,0,0,0,0,0,0,0,0,0,0,0,100,50,0,0,0,0,12:31:00,1
2026-07-31 12:34:01.995000+05:30,30.7,72.5,483,0,1,63,23.0,68.8,0,954.2,0,0,26.7,63.1,591,0,2,126,0,0,0,0,0,0,19.0,85.8,516,0,2,81,0,0,0,0,0,0,0,0,0,0,0,0,0,0,0,0,0,0,0,0,0,0,0,0,100,50,0,0,0,0,12:31:00,1
2026-07-31 12:34:06.995000+05:30,30.7,72.5,495,0,2,70,23.0,68.6,0,954.1,0,0,26.8,62.9,621,0,2,146,0,0,0,0,0,0,19.0,85.8,494,0,2,69,0,0,0,0,0,0,0,0,0,0,0,0,0,0,0,0,0,0,0,0,0,0,0,0,100,50,0,0,0,0,12:31:00,1
2026-07-31 12:34:11.995000+05:30,30.7,72.5,505,0,2,75,23.0,68.6,0,954.1,0,0,26.7,62.8,581,0,2,119,0,0,0,0,0,0,19.0,85.9,501,0,2,73,0,0,0,0,0,0,0,0,0,0,0,0,0,0,0,0,0,0,0,0,0,0,0,0,100,50,0,0,0,0,12:31:00,1
2026-07-31 12:34:16.995000+05:30,30.8,72.3,502,0,2,73,23.0,68.6,0,954.1,0,0,26.7,62.8,597,0,2,130,0,0,0,0,0,0,19.0,85.9,502,0,2,73,0,0,0,0,0,0,0,0,0,0,0,0,0,0,0,0,0,0,0,0,0,0,0,0,100,50,0,0,0,0,12:31:00,1
2026-07-31 12:34:21.995000+05:30,30.8,72.5,526,0,2,86,23.0,68.5,0,954.1,0,0,26.7,62.8,596,0,2,129,0,0,0,0,0,0,19.0,86.1,498,0,2,71,0,0,0,0,0,0,0,0,0,0,0,0,0,0,0,0,0,0,0,0,0,0,0,0,100,50,0,0,0,0,12:31:00,1
2026-07-31 12:34:26.995000+05:30,30.8,72.5,529,0,2,88,23.0,68.4,0,954.1,0,0,26.8,62.7,584,0,2,122,0,0,0,0,0,0,19.0,86.1,520,0,2,83,0,0,0,0,0,0,0,0,0,0,0,0,0,0,0,0,0,0,0,0,0,0,0,0,100,50,0,0,0,0,12:31:00,1
2026-07-31 12:34:31.995000+05:30,30.8,72.2,496,0,2,70,23.0,68.4,0,954.1,0,0,26.8,62.7,576,0,2,116,0,0,0,0,0,0,19.0,86.1,497,0,2,70,0,0,0,0,0,0,0,0,0,0,0,0,0,0,0,0,0,0,0,0,0,0,0,0,100,50,0,0,0,0,12:31:00,1
2026-07-31 12:34:36.995000+05:30,30.8,72.0,517,0,2,81,23.0,68.3,0,954.1,0,0,26.7,62.6,594,0,2,128,0,0,0,0,0,0,19.0,86.2,500,0,2,72,0,0,0,0,0,0,0,0,0,0,0,0,0,0,0,0,0,0,0,0,0,0,0,0,100,50,0,0,0,0,12:31:00,1
2026-07-31 12:34:41.995000+05:30,30.8,71.1,465,0,1,54,23.0,68.3,0,954.1,0,0,26.7,62.6,594,0,2,128,0,0,0,0,0,0,19.0,86.2,500,0,2,72,0,0,0,0,0,0,0,0,0,0,0,0,0,0,0,0,0,0,0,0,0,0,0,0,100,50,0,0,0,0,12:31:00,1
2026-07-31 12:34:46.997000+05:30,30.7,70.9,483,0,1,63,23.0,68.2,0,954.1,0,0,26.8,62.6,564,0,2,109,0,0,0,0,0,0,19.0,86.2,513,0,2,79,0,0,0,0,0,0,0,0,0,0,0,0,0,0,0,0,0,0,0,0,0,0,0,0,100,50,0,0,0,0,12:31:00,1
2026-07-31 12:34:52.001000+05:30,30.7,70.2,450,0,1,46,23.0,68.2,0,954.1,0,0,26.8,62.6,583,0,2,121,0,0,0,0,0,0,19.0,86.2,504,0,2,74,0,0,0,0,0,0,0,0,0,0,0,0,0,0,0,0,0,0,0,0,0,0,0,0,100,50,0,0,0,0,12:31:00,1
2026-07-31 12:34:56.996000+05:30,30.7,70.0,449,0,1,46,23.0,68.1,0,954.1,0,0,26.7,62.5,579,0,2,118,0,0,0,0,0,0,19.0,86.2,503,0,2,74,0,0,0,0,0,0,0,0,0,0,0,0,0,0,0,0,0,0,0,0,0,0,0,0,100,50,0,0,0,0,12:31:00,1
2026-07-31 12:35:01.995000+05:30,30.7,70.4,472,0,1,58,23.0,68.1,0,954.1,0,0,26.7,62.5,584,0,2,121,0,0,0,0,0,0,19.0,86.2,486,0,2,65,0,0,0,0,0,0,0,0,0,0,0,0,0,0,0,0,0,0,0,0,0,0,0,0,100,50,0,0,0,0,12:31:00,1
2026-07-31 12:35:06.996000+05:30,30.7,70.3,481,0,1,62,23.0,68.1,0,954.1,0,0,26.7,62.5,573,0,2,114,0,0,0,0,0,0,19.0,86.3,522,0,2,84,0,0,0,0,0,0,0,0,0,0,0,0,0,0,0,0,0,0,0,0,0,0,0,0,100,50,0,0,0,0,12:31:00,1
2026-07-31 12:35:12+05:30,30.6,70.5,446,0,1,45,23.0,68.1,0,954.1,0,0,26.7,62.5,594,0,2,128,0,0,0,0,0,0,19.0,86.3,504,0,2,74,0,0,0,0,0,0,0,0,0,0,0,0,0,0,0,0,0,0,0,0,0,0,0,0,100,50,0,0,0,0,12:31:00,1
2026-07-31 12:35:17+05:30,30.6,70.4,469,0,1,56,23.0,68.0,0,954.1,0,0,26.7,62.6,560,0,2,106,0,0,0,0,0,0,19.0,86.3,518,0,2,82,0,0,0,0,0,0,0,0,0,0,0,0,0,0,0,0,0,0,0,0,0,0,0,0,100,50,0,0,0,0,12:31:00,1
2026-07-31 12:35:22+05:30,30.6,70.5,477,0,1,60,23.0,68.0,0,954.1,0,0,26.7,62.6,592,0,2,126,0,0,0,0,0,0,19.0,86.2,531,0,2,89,0,0,0,0,0,0,0,0,0,0,0,0,0,0,0,0,0,0,0,0,0,0,0,0,100,50,0,0,0,0,12:31:00,1
2026-07-31 12:35:27+05:30,30.5,70.6,474,0,1,59,23.0,68.0,0,954.1,0,0,26.7,62.6,579,0,2,118,0,0,0,0,0,0,19.0,86.1,504,0,2,74,0,0,0,0,0,0,0,0,0,0,0,0,0,0,0,0,0,0,0,0,0,0,0,0,100,50,0,0,0,0,12:31:00,1
2026-07-31 12:35:32+05:30,30.5,71.2,471,0,1,57,23.0,67.9,0,954.0,0,0,26.7,62.6,552,0,2,102,0,0,0,0,0,0,19.0,86.1,513,0,2,79,0,0,0,0,0,0,0,0,0,0,0,0,0,0,0,0,0,0,0,0,0,0,0,0,100,50,0,0,0,0,12:31:00,1
2026-07-31 12:35:36.999000+05:30,30.5,71.4,459,0,1,51,23.0,67.9,0,954.0,0,0,26.7,62.6,572,0,2,114,0,0,0,0,0,0,19.0,85.9,515,0,2,80,0,0,0,0,0,0,0,0,0,0,0,0,0,0,0,0,0,0,0,0,0,0,0,0,100,50,0,0,0,0,12:31:00,1
2026-07-31 12:35:42+05:30,30.4,71.6,452,0,1,47,23.0,67.9,0,954.0,0,0,26.7,62.5,583,0,2,121,0,0,0,0,0,0,19.0,85.7,512,0,2,78,0,0,0,0,0,0,0,0,0,0,0,0,0,0,0,0,0,0,0,0,0,0,0,0,100,50,0,0,0,0,12:31:00,1
2026-07-31 12:35:47+05:30,30.4,71.5,478,0,1,60,23.0,67.8,0,954.1,0,0,26.7,62.5,588,0,2,124,0,0,0,0,0,0,19.0,85.6,510,0,2,77,0,0,0,0,0,0,0,0,0,0,0,0,0,0,0,0,0,0,0,0,0,0,0,0,100,50,0,0,0,0,12:31:00,1
2026-07-31 12:35:51.999000+05:30,30.4,71.4,440,0,1,42,23.0,67.8,0,954.1,0,0,26.7,62.5,612,0,2,140,0,0,0,0,0,0,19.0,85.6,499,0,2,72,0,0,0,0,0,0,0,0,0,0,0,0,0,0,0,0,0,0,0,0,0,0,0,0,100,50,0,0,0,0,12:31:00,1
2026-07-31 12:35:56.999000+05:30,30.4,71.4,455,0,1,49,23.0,67.9,0,954.0,0,0,26.7,62.5,592,0,2,127,0,0,0,0,0,0,18.9,85.5,481,0,1,62,0,0,0,0,0,0,0,0,0,0,0,0,0,0,0,0,0,0,0,0,0,0,0,0,100,50,0,0,0,0,12:31:00,1
2026-07-31 12:36:01.999000+05:30,30.4,71.5,456,0,1,49,23.0,67.9,0,954.0,0,0,26.7,62.5,595,0,2,129,0,0,0,0,0,0,18.9,85.5,503,0,2,74,0,0,0,0,0,0,0,0,0,0,0,0,0,0,0,0,0,0,0,0,0,0,0,0,100,50,0,0,0,0,12:31:00,1
2026-07-31 12:36:06.999000+05:30,30.4,71.2,454,0,1,49,23.0,67.8,0,954.1,0,0,26.8,62.4,606,0,2,136,0,0,0,0,0,0,18.9,85.4,497,0,2,71,0,0,0,0,0,0,0,0,0,0,0,0,0,0,0,0,0,0,0,0,0,0,0,0,100,50,0,0,0,0,12:31:00,1
2026-07-31 12:36:11.999000+05:30,30.4,71.2,450,0,1,46,23.0,67.7,0,954.0,0,0,26.8,62.3,581,0,2,119,0,0,0,0,0,0,19.0,85.4,490,0,2,67,0,0,0,0,0,0,0,0,0,0,0,0,0,0,0,0,0,0,0,0,0,0,0,0,100,50,0,0,0,0,12:31:00,1
2026-07-31 12:36:16.999000+05:30,30.4,71.3,482,0,1,62,23.0,67.7,0,954.1,0,0,26.8,62.2,576,0,2,116,0,0,0,0,0,0,19.0,85.3,483,0,1,63,0,0,0,0,0,0,0,0,0,0,0,0,0,0,0,0,0,0,0,0,0,0,0,0,100,50,0,0,0,0,12:31:00,1
2026-07-31 12:36:21.999000+05:30,30.4,71.4,490,0,2,67,23.0,67.7,0,954.1,0,0,26.8,62.2,606,0,2,136,0,0,0,0,0,0,19.0,85.3,486,0,2,65,0,0,0,0,0,0,0,0,0,0,0,0,0,0,0,0,0,0,0,0,0,0,0,0,100,50,0,0,0,0,12:31:00,1
2026-07-31 12:36:26.999000+05:30,30.3,71.4,494,0,2,69,23.0,67.6,0,954.0,0,0,26.8,62.2,614,0,2,141,0,0,0,0,0,0,18.9,85.4,511,0,2,78,0,0,0,0,0,0,0,0,0,0,0,0,0,0,0,0,0,0,0,0,0,0,0,0,100,50,0,0,0,0,12:31:00,1
2026-07-31 12:36:31.998000+05:30,30.4,71.6,486,0,2,65,23.0,67.6,0,954.0,0,0,26.8,62.2,614,0,2,142,0,0,0,0,0,0,18.9,85.4,493,0,2,69,0,0,0,0,0,0,0,0,0,0,0,0,0,0,0,0,0,0,0,0,0,0,0,0,100,50,0,0,0,0,12:31:00,1
2026-07-31 12:36:37.048000+05:30,30.4,71.6,441,0,1,42,23.0,67.5,0,954.1,0,0,26.8,62.0,588,0,2,124,0,0,0,0,0,0,19.0,85.3,507,0,2,76,0,0,0,0,0,0,0,0,0,0,0,0,0,0,0,0,0,0,0,0,0,0,0,0,100,50,0,0,0,0,12:31:00,1
2026-07-31 12:36:41.996000+05:30,30.4,71.6,475,0,1,59,23.0,67.5,0,954.1,0,0,26.8,61.9,601,0,2,132,0,0,0,0,0,0,18.9,85.2,492,0,2,68,0,0,0,0,0,0,0,0,0,0,0,0,0,0,0,0,0,0,0,0,0,0,0,0,100,50,0,0,0,0,12:31:00,1
2026-07-31 12:36:47+05:30,30.4,71.6,488,0,2,66,23.0,67.5,0,954.1,0,0,26.8,61.9,608,0,2,137,0,0,0,0,0,0,18.9,85.2,515,0,2,80,0,0,0,0,0,0,0,0,0,0,0,0,0,0,0,0,0,0,0,0,0,0,0,0,100,50,0,0,0,0,12:31:00,1
2026-07-31 12:36:51.996000+05:30,30.5,72.1,525,0,2,86,23.0,67.5,0,954.0,0,0,26.9,61.9,605,0,2,135,0,0,0,0,0,0,19.0,85.1,502,0,2,73,0,0,0,0,0,0,0,0,0,0,0,0,0,0,0,0,0,0,0,0,0,0,0,0,100,50,0,0,0,0,12:31:00,1
2026-07-31 12:36:57.001000+05:30,30.5,72.4,529,0,2,88,23.0,67.5,0,954.0,0,0,26.9,61.9,592,0,2,127,0,0,0,0,0,0,19.0,85.1,497,0,2,70,0,0,0,0,0,0,0,0,0,0,0,0,0,0,0,0,0,0,0,0,0,0,0,0,100,50,0,0,0,0,12:31:00,1
2026-07-31 12:37:02.007000+05:30,30.5,72.6,509,0,2,77,23.1,67.5,0,954.0,0,0,26.9,61.8,604,0,2,134,0,0,0,0,0,0,19.0,85.1,495,0,2,70,0,0,0,0,0,0,0,0,0,0,0,0,0,0,0,0,0,0,0,0,0,0,0,0,100,50,0,0,0,0,12:31:00,1
2026-07-31 12:37:06.998000+05:30,30.5,72.8,502,0,2,73,23.1,67.5,0,954.0,0,0,26.9,61.8,600,0,2,132,0,0,0,0,0,0,19.0,85.1,491,0,2,67,0,0,0,0,0,0,0,0,0,0,0,0,0,0,0,0,0,0,0,0,0,0,0,0,100,50,0,0,0,0,12:31:00,1
2026-07-31 12:37:11.997000+05:30,30.5,72.9,474,0,1,59,23.1,67.5,0,954.0,0,0,26.9,61.7,576,0,2,116,0,0,0,0,0,0,19.0,85.2,467,0,1,55,0,0,0,0,0,0,0,0,0,0,0,0,0,0,0,0,0,0,0,0,0,0,0,0,100,50,0,0,0,0,12:31:00,1
2026-07-31 12:37:16.997000+05:30,30.5,72.4,474,0,1,58,23.1,67.3,0,954.1,0,0,26.9,61.6,585,0,2,122,0,0,0,0,0,0,19.0,85.2,476,0,1,60,0,0,0,0,0,0,0,0,0,0,0,0,0,0,0,0,0,0,0,0,0,0,0,0,100,50,0,0,0,0,12:31:00,1
2026-07-31 12:37:21.999000+05:30,30.4,72.2,464,0,1,53,23.1,67.3,0,954.1,0,0,26.9,61.6,611,0,2,140,0,0,0,0,0,0,19.0,85.2,474,0,1,59,0,0,0,0,0,0,0,0,0,0,0,0,0,0,0,0,0,0,0,0,0,0,0,0,100,50,0,0,0,0,12:31:00,1
2026-07-31 12:37:26.995000+05:30,30.4,72.2,470,0,1,57,23.1,67.2,0,954.0,0,0,27.0,61.6,572,0,2,114,0,0,0,0,0,0,19.0,85.2,482,0,1,63,0,0,0,0,0,0,0,0,0,0,0,0,0,0,0,0,0,0,0,0,0,0,0,0,100,50,0,0,0,0,12:31:00,1
2026-07-31 12:37:32.007000+05:30,30.4,72.2,469,0,1,56,23.1,67.2,0,954.0,0,0,27.0,61.6,585,0,2,122,0,0,0,0,0,0,19.0,85.2,500,0,2,72,0,0,0,0,0,0,0,0,0,0,0,0,0,0,0,0,0,0,0,0,0,0,0,0,100,50,0,0,0,0,12:31:00,1
2026-07-31 12:37:36.999000+05:30,30.4,71.9,457,0,1,50,23.1,67.1,0,954.0,0,0,27.0,61.4,601,0,2,133,0,0,0,0,0,0,19.0,85.2,467,0,1,55,0,0,0,0,0,0,0,0,0,0,0,0,0,0,0,0,0,0,0,0,0,0,0,0,100,50,0,0,0,0,12:31:00,1
2026-07-31 12:37:42.010000+05:30,30.4,72.0,479,0,1,61,23.0,67.1,0,953.9,0,0,26.9,61.4,613,0,2,141,0,0,0,0,0,0,19.0,84.9,487,0,2,65,0,0,0,0,0,0,0,0,0,0,0,0,0,0,0,0,0,0,0,0,0,0,0,0,100,50,0,0,0,0,12:31:00,1
2026-07-31 12:37:46.994000+05:30,30.4,72.0,476,0,1,60,23.0,67.1,0,953.9,0,0,26.9,61.4,612,0,2,140,0,0,0,0,0,0,19.0,84.9,516,0,2,81,0,0,0,0,0,0,0,0,0,0,0,0,0,0,0,0,0,0,0,0,0,0,0,0,100,50,0,0,0,0,12:31:00,1
2026-07-31 12:37:51.996000+05:30,30.4,72.1,481,0,1,62,23.1,67.1,0,954.0,0,0,27.0,61.3,614,0,2,141,0,0,0,0,0,0,19.0,84.9,498,0,2,71,0,0,0,0,0,0,0,0,0,0,0,0,0,0,0,0,0,0,0,0,0,0,0,0,100,50,0,0,0,0,12:31:00,1
2026-07-31 12:37:56.998000+05:30,30.4,72.2,475,0,1,59,23.1,67.0,0,954.0,0,0,27.0,61.3,613,0,2,140,0,0,0,0,0,0,19.0,84.7,486,0,2,65,0,0,0,0,0,0,0,0,0,0,0,0,0,0,0,0,0,0,0,0,0,0,0,0,100,50,0,0,0,0,12:31:00,1
2026-07-31 12:38:02+05:30,30.3,72.4,467,0,1,55,23.1,67.0,0,954.0,0,0,27.0,61.3,606,0,2,136,0,0,0,0,0,0,19.0,84.7,495,0,2,70,0,0,0,0,0,0,0,0,0,0,0,0,0,0,0,0,0,0,0,0,0,0,0,0,100,50,0,0,0,0,12:31:00,1
2026-07-31 12:38:06.997000+05:30,30.4,72.5,494,0,2,69,23.1,66.9,0,954.0,0,0,27.0,61.3,594,0,2,128,0,0,0,0,0,0,19.0,84.6,475,0,1,59,0,0,0,0,0,0,0,0,0,0,0,0,0,0,0,0,0,0,0,0,0,0,0,0,100,50,0,0,0,0,12:31:00,1
2026-07-31 12:38:11.997000+05:30,30.4,72.5,507,0,2,76,23.1,66.9,0,954.0,0,0,27.0,61.1,618,0,2,144,0,0,0,0,0,0,19.0,84.5,482,0,1,63,0,0,0,0,0,0,0,0,0,0,0,0,0,0,0,0,0,0,0,0,0,0,0,0,100,50,0,0,0,0,12:31:00,1
2026-07-31 12:38:16.995000+05:30,30.5,72.6,489,0,2,66,23.1,66.9,0,954.0,0,0,27.0,61.1,603,0,2,134,0,0,0,0,0,0,19.0,84.5,501,0,2,73,0,0,0,0,0,0,0,0,0,0,0,0,0,0,0,0,0,0,0,0,0,0,0,0,100,50,0,0,0,0,12:31:00,1
2026-07-31 12:38:21.995000+05:30,30.5,72.5,464,0,1,54,23.1,66.9,0,954.0,0,0,27.0,61.1,593,0,2,127,0,0,0,0,0,0,19.0,84.6,481,0,1,62,0,0,0,0,0,0,0,0,0,0,0,0,0,0,0,0,0,0,0,0,0,0,0,0,100,50,0,0,0,0,12:31:00,1
2026-07-31 12:38:26.997000+05:30,30.5,72.1,519,0,2,83,23.1,66.9,0,954.0,0,0,27.0,61.1,577,0,2,117,0,0,0,0,0,0,19.0,84.6,483,0,1,63,0,0,0,0,0,0,0,0,0,0,0,0,0,0,0,0,0,0,0,0,0,0,0,0,100,50,0,0,0,0,12:31:00,1
2026-07-31 12:38:32+05:30,30.6,72.4,534,0,2,91,23.1,66.9,0,954.0,0,0,26.9,61.0,589,0,2,124,0,0,0,0,0,0,19.0,84.7,475,0,1,59,0,0,0,0,0,0,0,0,0,0,0,0,0,0,0,0,0,0,0,0,0,0,0,0,100,50,0,0,0,0,12:31:00,1
2026-07-31 12:38:37+05:30,30.6,72.7,518,0,2,82,23.1,66.9,0,954.0,0,0,26.9,61.0,543,0,2,96,0,0,0,0,0,0,19.0,84.7,490,0,2,67,0,0,0,0,0,0,0,0,0,0,0,0,0,0,0,0,0,0,0,0,0,0,0,0,100,50,0,0,0,0,12:31:00,1
2026-07-31 12:38:41.998000+05:30,30.6,72.8,510,0,2,78,23.1,66.8,0,953.9,0,0,26.9,61.0,572,0,2,114,0,0,0,0,0,0,19.0,84.7,491,0,2,67,0,0,0,0,0,0,0,0,0,0,0,0,0,0,0,0,0,0,0,0,0,0,0,0,100,50,0,0,0,0,12:31:00,1
2026-07-31 12:38:46.995000+05:30,30.6,73.1,487,0,2,65,23.1,66.8,0,953.9,0,0,26.9,61.0,573,0,2,114,0,0,0,0,0,0,19.0,84.7,494,0,2,69,0,0,0,0,0,0,0,0,0,0,0,0,0,0,0,0,0,0,0,0,0,0,0,0,100,50,0,0,0,0,12:31:00,1
2026-07-31 12:38:51.997000+05:30,30.6,73.1,487,0,2,65,23.1,66.7,0,953.9,0,0,26.9,61.0,557,0,2,105,0,0,0,0,0,0,19.0,84.6,488,0,2,66,0,0,0,0,0,0,0,0,0,0,0,0,0,0,0,0,0,0,0,0,0,0,0,0,100,50,0,0,0,0,12:31:00,1
2026-07-31 12:38:56.998000+05:30,30.6,72.7,483,0,1,63,23.1,66.7,0,953.9,0,0,26.9,61.1,604,0,2,134,0,0,0,0,0,0,19.0,84.6,476,0,1,60,0,0,0,0,0,0,0,0,0,0,0,0,0,0,0,0,0,0,0,0,0,0,0,0,100,50,0,0,0,0,12:31:00,1
2026-07-31 12:39:01.998000+05:30,30.6,72.8,489,0,2,66,23.1,66.7,0,953.9,0,0,26.9,61.1,587,0,2,123,0,0,0,0,0,0,19.0,84.5,498,0,2,71,0,0,0,0,0,0,0,0,0,0,0,0,0,0,0,0,0,0,0,0,0,0,0,0,100,50,0,0,0,0,12:31:00,1
2026-07-31 12:39:06.996000+05:30,30.6,72.9,495,0,2,70,23.1,66.6,0,953.9,0,0,26.9,61.0,587,0,2,123,0,0,0,0,0,0,19.0,84.5,475,0,1,59,0,0,0,0,0,0,0,0,0,0,0,0,0,0,0,0,0,0,0,0,0,0,0,0,100,50,0,0,0,0,12:31:00,1
2026-07-31 12:39:11.997000+05:30,30.6,72.9,475,0,1,59,23.1,66.6,0,953.9,0,0,26.9,61.0,597,0,2,130,0,0,0,0,0,0,19.0,84.5,486,0,2,65,0,0,0,0,0,0,0,0,0,0,0,0,0,0,0,0,0,0,0,0,0,0,0,0,100,50,0,0,0,0,12:31:00,1
2026-07-31 12:39:16.999000+05:30,30.6,73.0,538,0,2,93,23.1,66.5,0,953.9,0,0,27.0,61.0,596,0,2,129,0,0,0,0,0,0,19.0,84.5,480,0,1,61,0,0,0,0,0,0,0,0,0,0,0,0,0,0,0,0,0,0,0,0,0,0,0,0,100,50,0,0,0,0,12:31:00,1
2026-07-31 12:39:21.996000+05:30,30.6,73.1,517,0,2,81,23.1,66.5,0,953.9,0,0,27.0,61.0,584,0,2,121,0,0,0,0,0,0,19.0,84.5,493,0,2,68,0,0,0,0,0,0,0,0,0,0,0,0,0,0,0,0,0,0,0,0,0,0,0,0,100,50,0,0,0,0,12:31:00,1
2026-07-31 12:39:26.997000+05:30,30.7,73.1,529,0,2,88,23.1,66.5,0,953.9,0,0,26.9,60.8,583,0,2,121,0,0,0,0,0,0,19.0,84.6,494,0,2,69,0,0,0,0,0,0,0,0,0,0,0,0,0,0,0,0,0,0,0,0,0,0,0,0,100,50,0,0,0,0,12:31:00,1
2026-07-31 12:39:31.996000+05:30,30.7,73.1,509,0,2,77,23.1,66.5,0,953.9,0,0,26.9,60.8,600,0,2,132,0,0,0,0,0,0,19.0,84.6,493,0,2,68,0,0,0,0,0,0,0,0,0,0,0,0,0,0,0,0,0,0,0,0,0,0,0,0,100,50,0,0,0,0,12:31:00,1
2026-07-31 12:39:36.997000+05:30,30.7,73.1,510,0,2,78,23.1,66.5,0,953.9,0,0,26.9,60.8,600,0,2,132,0,0,0,0,0,0,19.0,84.6,493,0,2,68,0,0,0,0,0,0,0,0,0,0,0,0,0,0,0,0,0,0,0,0,0,0,0,0,100,50,0,0,0,0,12:31:00,1
2026-07-31 12:39:42+05:30,30.7,73.1,522,0,2,84,23.1,66.4,0,953.9,0,0,26.9,60.7,576,0,2,116,0,0,0,0,0,0,19.0,84.7,521,0,2,83,0,0,0,0,0,0,0,0,0,0,0,0,0,0,0,0,0,0,0,0,0,0,0,0,100,50,0,0,0,0,12:31:00,1
2026-07-31 12:39:46.995000+05:30,30.6,73.2,507,0,2,76,23.1,66.4,0,953.9,0,0,27.0,60.7,605,0,2,135,0,0,0,0,0,0,19.0,84.7,498,0,2,71,0,0,0,0,0,0,0,0,0,0,0,0,0,0,0,0,0,0,0,0,0,0,0,0,100,50,0,0,0,0,12:31:00,1
2026-07-31 12:39:51.999000+05:30,30.6,73.2,510,0,2,77,23.1,66.3,0,954.0,0,0,26.9,60.6,579,0,2,119,0,0,0,0,0,0,19.0,84.5,489,0,2,66,0,0,0,0,0,0,0,0,0,0,0,0,0,0,0,0,0,0,0,0,0,0,0,0,100,50,0,0,0,0,12:31:00,1
2026-07-31 12:39:56.995000+05:30,30.7,73.3,542,0,2,96,23.1,66.3,0,954.0,0,0,26.9,60.6,580,0,2,119,0,0,0,0,0,0,19.0,84.5,485,0,1,64,0,0,0,0,0,0,0,0,0,0,0,0,0,0,0,0,0,0,0,0,0,0,0,0,100,50,0,0,0,0,12:31:00,1
2026-07-31 12:40:02.006000+05:30,30.7,73.3,519,0,2,82,23.1,66.3,0,953.9,0,0,27.0,60.7,596,0,2,129,0,0,0,0,0,0,19.0,84.5,477,0,1,60,0,0,0,0,0,0,0,0,0,0,0,0,0,0,0,0,0,0,0,0,0,0,0,0,100,50,0,0,0,0,12:31:00,1
2026-07-31 12:40:06.998000+05:30,30.7,73.3,527,0,2,87,23.1,66.2,0,953.9,0,0,27.0,60.7,618,0,2,144,0,0,0,0,0,0,19.0,84.5,490,0,2,67,0,0,0,0,0,0,0,0,0,0,0,0,0,0,0,0,0,0,0,0,0,0,0,0,100,50,0,0,0,0,12:31:00,1
2026-07-31 12:40:12.010000+05:30,30.7,73.2,527,0,2,87,23.1,66.2,0,953.9,0,0,27.0,60.7,586,0,2,123,0,0,0,0,0,0,19.0,84.5,485,0,1,64,0,0,0,0,0,0,0,0,0,0,0,0,0,0,0,0,0,0,0,0,0,0,0,0,100,50,0,0,0,0,12:31:00,1
2026-07-31 12:40:16.997000+05:30,30.7,72.6,491,0,2,67,23.1,66.2,0,953.9,0,0,27.0,60.7,586,0,2,123,0,0,0,0,0,0,19.0,84.5,485,0,1,64,0,0,0,0,0,0,0,0,0,0,0,0,0,0,0,0,0,0,0,0,0,0,0,0,100,50,0,0,0,0,12:31:00,1
2026-07-31 12:40:21.999000+05:30,30.7,72.2,484,0,1,64,23.1,66.2,0,953.9,0,0,26.9,60.6,569,0,2,112,0,0,0,0,0,0,19.0,84.5,504,0,2,74,0,0,0,0,0,0,0,0,0,0,0,0,0,0,0,0,0,0,0,0,0,0,0,0,100,50,0,0,0,0,12:31:00,1
2026-07-31 12:40:27.052000+05:30,30.7,71.9,475,0,1,59,23.1,66.1,0,954.0,0,0,26.9,60.5,591,0,2,126,0,0,0,0,0,0,19.0,84.3,502,0,2,73,0,0,0,0,0,0,0,0,0,0,0,0,0,0,0,0,0,0,0,0,0,0,0,0,100,50,0,0,0,0,12:31:00,1
2026-07-31 12:40:31.999000+05:30,30.6,71.5,498,0,2,71,23.1,66.1,0,954.0,0,0,26.9,60.5,593,0,2,127,0,0,0,0,0,0,19.0,84.3,492,0,2,68,0,0,0,0,0,0,0,0,0,0,0,0,0,0,0,0,0,0,0,0,0,0,0,0,100,50,0,0,0,0,12:31:00,1
2026-07-31 12:40:36.999000+05:30,30.7,71.2,455,0,1,49,23.1,66.1,0,954.0,0,0,26.9,60.5,580,0,2,119,0,0,0,0,0,0,19.0,84.3,463,0,1,53,0,0,0,0,0,0,0,0,0,0,0,0,0,0,0,0,0,0,0,0,0,0,0,0,100,50,0,0,0,0,12:31:00,1
2026-07-31 12:40:41.999000+05:30,30.7,71.0,483,0,1,63,23.1,66.1,0,954.0,0,0,26.9,60.5,580,0,2,119,0,0,0,0,0,0,19.0,84.3,463,0,1,53,0,0,0,0,0,0,0,0,0,0,0,0,0,0,0,0,0,0,0,0,0,0,0,0,100,50,0,0,0,0,12:31:00,1
2026-07-31 12:40:47+05:30,30.7,70.8,482,0,1,62,23.1,66.1,0,953.9,0,0,26.9,60.5,593,0,2,127,0,0,0,0,0,0,19.0,84.2,492,0,2,68,0,0,0,0,0,0,0,0,0,0,0,0,0,0,0,0,0,0,0,0,0,0,0,0,100,50,0,0,0,0,12:31:00,1
2026-07-31 12:40:51.999000+05:30,30.7,70.8,478,0,1,61,23.1,66.1,0,953.9,0,0,26.9,60.5,593,0,2,127,0,0,0,0,0,0,19.0,84.2,492,0,2,68,0,0,0,0,0,0,0,0,0,0,0,0,0,0,0,0,0,0,0,0,0,0,0,0,100,50,0,0,0,0,12:31:00,1
2026-07-31 12:40:56.998000+05:30,30.7,70.4,453,0,1,48,23.1,66.0,0,953.9,0,0,27.0,60.4,596,0,2,130,0,0,0,0,0,0,19.0,84.1,468,0,1,55,0,0,0,0,0,0,0,0,0,0,0,0,0,0,0,0,0,0,0,0,0,0,0,0,100,50,0,0,0,0,12:31:00,1
2026-07-31 12:41:01.999000+05:30,30.6,70.6,437,0,1,40,23.1,66.0,0,953.9,0,0,27.0,60.4,617,0,2,144,0,0,0,0,0,0,18.9,84.0,468,0,1,55,0,0,0,0,0,0,0,0,0,0,0,0,0,0,0,0,0,0,0,0,0,0,0,0,100,50,0,0,0,0,12:41:00,0
2026-07-31 12:41:06.998000+05:30,30.6,70.4,425,0,1,35,23.1,66.0,0,953.9,0,0,27.0,60.4,600,0,2,132,0,0,0,0,0,0,18.9,84.0,475,0,1,59,0,0,0,0,0,0,0,0,0,0,0,0,0,0,0,0,0,0,0,0,0,0,0,0,100,50,0,0,0,0,12:41:00,0
2026-07-31 12:41:11.998000+05:30,30.6,70.9,460,0,1,51,23.2,65.9,0,953.9,0,0,27.0,60.3,581,0,2,119,0,0,0,0,0,0,18.9,84.1,490,0,2,67,0,0,0,0,0,0,0,0,0,0,0,0,0,0,0,0,0,0,0,0,0,0,0,0,100,50,0,0,0,0,12:41:00,0
2026-07-31 12:41:16.998000+05:30,30.6,71.5,471,0,1,57,23.2,65.9,0,953.9,0,0,27.0,60.3,597,0,2,130,0,0,0,0,0,0,18.9,84.1,465,0,1,54,0,0,0,0,0,0,0,0,0,0,0,0,0,0,0,0,0,0,0,0,0,0,0,0,100,50,0,0,0,0,12:41:00,0
2026-07-31 12:41:21.998000+05:30,30.6,71.3,465,0,1,54,23.2,65.9,0,953.3,0,0,27.0,60.4,602,0,2,133,0,0,0,0,0,0,18.9,84.1,470,0,1,56,0,0,0,0,0,0,0,0,0,0,0,0,0,0,0,0,0,0,0,0,0,0,0,0,100,50,0,0,0,0,12:41:00,0
2026-07-31 12:41:26.998000+05:30,30.6,71.2,461,0,1,52,23.2,67.4,0,953.8,0,0,27.0,62.0,588,0,2,124,0,0,0,0,0,0,18.9,85.2,479,0,1,61,0,0,0,0,0,0,0,0,0,0,0,0,0,0,0,0,0,0,0,0,0,0,0,0,100,50,0,0,0,0,12:41:00,0
2026-07-31 12:41:31.997000+05:30,30.6,71.1,466,0,1,54,23.2,67.4,0,953.8,0,0,27.0,62.0,598,0,2,130,0,0,0,0,0,0,18.9,85.2,481,0,1,62,0,0,0,0,0,0,0,0,0,0,0,0,0,0,0,0,0,0,0,0,0,0,0,0,100,50,0,0,0,0,12:41:00,0
2026-07-31 12:41:36.997000+05:30,30.6,71.1,465,0,1,54,23.2,68.5,0,953.9,0,0,27.0,63.0,597,0,2,130,0,0,0,0,0,0,19.0,85.1,476,0,1,60,0,0,0,0,0,0,0,0,0,0,0,0,0,0,0,0,0,0,0,0,0,0,0,0,100,50,0,0,0,0,12:41:00,0
2026-07-31 12:41:41.997000+05:30,30.6,71.0,459,0,1,51,23.2,67.6,0,953.9,0,0,26.9,62.6,606,0,2,136,0,0,0,0,0,0,19.0,84.8,468,0,1,55,0,0,0,0,0,0,0,0,0,0,0,0,0,0,0,0,0,0,0,0,0,0,0,0,100,50,0,0,0,0,12:41:00,0
2026-07-31 12:41:46.996000+05:30,30.6,71.2,436,0,1,40,23.2,67.6,0,953.9,0,0,26.9,62.6,606,0,2,136,0,0,0,0,0,0,19.0,84.8,468,0,1,55,0,0,0,0,0,0,0,0,0,0,0,0,0,0,0,0,0,0,0,0,0,0,0,0,100,50,0,0,0,0,12:41:00,0
2026-07-31 12:41:51.997000+05:30,30.6,71.5,483,0,1,63,23.2,67.6,0,953.9,0,0,26.9,62.6,601,0,2,133,0,0,0,0,0,0,19.0,84.8,476,0,1,60,0,0,0,0,0,0,0,0,0,0,0,0,0,0,0,0,0,0,0,0,0,0,0,0,100,50,0,0,0,0,12:41:00,0
2026-07-31 12:41:56.996000+05:30,30.6,71.1,439,0,1,42,23.2,67.6,0,953.9,0,0,26.9,62.6,562,0,2,108,0,0,0,0,0,0,19.0,84.8,489,0,2,66,0,0,0,0,0,0,0,0,0,0,0,0,0,0,0,0,0,0,0,0,0,0,0,0,100,50,0,0,0,0,12:41:00,0
2026-07-31 12:42:01.996000+05:30,30.6,70.8,466,0,1,55,23.2,66.8,0,953.9,0,0,26.9,62.1,573,0,2,114,0,0,0,0,0,0,19.0,84.3,474,0,1,58,0,0,0,0,0,0,0,0,0,0,0,0,0,0,0,0,0,0,0,0,0,0,0,0,100,50,0,0,0,0,12:41:00,0
2026-07-31 12:42:06.997000+05:30,30.6,70.7,454,0,1,49,23.2,66.8,0,953.9,0,0,26.9,62.1,559,0,2,106,0,0,0,0,0,0,19.0,84.3,492,0,2,68,0,0,0,0,0,0,0,0,0,0,0,0,0,0,0,0,0,0,0,0,0,0,0,0,100,50,0,0,0,0,12:41:00,0
2026-07-31 12:42:11.996000+05:30,30.7,70.9,471,0,1,57,23.2,66.8,0,953.9,0,0,26.9,62.1,559,0,2,106,0,0,0,0,0,0,19.0,84.3,492,0,2,68,0,0,0,0,0,0,0,0,0,0,0,0,0,0,0,0,0,0,0,0,0,0,0,0,100,50,0,0,0,0,12:41:00,0
2026-07-31 12:42:16.996000+05:30,30.7,71.4,517,0,2,81,23.2,66.9,0,953.9,0,0,26.9,62.0,556,0,2,104,0,0,0,0,0,0,19.0,84.3,485,0,1,64,0,0,0,0,0,0,0,0,0,0,0,0,0,0,0,0,0,0,0,0,0,0,0,0,100,50,0,0,0,0,12:41:00,0
2026-07-31 12:42:21.997000+05:30,30.7,71.8,530,0,2,89,23.2,66.9,0,953.9,0,0,26.9,62.0,556,0,2,104,0,0,0,0,0,0,19.0,84.3,505,0,2,75,0,0,0,0,0,0,0,0,0,0,0,0,0,0,0,0,0,0,0,0,0,0,0,0,100,50,0,0,0,0,12:41:00,0
2026-07-31 12:42:27+05:30,30.7,71.5,517,0,2,81,23.2,66.9,0,953.9,0,0,26.9,62.0,556,0,2,104,0,0,0,0,0,0,19.0,84.2,484,0,1,64,0,0,0,0,0,0,0,0,0,0,0,0,0,0,0,0,0,0,0,0,0,0,0,0,100,50,0,0,0,0,12:41:00,0
2026-07-31 12:42:31.997000+05:30,30.7,71.5,532,0,2,90,23.2,66.8,0,953.9,0,0,26.9,61.8,558,0,2,105,0,0,0,0,0,0,19.0,84.2,499,0,1,72,0,0,0,0,0,0,0,0,0,0,0,0,0,0,0,0,0,0,0,0,0,0,0,0,100,50,0,0,0,0,12:41:00,0
2026-07-31 12:42:37.014000+05:30,30.7,71.8,518,0,2,82,23.2,66.8,0,953.9,0,0,26.9,61.8,580,0,2,119,0,0,0,0,0,0,19.0,84.2,479,0,1,61,0,0,0,0,0,0,0,0,0,0,0,0,0,0,0,0,0,0,0,0,0,0,0,0,100,50,0,0,0,0,12:41:00,0
2026-07-31 12:42:42.009000+05:30,30.7,72.2,529,0,2,88,23.2,66.8,0,953.9,0,0,26.9,61.8,561,0,2,107,0,0,0,0,0,0,19.0,84.2,476,0,1,60,0,0,0,0,0,0,0,0,0,0,0,0,0,0,0,0,0,0,0,0,0,0,0,0,100,50,0,0,0,0,12:41:00,0
2026-07-31 12:42:47.045000+05:30,30.7,72.3,494,0,2,69,23.2,66.9,0,953.9,0,0,26.9,61.7,564,0,2,109,0,0,0,0,0,0,19.0,84.2,485,0,1,64,0,0,0,0,0,0,0,0,0,0,0,0,0,0,0,0,0,0,0,0,0,0,0,0,100,50,0,0,0,0,12:41:00,0
2026-07-31 12:42:51.995000+05:30,30.7,71.8,475,0,1,59,23.2,66.9,0,953.9,0,0,26.9,61.7,575,0,2,116,0,0,0,0,0,0,19.0,84.2,474,0,1,58,0,0,0,0,0,0,0,0,0,0,0,0,0,0,0,0,0,0,0,0,0,0,0,0,100,50,0,0,0,0,12:41:00,0
2026-07-31 12:42:56.995000+05:30,30.7,71.6,484,0,1,64,23.2,66.9,0,953.9,0,0,26.9,61.7,589,0,2,125,0,0,0,0,0,0,19.0,84.2,479,0,1,61,0,0,0,0,0,0,0,0,0,0,0,0,0,0,0,0,0,0,0,0,0,0,0,0,100,50,0,0,0,0,12:41:00,0
2026-07-31 12:43:02.046000+05:30,30.7,71.6,450,0,1,47,23.2,66.9,0,953.9,0,0,26.9,61.5,578,0,2,117,0,0,0,0,0,0,19.0,84.2,476,0,1,59,0,0,0,0,0,0,0,0,0,0,0,0,0,0,0,0,0,0,0,0,0,0,0,0,100,50,0,0,0,0,12:41:00,0
2026-07-31 12:43:07.002000+05:30,30.7,71.3,481,0,1,62,23.1,66.8,0,953.9,0,0,26.9,61.4,550,0,2,100,0,0,0,0,0,0,19.0,84.1,467,0,1,55,0,0,0,0,0,0,0,0,0,0,0,0,0,0,0,0,0,0,0,0,0,0,0,0,100,50,0,0,0,0,12:41:00,0
2026-07-31 12:43:11.995000+05:30,30.7,71.0,485,0,1,64,23.1,66.8,0,953.9,0,0,26.9,61.4,578,0,2,117,0,0,0,0,0,0,19.0,84.1,465,0,1,54,0,0,0,0,0,0,0,0,0,0,0,0,0,0,0,0,0,0,0,0,0,0,0,0,100,50,0,0,0,0,12:41:00,0
2026-07-31 12:43:16.996000+05:30,30.7,71.0,489,0,2,66,23.2,66.8,0,953.9,0,0,26.9,61.4,562,0,2,108,0,0,0,0,0,0,18.9,84.1,463,0,1,53,0,0,0,0,0,0,0,0,0,0,0,0,0,0,0,0,0,0,0,0,0,0,0,0,100,50,0,0,0,0,12:41:00,0
2026-07-31 12:43:21.995000+05:30,30.6,71.2,487,0,2,65,23.2,66.7,0,953.9,0,0,26.9,61.3,560,0,2,106,0,0,0,0,0,0,18.9,84.1,489,0,2,66,0,0,0,0,0,0,0,0,0,0,0,0,0,0,0,0,0,0,0,0,0,0,0,0,100,50,0,0,0,0,12:41:00,0
2026-07-31 12:43:27.001000+05:30,30.6,71.4,482,0,1,63,23.2,66.7,0,953.9,0,0,26.9,61.3,568,0,2,111,0,0,0,0,0,0,18.9,84.1,466,0,1,55,0,0,0,0,0,0,0,0,0,0,0,0,0,0,0,0,0,0,0,0,0,0,0,0,100,50,0,0,0,0,12:41:00,0
2026-07-31 12:43:32.002000+05:30,30.6,71.4,472,0,1,57,23.1,66.7,0,953.8,0,0,26.9,61.2,559,0,2,106,0,0,0,0,0,0,18.9,84.0,469,0,1,56,0,0,0,0,0,0,0,0,0,0,0,0,0,0,0,0,0,0,0,0,0,0,0,0,100,50,0,0,0,0,12:41:00,0
2026-07-31 12:43:37.002000+05:30,30.6,71.2,475,0,1,59,23.1,66.6,0,953.8,0,0,26.9,61.1,575,0,2,116,0,0,0,0,0,0,18.9,83.9,453,0,1,48,0,0,0,0,0,0,0,0,0,0,0,0,0,0,0,0,0,0,0,0,0,0,0,0,100,50,0,0,0,0,12:41:00,0
2026-07-31 12:43:42.001000+05:30,30.6,71.1,461,0,1,52,23.1,66.6,0,953.9,0,0,26.9,61.1,567,0,2,111,0,0,0,0,0,0,18.9,83.9,478,0,1,61,0,0,0,0,0,0,0,0,0,0,0,0,0,0,0,0,0,0,0,0,0,0,0,0,100,50,0,0,0,0,12:41:00,0
2026-07-31 12:43:47+05:30,30.6,71.0,478,0,1,60,23.1,66.6,0,953.9,0,0,26.9,61.1,566,0,2,110,0,0,0,0,0,0,18.9,83.8,483,0,1,63,0,0,0,0,0,0,0,0,0,0,0,0,0,0,0,0,0,0,0,0,0,0,0,0,100,50,0,0,0,0,12:41:00,0
2026-07-31 12:43:51.995000+05:30,30.6,70.9,485,0,1,64,23.1,66.6,0,953.9,0,0,26.9,61.0,575,0,2,116,0,0,0,0,0,0,18.9,83.8,494,0,2,69,0,0,0,0,0,0,0,0,0,0,0,0,0,0,0,0,0,0,0,0,0,0,0,0,100,50,0,0,0,0,12:41:00,0
2026-07-31 12:43:57+05:30,30.7,70.6,505,0,2,75,23.1,66.5,0,953.8,0,0,26.9,60.9,546,0,2,98,0,0,0,0,0,0,18.9,83.8,481,0,2,62,0,0,0,0,0,0,0,0,0,0,0,0,0,0,0,0,0,0,0,0,0,0,0,0,100,50,0,0,0,0,12:41:00,0
2026-07-31 12:44:02.001000+05:30,30.7,71.2,497,0,2,71,23.1,66.5,0,953.8,0,0,26.9,60.9,555,0,2,103,0,0,0,0,0,0,18.9,84.0,518,0,2,82,0,0,0,0,0,0,0,0,0,0,0,0,0,0,0,0,0,0,0,0,0,0,0,0,100,50,0,0,0,0,12:41:00,0
2026-07-31 12:44:06.994000+05:30,30.6,71.3,505,0,2,75,23.1,66.4,0,953.8,0,0,26.9,60.8,567,0,2,111,0,0,0,0,0,0,18.9,84.1,496,0,2,70,0,0,0,0,0,0,0,0,0,0,0,0,0,0,0,0,0,0,0,0,0,0,0,0,100,50,0,0,0,0,12:41:00,0
2026-07-31 12:44:11.994000+05:30,30.5,71.6,478,0,1,60,23.1,66.4,0,953.9,0,0,26.9,60.8,562,0,2,108,0,0,0,0,0,0,18.9,84.2,492,0,2,68,0,0,0,0,0,0,0,0,0,0,0,0,0,0,0,0,0,0,0,0,0,0,0,0,100,50,0,0,0,0,12:41:00,0
2026-07-31 12:44:16.994000+05:30,30.5,71.5,469,0,1,56,23.1,66.4,0,953.9,0,0,26.9,60.8,569,0,2,112,0,0,0,0,0,0,18.9,84.2,494,0,2,69,0,0,0,0,0,0,0,0,0,0,0,0,0,0,0,0,0,0,0,0,0,0,0,0,100,50,0,0,0,0,12:41:00,0
2026-07-31 12:44:21.999000+05:30,30.5,71.5,502,0,2,73,23.1,66.3,0,953.9,0,0,26.9,60.6,532,0,2,90,0,0,0,0,0,0,19.0,84.4,473,0,1,58,0,0,0,0,0,0,0,0,0,0,0,0,0,0,0,0,0,0,0,0,0,0,0,0,100,50,0,0,0,0,12:41:00,0
2026-07-31 12:44:27+05:30,30.5,71.1,498,0,2,71,23.1,66.3,0,953.9,0,0,26.9,60.6,548,0,2,99,0,0,0,0,0,0,19.0,84.5,499,0,2,72,0,0,0,0,0,0,0,0,0,0,0,0,0,0,0,0,0,0,0,0,0,0,0,0,100,50,0,0,0,0,12:41:00,0
2026-07-31 12:44:31.999000+05:30,30.6,70.9,507,0,2,76,23.1,66.3,0,953.9,0,0,26.9,60.6,567,0,2,111,0,0,0,0,0,0,19.0,84.5,497,0,2,70,0,0,0,0,0,0,0,0,0,0,0,0,0,0,0,0,0,0,0,0,0,0,0,0,100,50,0,0,0,0,12:41:00,0
2026-07-31 12:44:37.001000+05:30,30.6,70.7,488,0,2,66,23.1,66.2,0,953.9,0,0,26.9,60.5,540,0,2,95,0,0,0,0,0,0,18.9,84.4,503,0,2,74,0,0,0,0,0,0,0,0,0,0,0,0,0,0,0,0,0,0,0,0,0,0,0,0,100,50,0,0,0,0,12:41:00,0
2026-07-31 12:44:41.998000+05:30,30.6,70.3,497,0,2,71,23.1,66.2,0,953.9,0,0,26.9,60.5,529,0,2,88,0,0,0,0,0,0,18.9,84.4,473,0,1,58,0,0,0,0,0,0,0,0,0,0,0,0,0,0,0,0,0,0,0,0,0,0,0,0,100,50,0,0,0,0,12:41:00,0
2026-07-31 12:44:46.999000+05:30,30.6,70.1,493,0,2,69,23.1,66.2,0,953.9,0,0,26.9,60.5,544,0,2,97,0,0,0,0,0,0,18.9,84.4,485,0,1,64,0,0,0,0,0,0,0,0,0,0,0,0,0,0,0,0,0,0,0,0,0,0,0,0,100,50,0,0,0,0,12:41:00,0
2026-07-31 12:44:51.998000+05:30,30.6,70.1,477,0,1,60,23.1,66.1,0,953.9,0,0,26.9,60.5,553,0,2,102,0,0,0,0,0,0,18.9,84.4,491,0,2,68,0,0,0,0,0,0,0,0,0,0,0,0,0,0,0,0,0,0,0,0,0,0,0,0,100,50,0,0,0,0,12:41:00,0
2026-07-31 12:44:56.999000+05:30,30.7,70.5,493,0,2,69,23.1,66.1,0,954.0,0,0,26.9,60.3,538,0,2,93,0,0,0,0,0,0,18.9,84.4,493,0,2,68,0,0,0,0,0,0,0,0,0,0,0,0,0,0,0,0,0,0,0,0,0,0,0,0,100,50,0,0,0,0,12:41:00,0
2026-07-31 12:45:01.999000+05:30,30.7,70.7,497,0,2,70,23.1,66.1,0,954.0,0,0,26.9,60.3,533,0,2,90,0,0,0,0,0,0,19.0,84.8,490,0,2,67,0,0,0,0,0,0,0,0,0,0,0,0,0,0,0,0,0,0,0,0,0,0,0,0,100,50,0,0,0,0,12:41:00,0
2026-07-31 12:45:06.999000+05:30,30.7,70.8,490,0,2,67,23.1,66.0,0,954.0,0,0,26.9,60.3,566,0,2,110,0,0,0,0,0,0,19.0,84.9,475,0,1,59,0,0,0,0,0,0,0,0,0,0,0,0,0,0,0,0,0,0,0,0,0,0,0,0,100,50,0,0,0,0,12:41:00,0
2026-07-31 12:45:11.999000+05:30,30.7,70.7,492,0,2,68,23.1,66.0,0,953.9,0,0,26.9,60.3,540,0,2,94,0,0,0,0,0,0,19.0,84.9,490,0,2,67,0,0,0,0,0,0,0,0,0,0,0,0,0,0,0,0,0,0,0,0,0,0,0,0,100,50,0,0,0,0,12:41:00,0
2026-07-31 12:45:17.044000+05:30,30.7,70.4,465,0,1,54,23.1,66.0,0,954.0,0,0,26.9,60.2,550,0,2,100,0,0,0,0,0,0,19.0,84.9,457,0,1,50,0,0,0,0,0,0,0,0,0,0,0,0,0,0,0,0,0,0,0,0,0,0,0,0,100,50,0,0,0,0,12:41:00,0
2026-07-31 12:45:21.998000+05:30,30.8,70.5,500,0,2,72,23.1,66.0,0,954.0,0,0,26.9,60.2,562,0,2,108,0,0,0,0,0,0,19.0,84.9,463,0,1,53,0,0,0,0,0,0,0,0,0,0,0,0,0,0,0,0,0,0,0,0,0,0,0,0,100,50,0,0,0,0,12:41:00,0
2026-07-31 12:45:26.998000+05:30,30.8,71.1,479,0,1,61,23.0,66.0,0,954.0,0,0,26.9,60.2,553,0,2,102,0,0,0,0,0,0,19.0,85.0,469,0,1,56,0,0,0,0,0,0,0,0,0,0,0,0,0,0,0,0,0,0,0,0,0,0,0,0,100,50,0,0,0,0,12:41:00,0
2026-07-31 12:45:31.998000+05:30,30.8,71.6,492,0,2,68,23.0,66.0,0,954.0,0,0,26.9,60.2,540,0,2,94,0,0,0,0,0,0,19.0,85.0,466,0,1,54,0,0,0,0,0,0,0,0,0,0,0,0,0,0,0,0,0,0,0,0,0,0,0,0,100,50,0,0,0,0,12:41:00,0
2026-07-31 12:45:36.998000+05:30,30.8,71.4,493,0,2,68,23.0,65.9,0,954.0,0,0,26.9,60.2,545,0,2,98,0,0,0,0,0,0,19.0,85.0,454,0,1,49,0,0,0,0,0,0,0,0,0,0,0,0,0,0,0,0,0,0,0,0,0,0,0,0,100,50,0,0,0,0,12:41:00,0
2026-07-31 12:45:41.997000+05:30,30.9,71.5,500,0,2,72,23.0,65.9,0,954.0,0,0,26.9,60.2,547,0,2,99,0,0,0,0,0,0,19.0,85.0,506,0,2,75,0,0,0,0,0,0,0,0,0,0,0,0,0,0,0,0,0,0,0,0,0,0,0,0,100,50,0,0,0,0,12:41:00,0
2026-07-31 12:45:46.999000+05:30,30.9,71.4,483,0,1,63,23.0,65.9,0,954.0,0,0,26.9,60.1,542,0,2,96,0,0,0,0,0,0,19.0,85.2,491,0,2,67,0,0,0,0,0,0,0,0,0,0,0,0,0,0,0,0,0,0,0,0,0,0,0,0,100,50,0,0,0,0,12:41:00,0
2026-07-31 12:45:51.999000+05:30,30.9,71.3,495,0,2,69,23.0,65.9,0,953.9,0,0,26.8,60.1,564,0,2,109,0,0,0,0,0,0,19.0,85.2,471,0,1,57,0,0,0,0,0,0,0,0,0,0,0,0,0,0,0,0,0,0,0,0,0,0,0,0,100,50,0,0,0,0,12:41:00,0
2026-07-31 12:45:56.998000+05:30,30.9,71.5,489,0,2,66,23.0,65.9,0,953.9,0,0,26.8,60.1,543,0,2,97,0,0,0,0,0,0,19.0,85.2,477,0,1,60,0,0,0,0,0,0,0,0,0,0,0,0,0,0,0,0,0,0,0,0,0,0,0,0,100,50,0,0,0,0,12:41:00,0
2026-07-31 12:46:01.996000+05:30,30.9,71.4,508,0,2,76,23.0,65.8,0,954.0,0,0,26.9,60.0,521,0,2,84,0,0,0,0,0,0,19.0,85.2,490,0,2,67,0,0,0,0,0,0,0,0,0,0,0,0,0,0,0,0,0,0,0,0,0,0,0,0,100,50,0,0,0,0,12:41:00,0
2026-07-31 12:46:06.996000+05:30,30.9,71.4,486,0,2,65,23.0,65.8,0,953.9,0,0,26.9,60.0,544,0,2,97,0,0,0,0,0,0,18.9,85.2,457,0,1,50,0,0,0,0,0,0,0,0,0,0,0,0,0,0,0,0,0,0,0,0,0,0,0,0,100,50,0,0,0,0,12:41:00,0
2026-07-31 12:46:11.996000+05:30,30.9,71.7,509,0,2,77,23.0,65.8,0,953.9,0,0,26.9,60.0,532,0,2,90,0,0,0,0,0,0,18.9,85.2,493,0,2,68,0,0,0,0,0,0,0,0,0,0,0,0,0,0,0,0,0,0,0,0,0,0,0,0,100,50,0,0,0,0,12:41:00,0
2026-07-31 12:46:17.002000+05:30,30.9,71.6,509,0,2,77,23.0,65.7,0,953.9,0,0,26.9,60.0,508,0,2,76,0,0,0,0,0,0,18.9,85.2,467,0,1,55,0,0,0,0,0,0,0,0,0,0,0,0,0,0,0,0,0,0,0,0,0,0,0,0,100,50,0,0,0,0,12:41:00,0
2026-07-31 12:46:21.995000+05:30,30.9,71.5,508,0,2,76,23.0,65.7,0,953.9,0,0,26.9,60.0,516,0,2,81,0,0,0,0,0,0,18.9,85.2,503,0,2,73,0,0,0,0,0,0,0,0,0,0,0,0,0,0,0,0,0,0,0,0,0,0,0,0,100,50,0,0,0,0,12:41:00,0
2026-07-31 12:46:26.995000+05:30,30.9,71.2,526,0,2,86,23.0,65.7,0,953.9,0,0,26.9,60.0,528,0,2,87,0,0,0,0,0,0,18.9,85.3,494,0,2,69,0,0,0,0,0,0,0,0,0,0,0,0,0,0,0,0,0,0,0,0,0,0,0,0,100,50,0,0,0,0,12:41:00,0
2026-07-31 12:46:31.997000+05:30,30.9,71.2,485,0,1,64,23.0,65.7,0,954.0,0,0,26.8,59.9,524,0,2,85,0,0,0,0,0,0,18.9,85.3,483,0,1,63,0,0,0,0,0,0,0,0,0,0,0,0,0,0,0,0,0,0,0,0,0,0,0,0,100,50,0,0,0,0,12:41:00,0
2026-07-31 12:46:37.045000+05:30,30.9,70.9,480,0,1,62,23.0,65.7,0,954.0,0,0,26.8,59.9,539,0,2,94,0,0,0,0,0,0,18.9,85.4,467,0,1,55,0,0,0,0,0,0,0,0,0,0,0,0,0,0,0,0,0,0,0,0,0,0,0,0,100,50,0,0,0,0,12:41:00,0
2026-07-31 12:46:41.996000+05:30,30.8,70.2,476,0,1,60,23.0,65.7,0,953.9,0,0,26.8,59.9,542,0,2,96,0,0,0,0,0,0,18.9,85.7,490,0,2,67,0,0,0,0,0,0,0,0,0,0,0,0,0,0,0,0,0,0,0,0,0,0,0,0,100,50,0,0,0,0,12:41:00,0
2026-07-31 12:46:46.996000+05:30,30.8,69.7,509,0,2,77,23.0,65.7,0,953.9,0,0,26.8,59.9,550,0,2,101,0,0,0,0,0,0,18.9,85.7,506,0,2,76,0,0,0,0,0,0,0,0,0,0,0,0,0,0,0,0,0,0,0,0,0,0,0,0,100,50,0,0,0,0,12:41:00,0
2026-07-31 12:46:51.995000+05:30,30.8,69.9,510,0,2,78,23.0,65.6,0,954.0,0,0,26.8,59.8,552,0,2,101,0,0,0,0,0,0,18.9,85.7,488,0,2,66,0,0,0,0,0,0,0,0,0,0,0,0,0,0,0,0,0,0,0,0,0,0,0,0,100,50,0,0,0,0,12:41:00,0
2026-07-31 12:46:56.996000+05:30,30.8,70.0,511,0,2,78,23.0,65.6,0,953.9,0,0,26.8,59.8,545,0,2,98,0,0,0,0,0,0,18.9,85.7,496,0,2,70,0,0,0,0,0,0,0,0,0,0,0,0,0,0,0,0,0,0,0,0,0,0,0,0,100,50,0,0,0,0,12:41:00,0
2026-07-31 12:47:01.995000+05:30,30.8,69.7,484,0,1,64,23.0,65.6,0,953.9,0,0,26.8,59.8,536,0,2,92,0,0,0,0,0,0,18.9,85.6,480,0,1,62,0,0,0,0,0,0,0,0,0,0,0,0,0,0,0,0,0,0,0,0,0,0,0,0,100,50,0,0,0,0,12:41:00,0
2026-07-31 12:47:06.995000+05:30,30.8,69.6,472,0,1,57,22.9,65.6,0,954.0,0,0,26.8,59.8,549,0,2,100,0,0,0,0,0,0,18.9,85.6,491,0,2,67,0,0,0,0,0,0,0,0,0,0,0,0,0,0,0,0,0,0,0,0,0,0,0,0,100,50,0,0,0,0,12:41:00,0
2026-07-31 12:47:11.996000+05:30,30.8,69.7,489,0,2,66,22.9,65.6,0,954.0,0,0,26.8,59.8,517,0,2,81,0,0,0,0,0,0,18.9,85.6,483,0,1,63,0,0,0,0,0,0,0,0,0,0,0,0,0,0,0,0,0,0,0,0,0,0,0,0,100,50,0,0,0,0,12:41:00,0
2026-07-31 12:47:16.996000+05:30,30.9,69.6,489,0,2,66,22.9,65.6,0,954.0,0,0,26.8,59.8,508,0,2,77,0,0,0,0,0,0,18.9,85.5,474,0,1,59,0,0,0,0,0,0,0,0,0,0,0,0,0,0,0,0,0,0,0,0,0,0,0,0,100,50,0,0,0,0,12:41:00,0
2026-07-31 12:47:21.995000+05:30,30.9,69.8,495,0,2,70,22.9,65.6,0,954.0,0,0,26.8,59.8,534,0,2,91,0,0,0,0,0,0,18.9,85.5,482,0,1,62,0,0,0,0,0,0,0,0,0,0,0,0,0,0,0,0,0,0,0,0,0,0,0,0,100,50,0,0,0,0,12:41:00,0
2026-07-31 12:47:27.002000+05:30,30.9,69.6,496,0,2,70,22.9,65.6,0,954.0,0,0,26.8,59.8,538,0,2,93,0,0,0,0,0,0,18.9,85.5,479,0,1,61,0,0,0,0,0,0,0,0,0,0,0,0,0,0,0,0,0,0,0,0,0,0,0,0,100,50,0,0,0,0,12:41:00,0
2026-07-31 12:47:31.995000+05:30,30.9,69.7,479,0,1,61,22.9,65.5,0,954.0,0,0,26.8,59.8,497,0,2,70,0,0,0,0,0,0,18.9,85.4,479,0,1,61,0,0,0,0,0,0,0,0,0,0,0,0,0,0,0,0,0,0,0,0,0,0,0,0,100,50,0,0,0,0,12:41:00,0
2026-07-31 12:47:36.997000+05:30,30.8,69.2,447,0,1,45,22.9,65.5,0,953.9,0,0,26.8,59.7,539,0,2,94,0,0,0,0,0,0,18.9,85.5,493,0,2,68,0,0,0,0,0,0,0,0,0,0,0,0,0,0,0,0,0,0,0,0,0,0,0,0,100,50,0,0,0,0,12:41:00,0
2026-07-31 12:47:42.001000+05:30,30.8,68.9,467,0,1,55,22.9,65.5,0,953.9,0,0,26.8,59.7,547,0,2,98,0,0,0,0,0,0,18.9,85.5,467,0,1,55,0,0,0,0,0,0,0,0,0,0,0,0,0,0,0,0,0,0,0,0,0,0,0,0,100,50,0,0,0,0,12:41:00,0
2026-07-31 12:47:47.002000+05:30,30.8,68.7,473,0,1,58,22.9,65.5,0,953.9,0,0,26.7,59.7,523,0,2,84,0,0,0,0,0,0,18.9,85.6,472,0,1,58,0,0,0,0,0,0,0,0,0,0,0,0,0,0,0,0,0,0,0,0,0,0,0,0,100,50,0,0,0,0,12:41:00,0
2026-07-31 12:47:52.001000+05:30,30.8,68.6,458,0,1,50,22.9,65.5,0,953.9,0,0,26.7,59.7,523,0,2,84,0,0,0,0,0,0,18.9,85.6,472,0,1,58,0,0,0,0,0,0,0,0,0,0,0,0,0,0,0,0,0,0,0,0,0,0,0,0,100,50,0,0,0,0,12:41:00,0
2026-07-31 12:47:56.995000+05:30,30.8,68.6,490,0,2,67,22.9,65.5,0,953.9,0,0,26.7,59.7,512,0,2,78,0,0,0,0,0,0,18.9,85.5,476,0,1,60,0,0,0,0,0,0,0,0,0,0,0,0,0,0,0,0,0,0,0,0,0,0,0,0,100,50,0,0,0,0,12:41:00,0
2026-07-31 12:48:01.995000+05:30,30.8,68.5,500,0,2,72,22.9,65.4,0,953.9,0,0,26.7,59.7,531,0,2,89,0,0,0,0,0,0,18.9,85.5,472,0,1,57,0,0,0,0,0,0,0,0,0,0,0,0,0,0,0,0,0,0,0,0,0,0,0,0,100,50,0,0,0,0,12:41:00,0
2026-07-31 12:48:07.001000+05:30,30.9,68.5,494,0,2,69,22.9,65.4,0,953.9,0,0,26.7,59.7,522,0,2,84,0,0,0,0,0,0,18.9,85.5,469,0,1,56,0,0,0,0,0,0,0,0,0,0,0,0,0,0,0,0,0,0,0,0,0,0,0,0,100,50,0,0,0,0,12:41:00,0
2026-07-31 12:48:12.001000+05:30,30.8,68.9,484,0,1,64,22.9,65.4,0,953.9,0,0,26.7,59.7,522,0,2,84,0,0,0,0,0,0,18.9,85.5,469,0,1,56,0,0,0,0,0,0,0,0,0,0,0,0,0,0,0,0,0,0,0,0,0,0,0,0,100,50,0,0,0,0,12:41:00,0
2026-07-31 12:48:16.995000+05:30,30.9,69.1,466,0,1,54,22.9,65.5,0,953.9,0,0,26.7,59.7,527,0,2,87,0,0,0,0,0,0,18.9,85.3,484,0,1,64,0,0,0,0,0,0,0,0,0,0,0,0,0,0,0,0,0,0,0,0,0,0,0,0,100,50,0,0,0,0,12:41:00,0
2026-07-31 12:48:21.996000+05:30,30.8,68.9,448,0,1,46,22.9,65.4,0,953.9,0,0,26.7,59.7,532,0,2,90,0,0,0,0,0,0,18.9,85.4,477,0,1,60,0,0,0,0,0,0,0,0,0,0,0,0,0,0,0,0,0,0,0,0,0,0,0,0,100,50,0,0,0,0,12:41:00,0
2026-07-31 12:48:27+05:30,30.8,69.1,460,0,1,51,22.9,65.4,0,953.9,0,0,26.7,59.7,505,0,2,75,0,0,0,0,0,0,18.9,85.4,473,0,1,58,0,0,0,0,0,0,0,0,0,0,0,0,0,0,0,0,0,0,0,0,0,0,0,0,100,50,0,0,0,0,12:41:00,0
2026-07-31 12:48:32.001000+05:30,30.8,69.2,462,0,1,52,22.9,65.4,0,953.9,0,0,26.7,59.7,515,0,2,80,0,0,0,0,0,0,18.9,85.4,463,0,1,53,0,0,0,0,0,0,0,0,0,0,0,0,0,0,0,0,0,0,0,0,0,0,0,0,100,50,0,0,0,0,12:41:00,0
2026-07-31 12:48:36.999000+05:30,30.8,69.4,487,0,2,65,22.9,65.4,0,953.9,0,0,26.7,59.7,515,0,2,80,0,0,0,0,0,0,18.9,85.4,463,0,1,53,0,0,0,0,0,0,0,0,0,0,0,0,0,0,0,0,0,0,0,0,0,0,0,0,100,50,0,0,0,0,12:41:00,0
2026-07-31 12:48:42+05:30,30.8,69.3,489,0,2,67,22.8,65.4,0,953.9,0,0,26.7,59.7,516,0,2,81,0,0,0,0,0,0,18.9,85.3,500,0,2,72,0,0,0,0,0,0,0,0,0,0,0,0,0,0,0,0,0,0,0,0,0,0,0,0,100,50,0,0,0,0,12:41:00,0
2026-07-31 12:48:47+05:30,30.8,70.0,524,0,2,85,22.8,65.4,0,953.8,0,0,26.7,59.7,520,0,2,83,0,0,0,0,0,0,18.9,85.3,492,0,2,68,0,0,0,0,0,0,0,0,0,0,0,0,0,0,0,0,0,0,0,0,0,0,0,0,100,50,0,0,0,0,12:41:00,0
2026-07-31 12:48:52.139000+05:30,30.8,70.1,503,0,2,74,22.8,65.4,0,953.8,0,0,26.7,59.7,506,0,2,76,0,0,0,0,0,0,18.9,85.4,494,0,2,69,0,0,0,0,0,0,0,0,0,0,0,0,0,0,0,0,0,0,0,0,0,0,0,0,100,50,0,0,0,0,12:41:00,0
2026-07-31 12:48:56.999000+05:30,30.8,69.9,483,0,1,63,22.8,65.4,0,953.9,0,0,26.7,59.7,512,0,2,79,0,0,0,0,0,0,18.9,85.4,491,0,2,67,0,0,0,0,0,0,0,0,0,0,0,0,0,0,0,0,0,0,0,0,0,0,0,0,100,50,0,0,0,0,12:41:00,0
2026-07-31 12:49:01.999000+05:30,30.8,69.5,477,0,1,60,22.8,65.4,0,953.9,0,0,26.7,59.7,527,0,2,87,0,0,0,0,0,0,18.9,85.4,491,0,2,67,0,0,0,0,0,0,0,0,0,0,0,0,0,0,0,0,0,0,0,0,0,0,0,0,100,50,0,0,0,0,12:41:00,0
2026-07-31 12:49:06.996000+05:30,30.8,69.7,489,0,2,66,22.8,65.4,0,953.9,0,0,26.6,59.6,492,0,2,68,0,0,0,0,0,0,18.9,85.4,503,0,2,74,0,0,0,0,0,0,0,0,0,0,0,0,0,0,0,0,0,0,0,0,0,0,0,0,100,50,0,0,0,0,12:41:00,0
2026-07-31 12:49:11.999000+05:30,30.8,69.7,477,0,1,60,22.8,65.4,0,953.9,0,0,26.6,59.6,516,0,2,81,0,0,0,0,0,0,18.9,85.4,493,0,2,69,0,0,0,0,0,0,0,0,0,0,0,0,0,0,0,0,0,0,0,0,0,0,0,0,100,50,0,0,0,0,12:41:00,0
2026-07-31 12:49:16.998000+05:30,30.8,70.1,489,0,2,66,22.8,65.3,0,953.9,0,0,26.6,59.7,519,0,2,82,0,0,0,0,0,0,18.9,85.2,496,0,2,70,0,0,0,0,0,0,0,0,0,0,0,0,0,0,0,0,0,0,0,0,0,0,0,0,100,50,0,0,0,0,12:41:00,0
2026-07-31 12:49:21.999000+05:30,30.8,70.4,457,0,1,50,22.8,65.3,0,953.9,0,0,26.6,59.7,507,0,2,76,0,0,0,0,0,0,18.9,85.2,470,0,1,56,0,0,0,0,0,0,0,0,0,0,0,0,0,0,0,0,0,0,0,0,0,0,0,0,100,50,0,0,0,0,12:41:00,0
2026-07-31 12:49:26.999000+05:30,30.8,70.4,474,0,1,58,22.8,65.3,0,953.9,0,0,26.6,59.7,516,0,2,81,0,0,0,0,0,0,19.0,85.3,466,0,1,55,0,0,0,0,0,0,0,0,0,0,0,0,0,0,0,0,0,0,0,0,0,0,0,0,100,50,0,0,0,0,12:41:00,0
2026-07-31 12:49:31.999000+05:30,30.9,71.0,490,0,2,67,22.8,65.3,0,953.9,0,0,26.6,59.7,512,0,2,78,0,0,0,0,0,0,19.0,85.3,455,0,1,49,0,0,0,0,0,0,0,0,0,0,0,0,0,0,0,0,0,0,0,0,0,0,0,0,100,50,0,0,0,0,12:41:00,0
2026-07-31 12:49:36.999000+05:30,30.9,71.4,486,0,1,64,22.8,65.3,0,953.9,0,0,26.6,59.7,524,0,2,86,0,0,0,0,0,0,19.0,85.3,465,0,1,54,0,0,0,0,0,0,0,0,0,0,0,0,0,0,0,0,0,0,0,0,0,0,0,0,100,50,0,0,0,0,12:41:00,0
2026-07-31 12:49:41.998000+05:30,30.9,71.8,491,0,2,67,22.8,65.3,0,953.9,0,0,26.6,59.7,506,0,2,75,0,0,0,0,0,0,19.0,85.3,455,0,1,49,0,0,0,0,0,0,0,0,0,0,0,0,0,0,0,0,0,0,0,0,0,0,0,0,100,50,0,0,0,0,12:41:00,0
2026-07-31 12:49:46.999000+05:30,30.8,71.8,484,0,1,64,22.8,65.3,0,953.9,0,0,26.6,59.7,513,0,2,79,0,0,0,0,0,0,19.0,85.2,469,0,1,56,0,0,0,0,0,0,0,0,0,0,0,0,0,0,0,0,0,0,0,0,0,0,0,0,100,50,0,0,0,0,12:41:00,0
2026-07-31 12:49:51.998000+05:30,30.8,71.6,430,0,1,37,22.8,65.3,0,953.9,0,0,26.6,59.7,497,0,2,70,0,0,0,0,0,0,19.0,85.2,455,0,1,49,0,0,0,0,0,0,0,0,0,0,0,0,0,0,0,0,0,0,0,0,0,0,0,0,100,50,0,0,0,0,12:41:00,0
2026-07-31 12:49:56.998000+05:30,30.8,70.8,436,0,1,40,22.8,65.3,0,953.9,0,0,26.6,59.7,516,0,2,81,0,0,0,0,0,0,19.0,85.2,456,0,1,50,0,0,0,0,0,0,0,0,0,0,0,0,0,0,0,0,0,0,0,0,0,0,0,0,100,50,0,0,0,0,12:41:00,0
2026-07-31 12:50:01.998000+05:30,30.8,70.4,453,0,1,48,22.8,65.3,0,953.9,0,0,26.6,59.7,503,0,2,74,0,0,0,0,0,0,19.0,85.1,456,0,1,50,0,0,0,0,0,0,0,0,0,0,0,0,0,0,0,0,0,0,0,0,0,0,0,0,100,50,0,0,0,0,12:41:00,0
2026-07-31 12:50:06.998000+05:30,30.8,70.2,440,0,1,42,22.8,65.3,0,953.9,0,0,26.6,59.7,504,0,2,74,0,0,0,0,0,0,19.0,85.1,478,0,1,60,0,0,0,0,0,0,0,0,0,0,0,0,0,0,0,0,0,0,0,0,0,0,0,0,100,50,0,0,0,0,12:41:00,0
2026-07-31 12:50:11.998000+05:30,30.8,70.1,441,0,1,42,22.8,65.3,0,953.9,0,0,26.5,59.7,484,0,1,64,0,0,0,0,0,0,19.0,85.1,482,0,1,63,0,0,0,0,0,0,0,0,0,0,0,0,0,0,0,0,0,0,0,0,0,0,0,0,100,50,0,0,0,0,12:41:00,0
2026-07-31 12:50:16.997000+05:30,30.8,69.7,454,0,1,48,22.8,65.3,0,953.9,0,0,26.5,59.7,513,0,2,79,0,0,0,0,0,0,19.0,85.1,469,0,1,56,0,0,0,0,0,0,0,0,0,0,0,0,0,0,0,0,0,0,0,0,0,0,0,0,100,50,0,0,0,0,12:41:00,0
2026-07-31 12:50:21.997000+05:30,30.9,69.8,492,0,2,68,22.7,65.3,0,953.9,0,0,26.5,59.7,526,0,2,86,0,0,0,0,0,0,19.0,85.0,475,0,1,59,0,0,0,0,0,0,0,0,0,0,0,0,0,0,0,0,0,0,0,0,0,0,0,0,100,50,0,0,0,0,12:41:00,0
2026-07-31 12:50:26.997000+05:30,30.8,70.3,518,0,2,82,22.7,65.3,0,953.9,0,0,26.6,59.6,494,0,2,69,0,0,0,0,0,0,19.0,85.0,489,0,2,66,0,0,0,0,0,0,0,0,0,0,0,0,0,0,0,0,0,0,0,0,0,0,0,0,100,50,0,0,0,0,12:41:00,0
2026-07-31 12:50:31.996000+05:30,30.9,70.9,507,0,2,76,22.7,65.3,0,953.9,0,0,26.6,59.6,492,0,2,68,0,0,0,0,0,0,19.0,85.0,475,0,1,59,0,0,0,0,0,0,0,0,0,0,0,0,0,0,0,0,0,0,0,0,0,0,0,0,100,50,0,0,0,0,12:41:00,0
2026-07-31 12:50:36.997000+05:30,30.9,71.4,467,0,1,55,22.7,65.3,0,953.9,0,0,26.5,59.7,497,0,2,71,0,0,0,0,0,0,19.0,85.0,466,0,1,55,0,0,0,0,0,0,0,0,0,0,0,0,0,0,0,0,0,0,0,0,0,0,0,0,100,50,0,0,0,0,12:41:00,0
2026-07-31 12:50:41.998000+05:30,30.9,71.8,484,0,1,64,22.7,65.3,0,953.9,0,0,26.5,59.7,515,0,2,80,0,0,0,0,0,0,19.0,84.9,469,0,1,56,0,0,0,0,0,0,0,0,0,0,0,0,0,0,0,0,0,0,0,0,0,0,0,0,100,50,0,0,0,0,12:41:00,0
2026-07-31 12:50:46.997000+05:30,30.9,72.1,494,0,2,69,22.7,65.2,0,953.9,0,0,26.5,59.7,503,0,2,74,0,0,0,0,0,0,19.0,84.8,483,0,1,63,0,0,0,0,0,0,0,0,0,0,0,0,0,0,0,0,0,0,0,0,0,0,0,0,100,50,0,0,0,0,12:41:00,0
2026-07-31 12:50:51.996000+05:30,30.9,72.3,502,0,2,73,22.7,65.2,0,953.9,0,0,26.5,59.7,509,0,2,77,0,0,0,0,0,0,19.0,84.8,501,0,2,73,0,0,0,0,0,0,0,0,0,0,0,0,0,0,0,0,0,0,0,0,0,0,0,0,100,50,0,0,0,0,12:41:00,0
2026-07-31 12:50:56.996000+05:30,30.9,72.3,517,0,2,82,22.7,65.2,0,953.9,0,0,26.5,59.7,480,0,1,62,0,0,0,0,0,0,19.0,84.8,506,0,2,75,0,0,0,0,0,0,0,0,0,0,0,0,0,0,0,0,0,0,0,0,0,0,0,0,100,50,0,0,0,0,12:41:00,0
2026-07-31 12:51:01.997000+05:30,30.9,72.3,523,0,2,85,22.7,65.2,0,953.9,0,0,26.5,59.7,478,0,1,61,0,0,0,0,0,0,19.0,84.8,486,0,1,64,0,0,0,0,0,0,0,0,0,0,0,0,0,0,0,0,0,0,0,0,0,0,0,0,100,50,0,0,0,0,12:41:00,0
2026-07-31 12:51:06.996000+05:30,30.9,72.4,487,0,2,65,22.7,65.3,0,953.9,0,0,26.5,59.7,509,0,2,77,0,0,0,0,0,0,19.0,84.8,485,0,1,64,0,0,0,0,0,0,0,0,0,0,0,0,0,0,0,0,0,0,0,0,0,0,0,0,100,50,0,0,0,0,12:41:00,0
2026-07-31 12:51:11.997000+05:30,31.0,72.3,517,0,2,82,22.7,65.3,0,953.9,0,0,26.5,59.7,508,0,2,76,0,0,0,0,0,0,19.0,84.8,477,0,1,60,0,0,0,0,0,0,0,0,0,0,0,0,0,0,0,0,0,0,0,0,0,0,0,0,100,50,0,0,0,0,12:41:00,0
2026-07-31 12:51:16.996000+05:30,30.9,72.3,508,0,2,76,22.7,65.2,0,953.9,0,0,26.5,59.7,520,0,2,83,0,0,0,0,0,0,19.0,84.9,494,0,2,69,0,0,0,0,0,0,0,0,0,0,0,0,0,0,0,0,0,0,0,0,0,0,0,0,100,50,0,0,0,0,12:41:00,0
2026-07-31 12:51:21.996000+05:30,31.0,72.3,525,0,2,86,22.7,65.2,0,953.9,0,0,26.5,59.7,495,0,2,69,0,0,0,0,0,0,19.0,84.9,460,0,1,51,0,0,0,0,0,0,0,0,0,0,0,0,0,0,0,0,0,0,0,0,0,0,0,0,100,50,0,0,0,0,12:41:00,0
2026-07-31 12:51:26.996000+05:30,31.0,72.3,534,0,2,91,22.7,65.2,0,953.9,0,0,26.5,59.7,496,0,2,70,0,0,0,0,0,0,19.0,84.9,506,0,2,75,0,0,0,0,0,0,0,0,0,0,0,0,0,0,0,0,0,0,0,0,0,0,0,0,100,50,0,0,0,0,12:41:00,0
2026-07-31 12:51:31.996000+05:30,30.9,72.2,552,0,2,102,22.7,65.2,0,953.9,0,0,26.4,59.7,514,0,2,80,0,0,0,0,0,0,19.0,85.0,505,0,2,75,0,0,0,0,0,0,0,0,0,0,0,0,0,0,0,0,0,0,0,0,0,0,0,0,100,50,0,0,0,0,12:41:00,0
2026-07-31 12:51:36.995000+05:30,30.9,72.1,561,0,2,107,22.7,65.2,0,953.8,0,0,26.4,59.7,510,0,2,77,0,0,0,0,0,0,19.0,85.0,499,0,2,72,0,0,0,0,0,0,0,0,0,0,0,0,0,0,0,0,0,0,0,0,0,0,0,0,100,50,0,0,0,0,12:41:00,0
2026-07-31 12:51:41.995000+05:30,30.9,71.9,543,0,2,96,22.7,65.2,0,953.8,0,0,26.4,59.7,503,0,2,74,0,0,0,0,0,0,19.0,85.0,493,0,2,68,0,0,0,0,0,0,0,0,0,0,0,0,0,0,0,0,0,0,0,0,0,0,0,0,100,50,0,0,0,0,12:41:00,0
2026-07-31 12:51:46.995000+05:30,30.9,71.3,501,0,2,73,22.7,65.2,0,953.9,0,0,26.4,59.7,507,0,2,76,0,0,0,0,0,0,19.0,85.0,495,0,2,69,0,0,0,0,0,0,0,0,0,0,0,0,0,0,0,0,0,0,0,0,0,0,0,0,100,50,0,0,0,0,12:41:00,0
2026-07-31 12:51:52.002000+05:30,30.9,71.1,521,0,2,84,22.7,65.2,0,953.9,0,0,26.4,59.7,491,0,2,67,0,0,0,0,0,0,19.0,85.0,483,0,1,63,0,0,0,0,0,0,0,0,0,0,0,0,0,0,0,0,0,0,0,0,0,0,0,0,100,50,0,0,0,0,12:41:00,0
2026-07-31 12:51:57.001000+05:30,30.9,70.5,474,0,1,59,22.7,65.2,0,953.9,0,0,26.4,59.7,491,0,2,67,0,0,0,0,0,0,19.0,85.0,497,0,2,70,0,0,0,0,0,0,0,0,0,0,0,0,0,0,0,0,0,0,0,0,0,0,0,0,100,50,0,0,0,0,12:41:00,0
2026-07-31 12:52:02.001000+05:30,30.9,69.9,462,0,1,53,22.7,65.2,0,953.8,0,0,26.4,59.7,479,0,1,61,0,0,0,0,0,0,19.0,85.1,481,0,1,62,0,0,0,0,0,0,0,0,0,0,0,0,0,0,0,0,0,0,0,0,0,0,0,0,100,50,0,0,0,0,12:41:00,0
2026-07-31 12:52:07.002000+05:30,30.9,69.6,433,0,1,39,22.7,65.2,0,953.9,0,0,26.4,59.7,496,0,2,70,0,0,0,0,0,0,19.0,85.1,471,0,1,57,0,0,0,0,0,0,0,0,0,0,0,0,0,0,0,0,0,0,0,0,0,0,0,0,100,50,0,0,0,0,12:41:00,0
2026-07-31 12:52:12.001000+05:30,30.9,69.4,447,0,1,45,22.7,65.2,0,953.9,0,0,26.4,59.8,501,0,2,72,0,0,0,0,0,0,19.0,85.1,458,0,1,51,0,0,0,0,0,0,0,0,0,0,0,0,0,0,0,0,0,0,0,0,0,0,0,0,100,50,0,0,0,0,12:41:00,0
2026-07-31 12:52:17.001000+05:30,30.8,69.0,433,0,1,38,22.6,65.2,0,953.9,0,0,26.4,59.7,499,0,2,72,0,0,0,0,0,0,19.0,85.0,466,0,1,55,0,0,0,0,0,0,0,0,0,0,0,0,0,0,0,0,0,0,0,0,0,0,0,0,100,50,0,0,0,0,12:41:00,0
2026-07-31 12:52:21.995000+05:30,30.8,69.0,429,0,1,37,22.6,65.2,0,953.9,0,0,26.4,59.7,503,0,2,74,0,0,0,0,0,0,19.0,85.0,482,0,1,62,0,0,0,0,0,0,0,0,0,0,0,0,0,0,0,0,0,0,0,0,0,0,0,0,100,50,0,0,0,0,12:41:00,0
2026-07-31 12:52:27.001000+05:30,30.8,68.9,450,0,1,47,22.6,65.2,0,953.8,0,0,26.4,59.8,515,0,2,80,0,0,0,0,0,0,19.0,85.1,459,0,1,51,0,0,0,0,0,0,0,0,0,0,0,0,0,0,0,0,0,0,0,0,0,0,0,0,100,50,0,0,0,0,12:41:00,0
2026-07-31 12:52:32.001000+05:30,30.8,69.0,447,0,1,45,22.6,65.2,0,954.0,0,0,26.4,59.8,507,0,2,76,0,0,0,0,0,0,19.0,85.1,453,0,1,48,0,0,0,0,0,0,0,0,0,0,0,0,0,0,0,0,0,0,0,0,0,0,0,0,100,50,0,0,0,0,12:41:00,0
2026-07-31 12:52:36.995000+05:30,30.8,69.1,480,0,1,62,22.6,65.2,0,954.0,0,0,26.4,59.8,496,0,2,70,0,0,0,0,0,0,19.0,85.1,479,0,1,61,0,0,0,0,0,0,0,0,0,0,0,0,0,0,0,0,0,0,0,0,0,0,0,0,100,50,0,0,0,0,12:41:00,0
2026-07-31 12:52:41.995000+05:30,30.8,69.6,485,0,1,64,22.6,65.2,0,953.9,0,0,26.4,59.8,481,0,1,62,0,0,0,0,0,0,19.0,85.1,479,0,1,61,0,0,0,0,0,0,0,0,0,0,0,0,0,0,0,0,0,0,0,0,0,0,0,0,100,50,0,0,0,0,12:41:00,0
2026-07-31 12:52:47+05:30,30.7,70.2,471,0,1,57,22.6,65.2,0,953.8,0,0,26.3,59.8,480,0,1,62,0,0,0,0,0,0,19.0,85.0,478,0,1,61,0,0,0,0,0,0,0,0,0,0,0,0,0,0,0,0,0,0,0,0,0,0,0,0,100,50,0,0,0,0,12:41:00,0
2026-07-31 12:52:52+05:30,30.7,70.6,478,0,1,60,22.6,65.2,0,953.9,0,0,26.3,59.8,491,0,2,67,0,0,0,0,0,0,19.0,84.9,484,0,1,64,0,0,0,0,0,0,0,0,0,0,0,0,0,0,0,0,0,0,0,0,0,0,0,0,100,50,0,0,0,0,12:41:00,0
2026-07-31 12:52:57+05:30,30.7,70.9,476,0,1,59,22.6,65.2,0,953.9,0,0,26.3,59.8,485,0,1,64,0,0,0,0,0,0,19.0,84.9,481,0,1,62,0,0,0,0,0,0,0,0,0,0,0,0,0,0,0,0,0,0,0,0,0,0,0,0,100,50,0,0,0,0,12:41:00,0
2026-07-31 12:53:01.996000+05:30,30.7,70.9,430,0,1,37,22.6,65.2,0,953.9,0,0,26.3,59.8,469,0,1,56,0,0,0,0,0,0,19.0,84.9,478,0,1,61,0,0,0,0,0,0,0,0,0,0,0,0,0,0,0,0,0,0,0,0,0,0,0,0,100,50,0,0,0,0,12:41:00,0
2026-07-31 12:53:07+05:30,30.6,71.2,439,0,1,41,22.6,65.2,0,953.8,0,0,26.3,59.9,475,0,1,59,0,0,0,0,0,0,19.0,84.9,465,0,1,54,0,0,0,0,0,0,0,0,0,0,0,0,0,0,0,0,0,0,0,0,0,0,0,0,100,50,0,0,0,0,12:41:00,0
2026-07-31 12:53:11.999000+05:30,30.6,71.1,428,0,1,36,22.6,65.2,0,953.8,0,0,26.3,59.9,476,0,1,59,0,0,0,0,0,0,19.0,84.9,443,0,1,43,0,0,0,0,0,0,0,0,0,0,0,0,0,0,0,0,0,0,0,0,0,0,0,0,100,50,0,0,0,0,12:41:00,0
2026-07-31 12:53:17+05:30,30.6,70.9,443,0,1,43,22.6,65.2,0,953.9,0,0,26.3,59.9,462,0,1,52,0,0,0,0,0,0,18.9,84.7,443,0,1,43,0,0,0,0,0,0,0,0,0,0,0,0,0,0,0,0,0,0,0,0,0,0,0,0,100,50,0,0,0,0,12:41:00,0
2026-07-31 12:53:22+05:30,30.6,71.0,434,0,1,39,22.6,65.2,0,953.9,0,0,26.3,59.9,493,0,2,68,0,0,0,0,0,0,18.9,84.7,469,0,1,56,0,0,0,0,0,0,0,0,0,0,0,0,0,0,0,0,0,0,0,0,0,0,0,0,100,50,0,0,0,0,12:41:00,0
2026-07-31 12:53:27.053000+05:30,30.7,70.8,448,0,1,46,22.6,65.2,0,953.9,0,0,26.3,59.9,487,0,2,65,0,0,0,0,0,0,19.0,84.7,474,0,1,58,0,0,0,0,0,0,0,0,0,0,0,0,0,0,0,0,0,0,0,0,0,0,0,0,100,50,0,0,0,0,12:41:00,0
2026-07-31 12:53:31.999000+05:30,30.7,70.3,449,0,1,46,22.6,65.2,0,953.9,0,0,26.3,59.9,471,0,1,57,0,0,0,0,0,0,19.0,84.9,481,0,1,62,0,0,0,0,0,0,0,0,0,0,0,0,0,0,0,0,0,0,0,0,0,0,0,0,100,50,0,0,0,0,12:41:00,0
2026-07-31 12:53:36.999000+05:30,30.7,70.2,460,0,1,52,22.6,65.1,0,953.9,0,0,26.3,60.0,488,0,2,66,0,0,0,0,0,0,19.0,85.0,480,0,1,62,0,0,0,0,0,0,0,0,0,0,0,0,0,0,0,0,0,0,0,0,0,0,0,0,100,50,0,0,0,0,12:41:00,0
2026-07-31 12:53:41.998000+05:30,30.7,70.4,418,0,1,32,22.6,65.1,0,953.9,0,0,26.3,60.0,469,0,1,56,0,0,0,0,0,0,19.0,85.0,494,0,2,69,0,0,0,0,0,0,0,0,0,0,0,0,0,0,0,0,0,0,0,0,0,0,0,0,100,50,0,0,0,0,12:41:00,0
2026-07-31 12:53:46.999000+05:30,30.7,70.6,472,0,1,57,22.6,65.2,0,953.9,0,0,26.2,60.0,468,0,1,55,0,0,0,0,0,0,19.0,85.3,499,0,2,72,0,0,0,0,0,0,0,0,0,0,0,0,0,0,0,0,0,0,0,0,0,0,0,0,100,50,0,0,0,0,12:41:00,0
2026-07-31 12:53:51.999000+05:30,30.7,71.0,466,0,1,54,22.6,65.2,0,953.9,0,0,26.2,60.0,482,0,1,63,0,0,0,0,0,0,19.0,85.3,485,0,1,64,0,0,0,0,0,0,0,0,0,0,0,0,0,0,0,0,0,0,0,0,0,0,0,0,100,50,0,0,0,0,12:41:00,0
2026-07-31 12:53:56.998000+05:30,30.6,71.2,452,0,1,48,22.6,65.2,0,953.9,0,0,26.2,60.0,490,0,2,67,0,0,0,0,0,0,19.1,85.4,484,0,1,63,0,0,0,0,0,0,0,0,0,0,0,0,0,0,0,0,0,0,0,0,0,0,0,0,100,50,0,0,0,0,12:41:00,0
2026-07-31 12:54:01.998000+05:30,30.6,71.4,452,0,1,47,22.6,65.2,0,953.8,0,0,26.2,60.0,479,0,1,61,0,0,0,0,0,0,19.0,85.4,476,0,1,60,0,0,0,0,0,0,0,0,0,0,0,0,0,0,0,0,0,0,0,0,0,0,0,0,100,50,0,0,0,0,12:41:00,0
2026-07-31 12:54:06.998000+05:30,30.6,71.5,446,0,1,45,22.6,65.2,0,953.8,0,0,26.2,60.0,468,0,1,56,0,0,0,0,0,0,19.0,85.4,472,0,1,57,0,0,0,0,0,0,0,0,0,0,0,0,0,0,0,0,0,0,0,0,0,0,0,0,100,50,0,0,0,0,12:41:00,0
2026-07-31 12:54:11.998000+05:30,30.6,71.4,458,0,1,50,22.6,65.2,0,953.9,0,0,26.2,60.0,466,0,1,54,0,0,0,0,0,0,19.0,85.2,453,0,1,48,0,0,0,0,0,0,0,0,0,0,0,0,0,0,0,0,0,0,0,0,0,0,0,0,100,50,0,0,0,0,12:41:00,0
2026-07-31 12:54:16.999000+05:30,30.5,71.6,446,0,1,45,22.6,65.3,0,953.9,0,0,26.2,60.1,467,0,1,55,0,0,0,0,0,0,19.0,85.2,453,0,1,48,0,0,0,0,0,0,0,0,0,0,0,0,0,0,0,0,0,0,0,0,0,0,0,0,100,50,0,0,0,0,12:41:00,0
2026-07-31 12:54:21.998000+05:30,30.6,72.0,447,0,1,45,22.6,65.3,0,953.9,0,0,26.2,60.1,461,0,1,52,0,0,0,0,0,0,19.0,85.1,466,0,1,54,0,0,0,0,0,0,0,0,0,0,0,0,0,0,0,0,0,0,0,0,0,0,0,0,100,50,0,0,0,0,12:41:00,0
2026-07-31 12:54:26.998000+05:30,30.6,71.7,406,0,1,26,22.6,65.3,0,953.9,0,0,26.2,60.1,485,0,1,64,0,0,0,0,0,0,19.0,85.1,471,0,1,57,0,0,0,0,0,0,0,0,0,0,0,0,0,0,0,0,0,0,0,0,0,0,0,0,100,50,0,0,0,0,12:41:00,0
2026-07-31 12:54:31.997000+05:30,30.5,71.7,400,0,1,20,22.6,65.3,0,953.9,0,0,26.2,60.1,432,0,1,38,0,0,0,0,0,0,19.0,85.0,456,0,1,50,0,0,0,0,0,0,0,0,0,0,0,0,0,0,0,0,0,0,0,0,0,0,0,0,100,50,0,0,0,0,12:41:00,0
2026-07-31 12:54:36.998000+05:30,30.5,71.6,417,0,1,31,22.6,65.3,0,953.9,0,0,26.2,60.1,464,0,1,53,0,0,0,0,0,0,19.0,85.0,455,0,1,49,0,0,0,0,0,0,0,0,0,0,0,0,0,0,0,0,0,0,0,0,0,0,0,0,100,50,0,0,0,0,12:41:00,0
2026-07-31 12:54:41.998000+05:30,30.6,71.6,404,0,1,25,22.5,65.3,0,953.9,0,0,26.1,60.1,495,0,2,70,0,0,0,0,0,0,19.0,84.9,457,0,1,50,0,0,0,0,0,0,0,0,0,0,0,0,0,0,0,0,0,0,0,0,0,0,0,0,100,50,0,0,0,0,12:41:00,0
2026-07-31 12:54:46.997000+05:30,30.6,71.6,407,0,1,27,22.5,65.3,0,953.9,0,0,26.1,60.1,493,0,2,68,0,0,0,0,0,0,19.0,84.9,461,0,1,52,0,0,0,0,0,0,0,0,0,0,0,0,0,0,0,0,0,0,0,0,0,0,0,0,100,50,0,0,0,0,12:41:00,0
2026-07-31 12:54:51.997000+05:30,30.6,71.3,430,0,1,37,22.5,65.3,0,953.9,0,0,26.1,60.1,470,0,1,57,0,0,0,0,0,0,19.0,84.8,444,0,1,44,0,0,0,0,0,0,0,0,0,0,0,0,0,0,0,0,0,0,0,0,0,0,0,0,100,50,0,0,0,0,12:41:00,0
2026-07-31 12:54:56.996000+05:30,30.6,71.2,420,0,1,33,22.5,65.3,0,953.9,0,0,26.1,60.1,454,0,1,48,0,0,0,0,0,0,19.0,84.8,449,0,1,46,0,0,0,0,0,0,0,0,0,0,0,0,0,0,0,0,0,0,0,0,0,0,0,0,100,50,0,0,0,0,12:41:00,0
2026-07-31 12:55:01.994000+05:30,30.6,71.2,400,0,1,20,22.5,65.3,0,953.8,0,0,26.1,60.2,482,0,1,63,0,0,0,0,0,0,19.0,84.7,461,0,1,52,0,0,0,0,0,0,0,0,0,0,0,0,0,0,0,0,0,0,0,0,0,0,0,0,100,50,0,0,0,0,12:41:00,0
2026-07-31 12:55:06.998000+05:30,30.6,71.0,437,0,1,40,22.5,65.3,0,953.9,0,0,26.1,60.2,453,0,1,48,0,0,0,0,0,0,19.0,84.6,462,0,1,52,0,0,0,0,0,0,0,0,0,0,0,0,0,0,0,0,0,0,0,0,0,0,0,0,100,50,0,0,0,0,12:41:00,0
2026-07-31 12:55:12.034000+05:30,30.5,71.2,453,0,1,48,22.5,65.3,0,953.9,0,0,26.1,60.3,486,0,2,65,0,0,0,0,0,0,19.0,84.6,471,0,1,57,0,0,0,0,0,0,0,0,0,0,0,0,0,0,0,0,0,0,0,0,0,0,0,0,100,50,0,0,0,0,12:41:00,0
2026-07-31 12:55:17+05:30,30.5,71.3,430,0,1,37,22.5,65.3,0,953.9,0,0,26.1,60.3,482,0,1,62,0,0,0,0,0,0,19.0,84.6,469,0,1,56,0,0,0,0,0,0,0,0,0,0,0,0,0,0,0,0,0,0,0,0,0,0,0,0,100,50,0,0,0,0,12:41:00,0
2026-07-31 12:55:22.013000+05:30,30.5,71.3,432,0,1,38,22.5,65.3,0,953.8,0,0,26.1,60.2,459,0,1,51,0,0,0,0,0,0,19.0,84.6,481,0,1,62,0,0,0,0,0,0,0,0,0,0,0,0,0,0,0,0,0,0,0,0,0,0,0,0,100,50,0,0,0,0,12:41:00,0
2026-07-31 12:55:26.997000+05:30,30.5,71.3,421,0,1,33,22.5,65.3,0,953.9,0,0,26.1,60.2,493,0,2,68,0,0,0,0,0,0,19.0,84.6,472,0,1,58,0,0,0,0,0,0,0,0,0,0,0,0,0,0,0,0,0,0,0,0,0,0,0,0,100,50,0,0,0,0,12:41:00,0
2026-07-31 12:55:31.994000+05:30,30.6,71.2,435,0,1,39,22.5,65.3,0,953.9,0,0,26.1,60.2,481,0,1,62,0,0,0,0,0,0,19.0,84.6,454,0,1,49,0,0,0,0,0,0,0,0,0,0,0,0,0,0,0,0,0,0,0,0,0,0,0,0,100,50,0,0,0,0,12:41:00,0
2026-07-31 12:55:36.999000+05:30,30.6,71.1,428,0,1,36,22.5,65.3,0,953.9,0,0,26.1,60.2,457,0,1,50,0,0,0,0,0,0,19.0,84.6,447,0,1,45,0,0,0,0,0,0,0,0,0,0,0,0,0,0,0,0,0,0,0,0,0,0,0,0,100,50,0,0,0,0,12:41:00,0
2026-07-31 12:55:42.064000+05:30,30.5,71.0,417,0,1,31,22.5,65.3,0,953.9,0,0,26.1,60.2,485,0,1,64,0,0,0,0,0,0,19.0,84.6,453,0,1,48,0,0,0,0,0,0,0,0,0,0,0,0,0,0,0,0,0,0,0,0,0,0,0,0,100,50,0,0,0,0,12:41:00,0
2026-07-31 12:55:46.999000+05:30,30.5,71.1,436,0,1,40,22.5,65.3,0,953.8,0,0,26.1,60.2,477,0,1,60,0,0,0,0,0,0,19.0,84.6,444,0,1,44,0,0,0,0,0,0,0,0,0,0,0,0,0,0,0,0,0,0,0,0,0,0,0,0,100,50,0,0,0,0,12:41:00,0
2026-07-31 12:55:51.996000+05:30,30.5,70.9,424,0,1,35,22.5,65.4,0,953.8,0,0,26.1,60.2,478,0,1,60,0,0,0,0,0,0,19.0,84.6,448,0,1,46,0,0,0,0,0,0,0,0,0,0,0,0,0,0,0,0,0,0,0,0,0,0,0,0,100,50,0,0,0,0,12:41:00,0
2026-07-31 12:55:56.995000+05:30,30.5,71.1,442,0,1,43,22.5,65.4,0,953.8,0,0,26.1,60.2,479,0,1,61,0,0,0,0,0,0,19.0,84.5,455,0,1,49,0,0,0,0,0,0,0,0,0,0,0,0,0,0,0,0,0,0,0,0,0,0,0,0,100,50,0,0,0,0,12:41:00,0
2026-07-31 12:56:01.995000+05:30,30.5,71.1,427,0,1,36,22.5,65.4,0,953.8,0,0,26.1,60.2,473,0,1,58,0,0,0,0,0,0,19.0,84.5,455,0,1,49,0,0,0,0,0,0,0,0,0,0,0,0,0,0,0,0,0,0,0,0,0,0,0,0,100,50,0,0,0,0,12:41:00,0
2026-07-31 12:56:06.997000+05:30,30.6,70.9,449,0,1,46,22.5,65.4,0,953.8,0,0,26.1,60.2,474,0,1,58,0,0,0,0,0,0,19.0,84.7,460,0,1,52,0,0,0,0,0,0,0,0,0,0,0,0,0,0,0,0,0,0,0,0,0,0,0,0,100,50,0,0,0,0,12:41:00,0
2026-07-31 12:56:11.995000+05:30,30.7,70.7,496,0,2,70,22.5,65.4,0,953.8,0,0,26.1,60.2,482,0,1,63,0,0,0,0,0,0,19.0,84.7,458,0,1,51,0,0,0,0,0,0,0,0,0,0,0,0,0,0,0,0,0,0,0,0,0,0,0,0,100,50,0,0,0,0,12:41:00,0
2026-07-31 12:56:17.002000+05:30,30.7,70.9,524,0,2,85,22.5,65.4,0,953.8,0,0,26.1,60.2,460,0,1,52,0,0,0,0,0,0,19.0,84.7,477,0,1,60,0,0,0,0,0,0,0,0,0,0,0,0,0,0,0,0,0,0,0,0,0,0,0,0,100,50,0,0,0,0,12:41:00,0
2026-07-31 12:56:22.002000+05:30,30.7,71.3,510,0,2,78,22.5,65.4,0,953.8,0,0,26.1,60.2,472,0,1,57,0,0,0,0,0,0,19.0,84.6,488,0,2,66,0,0,0,0,0,0,0,0,0,0,0,0,0,0,0,0,0,0,0,0,0,0,0,0,100,50,0,0,0,0,12:41:00,0
2026-07-31 12:56:27.001000+05:30,30.7,71.5,514,0,2,80,22.5,65.4,0,953.8,0,0,26.1,60.2,465,0,1,54,0,0,0,0,0,0,19.0,84.6,481,0,1,62,0,0,0,0,0,0,0,0,0,0,0,0,0,0,0,0,0,0,0,0,0,0,0,0,100,50,0,0,0,0,12:41:00,0
2026-07-31 12:56:32.001000+05:30,30.8,71.4,525,0,2,86,22.5,65.4,0,953.8,0,0,26.1,60.2,440,0,1,42,0,0,0,0,0,0,19.0,84.5,475,0,1,59,0,0,0,0,0,0,0,0,0,0,0,0,0,0,0,0,0,0,0,0,0,0,0,0,100,50,0,0,0,0,12:41:00,0
2026-07-31 12:56:37.001000+05:30,30.8,71.1,493,0,2,69,22.4,65.4,0,953.8,0,0,26.0,60.2,474,0,1,59,0,0,0,0,0,0,19.0,84.5,496,0,2,70,0,0,0,0,0,0,0,0,0,0,0,0,0,0,0,0,0,0,0,0,0,0,0,0,100,50,0,0,0,0,12:41:00,0
2026-07-31 12:56:42.001000+05:30,30.8,70.9,494,0,2,69,22.4,65.4,0,953.8,0,0,26.0,60.2,442,0,1,43,0,0,0,0,0,0,19.0,84.5,479,0,1,61,0,0,0,0,0,0,0,0,0,0,0,0,0,0,0,0,0,0,0,0,0,0,0,0,100,50,0,0,0,0,12:41:00,0
2026-07-31 12:56:47.001000+05:30,30.7,70.7,499,0,2,71,22.4,65.4,0,953.8,0,0,26.1,60.2,478,0,1,60,0,0,0,0,0,0,19.0,84.5,502,0,2,73,0,0,0,0,0,0,0,0,0,0,0,0,0,0,0,0,0,0,0,0,0,0,0,0,100,50,0,0,0,0,12:41:00,0
2026-07-31 12:56:52.001000+05:30,30.7,70.5,480,0,1,62,22.4,65.4,0,953.8,0,0,26.1,60.2,450,0,1,47,0,0,0,0,0,0,19.0,84.5,497,0,2,71,0,0,0,0,0,0,0,0,0,0,0,0,0,0,0,0,0,0,0,0,0,0,0,0,100,50,0,0,0,0,12:41:00,0
2026-07-31 12:56:57+05:30,30.8,70.4,491,0,2,67,22.4,65.4,0,953.9,0,0,26.0,60.2,477,0,1,60,0,0,0,0,0,0,19.0,84.4,498,0,2,71,0,0,0,0,0,0,0,0,0,0,0,0,0,0,0,0,0,0,0,0,0,0,0,0,100,50,0,0,0,0,12:41:00,0
2026-07-31 12:57:01.999000+05:30,30.8,70.7,489,0,2,66,22.4,65.5,0,953.9,0,0,26.0,60.2,477,0,1,60,0,0,0,0,0,0,19.0,84.4,499,0,2,72,0,0,0,0,0,0,0,0,0,0,0,0,0,0,0,0,0,0,0,0,0,0,0,0,100,50,0,0,0,0,12:41:00,0
2026-07-31 12:57:06.996000+05:30,30.8,70.5,467,0,1,55,22.4,65.4,0,953.8,0,0,26.0,60.2,475,0,1,59,0,0,0,0,0,0,19.0,84.4,466,0,1,55,0,0,0,0,0,0,0,0,0,0,0,0,0,0,0,0,0,0,0,0,0,0,0,0,100,50,0,0,0,0,12:41:00,0
2026-07-31 12:57:12.001000+05:30,30.7,70.5,455,0,1,49,22.4,65.4,0,953.8,0,0,26.0,60.2,470,0,1,57,0,0,0,0,0,0,19.0,84.4,459,0,1,51,0,0,0,0,0,0,0,0,0,0,0,0,0,0,0,0,0,0,0,0,0,0,0,0,100,50,0,0,0,0,12:41:00,0
2026-07-31 12:57:17.001000+05:30,30.7,70.2,404,0,1,25,22.4,65.4,0,953.8,0,0,26.0,60.3,476,0,1,59,0,0,0,0,0,0,19.0,84.5,466,0,1,55,0,0,0,0,0,0,0,0,0,0,0,0,0,0,0,0,0,0,0,0,0,0,0,0,100,50,0,0,0,0,12:41:00,0
2026-07-31 12:57:21.997000+05:30,30.7,70.4,429,0,1,37,22.4,65.4,0,953.8,0,0,26.0,60.3,462,0,1,52,0,0,0,0,0,0,18.9,84.5,468,0,1,56,0,0,0,0,0,0,0,0,0,0,0,0,0,0,0,0,0,0,0,0,0,0,0,0,100,50,0,0,0,0,12:41:00,0
2026-07-31 12:57:26.996000+05:30,30.7,70.4,444,0,1,44,22.4,65.4,0,953.8,0,0,26.0,60.3,460,0,1,51,0,0,0,0,0,0,18.9,84.5,442,0,1,43,0,0,0,0,0,0,0,0,0,0,0,0,0,0,0,0,0,0,0,0,0,0,0,0,100,50,0,0,0,0,12:41:00,0
2026-07-31 12:57:31.999000+05:30,30.7,70.3,411,0,1,29,22.4,65.4,0,953.9,0,0,26.0,60.2,457,0,1,50,0,0,0,0,0,0,18.9,84.4,452,0,1,47,0,0,0,0,0,0,0,0,0,0,0,0,0,0,0,0,0,0,0,0,0,0,0,0,100,50,0,0,0,0,12:41:00,0
2026-07-31 12:57:37.001000+05:30,30.7,70.3,432,0,1,38,22.4,65.4,0,953.9,0,0,26.0,60.2,460,0,1,52,0,0,0,0,0,0,18.9,84.4,445,0,1,44,0,0,0,0,0,0,0,0,0,0,0,0,0,0,0,0,0,0,0,0,0,0,0,0,100,50,0,0,0,0,12:41:00,0
2026-07-31 12:57:42+05:30,30.7,70.2,442,0,1,43,22.4,65.4,0,953.9,0,0,26.0,60.2,480,0,1,61,0,0,0,0,0,0,18.9,84.4,428,0,1,36,0,0,0,0,0,0,0,0,0,0,0,0,0,0,0,0,0,0,0,0,0,0,0,0,100,50,0,0,0,0,12:41:00,0
2026-07-31 12:57:46.999000+05:30,30.6,70.6,425,0,1,35,22.4,65.4,0,953.9,0,0,26.0,60.2,461,0,1,52,0,0,0,0,0,0,18.9,84.5,467,0,1,55,0,0,0,0,0,0,0,0,0,0,0,0,0,0,0,0,0,0,0,0,0,0,0,0,100,50,0,0,0,0,12:41:00,0
2026-07-31 12:57:51.999000+05:30,30.6,70.8,414,0,1,30,22.4,65.5,0,953.8,0,0,26.0,60.3,467,0,1,55,0,0,0,0,0,0,18.9,84.5,454,0,1,49,0,0,0,0,0,0,0,0,0,0,0,0,0,0,0,0,0,0,0,0,0,0,0,0,100,50,0,0,0,0,12:41:00,0
