timestamp,outside_t,outside_h,outside_c,outside_p,room_1_t,room_1_h,room_1_c,room_1_p,room_2_t,room_2_h,room_2_c,room_2_p,room_3_t,room_3_h,room_3_c,room_3_p,supply_t,supply_h,supply_c,supply_p,return_t,return_h,return_c,return_p,mixer,fan,flowrate,coolerState,heaterState,humidifierState,mixed_t,cooled_t,heated_t,flow,zone_ideal_temp,zone_ideal_hum,zone_ideal_co2,zone_u_cmd,ahu_oa_flow_sp,ahu_cc_temp_sp,ahu_hc_temp_sp,ahu_hum_w_sp,fan_cmnd,mixer_ratio,cooler_cmd,heater_cmd,time_str,actual_occupancy
2026-08-04 18:52:38.801000+05:30,28.4,79.8,425,0,24.3,88.7,0,956.9,25.9,91.1,400,0,26.5,88.8,499,0,26.7,87.2,409,0,0,0,0,0,61.3,40.3,0,1,0,0,24.98123791116574,26.8,26.8,0.0,10.000000000000004,0.0076180628355009,478.4998769173812,0.02408,0.004001026561188,22.91713544214849,22.917133139721564,0.0176098383003444,40.3,61.2,1.0,0.0,14:30:00,0
2026-08-04 18:52:38.801000+05:30,28.4,79.8,425,0,24.3,88.7,0,956.9,25.9,91.1,400,0,26.5,88.8,499,0,26.7,87.2,409,0,0,0,0,0,61.3,40.3,0,1,0,0,24.98123791116574,26.8,26.8,0.0,10.000000000000004,0.0076180628355009,478.4998769173812,0.02408,0.004001026561188,22.91713544214849,22.917133139721564,0.0176098383003444,40.3,61.2,1.0,0.0,14:30:00,0
2026-08-04 18:52:43.802000+05:30,28.4,79.7,411,0,24.3,88.7,0,956.9,26.0,91.0,405,0,26.6,88.5,487,0,26.8,87.1,408,0,0,0,0,0,61.2,40.3,0,1,0,0,24.981242089518304,26.8,26.8,0.0,10.000000000000009,0.0076180628355009,476.0673167495386,0.02408,0.004001051101366,23.501027904996327,23.501030573925643,0.018260822508415,40.3,61.2,1.0,0.0,14:30:00,0
2026-08-04 18:52:43.802000+05:30,28.4,79.7,411,0,24.3,88.7,0,956.9,26.0,91.0,405,0,26.6,88.5,487,0,26.8,87.1,408,0,0,0,0,0,61.2,40.3,0,1,0,0,24.981242089518304,26.8,26.8,0.0,10.000000000000009,0.0076180628355009,476.0673167495386,0.02408,0.004001051101366,23.501027904996327,23.501030573925643,0.018260822508415,40.3,61.2,1.0,0.0,14:30:00,0
2026-08-04 18:52:48.801000+05:30,28.4,79.7,422,0,24.3,88.7,0,957.0,26.1,90.9,416,0,26.7,88.3,495,0,26.8,87.1,403,0,0,0,0,0,61.2,40.3,0,1,0,0,24.981244219263218,26.8,26.8,0.0,10.000000000000004,0.0076180628355009,472.62354879485736,0.02408,0.0040010636097215,23.850101886906472,23.850107519588686,0.0186603608077197,40.3,61.2,1.0,0.0,14:30:00,0
2026-08-04 18:52:48.801000+05:30,28.4,79.7,422,0,24.3,88.7,0,957.0,26.1,90.9,416,0,26.7,88.3,495,0,26.8,87.1,403,0,0,0,0,0,61.2,40.3,0,1,0,0,24.981244219263218,26.8,26.8,0.0,10.000000000000004,0.0076180628355009,472.62354879485736,0.02408,0.0040010636097215,23.850101886906472,23.850107519588686,0.0186603608077197,40.3,61.2,1.0,0.0,14:30:00,0
2026-08-04 18:52:53.805000+05:30,28.4,79.6,419,0,24.3,88.7,0,957.0,26.1,90.9,413,0,26.7,88.3,495,0,26.8,86.9,400,0,0,0,0,0,61.2,40.3,0,1,0,0,24.99781249864772,26.7,26.7,0.0,10.0,0.0076180628355009,472.2496028934308,0.02408,0.0040007916589136,24.060461786067,24.060467974109088,0.0189049482468307,40.3,61.2,1.0,0.0,14:30:00,0
2026-08-04 18:52:53.805000+05:30,28.4,79.6,419,0,24.3,88.7,0,957.0,26.1,90.9,413,0,26.7,88.3,495,0,26.8,86.9,400,0,0,0,0,0,61.2,40.3,0,1,0,0,24.99781249864772,26.7,26.7,0.0,10.0,0.0076180628355009,472.2496028934308,0.02408,0.0040007916589136,24.060461786067,24.060467974109088,0.0189049482468307,40.3,61.2,1.0,0.0,14:30:00,0
2026-08-04 18:52:58.802000+05:30,28.5,79.6,400,0,24.3,88.7,0,957.0,26.2,90.6,417,0,26.7,88.0,506,0,26.7,87.4,400,0,0,0,0,0,61.2,40.3,0,1,0,0,24.997782499811272,26.6,26.6,0.0,10.0,0.0076180628355009,460.7687149915002,0.02408,0.0040006196655846,24.186230123536845,24.18623669841869,0.0190525677284592,40.3,61.2,1.0,0.0,14:30:00,0
2026-08-04 18:52:58.802000+05:30,28.5,79.6,400,0,24.3,88.7,0,957.0,26.2,90.6,417,0,26.7,88.0,506,0,26.7,87.4,400,0,0,0,0,0,61.2,40.3,0,1,0,0,24.997782499811272,26.6,26.6,0.0,10.0,0.0076180628355009,460.7687149915002,0.02408,0.0040006196655846,24.186230123536845,24.18623669841869,0.0190525677284592,40.3,61.2,1.0,0.0,14:30:00,0
2026-08-04 18:53:03.802000+05:30,28.5,79.5,438,0,24.3,88.7,0,957.1,26.3,90.3,457,0,26.8,87.7,490,0,26.6,88.3,409,0,0,0,0,0,61.2,40.3,0,1,0,0,24.997820637516675,26.4,26.4,0.0,10.0,0.0076180628355009,458.49900537464737,0.02408,0.0040008383217622,24.26133524693157,24.26134353893719,0.0191412204091485,40.3,61.2,1.0,0.0,14:30:00,0
2026-08-04 18:53:03.802000+05:30,28.5,79.5,438,0,24.3,88.7,0,957.1,26.3,90.3,457,0,26.8,87.7,490,0,26.6,88.3,409,0,0,0,0,0,61.2,40.3,0,1,0,0,24.997820637516675,26.4,26.4,0.0,10.0,0.0076180628355009,458.49900537464737,0.02408,0.0040008383217622,24.26133524693157,24.26134353893719,0.0191412204091485,40.3,61.2,1.0,0.0,14:30:00,0
2026-08-04 18:53:08.803000+05:30,28.5,79.4,430,0,24.3,88.7,0,957.0,26.3,90.0,424,0,26.8,87.5,461,0,26.4,89.4,400,0,0,0,0,0,61.2,40.3,0,1,0,0,24.997792104977243,26.4,26.4,0.0,10.0,0.0076180628355009,440.8826712046296,0.02408,0.0040006747352028,24.30634998638133,24.306357542242708,0.0191945344695425,40.3,61.2,1.0,0.0,14:30:00,0
2026-08-04 18:53:08.803000+05:30,28.5,79.4,430,0,24.3,88.7,0,957.0,26.3,90.0,424,0,26.8,87.5,461,0,26.4,89.4,400,0,0,0,0,0,61.2,40.3,0,1,0,0,24.997792104977243,26.4,26.4,0.0,10.0,0.0076180628355009,440.8826712046296,0.02408,0.0040006747352028,24.30634998638133,24.306357542242708,0.0191945344695425,40.3,61.2,1.0,0.0,14:30:00,0
2026-08-04 18:53:13.804000+05:30,28.5,79.4,421,0,24.3,88.7,0,957.0,26.3,90.0,434,0,26.8,87.5,476,0,26.4,89.4,422,0,0,0,0,0,61.2,40.3,0,1,0,0,24.9979162479802,26.2,26.2,0.0,10.0,0.0076180628355009,420.7110467685909,0.02408,0.0040013864884197,24.332992218639863,24.33300347840526,0.019226152242458,40.3,61.3,1.0,0.0,14:30:00,0
2026-08-04 18:53:13.804000+05:30,28.5,79.4,421,0,24.3,88.7,0,957.0,26.3,90.0,434,0,26.8,87.5,476,0,26.4,89.4,422,0,0,0,0,0,61.2,40.3,0,1,0,0,24.9979162479802,26.2,26.2,0.0,10.0,0.0076180628355009,420.7110467685909,0.02408,0.0040013864884197,24.332992218639863,24.33300347840526,0.019226152242458,40.3,61.3,1.0,0.0,14:30:00,0
2026-08-04 18:53:18.804000+05:30,28.5,79.4,420,0,24.3,88.7,0,957.1,26.4,89.7,419,0,26.9,87.2,470,0,26.2,90.7,400,0,0,0,0,0,61.2,40.3,0,1,0,0,24.997849464726045,26.1,26.1,0.0,10.0,0.0076180628355009,421.2601129979428,0.02408,0.0040010035977626,24.34919511426235,24.349204450560546,0.0192454042326087,40.3,61.2,1.0,0.0,14:30:00,0
2026-08-04 18:53:18.804000+05:30,28.5,79.4,420,0,24.3,88.7,0,957.1,26.4,89.7,419,0,26.9,87.2,470,0,26.2,90.7,400,0,0,0,0,0,61.2,40.3,0,1,0,0,24.997849464726045,26.1,26.1,0.0,10.0,0.0076180628355009,421.2601129979428,0.02408,0.0040010035977626,24.34919511426235,24.349204450560546,0.0192454042326087,40.3,61.2,1.0,0.0,14:30:00,0
2026-08-04 18:53:23.805000+05:30,28.5,79.3,429,0,24.3,88.7,0,957.1,26.5,89.4,416,0,27.0,86.8,509,0,26.1,91.5,400,0,0,0,0,0,61.3,40.3,0,1,0,0,25.0811814535226,25.9,25.9,0.0,10.0,0.0076180628355009,421.1458313839074,0.02408,0.0040006949758107,24.39687467458207,24.396883614605127,0.0193021579219777,40.3,61.2,1.0,0.0,14:30:00,0
2026-08-04 18:53:23.805000+05:30,28.5,79.3,429,0,24.3,88.7,0,957.1,26.5,89.4,416,0,27.0,86.8,509,0,26.1,91.5,400,0,0,0,0,0,61.3,40.3,0,1,0,0,25.0811814535226,25.9,25.9,0.0,10.0,0.0076180628355009,421.1458313839074,0.02408,0.0040006949758107,24.39687467458207,24.396883614605127,0.0193021579219777,40.3,61.2,1.0,0.0,14:30:00,0
2026-08-04 18:53:28.805000+05:30,28.5,79.3,454,0,24.4,88.7,0,957.1,26.6,89.0,421,0,27.0,86.8,463,0,25.9,91.8,403,0,0,0,0,0,61.2,40.3,0,1,0,0,24.99791821965979,25.8,25.8,0.0,10.0,0.0076180628355009,422.0597356009416,0.02408,0.0040013977927161,24.38711959773521,24.38713168301043,0.0192905339459471,40.3,61.3,1.0,0.0,14:30:00,0
2026-08-04 18:53:28.805000+05:30,28.5,79.3,454,0,24.4,88.7,0,957.1,26.6,89.0,421,0,27.0,86.8,463,0,25.9,91.8,403,0,0,0,0,0,61.2,40.3,0,1,0,0,24.99791821965979,25.8,25.8,0.0,10.0,0.0076180628355009,422.0597356009416,0.02408,0.0040013977927161,24.38711959773521,24.38713168301043,0.0192905339459471,40.3,61.3,1.0,0.0,14:30:00,0
2026-08-04 18:53:33.805000+05:30,28.5,79.3,427,0,24.3,88.7,0,957.0,26.7,88.8,430,0,27.1,86.8,468,0,25.8,91.8,409,0,0,0,0,0,61.2,40.3,0,1,0,0,24.981235830009293,25.8,25.8,0.0,10.0,0.0076180628355009,424.00478808463504,0.02408,0.0040010143382009,24.37996795493678,24.37997790195028,0.0192820162183316,40.3,61.2,1.0,0.0,14:30:00,0
2026-08-04 18:53:33.805000+05:30,28.5,79.3,427,0,24.3,88.7,0,957.0,26.7,88.8,430,0,27.1,86.8,468,0,25.8,91.8,409,0,0,0,0,0,61.2,40.3,0,1,0,0,24.981235830009293,25.8,25.8,0.0,10.0,0.0076180628355009,424.00478808463504,0.02408,0.0040010143382009,24.37996795493678,24.37997790195028,0.0192820162183316,40.3,61.2,1.0,0.0,14:30:00,0
2026-08-04 18:53:38.806000+05:30,28.4,79.4,418,0,24.3,88.7,0,957.0,26.7,88.8,405,0,27.1,86.8,454,0,25.8,91.8,400,0,0,0,0,0,61.3,40.3,0,1,0,0,25.08119462449369,25.6,25.6,0.0,10.0,0.0076180628355009,421.28349742305136,0.02408,0.0040007723311727,24.41529747961966,24.415306384903108,0.0193241275763124,40.3,61.2,1.0,0.0,14:30:00,0
2026-08-04 18:53:38.806000+05:30,28.4,79.4,418,0,24.3,88.7,0,957.0,26.7,88.8,405,0,27.1,86.8,454,0,25.8,91.8,400,0,0,0,0,0,61.3,40.3,0,1,0,0,25.08119462449369,25.6,25.6,0.0,10.0,0.0076180628355009,421.28349742305136,0.02408,0.0040007723311727,24.41529747961966,24.415306384903108,0.0193241275763124,40.3,61.2,1.0,0.0,14:30:00,0
2026-08-04 18:53:43.806000+05:30,28.5,79.5,447,0,24.4,88.7,0,957.1,26.7,88.5,431,0,27.1,86.7,443,0,25.6,91.2,408,0,0,0,0,0,61.2,40.3,0,1,0,0,25.06459732889512,25.4,25.4,0.0,10.0,0.0076180628355009,423.66587642848657,0.02408,0.0040008759199486,24.434779909360305,24.43478911346544,0.0193473855869101,40.3,61.2,1.0,0.0,14:30:00,0
2026-08-04 18:53:43.806000+05:30,28.5,79.5,447,0,24.4,88.7,0,957.1,26.7,88.5,431,0,27.1,86.7,443,0,25.6,91.2,408,0,0,0,0,0,61.2,40.3,0,1,0,0,25.06459732889512,25.4,25.4,0.0,10.0,0.0076180628355009,423.66587642848657,0.02408,0.0040008759199486,24.434779909360305,24.43478911346544,0.0193473855869101,40.3,61.2,1.0,0.0,14:30:00,0
2026-08-04 18:53:48.806000+05:30,28.4,79.6,419,0,24.4,88.7,0,957.0,26.8,88.1,425,0,27.1,86.5,437,0,25.4,89.9,414,0,0,0,0,0,61.2,40.3,0,1,0,0,25.064548940406013,25.3,25.3,0.0,10.0,0.0076180628355009,424.6056010668319,0.02408,0.0040005846212441,24.446448645535604,24.4464576974915,0.0193613278375905,40.3,61.2,1.0,0.0,14:30:00,0
2026-08-04 18:53:48.806000+05:30,28.4,79.6,419,0,24.4,88.7,0,957.0,26.8,88.1,425,0,27.1,86.5,437,0,25.4,89.9,414,0,0,0,0,0,61.2,40.3,0,1,0,0,25.064548940406013,25.3,25.3,0.0,10.0,0.0076180628355009,424.6056010668319,0.02408,0.0040005846212441,24.446448645535604,24.4464576974915,0.0193613278375905,40.3,61.2,1.0,0.0,14:30:00,0
2026-08-04 18:53:53.806000+05:30,28.4,79.6,456,0,24.4,88.7,0,957.1,26.9,87.9,406,0,27.1,86.5,469,0,25.3,88.3,402,0,0,0,0,0,61.2,40.3,0,1,0,0,25.06453804541908,25.1,25.1,0.0,10.0,0.0076180628355009,422.1168699228475,0.02408,0.0040005190334228,24.45346091278659,24.453469284313226,0.0193697107547096,40.3,61.2,1.0,0.0,14:30:00,0
2026-08-04 18:53:53.806000+05:30,28.4,79.6,456,0,24.4,88.7,0,957.1,26.9,87.9,406,0,27.1,86.5,469,0,25.3,88.3,402,0,0,0,0,0,61.2,40.3,0,1,0,0,25.06453804541908,25.1,25.1,0.0,10.0,0.0076180628355009,422.1168699228475,0.02408,0.0040005190334228,24.45346091278659,24.453469284313226,0.0193697107547096,40.3,61.2,1.0,0.0,14:30:00,0
2026-08-04 18:53:58.807000+05:30,28.4,79.6,440,0,24.4,88.7,0,957.0,26.9,87.6,425,0,97.9,42.9,400,0,25.1,86.4,424,0,0,0,0,0,61.2,40.3,0,1,0,0,24.494518710051327,25.0,25.0,0.0,10.0,0.0076180628355009,423.051740811066,0.08428,0.0039985455812501,22.95346091278659,22.953469284313226,0.0176497151481091,56.6,24.0,1.0,0.0,14:30:00,0
2026-08-04 18:53:58.807000+05:30,28.4,79.6,440,0,24.4,88.7,0,957.0,26.9,87.6,425,0,97.9,42.9,400,0,25.1,86.4,424,0,0,0,0,0,61.2,40.3,0,1,0,0,24.494518710051327,25.0,25.0,0.0,10.0,0.0076180628355009,423.051740811066,0.08428,0.0039985455812501,22.95346091278659,22.953469284313226,0.0176497151481091,56.6,24.0,1.0,0.0,14:30:00,0
2026-08-04 18:54:03.807000+05:30,28.4,79.7,432,0,24.3,88.7,0,957.0,27.0,87.4,418,0,27.1,85.6,479,0,25.0,84.3,411,0,0,0,0,0,61.2,40.3,0,1,0,0,24.549912697373244,24.8,24.8,0.0,10.0,0.0076180628355009,422.4353132065586,0.1064336,0.0039889370167862,21.45346091278659,21.453469284313226,0.0160693889328993,75.9,19.2,1.0,0.0,14:30:00,0
2026-08-04 18:54:03.807000+05:30,28.4,79.7,432,0,24.3,88.7,0,957.0,27.0,87.4,418,0,27.1,85.6,479,0,25.0,84.3,411,0,0,0,0,0,61.2,40.3,0,1,0,0,24.549912697373244,24.8,24.8,0.0,10.0,0.0076180628355009,422.4353132065586,0.1064336,0.0039889370167862,21.45346091278659,21.453469284313226,0.0160693889328993,75.9,19.2,1.0,0.0,14:30:00,0
2026-08-04 18:54:08.807000+05:30,28.4,79.6,409,0,24.4,88.7,0,957.1,27.0,87.2,417,0,27.1,85.2,483,0,24.8,82.1,405,0,0,0,0,0,24.0,56.6,0,1,0,0,24.550015925423896,24.6,24.6,0.0,10.0,0.0076180628355009,422.009365130177,0.1064336,0.0039916837500492,19.95346091278659,19.953469284313226,0.0146182039871779,75.9,19.2,1.0,0.0,14:30:00,0
2026-08-04 18:54:08.807000+05:30,28.4,79.6,409,0,24.4,88.7,0,957.1,27.0,87.2,417,0,27.1,85.2,483,0,24.8,82.1,405,0,0,0,0,0,24.0,56.6,0,1,0,0,24.550015925423896,24.6,24.6,0.0,10.0,0.0076180628355009,422.009365130177,0.1064336,0.0039916837500492,19.95346091278659,19.953469284313226,0.0146182039871779,75.9,19.2,1.0,0.0,14:30:00,0
2026-08-04 18:54:13.807000+05:30,28.4,79.5,426,0,24.4,88.7,0,957.3,27.1,86.9,420,0,27.2,85.0,473,0,24.6,79.6,400,0,0,0,0,0,19.2,75.9,0,1,0,0,24.550065547161047,24.1,24.1,0.0,10.0,0.0076180628355009,422.0585875064928,0.1064336,0.00399300410508,18.45346091278659,18.453469284313226,0.0132864148860891,75.9,19.2,1.0,0.0,14:30:00,0
2026-08-04 18:54:13.807000+05:30,28.4,79.5,426,0,24.4,88.7,0,957.3,27.1,86.9,420,0,27.2,85.0,473,0,24.6,79.6,400,0,0,0,0,0,19.2,75.9,0,1,0,0,24.550065547161047,24.1,24.1,0.0,10.0,0.0076180628355009,422.0585875064928,0.1064336,0.00399300410508,18.45346091278659,18.453469284313226,0.0132864148860891,75.9,19.2,1.0,0.0,14:30:00,0
2026-08-04 18:54:18.807000+05:30,28.4,79.6,439,0,24.4,88.7,0,957.4,27.1,86.7,429,0,27.1,84.0,459,0,24.1,77.8,408,0,0,0,0,0,19.2,75.9,0,1,0,0,24.55013077766268,24.1,24.1,0.0,10.0,0.0076180628355009,423.4341418136695,0.1064336,0.0039947397843596,16.95346091278659,16.953469284313222,0.0120649935023706,75.9,19.2,1.0,0.0,14:30:00,0
2026-08-04 18:54:18.807000+05:30,28.4,79.6,439,0,24.4,88.7,0,957.4,27.1,86.7,429,0,27.1,84.0,459,0,24.1,77.8,408,0,0,0,0,0,19.2,75.9,0,1,0,0,24.55013077766268,24.1,24.1,0.0,10.0,0.0076180628355009,423.4341418136695,0.1064336,0.0039947397843596,16.95346091278659,16.953469284313222,0.0120649935023706,75.9,19.2,1.0,0.0,14:30:00,0
2026-08-04 18:54:23.807000+05:30,28.4,79.3,428,0,24.4,88.7,0,957.4,27.1,86.7,414,0,27.1,84.0,476,0,24.1,77.8,401,0,0,0,0,0,19.2,75.9,0,1,0,0,24.550233089131297,23.7,23.7,0.0,10.0,0.0076180628355009,422.3890873417175,0.1064336,0.0039974621288412,15.45346091278659,15.453469284313222,0.0109455704843426,75.9,19.2,1.0,0.0,14:30:00,0
2026-08-04 18:54:23.807000+05:30,28.4,79.3,428,0,24.4,88.7,0,957.4,27.1,86.7,414,0,27.1,84.0,476,0,24.1,77.8,401,0,0,0,0,0,19.2,75.9,0,1,0,0,24.550233089131297,23.7,23.7,0.0,10.0,0.0076180628355009,422.3890873417175,0.1064336,0.0039974621288412,15.45346091278659,15.453469284313222,0.0109455704843426,75.9,19.2,1.0,0.0,14:30:00,0
2026-08-04 18:54:28.807000+05:30,28.4,79.3,450,0,24.4,88.7,0,957.3,27.2,86.5,408,0,26.8,83.4,445,0,23.7,76.7,412,0,0,0,0,0,19.2,75.9,0,1,0,0,24.550280244483943,23.3,23.3,0.0,10.0,0.0076180628355009,420.5481601454739,0.1064336,0.0039987168573265,14.38014117842846,14.380145581073869,0.0102028399348595,75.9,19.2,1.0,0.0,14:30:00,0
2026-08-04 18:54:28.807000+05:30,28.4,79.3,450,0,24.4,88.7,0,957.3,27.2,86.5,408,0,26.8,83.4,445,0,23.7,76.7,412,0,0,0,0,0,19.2,75.9,0,1,0,0,24.550280244483943,23.3,23.3,0.0,10.0,0.0076180628355009,420.5481601454739,0.1064336,0.0039987168573265,14.38014117842846,14.380145581073869,0.0102028399348595,75.9,19.2,1.0,0.0,14:30:00,0
2026-08-04 18:54:33.823000+05:30,28.4,79.2,441,0,24.4,88.7,0,957.3,27.2,86.2,429,0,25.8,83.4,477,0,23.3,76.4,420,0,0,0,0,0,19.2,75.9,0,1,0,0,24.55032184474992,23.0,23.0,0.0,10.0,0.0076180628355009,421.96493160301446,0.1064336,0.0039998237738436,13.735106263867872,13.735112475146622,0.0097785673817064,75.9,19.2,1.0,0.0,14:30:00,0
2026-08-04 18:54:33.823000+05:30,28.4,79.2,441,0,24.4,88.7,0,957.3,27.2,86.2,429,0,25.8,83.4,477,0,23.3,76.4,420,0,0,0,0,0,19.2,75.9,0,1,0,0,24.55032184474992,23.0,23.0,0.0,10.0,0.0076180628355009,421.96493160301446,0.1064336,0.0039998237738436,13.735106263867872,13.735112475146622,0.0097785673817064,75.9,19.2,1.0,0.0,14:30:00,0
2026-08-04 18:54:38.822000+05:30,28.4,79.2,418,0,24.4,88.6,0,957.4,27.2,86.0,400,0,26.3,83.7,475,0,23.0,76.6,428,0,0,0,0,0,19.2,75.9,0,1,0,0,24.55032071789673,23.0,23.0,0.0,10.000000000000002,0.0076180628355009,437.8356921235176,0.1064336,0.0039997937900835,13.361303945144911,13.36130432158383,0.0095400109170322,75.9,19.2,1.0,0.0,14:30:00,0
2026-08-04 18:54:38.822000+05:30,28.4,79.2,418,0,24.4,88.6,0,957.4,27.2,86.0,400,0,26.3,83.7,475,0,23.0,76.6,428,0,0,0,0,0,19.2,75.9,0,1,0,0,24.55032071789673,23.0,23.0,0.0,10.000000000000002,0.0076180628355009,437.8356921235176,0.1064336,0.0039997937900835,13.361303945144911,13.36130432158383,0.0095400109170322,75.9,19.2,1.0,0.0,14:30:00,0
2026-08-04 18:54:43.823000+05:30,28.4,79.3,433,0,24.4,88.6,0,957.3,27.2,86.0,429,0,26.3,83.7,481,0,23.0,76.6,423,0,0,0,0,0,19.2,75.9,0,1,0,0,24.55409316119708,22.8,22.8,0.0,10.0,0.0076180628355009,420.6253800458256,0.1064336,0.0040001682638014,13.149524128707146,13.14952498423182,0.0094071850669071,75.9,19.2,1.0,0.0,14:30:00,0
2026-08-04 18:54:43.823000+05:30,28.4,79.3,433,0,24.4,88.6,0,957.3,27.2,86.0,429,0,26.3,83.7,481,0,23.0,76.6,423,0,0,0,0,0,19.2,75.9,0,1,0,0,24.55409316119708,22.8,22.8,0.0,10.0,0.0076180628355009,420.6253800458256,0.1064336,0.0040001682638014,13.149524128707146,13.14952498423182,0.0094071850669071,75.9,19.2,1.0,0.0,14:30:00,0
2026-08-04 18:54:48.823000+05:30,28.5,79.3,413,0,24.4,88.6,0,957.3,27.3,85.8,435,0,26.1,84.3,445,0,22.8,76.9,430,0,0,0,0,0,19.2,75.9,0,1,0,0,24.554086541942443,22.6,22.6,0.0,10.0,0.0076180628355009,467.7276157882497,0.1064336,0.0039999964318256,13.031127519105254,13.031126219071538,0.0093336533040353,75.9,19.2,1.0,0.0,14:30:00,0
2026-08-04 18:54:48.823000+05:30,28.5,79.3,413,0,24.4,88.6,0,957.3,27.3,85.8,435,0,26.1,84.3,445,0,22.8,76.9,430,0,0,0,0,0,19.2,75.9,0,1,0,0,24.554086541942443,22.6,22.6,0.0,10.0,0.0076180628355009,467.7276157882497,0.1064336,0.0039999964318256,13.031127519105254,13.031126219071538,0.0093336533040353,75.9,19.2,1.0,0.0,14:30:00,0
2026-08-04 18:54:53.905000+05:30,28.5,79.2,418,0,24.4,88.6,0,957.3,27.3,85.5,428,0,26.0,84.4,459,0,22.6,77.2,400,0,0,0,0,0,19.2,75.9,0,1,0,0,24.554048766909887,22.4,22.4,0.0,10.0,0.0076180628355009,423.93225509418346,0.1064336,0.0039990158140927,12.965285393235792,12.96526541500098,0.0092929846563112,75.9,19.2,1.0,0.0,14:30:00,0
2026-08-04 18:54:53.905000+05:30,28.5,79.2,418,0,24.4,88.6,0,957.3,27.3,85.5,428,0,26.0,84.4,459,0,22.6,77.2,400,0,0,0,0,0,19.2,75.9,0,1,0,0,24.554048766909887,22.4,22.4,0.0,10.0,0.0076180628355009,423.93225509418346,0.1064336,0.0039990158140927,12.965285393235792,12.96526541500098,0.0092929846563112,75.9,19.2,1.0,0.0,14:30:00,0
2026-08-04 18:54:58.906000+05:30,28.5,79.0,438,0,24.4,88.6,0,957.3,27.4,85.0,408,0,25.8,84.6,434,0,22.4,77.5,420,0,0,0,0,0,19.2,75.9,0,1,0,0,24.55406603739804,22.3,22.3,0.0,10.0,0.0076180628355009,480.380578834629,0.1064336,0.0039994641458556,12.928894733375824,12.92888058092697,0.0092705755351725,75.9,19.2,1.0,0.0,14:30:00,0
2026-08-04 18:54:58.906000+05:30,28.5,79.0,438,0,24.4,88.6,0,957.3,27.4,85.0,408,0,25.8,84.6,434,0,22.4,77.5,420,0,0,0,0,0,19.2,75.9,0,1,0,0,24.55406603739804,22.3,22.3,0.0,10.0,0.0076180628355009,480.380578834629,0.1064336,0.0039994641458556,12.928894733375824,12.92888058092697,0.0092705755351725,75.9,19.2,1.0,0.0,14:30:00,0
2026-08-04 18:55:03.966000+05:30,28.5,78.9,422,0,24.4,88.5,0,957.3,27.4,84.5,446,0,25.7,84.7,456,0,22.3,77.8,416,0,0,0,0,0,19.2,75.9,0,1,0,0,24.55405844730744,22.2,22.2,0.0,10.0,0.0076180628355009,478.8916899783651,0.1064336,0.0039992671115466,12.908816177687513,12.90879760588901,0.0092582320566732,75.9,19.2,1.0,0.0,14:30:00,0
2026-08-04 18:55:03.966000+05:30,28.5,78.9,422,0,24.4,88.5,0,957.3,27.4,84.5,446,0,25.7,84.7,456,0,22.3,77.8,416,0,0,0,0,0,19.2,75.9,0,1,0,0,24.55405844730744,22.2,22.2,0.0,10.0,0.0076180628355009,478.8916899783651,0.1064336,0.0039992671115466,12.908816177687513,12.90879760588901,0.0092582320566732,75.9,19.2,1.0,0.0,14:30:00,0
2026-08-04 18:55:08.966000+05:30,28.5,78.8,401,0,24.4,88.3,0,957.3,27.4,83.9,428,0,113.6,84.8,451,0,22.2,78.2,411,0,0,0,0,0,19.2,75.9,0,1,0,0,24.554065048950115,22.0,22.0,0.0,10.0,0.0076180628355009,426.2335341351037,0.1064336,0.003999438486326,12.897861742479492,12.897848409848416,0.009251503932777,75.9,19.2,1.0,0.0,14:30:00,0
2026-08-04 18:55:08.966000+05:30,28.5,78.8,401,0,24.4,88.3,0,957.3,27.4,83.9,428,0,113.6,84.8,451,0,22.2,78.2,411,0,0,0,0,0,19.2,75.9,0,1,0,0,24.554065048950115,22.0,22.0,0.0,10.0,0.0076180628355009,426.2335341351037,0.1064336,0.003999438486326,12.897861742479492,12.897848409848416,0.009251503932777,75.9,19.2,1.0,0.0,14:30:00,0
2026-08-04 18:55:13.966000+05:30,28.5,78.9,425,0,24.4,88.2,0,957.3,27.4,83.5,416,0,25.5,85.1,467,0,22.0,78.5,414,0,0,0,0,0,19.2,75.9,0,1,0,0,24.5578410780641,22.0,22.0,0.0,10.28313007767089,0.0076180628355009,490.2166861843453,0.1064336,0.003999903372915,12.89441435195401,12.894408062294325,0.0092493874813026,75.9,19.2,1.0,0.0,14:30:00,0
2026-08-04 18:55:13.966000+05:30,28.5,78.9,425,0,24.4,88.2,0,957.3,27.4,83.5,416,0,25.5,85.1,467,0,22.0,78.5,414,0,0,0,0,0,19.2,75.9,0,1,0,0,24.5578410780641,22.0,22.0,0.0,10.28313007767089,0.0076180628355009,490.2166861843453,0.1064336,0.003999903372915,12.89441435195401,12.894408062294325,0.0092493874813026,75.9,19.2,1.0,0.0,14:30:00,0
2026-08-04 18:55:18.966000+05:30,28.6,78.8,423,0,24.4,88.2,0,957.3,27.4,83.5,446,0,25.5,85.1,497,0,22.0,78.5,406,0,0,0,0,0,19.2,75.9,0,1,0,0,24.554091369857016,22.0,22.0,0.0,11.003900986540335,0.0076180628355009,511.6930887094699,0.1064336,0.0040001217616618,12.89828866451922,12.898287458806024,0.0092517660626307,75.9,19.2,1.0,0.0,14:30:00,0
2026-08-04 18:55:18.966000+05:30,28.6,78.8,423,0,24.4,88.2,0,957.3,27.4,83.5,446,0,25.5,85.1,497,0,22.0,78.5,406,0,0,0,0,0,19.2,75.9,0,1,0,0,24.554091369857016,22.0,22.0,0.0,11.003900986540335,0.0076180628355009,511.6930887094699,0.1064336,0.0040001217616618,12.89828866451922,12.898287458806024,0.0092517660626307,75.9,19.2,1.0,0.0,14:30:00,0
2026-08-04 18:55:23.966000+05:30,28.5,78.8,424,0,24.4,88.1,0,957.3,27.5,83.1,443,0,25.4,85.3,477,0,22.0,78.8,443,0,0,0,0,0,19.2,75.9,0,1,0,0,24.55409651792269,21.9,21.9,0.0,10.393707587547045,0.0076180628355009,493.9114857343405,0.1064336,0.0040002554024335,12.895282506018706,12.895284288672595,0.0092499204249566,75.9,19.2,1.0,0.0,14:30:00,0
2026-08-04 18:55:23.966000+05:30,28.5,78.8,424,0,24.4,88.1,0,957.3,27.5,83.1,443,0,25.4,85.3,477,0,22.0,78.8,443,0,0,0,0,0,19.2,75.9,0,1,0,0,24.55409651792269,21.9,21.9,0.0,10.393707587547045,0.0076180628355009,493.9114857343405,0.1064336,0.0040002554024335,12.895282506018706,12.895284288672595,0.0092499204249566,75.9,19.2,1.0,0.0,14:30:00,0
2026-08-04 18:55:28.967000+05:30,28.5,78.8,404,0,24.4,87.9,0,957.4,27.5,82.7,423,0,25.3,85.2,477,0,21.9,79.1,407,0,0,0,0,0,19.2,75.9,0,1,0,0,24.55408829606623,21.8,21.8,0.0,10.0,0.0076180628355009,467.1768197247703,0.1064336,0.0040000419678523,12.890446093414194,12.89044405412402,0.0092469517917287,75.9,19.2,1.0,0.0,14:30:00,0
2026-08-04 18:55:28.967000+05:30,28.5,78.8,404,0,24.4,87.9,0,957.4,27.5,82.7,423,0,25.3,85.2,477,0,21.9,79.1,407,0,0,0,0,0,19.2,75.9,0,1,0,0,24.55408829606623,21.8,21.8,0.0,10.0,0.0076180628355009,467.1768197247703,0.1064336,0.0040000419678523,12.890446093414194,12.89044405412402,0.0092469517917287,75.9,19.2,1.0,0.0,14:30:00,0
2026-08-04 18:55:33.999000+05:30,28.5,78.7,416,0,24.4,87.8,0,957.3,27.5,82.3,422,0,25.2,85.2,477,0,21.8,79.4,405,0,0,0,0,0,19.2,75.9,0,1,0,0,24.55408476261016,21.7,21.7,0.0,10.0,0.0076180628355009,429.2634543745604,0.1064336,0.0039999502414011,12.8878029081899,12.887798889846165,0.0092453297421899,75.9,19.2,1.0,0.0,14:30:00,0
2026-08-04 18:55:33.999000+05:30,28.5,78.7,416,0,24.4,87.8,0,957.3,27.5,82.3,422,0,25.2,85.2,477,0,21.8,79.4,405,0,0,0,0,0,19.2,75.9,0,1,0,0,24.55408476261016,21.7,21.7,0.0,10.0,0.0076180628355009,429.2634543745604,0.1064336,0.0039999502414011,12.8878029081899,12.887798889846165,0.0092453297421899,75.9,19.2,1.0,0.0,14:30:00,0
2026-08-04 18:55:39.012000+05:30,28.5,78.5,404,0,24.4,87.6,0,957.3,27.5,81.9,405,0,25.2,85.4,491,0,21.7,79.7,433,0,0,0,0,0,19.2,75.9,0,1,0,0,24.55406386049789,21.7,21.7,0.0,10.0,0.0076180628355009,426.18722403176434,0.1064336,0.003999407634802,12.88618922107474,12.886174763694472,0.0092443395925801,75.9,19.2,1.0,0.0,14:30:00,0
2026-08-04 18:55:39.012000+05:30,28.5,78.5,404,0,24.4,87.6,0,957.3,27.5,81.9,405,0,25.2,85.4,491,0,21.7,79.7,433,0,0,0,0,0,19.2,75.9,0,1,0,0,24.55406386049789,21.7,21.7,0.0,10.0,0.0076180628355009,426.18722403176434,0.1064336,0.003999407634802,12.88618922107474,12.886174763694472,0.0092443395925801,75.9,19.2,1.0,0.0,14:30:00,0
2026-08-04 18:55:44.011000+05:30,28.5,78.8,433,0,24.4,87.6,0,957.3,27.5,81.9,405,0,25.2,85.4,491,0,21.7,79.7,433,0,0,0,0,0,19.2,75.9,0,1,0,0,24.55782712669285,21.6,21.6,0.0,10.0,0.0076180628355009,423.3923360129558,0.1064336,0.0039995498265657,12.885705211046218,12.885695381277378,0.0092440426252097,75.9,19.2,1.0,0.0,14:30:00,0
2026-08-04 18:55:44.011000+05:30,28.5,78.8,433,0,24.4,87.6,0,957.3,27.5,81.9,405,0,25.2,85.4,491,0,21.7,79.7,433,0,0,0,0,0,19.2,75.9,0,1,0,0,24.55782712669285,21.6,21.6,0.0,10.0,0.0076180628355009,423.3923360129558,0.1064336,0.0039995498265657,12.885705211046218,12.885695381277378,0.0092440426252097,75.9,19.2,1.0,0.0,14:30:00,0
2026-08-04 18:55:49.011000+05:30,28.6,79.0,432,0,24.4,87.2,0,957.4,27.6,81.1,422,0,25.1,85.6,457,0,21.6,80.3,432,0,0,0,0,0,19.2,75.9,0,1,0,0,24.55784483540384,21.5,21.5,0.0,10.0,0.0076180628355009,423.2201250889484,0.1064336,0.0039999985889138,12.885344177630277,12.885341105817378,0.0092438211164782,75.9,19.2,1.0,0.0,14:30:00,0
2026-08-04 18:55:49.011000+05:30,28.6,79.0,432,0,24.4,87.2,0,957.4,27.6,81.1,422,0,25.1,85.6,457,0,21.6,80.3,432,0,0,0,0,0,19.2,75.9,0,1,0,0,24.55784483540384,21.5,21.5,0.0,10.0,0.0076180628355009,423.2201250889484,0.1064336,0.0039999985889138,12.885344177630277,12.885341105817378,0.0092438211164782,75.9,19.2,1.0,0.0,14:30:00,0
2026-08-04 18:55:54.012000+05:30,28.6,78.7,447,0,24.4,87.0,0,957.3,27.6,80.7,425,0,25.0,85.4,427,0,21.5,80.5,426,0,0,0,0,0,19.2,75.9,0,1,0,0,24.557732199761485,21.5,21.5,0.0,10.0,0.0076180628355009,423.4844058111697,0.1064335999999999,0.0039971442515558,12.885106222831537,12.88506401454708,0.0092436751241031,75.9,19.2,1.0,0.0,14:30:00,0
2026-08-04 18:55:54.012000+05:30,28.6,78.7,447,0,24.4,87.0,0,957.3,27.6,80.7,425,0,25.0,85.4,427,0,21.5,80.5,426,0,0,0,0,0,19.2,75.9,0,1,0,0,24.557732199761485,21.5,21.5,0.0,10.0,0.0076180628355009,423.4844058111697,0.1064335999999999,0.0039971442515558,12.885106222831537,12.88506401454708,0.0092436751241031,75.9,19.2,1.0,0.0,14:30:00,0
2026-08-04 18:55:59.011000+05:30,28.6,78.6,461,0,24.4,86.8,0,957.3,27.6,80.3,418,0,24.9,85.4,466,0,21.5,80.5,434,0,0,0,0,0,19.2,75.9,0,1,0,0,24.561468304000865,21.4,21.4,0.0,10.0,0.0076180628355009,422.7510132128222,0.1064335999999999,0.0039966634606294,12.885288699768624,12.88523349017007,0.0092437870789685,75.9,19.2,1.0,0.0,14:30:00,0
2026-08-04 18:55:59.011000+05:30,28.6,78.6,461,0,24.4,86.8,0,957.3,27.6,80.3,418,0,24.9,85.4,466,0,21.5,80.5,434,0,0,0,0,0,19.2,75.9,0,1,0,0,24.561468304000865,21.4,21.4,0.0,10.0,0.0076180628355009,422.7510132128222,0.1064335999999999,0.0039966634606294,12.885288699768624,12.88523349017007,0.0092437870789685,75.9,19.2,1.0,0.0,14:30:00,0
2026-08-04 18:56:04.011000+05:30,28.7,78.4,470,0,24.4,86.8,0,957.3,27.6,80.3,436,0,24.9,85.4,447,0,21.4,80.7,454,0,0,0,0,0,19.2,75.9,0,1,0,0,24.465210032751795,21.4,21.4,0.0,10.0,0.0076180628355009,424.63550129754464,0.1064336,0.0039963405777026,12.878250721192886,12.878184894193817,0.0092394699570567,75.9,19.2,1.0,0.0,14:30:00,0
2026-08-04 18:56:04.011000+05:30,28.7,78.4,470,0,24.4,86.8,0,957.3,27.6,80.3,436,0,24.9,85.4,447,0,21.4,80.7,454,0,0,0,0,0,19.2,75.9,0,1,0,0,24.465210032751795,21.4,21.4,0.0,10.0,0.0076180628355009,424.63550129754464,0.1064336,0.0039963405777026,12.878250721192886,12.878184894193817,0.0092394699570567,75.9,19.2,1.0,0.0,14:30:00,0
2026-08-04 18:56:09.012000+05:30,28.7,78.5,435,0,24.3,86.5,0,957.3,27.6,79.8,400,0,24.9,85.5,448,0,21.4,81.0,422,0,0,0,0,0,19.2,75.9,0,0,0,0,24.46518220134272,21.3,21.3,0.0,10.0,0.0076180628355009,421.13189720443,0.1064336,0.0039956673510977,12.874370396959662,12.874291607356673,0.0092370905253543,75.9,19.2,1.0,0.0,14:30:00,0
2026-08-04 18:56:09.012000+05:30,28.7,78.5,435,0,24.3,86.5,0,957.3,27.6,79.8,400,0,24.9,85.5,448,0,21.4,81.0,422,0,0,0,0,0,19.2,75.9,0,0,0,0,24.46518220134272,21.3,21.3,0.0,10.0,0.0076180628355009,421.13189720443,0.1064336,0.0039956673510977,12.874370396959662,12.874291607356673,0.0092370905253543,75.9,19.2,1.0,0.0,14:30:00,0
2026-08-04 18:56:14.012000+05:30,28.7,78.5,445,0,24.3,86.3,0,957.3,27.6,79.6,408,0,24.9,85.4,400,0,21.3,81.1,420,0,0,0,0,0,19.2,75.9,0,1,0,0,24.465273653929884,21.3,21.3,0.0,10.0,0.0076180628355009,441.9856618005119,0.1064336,0.003997879539298,12.872268010846462,12.872229798375573,0.0092358015626105,75.9,19.2,1.0,0.0,14:30:00,0
2026-08-04 18:56:14.012000+05:30,28.7,78.5,445,0,24.3,86.3,0,957.3,27.6,79.6,408,0,24.9,85.4,400,0,21.3,81.1,420,0,0,0,0,0,19.2,75.9,0,1,0,0,24.465273653929884,21.3,21.3,0.0,10.0,0.0076180628355009,441.9856618005119,0.1064336,0.003997879539298,12.872268010846462,12.872229798375573,0.0092358015626105,75.9,19.2,1.0,0.0,14:30:00,0
2026-08-04 18:56:19.065000+05:30,28.7,78.6,429,0,24.3,86.1,0,957.3,27.7,79.1,409,0,24.9,85.5,482,0,21.3,81.2,429,0,0,0,0,0,19.2,75.9,0,1,0,0,24.561449223489927,21.2,21.2,0.0,10.0,0.0076180628355009,442.1019461164567,0.1064336,0.0039961911798226,12.878219426656836,12.878154900661452,0.0092394507649123,75.9,19.2,1.0,0.0,14:30:00,0
2026-08-04 18:56:19.065000+05:30,28.7,78.6,429,0,24.3,86.1,0,957.3,27.7,79.1,409,0,24.9,85.5,482,0,21.3,81.2,429,0,0,0,0,0,19.2,75.9,0,1,0,0,24.561449223489927,21.2,21.2,0.0,10.0,0.0076180628355009,442.1019461164567,0.1064336,0.0039961911798226,12.878219426656836,12.878154900661452,0.0092394507649123,75.9,19.2,1.0,0.0,14:30:00,0
2026-08-04 18:56:24.064000+05:30,28.7,78.4,439,0,24.4,85.8,0,957.3,27.7,78.8,400,0,24.8,85.3,483,0,21.2,81.3,428,0,0,0,0,0,19.2,75.9,0,1,0,0,24.461507355577023,21.2,21.2,0.0,10.000000000000009,0.0076180628355009,441.62620456340767,0.1064335999999999,0.0039976300652424,12.874235185238874,12.874187867477204,0.0092370076228488,75.9,19.2,1.0,0.0,14:30:00,0
2026-08-04 18:56:24.064000+05:30,28.7,78.4,439,0,24.4,85.8,0,957.3,27.7,78.8,400,0,24.8,85.3,483,0,21.2,81.3,428,0,0,0,0,0,19.2,75.9,0,1,0,0,24.461507355577023,21.2,21.2,0.0,10.000000000000009,0.0076180628355009,441.62620456340767,0.1064335999999999,0.0039976300652424,12.874235185238874,12.874187867477204,0.0092370076228488,75.9,19.2,1.0,0.0,14:30:00,0
2026-08-04 18:56:29.065000+05:30,28.6,78.3,412,0,24.3,85.5,0,957.3,27.7,78.4,412,0,24.8,85.2,450,0,21.2,81.5,427,0,0,0,0,0,19.2,75.9,0,1,0,0,24.461543278590323,21.2,21.2,0.0,10.0,0.0076180628355009,441.37316910730186,0.1064335999999999,0.0039985192316676,12.871984430836136,12.87195570555925,0.0092356277134275,75.9,19.2,1.0,0.0,14:30:00,0
2026-08-04 18:56:29.065000+05:30,28.6,78.3,412,0,24.3,85.5,0,957.3,27.7,78.4,412,0,24.8,85.2,450,0,21.2,81.5,427,0,0,0,0,0,19.2,75.9,0,1,0,0,24.461543278590323,21.2,21.2,0.0,10.0,0.0076180628355009,441.37316910730186,0.1064335999999999,0.0039985192316676,12.871984430836136,12.87195570555925,0.0092356277134275,75.9,19.2,1.0,0.0,14:30:00,0
2026-08-04 18:56:34.065000+05:30,28.6,78.4,413,0,24.3,85.3,0,957.4,27.7,78.0,424,0,24.8,85.2,449,0,21.2,81.5,436,0,0,0,0,0,19.2,75.9,0,1,0,0,24.46156460256389,21.1,21.1,0.0,10.0,0.0076180628355009,435.8875285897067,0.1064336,0.0039990470426612,12.870801735373114,12.870781873782374,0.0092349026917106,75.9,19.2,1.0,0.0,14:30:00,0
2026-08-04 18:56:34.065000+05:30,28.6,78.4,413,0,24.3,85.3,0,957.4,27.7,78.0,424,0,24.8,85.2,449,0,21.2,81.5,436,0,0,0,0,0,19.2,75.9,0,1,0,0,24.46156460256389,21.1,21.1,0.0,10.0,0.0076180628355009,435.8875285897067,0.1064336,0.0039990470426612,12.870801735373114,12.870781873782374,0.0092349026917106,75.9,19.2,1.0,0.0,14:30:00,0
2026-08-04 18:56:39.066000+05:30,28.6,78.5,422,0,24.3,85.3,0,957.4,27.7,78.0,424,0,24.8,85.2,456,0,21.1,81.6,448,0,0,0,0,0,19.2,75.9,0,1,0,0,24.46159431720185,21.1,21.1,0.0,10.000000000000002,0.0076180628355009,441.3289753315677,0.1064336,0.0039997825393802,12.870004660251936,12.869999589746556,0.0092344140936439,75.9,19.2,1.0,0.0,14:30:00,0
2026-08-04 18:56:39.066000+05:30,28.6,78.5,422,0,24.3,85.3,0,957.4,27.7,78.0,424,0,24.8,85.2,456,0,21.1,81.6,448,0,0,0,0,0,19.2,75.9,0,1,0,0,24.46159431720185,21.1,21.1,0.0,10.000000000000002,0.0076180628355009,441.3289753315677,0.1064336,0.0039997825393802,12.870004660251936,12.869999589746556,0.0092344140936439,75.9,19.2,1.0,0.0,14:30:00,0
2026-08-04 18:56:44.067000+05:30,28.6,78.6,439,0,24.3,84.8,0,957.3,27.7,77.6,420,0,24.7,85.2,453,0,21.1,81.9,434,0,0,0,0,0,19.2,75.9,0,1,0,0,24.461554101457587,21.0,21.0,0.0,10.000000000000002,0.0076180628355009,441.9783166053144,0.1064335999999999,0.0039987871192781,12.869546816706336,12.869521346147955,0.0092341334511939,75.9,19.2,1.0,0.0,14:30:00,0
2026-08-04 18:56:44.067000+05:30,28.6,78.6,439,0,24.3,84.8,0,957.3,27.7,77.6,420,0,24.7,85.2,453,0,21.1,81.9,434,0,0,0,0,0,19.2,75.9,0,1,0,0,24.461554101457587,21.0,21.0,0.0,10.000000000000002,0.0076180628355009,441.9783166053144,0.1064335999999999,0.0039987871192781,12.869546816706336,12.869521346147955,0.0092341334511939,75.9,19.2,1.0,0.0,14:30:00,0
2026-08-04 18:56:49.068000+05:30,28.6,78.8,444,0,24.3,84.6,0,957.3,27.7,77.3,412,0,24.7,85.2,460,0,21.0,82.0,432,0,0,0,0,0,19.2,75.9,0,1,0,0,24.461506534671173,21.0,21.0,0.0,10.000000000000002,0.0076180628355009,442.4578878699755,0.1064336,0.0039976097461808,12.869295642329195,12.86920156107706,0.0092339794931322,75.9,19.2,1.0,0.0,14:30:00,0
2026-08-04 18:56:49.068000+05:30,28.6,78.8,444,0,24.3,84.6,0,957.3,27.7,77.3,412,0,24.7,85.2,460,0,21.0,82.0,432,0,0,0,0,0,19.2,75.9,0,1,0,0,24.461506534671173,21.0,21.0,0.0,10.000000000000002,0.0076180628355009,442.4578878699755,0.1064336,0.0039976097461808,12.869295642329195,12.86920156107706,0.0092339794931322,75.9,19.2,1.0,0.0,14:30:00,0
2026-08-04 18:56:54.067000+05:30,28.6,78.8,677,0,24.3,84.4,0,957.3,27.7,77.0,421,0,24.7,85.1,446,0,21.0,82.1,415,0,0,0,0,0,19.2,75.9,0,1,0,0,24.461560658594408,21.0,21.0,0.0,10.0,0.0076180628355009,459.5039655165022,0.1064336,0.0039989494215287,12.869175372741044,12.869123318037836,0.0092339057743551,75.9,19.2,1.0,0.0,14:30:00,0
2026-08-04 18:56:54.067000+05:30,28.6,78.8,677,0,24.3,84.4,0,957.3,27.7,77.0,421,0,24.7,85.1,446,0,21.0,82.1,415,0,0,0,0,0,19.2,75.9,0,1,0,0,24.461560658594408,21.0,21.0,0.0,10.0,0.0076180628355009,459.5039655165022,0.1064336,0.0039989494215287,12.869175372741044,12.869123318037836,0.0092339057743551,75.9,19.2,1.0,0.0,14:30:00,0
2026-08-04 18:56:59.067000+05:30,28.6,79.3,462,0,24.3,84.4,0,957.3,27.7,77.0,439,0,24.7,85.1,467,0,21.0,82.1,428,0,0,0,0,0,19.2,75.9,0,1,0,0,24.4615739293418,20.9,20.9,0.0,10.0,0.0076180628355009,475.5183485323515,0.1064336,0.0039992778990681,12.869220050123268,12.869187213070628,0.0092339331591215,75.9,19.2,1.0,0.0,14:30:00,0
2026-08-04 18:56:59.067000+05:30,28.6,79.3,462,0,24.3,84.4,0,957.3,27.7,77.0,439,0,24.7,85.1,467,0,21.0,82.1,428,0,0,0,0,0,19.2,75.9,0,1,0,0,24.4615739293418,20.9,20.9,0.0,10.0,0.0076180628355009,475.5183485323515,0.1064336,0.0039992778990681,12.869220050123268,12.869187213070628,0.0092339331591215,75.9,19.2,1.0,0.0,14:30:00,0
2026-08-04 18:57:04.066000+05:30,28.6,79.0,444,0,24.3,84.0,0,957.4,27.7,76.7,435,0,24.7,84.9,450,0,20.9,82.2,414,0,0,0,0,0,19.2,75.9,0,1,0,0,24.461513449689235,20.9,20.9,0.0,10.0,0.0076180628355009,422.443767873577,0.1064336,0.0039977809067079,12.869106734761507,12.869054744981383,0.0092338637032086,75.9,19.2,1.0,0.0,14:30:00,0
2026-08-04 18:57:04.066000+05:30,28.6,79.0,444,0,24.3,84.0,0,957.4,27.7,76.7,435,0,24.7,84.9,450,0,20.9,82.2,414,0,0,0,0,0,19.2,75.9,0,1,0,0,24.461513449689235,20.9,20.9,0.0,10.0,0.0076180628355009,422.443767873577,0.1064336,0.0039977809067079,12.869106734761507,12.869054744981383,0.0092338637032086,75.9,19.2,1.0,0.0,14:30:00,0
2026-08-04 18:57:09.067000+05:30,28.6,79.0,437,0,24.3,83.8,0,957.3,27.7,76.3,402,0,24.7,84.8,454,0,20.9,82.3,425,0,0,0,0,0,19.2,75.9,0,1,0,0,24.46154690648048,20.8,20.8,0.0,10.0,0.0076180628355009,448.0278387597841,0.1064335999999999,0.0039986090292048,12.869162199485896,12.869130671623054,0.0092338976998916,75.9,19.2,1.0,0.0,14:30:00,0
2026-08-04 18:57:09.067000+05:30,28.6,79.0,437,0,24.3,83.8,0,957.3,27.7,76.3,402,0,24.7,84.8,454,0,20.9,82.3,425,0,0,0,0,0,19.2,75.9,0,1,0,0,24.46154690648048,20.8,20.8,0.0,10.0,0.0076180628355009,448.0278387597841,0.1064335999999999,0.0039986090292048,12.869162199485896,12.869130671623054,0.0092338976998916,75.9,19.2,1.0,0.0,14:30:00,0
2026-08-04 18:57:14.067000+05:30,28.6,78.9,443,0,24.3,83.5,0,957.2,27.7,76.1,432,0,24.7,84.7,468,0,20.8,82.4,440,0,0,0,0,0,19.2,75.9,0,1,0,0,24.46155251501646,20.8,20.8,0.0,10.0,0.0076180628355009,421.5418021293775,0.1064336,0.0039987478516874,12.869091413167084,12.869060341569655,0.009233854311973,75.9,19.2,1.0,0.0,14:30:00,0
2026-08-04 18:57:14.067000+05:30,28.6,78.9,443,0,24.3,83.5,0,957.2,27.7,76.1,432,0,24.7,84.7,468,0,20.8,82.4,440,0,0,0,0,0,19.2,75.9,0,1,0,0,24.46155251501646,20.8,20.8,0.0,10.0,0.0076180628355009,421.5418021293775,0.1064336,0.0039987478516874,12.869091413167084,12.869060341569655,0.009233854311973,75.9,19.2,1.0,0.0,14:30:00,0
2026-08-04 18:57:19.067000+05:30,28.6,78.7,461,0,24.3,83.1,0,957.3,27.8,75.7,432,0,24.6,84.4,441,0,20.8,82.5,401,0,0,0,0,0,19.2,75.9,0,1,0,0,24.461556908842496,20.8,20.8,0.0,10.0,0.0076180628355009,423.09717774685487,0.1064336,0.0039988566076694,12.869052657783977,12.869022295976563,0.0092338305572426,75.9,19.2,1.0,0.0,14:30:00,0
2026-08-04 18:57:19.067000+05:30,28.6,78.7,461,0,24.3,83.1,0,957.3,27.8,75.7,432,0,24.6,84.4,441,0,20.8,82.5,401,0,0,0,0,0,19.2,75.9,0,1,0,0,24.461556908842496,20.8,20.8,0.0,10.0,0.0076180628355009,423.09717774685487,0.1064336,0.0039988566076694,12.869052657783977,12.869022295976563,0.0092338305572426,75.9,19.2,1.0,0.0,14:30:00,0
2026-08-04 18:57:24.083000+05:30,28.6,78.8,429,0,24.3,82.9,0,957.3,27.7,75.3,400,0,24.6,84.3,463,0,20.8,82.5,431,0,0,0,0,0,19.2,75.9,0,1,0,0,24.46159131255391,20.7,20.7,0.0,10.0,0.0076180628355009,420.01575226456856,0.1064336,0.0039997081683342,12.86904201717146,12.869028981781474,0.0092338240351935,75.9,19.2,1.0,0.0,14:30:00,0
2026-08-04 18:57:24.083000+05:30,28.6,78.8,429,0,24.3,82.9,0,957.3,27.7,75.3,400,0,24.6,84.3,463,0,20.8,82.5,431,0,0,0,0,0,19.2,75.9,0,1,0,0,24.46159131255391,20.7,20.7,0.0,10.0,0.0076180628355009,420.01575226456856,0.1064336,0.0039997081683342,12.86904201717146,12.869028981781474,0.0092338240351935,75.9,19.2,1.0,0.0,14:30:00,0
2026-08-04 18:57:29.129000+05:30,28.6,78.6,431,0,24.3,82.9,0,957.3,27.7,75.3,409,0,24.6,84.3,449,0,20.7,82.6,410,0,0,0,0,0,19.2,75.9,0,1,0,0,24.46536907845552,20.7,20.7,0.0,10.0,0.0076180628355009,441.9647822904848,0.1064336,0.0040001878065234,12.869333211488474,12.86932684766057,0.0092340025211108,75.9,19.2,1.0,0.0,14:30:00,0
2026-08-04 18:57:29.129000+05:30,28.6,78.6,431,0,24.3,82.9,0,957.3,27.7,75.3,409,0,24.6,84.3,449,0,20.7,82.6,410,0,0,0,0,0,19.2,75.9,0,1,0,0,24.46536907845552,20.7,20.7,0.0,10.0,0.0076180628355009,441.9647822904848,0.1064336,0.0040001878065234,12.869333211488474,12.86932684766057,0.0092340025211108,75.9,19.2,1.0,0.0,14:30:00,0
2026-08-04 18:57:34.130000+05:30,28.7,78.6,442,0,24.3,82.5,0,957.3,27.7,74.9,416,0,24.6,84.2,432,0,20.7,82.6,400,0,0,0,0,0,19.2,75.9,0,1,0,0,24.46538765289465,20.7,20.7,0.0,10.0,0.0076180628355009,441.6169819743878,0.1064336,0.0040006371120746,12.869496268986552,12.869500501168734,0.0092341024676377,75.9,19.2,1.0,0.0,14:30:00,0
2026-08-04 18:57:34.130000+05:30,28.7,78.6,442,0,24.3,82.5,0,957.3,27.7,74.9,416,0,24.6,84.2,432,0,20.7,82.6,400,0,0,0,0,0,19.2,75.9,0,1,0,0,24.46538765289465,20.7,20.7,0.0,10.0,0.0076180628355009,441.6169819743878,0.1064336,0.0040006371120746,12.869496268986552,12.869500501168734,0.0092341024676377,75.9,19.2,1.0,0.0,14:30:00,0
2026-08-04 18:57:39.147000+05:30,28.7,78.6,432,0,24.3,82.2,0,957.3,27.7,74.6,410,0,24.6,84.1,439,0,20.7,82.6,411,0,0,0,0,0,19.2,75.9,0,1,0,0,24.4616148418302,20.6,20.6,0.0,10.0,0.0076180628355009,442.2442416645645,0.1064336,0.0040002905649811,12.869396621850154,12.869397558712176,0.0092340413885452,75.9,19.2,1.0,0.0,14:30:00,0
2026-08-04 18:57:39.147000+05:30,28.7,78.6,432,0,24.3,82.2,0,957.3,27.7,74.6,410,0,24.6,84.1,439,0,20.7,82.6,411,0,0,0,0,0,19.2,75.9,0,1,0,0,24.4616148418302,20.6,20.6,0.0,10.0,0.0076180628355009,442.2442416645645,0.1064336,0.0040002905649811,12.869396621850154,12.869397558712176,0.0092340413885452,75.9,19.2,1.0,0.0,14:30:00,0
2026-08-04 18:57:44.147000+05:30,28.6,78.6,427,0,24.3,82.0,0,957.3,27.7,74.4,418,0,24.6,84.0,434,0,20.6,82.7,422,0,0,0,0,0,19.2,75.9,0,1,0,0,24.46160754723366,20.6,20.6,0.0,10.0,0.0076180628355009,441.9579455302102,0.1064336,0.0040001100091274,12.869377741337996,12.869375677888405,0.0092340298157041,75.9,19.2,1.0,0.0,14:30:00,0
2026-08-04 18:57:44.147000+05:30,28.6,78.6,427,0,24.3,82.0,0,957.3,27.7,74.4,418,0,24.6,84.0,434,0,20.6,82.7,422,0,0,0,0,0,19.2,75.9,0,1,0,0,24.46160754723366,20.6,20.6,0.0,10.0,0.0076180628355009,441.9579455302102,0.1064336,0.0040001100091274,12.869377741337996,12.869375677888405,0.0092340298157041,75.9,19.2,1.0,0.0,14:30:00,0
2026-08-04 18:57:49.164000+05:30,28.6,78.6,404,0,24.3,81.7,0,957.3,27.8,74.2,400,0,24.6,83.7,442,0,20.6,82.8,429,0,0,0,0,0,19.2,75.9,0,1,0,0,24.46524575860966,20.6,20.6,0.0,10.0,0.0076180628355009,435.83063215371214,0.1064336,0.0039972047667176,12.869478538858589,12.869428955339131,0.0092340915998616,75.9,19.2,1.0,0.0,14:30:00,0
2026-08-04 18:57:49.164000+05:30,28.6,78.6,404,0,24.3,81.7,0,957.3,27.8,74.2,400,0,24.6,83.7,442,0,20.6,82.8,429,0,0,0,0,0,19.2,75.9,0,1,0,0,24.46524575860966,20.6,20.6,0.0,10.0,0.0076180628355009,435.83063215371214,0.1064336,0.0039972047667176,12.869478538858589,12.869428955339131,0.0092340915998616,75.9,19.2,1.0,0.0,14:30:00,0
2026-08-04 18:57:54.165000+05:30,28.7,78.6,465,0,24.3,81.5,0,957.3,27.7,74.1,424,0,24.5,83.5,65535,0,20.6,82.9,419,0,0,0,0,0,19.2,75.9,0,1,0,0,24.465290172347096,20.5,20.5,0.0,10.000000000000004,0.0076180628355009,459.1222929288565,0.1064336,0.0039982791108004,12.869674224474974,12.869644354901062,0.0092342115470347,75.9,19.2,1.0,0.0,14:30:00,0
2026-08-04 18:57:54.165000+05:30,28.7,78.6,465,0,24.3,81.5,0,957.3,27.7,74.1,424,0,24.5,83.5,65535,0,20.6,82.9,419,0,0,0,0,0,19.2,75.9,0,1,0,0,24.465290172347096,20.5,20.5,0.0,10.000000000000004,0.0076180628355009,459.1222929288565,0.1064336,0.0039982791108004,12.869674224474974,12.869644354901062,0.0092342115470347,75.9,19.2,1.0,0.0,14:30:00,0
2026-08-04 18:57:59.165000+05:30,28.7,78.5,442,0,24.3,81.3,0,957.3,27.8,73.9,431,0,24.5,83.5,443,0,20.5,82.9,438,0,0,0,0,0,19.2,75.9,0,1,0,0,24.461561902457746,20.5,20.5,0.0,10.0,0.0076180628355009,474.7787058705192,0.1064336,0.003998980209634,12.86937831188414,12.869355790856194,0.0092340301654211,75.9,19.2,1.0,0.0,14:30:00,0
2026-08-04 18:57:59.165000+05:30,28.7,78.5,442,0,24.3,81.3,0,957.3,27.8,73.9,431,0,24.5,83.5,443,0,20.5,82.9,438,0,0,0,0,0,19.2,75.9,0,1,0,0,24.461561902457746,20.5,20.5,0.0,10.0,0.0076180628355009,474.7787058705192,0.1064336,0.003998980209634,12.86937831188414,12.869355790856194,0.0092340301654211,75.9,19.2,1.0,0.0,14:30:00,0
2026-08-04 18:58:04.165000+05:30,28.6,78.3,456,0,24.3,81.3,0,957.3,27.8,73.9,429,0,24.5,83.5,445,0,20.5,82.9,431,0,0,0,0,0,19.2,75.9,0,1,0,0,24.46159108986741,20.5,20.5,0.0,10.0,0.0076180628355009,420.234581340637,0.1064336,0.0039997026563982,12.86922126665266,12.869214760010998,0.0092339339047878,75.9,19.2,1.0,0.0,14:30:00,0
2026-08-04 18:58:04.165000+05:30,28.6,78.3,456,0,24.3,81.3,0,957.3,27.8,73.9,429,0,24.5,83.5,445,0,20.5,82.9,431,0,0,0,0,0,19.2,75.9,0,1,0,0,24.46159108986741,20.5,20.5,0.0,10.0,0.0076180628355009,420.234581340637,0.1064336,0.0039997026563982,12.86922126665266,12.869214760010998,0.0092339339047878,75.9,19.2,1.0,0.0,14:30:00,0
2026-08-04 18:58:09.165000+05:30,28.6,77.9,431,0,24.3,81.0,0,957.3,27.8,73.6,413,0,24.5,83.3,417,0,20.5,83.1,423,0,0,0,0,0,19.2,75.9,0,1,0,0,24.46160727422435,20.4,20.4,0.0,10.0,0.0076180628355009,441.0940305388736,0.1064336,0.0040001032516011,12.869132694151691,12.869129914254533,0.0092338796148063,75.9,19.2,1.0,0.0,14:30:00,0
2026-08-04 18:58:09.165000+05:30,28.6,77.9,431,0,24.3,81.0,0,957.3,27.8,73.6,413,0,24.5,83.3,417,0,20.5,83.1,423,0,0,0,0,0,19.2,75.9,0,1,0,0,24.46160727422435,20.4,20.4,0.0,10.0,0.0076180628355009,441.0940305388736,0.1064336,0.0040001032516011,12.869132694151691,12.869129914254533,0.0092338796148063,75.9,19.2,1.0,0.0,14:30:00,0
2026-08-04 18:58:14.166000+05:30,28.6,77.9,425,0,24.3,80.8,0,957.3,27.8,73.4,400,0,24.5,83.1,444,0,20.4,83.1,426,0,0,0,0,0,19.2,75.9,0,1,0,0,24.46537398036282,20.4,20.4,0.0,10.000000000000002,0.0076180628355009,441.9456997572969,0.1064336,0.0040003063809872,12.869419429380011,12.869423262393072,0.0092340553684757,75.9,19.2,1.0,0.0,14:30:00,0
2026-08-04 18:58:14.166000+05:30,28.6,77.9,425,0,24.3,80.8,0,957.3,27.8,73.4,400,0,24.5,83.1,444,0,20.4,83.1,426,0,0,0,0,0,19.2,75.9,0,1,0,0,24.46537398036282,20.4,20.4,0.0,10.000000000000002,0.0076180628355009,441.9456997572969,0.1064336,0.0040003063809872,12.869419429380011,12.869423262393072,0.0092340553684757,75.9,19.2,1.0,0.0,14:30:00,0
2026-08-04 18:58:19.229000+05:30,28.7,77.9,426,0,24.3,80.6,0,957.3,27.8,73.2,409,0,24.5,83.0,432,0,20.4,83.1,405,0,0,0,0,0,19.2,75.9,0,1,0,0,24.46161069257217,20.4,20.4,0.0,10.0,0.0076180628355009,441.9265184745479,0.1064336,0.0040001878625463,12.86931172737904,12.869315211941087,0.0092339893524411,75.9,19.2,1.0,0.0,14:30:00,0
2026-08-04 18:58:19.229000+05:30,28.7,77.9,426,0,24.3,80.6,0,957.3,27.8,73.2,409,0,24.5,83.0,432,0,20.4,83.1,405,0,0,0,0,0,19.2,75.9,0,1,0,0,24.46161069257217,20.4,20.4,0.0,10.0,0.0076180628355009,441.9265184745479,0.1064336,0.0040001878625463,12.86931172737904,12.869315211941087,0.0092339893524411,75.9,19.2,1.0,0.0,14:30:00,0
2026-08-04 18:58:24.230000+05:30,28.6,77.9,429,0,24.3,80.3,0,957.2,27.8,72.9,416,0,24.5,82.8,456,0,20.4,83.3,422,0,0,0,0,0,19.2,75.9,0,1,0,0,24.46153085441672,20.4,20.4,0.0,10.000000000000004,0.0076180628355009,589.4168717970617,0.1064336,0.0039982117085226,12.941285832742464,12.941252521241855,0.0092782004419438,75.9,19.2,1.0,0.0,14:30:00,0
2026-08-04 18:58:24.230000+05:30,28.6,77.9,429,0,24.3,80.3,0,957.2,27.8,72.9,416,0,24.5,82.8,456,0,20.4,83.3,422,0,0,0,0,0,19.2,75.9,0,1,0,0,24.46153085441672,20.4,20.4,0.0,10.000000000000004,0.0076180628355009,589.4168717970617,0.1064336,0.0039982117085226,12.941285832742464,12.941252521241855,0.0092782004419438,75.9,19.2,1.0,0.0,14:30:00,0
2026-08-04 18:58:29.229000+05:30,28.6,78.2,401,0,24.3,80.0,0,957.3,27.8,72.7,435,0,24.4,82.6,445,0,20.4,83.3,425,0,0,0,0,0,19.2,75.9,0,1,0,0,24.461549610295265,20.4,20.4,0.0,16.163749162953703,0.0076180628355009,501.4125074939816,0.1064335999999999,0.0039986759540283,12.956049689590904,13.044881635370745,0.0092872927769493,75.9,19.2,1.0,0.0,14:30:00,0
2026-08-04 18:58:29.229000+05:30,28.6,78.2,401,0,24.3,80.0,0,957.3,27.8,72.7,435,0,24.4,82.6,445,0,20.4,83.3,425,0,0,0,0,0,19.2,75.9,0,1,0,0,24.461549610295265,20.4,20.4,0.0,16.163749162953703,0.0076180628355009,501.4125074939816,0.1064335999999999,0.0039986759540283,12.956049689590904,13.044881635370745,0.0092872927769493,75.9,19.2,1.0,0.0,14:30:00,0
2026-08-04 18:58:34.229000+05:30,28.6,78.3,437,0,24.3,79.8,0,957.2,27.8,72.6,408,0,24.4,82.6,443,0,20.4,83.4,423,0,0,0,0,0,19.2,75.9,0,1,0,0,24.461599959304166,20.4,20.4,0.0,16.12665462910288,0.0076180628355009,498.4950450129692,0.1064336,0.0039999221926966,12.964582846944769,13.11014477564734,0.0092925515735558,75.9,19.2,1.0,0.0,14:30:00,0
2026-08-04 18:58:34.229000+05:30,28.6,78.3,437,0,24.3,79.8,0,957.2,27.8,72.6,408,0,24.4,82.6,443,0,20.4,83.4,423,0,0,0,0,0,19.2,75.9,0,1,0,0,24.461599959304166,20.4,20.4,0.0,16.12665462910288,0.0076180628355009,498.4950450129692,0.1064336,0.0039999221926966,12.964582846944769,13.11014477564734,0.0092925515735558,75.9,19.2,1.0,0.0,14:30:00,0
2026-08-04 18:58:39.230000+05:30,28.6,78.4,414,0,24.3,79.7,0,957.3,27.8,72.6,411,0,24.4,82.6,438,0,20.4,83.4,412,0,0,0,0,0,19.2,75.9,0,1,0,0,24.46163043672217,20.3,20.3,0.0,16.162982689527883,0.0076180628355009,499.6254333837642,0.1064336,0.0040006765697471,12.969514214994753,13.150435910165555,0.0092955918844927,75.9,19.2,1.0,0.0,14:30:00,0
2026-08-04 18:58:39.230000+05:30,28.6,78.4,414,0,24.3,79.7,0,957.3,27.8,72.6,411,0,24.4,82.6,438,0,20.4,83.4,412,0,0,0,0,0,19.2,75.9,0,1,0,0,24.46163043672217,20.3,20.3,0.0,16.162982689527883,0.0076180628355009,499.6254333837642,0.1064336,0.0040006765697471,12.969514214994753,13.150435910165555,0.0092955918844927,75.9,19.2,1.0,0.0,14:30:00,0
2026-08-04 18:58:44.233000+05:30,28.6,78.2,406,0,24.3,79.7,0,957.3,27.8,72.5,405,0,24.4,82.6,452,0,20.3,83.5,440,0,0,0,0,0,19.2,75.9,0,1,0,0,24.46163699931968,20.3,20.3,0.0,16.160738169904935,0.0076180628355009,497.7115298396826,0.1064336,0.0040008390071607,12.97189873745024,13.171869169422706,0.0092970623218301,75.9,19.2,1.0,0.0,14:30:00,0
2026-08-04 18:58:44.233000+05:30,28.6,78.2,406,0,24.3,79.7,0,957.3,27.8,72.5,405,0,24.4,82.6,452,0,20.3,83.5,440,0,0,0,0,0,19.2,75.9,0,1,0,0,24.46163699931968,20.3,20.3,0.0,16.160738169904935,0.0076180628355009,497.7115298396826,0.1064336,0.0040008390071607,12.97189873745024,13.171869169422706,0.0092970623218301,75.9,19.2,1.0,0.0,14:30:00,0
2026-08-04 18:58:49.234000+05:30,28.6,78.1,410,0,24.3,79.5,0,957.3,27.8,72.3,420,0,24.3,82.6,462,0,20.3,83.6,418,0,0,0,0,0,19.2,75.9,0,1,0,0,24.46164083534537,20.3,20.3,0.0,16.205865811567737,0.0076180628355009,500.5198432660645,0.1064335999999999,0.0040009339564686,12.973230200715316,13.18429458007491,0.0092978834714641,75.9,19.2,1.0,0.0,14:30:00,0
2026-08-04 18:58:49.234000+05:30,28.6,78.1,410,0,24.3,79.5,0,957.3,27.8,72.3,420,0,24.3,82.6,462,0,20.3,83.6,418,0,0,0,0,0,19.2,75.9,0,1,0,0,24.46164083534537,20.3,20.3,0.0,16.205865811567737,0.0076180628355009,500.5198432660645,0.1064335999999999,0.0040009339564686,12.973230200715316,13.18429458007491,0.0092978834714641,75.9,19.2,1.0,0.0,14:30:00,0
2026-08-04 18:58:54.236000+05:30,28.6,77.9,423,0,24.3,79.3,0,957.3,27.7,72.1,439,0,24.3,82.6,457,0,20.3,83.7,436,0,0,0,0,0,19.2,75.9,0,1,0,0,24.461642714824567,20.3,20.3,0.0,16.1483420029286,0.0076180628355009,496.9349662379005,0.1064336,0.0040009804773376,12.973798934644794,13.191090667187408,0.0092982342449857,75.9,19.2,1.0,0.0,14:30:00,0
2026-08-04 18:58:54.236000+05:30,28.6,77.9,423,0,24.3,79.3,0,957.3,27.7,72.1,439,0,24.3,82.6,457,0,20.3,83.7,436,0,0,0,0,0,19.2,75.9,0,1,0,0,24.461642714824567,20.3,20.3,0.0,16.1483420029286,0.0076180628355009,496.9349662379005,0.1064336,0.0040009804773376,12.973798934644794,13.191090667187408,0.0092982342449857,75.9,19.2,1.0,0.0,14:30:00,0
2026-08-04 18:58:59.236000+05:30,28.6,77.7,424,0,24.3,79.3,0,957.3,27.7,72.1,435,0,24.3,82.6,416,0,20.3,83.7,436,0,0,0,0,0,19.2,75.9,0,1,0,0,24.46164548843339,20.2,20.2,0.0,16.24856293350925,0.0076180628355009,500.6570933279857,0.1064336,0.0040010491297033,12.974458588351824,13.196701743596666,0.0092986411092461,75.9,19.2,1.0,0.0,14:30:00,0
2026-08-04 18:58:59.236000+05:30,28.6,77.7,424,0,24.3,79.3,0,957.3,27.7,72.1,435,0,24.3,82.6,416,0,20.3,83.7,436,0,0,0,0,0,19.2,75.9,0,1,0,0,24.46164548843339,20.2,20.2,0.0,16.24856293350925,0.0076180628355009,500.6570933279857,0.1064336,0.0040010491297033,12.974458588351824,13.196701743596666,0.0092986411092461,75.9,19.2,1.0,0.0,14:30:00,0
2026-08-04 18:59:04.236000+05:30,28.6,77.8,406,0,24.3,78.9,0,957.3,27.8,71.7,426,0,24.4,82.3,435,0,20.2,83.8,416,0,0,0,0,0,19.2,75.9,0,1,0,0,24.461645460336094,20.2,20.2,0.0,16.236778098401032,0.0076180628355009,498.1873739511171,0.1064336,0.0040010484342389,12.974947702834609,13.20111364820326,0.0092989427978458,75.9,19.2,1.0,0.0,14:30:00,0
2026-08-04 18:59:04.236000+05:30,28.6,77.8,406,0,24.3,78.9,0,957.3,27.8,71.7,426,0,24.4,82.3,435,0,20.2,83.8,416,0,0,0,0,0,19.2,75.9,0,1,0,0,24.461645460336094,20.2,20.2,0.0,16.236778098401032,0.0076180628355009,498.1873739511171,0.1064336,0.0040010484342389,12.974947702834609,13.20111364820326,0.0092989427978458,75.9,19.2,1.0,0.0,14:30:00,0
2026-08-04 18:59:09.236000+05:30,28.6,77.6,405,0,24.3,78.7,0,957.3,27.8,71.5,419,0,-12.8,82.1,844,0,20.2,83.9,410,0,0,0,0,0,19.2,75.9,0,1,0,0,24.46164992017122,20.2,20.2,0.0,16.237693889121417,0.0076180628355009,497.2701219353778,0.1064336,0.0040011588240779,12.975561815364566,13.20639728245248,0.0092993215983849,75.9,19.2,1.0,0.0,14:30:00,0
2026-08-04 18:59:09.236000+05:30,28.6,77.6,405,0,24.3,78.7,0,957.3,27.8,71.5,419,0,-12.8,82.1,844,0,20.2,83.9,410,0,0,0,0,0,19.2,75.9,0,1,0,0,24.46164992017122,20.2,20.2,0.0,16.237693889121417,0.0076180628355009,497.2701219353778,0.1064336,0.0040011588240779,12.975561815364566,13.20639728245248,0.0092993215983849,75.9,19.2,1.0,0.0,14:30:00,0
2026-08-04 18:59:14.236000+05:30,28.6,77.5,417,0,24.3,78.4,0,957.3,27.8,71.3,424,0,24.3,81.8,448,0,20.2,84.0,437,0,0,0,0,0,19.2,75.9,0,1,0,0,24.461649281571944,20.2,20.2,0.0,16.24964424203223,0.0076180628355009,497.2836104689857,0.1064335999999999,0.0040011430174687,12.975492190537594,13.206287162275142,0.0092992786512899,75.9,19.2,1.0,0.0,14:30:00,0
2026-08-04 18:59:14.236000+05:30,28.6,77.5,417,0,24.3,78.4,0,957.3,27.8,71.3,424,0,24.3,81.8,448,0,20.2,84.0,437,0,0,0,0,0,19.2,75.9,0,1,0,0,24.461649281571944,20.2,20.2,0.0,16.24964424203223,0.0076180628355009,497.2836104689857,0.1064335999999999,0.0040011430174687,12.975492190537594,13.206287162275142,0.0092992786512899,75.9,19.2,1.0,0.0,14:30:00,0
2026-08-04 18:59:19.275000+05:30,28.6,77.4,407,0,24.3,78.2,0,957.2,27.8,71.1,424,0,24.3,81.7,444,0,20.2,84.0,433,0,0,0,0,0,19.2,75.9,0,1,0,0,24.457900935944952,20.2,20.2,0.0,16.219378902566472,0.0076180628355009,494.7504440476449,0.1064336,0.0040014202514263,12.975583540169296,13.209631745356816,0.0092993349990615,75.9,19.2,1.0,0.0,14:30:00,0
2026-08-04 18:59:19.275000+05:30,28.6,77.4,407,0,24.3,78.2,0,957.2,27.8,71.1,424,0,24.3,81.7,444,0,20.2,84.0,433,0,0,0,0,0,19.2,75.9,0,1,0,0,24.457900935944952,20.2,20.2,0.0,16.219378902566472,0.0076180628355009,494.7504440476449,0.1064336,0.0040014202514263,12.975583540169296,13.209631745356816,0.0092993349990615,75.9,19.2,1.0,0.0,14:30:00,0
2026-08-04 18:59:24.312000+05:30,28.5,77.8,418,0,24.3,78.2,0,957.2,27.8,71.1,420,0,24.3,81.7,438,0,20.2,84.0,415,0,0,0,0,0,19.2,75.9,0,1,0,0,24.36541519878806,20.2,20.2,0.0,16.32936367869833,0.0076180628355009,497.9762575615852,0.1064336,0.0040013034322112,12.96916427622502,13.206682998003924,0.0092953761091393,75.9,19.2,1.0,0.0,14:30:00,0
2026-08-04 18:59:24.312000+05:30,28.5,77.8,418,0,24.3,78.2,0,957.2,27.8,71.1,420,0,24.3,81.7,438,0,20.2,84.0,415,0,0,0,0,0,19.2,75.9,0,1,0,0,24.36541519878806,20.2,20.2,0.0,16.32936367869833,0.0076180628355009,497.9762575615852,0.1064336,0.0040013034322112,12.96916427622502,13.206682998003924,0.0092953761091393,75.9,19.2,1.0,0.0,14:30:00,0
2026-08-04 18:59:29.313000+05:30,28.6,77.9,416,0,24.2,78.1,0,957.3,27.8,71.0,430,0,24.2,81.6,452,0,20.2,84.0,420,0,0,0,0,0,19.2,75.9,0,1,0,0,24.365414038772748,20.1,20.1,0.0,16.400398101051863,0.0076180628355009,500.6869997920048,0.1064335999999999,0.0040012753720735,12.965959445308693,13.20687609614361,0.0092934001909005,75.9,19.2,1.0,0.0,14:30:00,0
2026-08-04 18:59:29.313000+05:30,28.6,77.9,416,0,24.2,78.1,0,957.3,27.8,71.0,430,0,24.2,81.6,452,0,20.2,84.0,420,0,0,0,0,0,19.2,75.9,0,1,0,0,24.365414038772748,20.1,20.1,0.0,16.400398101051863,0.0076180628355009,500.6869997920048,0.1064335999999999,0.0040012753720735,12.965959445308693,13.20687609614361,0.0092934001909005,75.9,19.2,1.0,0.0,14:30:00,0
2026-08-04 18:59:34.313000+05:30,28.6,78.1,453,0,24.2,77.9,0,957.3,27.8,70.9,435,0,24.2,81.6,432,0,20.1,84.1,418,0,0,0,0,0,19.2,75.9,0,1,0,0,24.365425437893563,20.1,20.1,0.0,16.42856132503657,0.0076180628355009,500.29623097537626,0.1064336,0.0040015511105882,12.965063283705994,13.21351805251445,0.009292847735537,75.9,19.2,1.0,0.0,14:30:00,0
2026-08-04 18:59:34.313000+05:30,28.6,78.1,453,0,24.2,77.9,0,957.3,27.8,70.9,435,0,24.2,81.6,432,0,20.1,84.1,418,0,0,0,0,0,19.2,75.9,0,1,0,0,24.365425437893563,20.1,20.1,0.0,16.42856132503657,0.0076180628355009,500.29623097537626,0.1064336,0.0040015511105882,12.965063283705994,13.21351805251445,0.009292847735537,75.9,19.2,1.0,0.0,14:30:00,0
2026-08-04 18:59:39.313000+05:30,28.6,78.3,418,0,24.2,77.7,0,957.7,27.8,70.7,415,0,24.2,81.5,444,0,20.1,84.1,449,0,0,0,0,0,19.2,75.9,0,1,0,0,24.36595774688297,20.6,20.6,0.0,16.463233292420053,0.0076180628355009,502.0169439149736,0.1060901059103462,0.0040014715780583,12.978371356742676,13.228426339909294,0.0093010547729011,74.5,19.3,1.0,0.0,14:30:00,0
2026-08-04 18:59:39.313000+05:30,28.6,78.3,418,0,24.2,77.7,0,957.7,27.8,70.7,415,0,24.2,81.5,444,0,20.1,84.1,449,0,0,0,0,0,19.2,75.9,0,1,0,0,24.36595774688297,20.6,20.6,0.0,16.463233292420053,0.0076180628355009,502.0169439149736,0.1060901059103462,0.0040014715780583,12.978371356742676,13.228426339909294,0.0093010547729011,74.5,19.3,1.0,0.0,14:30:00,0
2026-08-04 18:59:44.313000+05:30,28.6,78.5,425,0,24.2,77.5,0,957.3,27.8,70.6,433,0,24.2,81.5,447,0,20.6,87.5,453,0,0,0,0,0,19.2,75.9,0,1,0,0,24.3653456632968,20.4,20.4,0.0,16.528540249774487,0.0076180628355009,504.2880363441826,0.1064335999999999,0.0039996214066058,12.971795923923352,13.224313368766726,0.0092969989166353,75.9,19.2,1.0,0.0,14:30:00,0
2026-08-04 18:59:44.313000+05:30,28.6,78.5,425,0,24.2,77.5,0,957.3,27.8,70.6,433,0,24.2,81.5,447,0,20.6,87.5,453,0,0,0,0,0,19.2,75.9,0,1,0,0,24.3653456632968,20.4,20.4,0.0,16.528540249774487,0.0076180628355009,504.2880363441826,0.1064335999999999,0.0039996214066058,12.971795923923352,13.224313368766726,0.0092969989166353,75.9,19.2,1.0,0.0,14:30:00,0
2026-08-04 18:59:49.313000+05:30,28.6,78.5,460,0,24.2,77.3,0,957.3,27.8,70.4,424,0,-12.9,81.9,423,0,20.4,87.0,439,0,0,0,0,0,19.3,74.5,0,1,0,0,24.369011410756464,20.2,20.2,0.0,16.52166856042449,0.0076180628355009,507.54666502411953,0.1064336,0.0039974428639754,12.968431090383426,13.22221131915777,0.0092949240348048,75.9,19.2,1.0,0.0,14:30:00,0
2026-08-04 18:59:49.313000+05:30,28.6,78.5,460,0,24.2,77.3,0,957.3,27.8,70.4,424,0,-12.9,81.9,423,0,20.4,87.0,439,0,0,0,0,0,19.3,74.5,0,1,0,0,24.369011410756464,20.2,20.2,0.0,16.52166856042449,0.0076180628355009,507.54666502411953,0.1064336,0.0039974428639754,12.968431090383426,13.22221131915777,0.0092949240348048,75.9,19.2,1.0,0.0,14:30:00,0
2026-08-04 18:59:54.314000+05:30,28.7,78.5,462,0,24.2,77.1,0,957.8,27.8,70.2,413,0,24.1,81.6,842,0,20.2,86.0,413,0,0,0,0,0,19.2,75.9,0,1,0,0,24.46566486006288,20.6,20.6,0.0,16.34709408956976,0.0076180628355009,502.88191230829614,0.1062106323396159,0.0039989476235753,12.981545957175811,13.227865842081986,0.0093030134968985,74.9,19.2,1.0,0.0,14:30:00,0
2026-08-04 18:59:54.314000+05:30,28.7,78.5,462,0,24.2,77.1,0,957.8,27.8,70.2,413,0,24.1,81.6,842,0,20.2,86.0,413,0,0,0,0,0,19.2,75.9,0,1,0,0,24.46566486006288,20.6,20.6,0.0,16.34709408956976,0.0076180628355009,502.88191230829614,0.1062106323396159,0.0039989476235753,12.981545957175811,13.227865842081986,0.0093030134968985,74.9,19.2,1.0,0.0,14:30:00,0
2026-08-04 18:59:59.314000+05:30,28.7,78.4,418,0,24.3,77.0,0,957.7,27.8,70.1,400,0,24.1,81.9,430,0,20.6,88.8,473,0,0,0,0,0,19.2,75.9,0,1,0,0,24.465354610696043,20.6,20.6,0.0,16.351341583402732,0.0076180628355009,504.1298351840594,0.1064336,0.0039998378393132,12.980159091329517,13.22630925855287,0.0093021577571176,75.9,19.2,1.0,0.0,14:30:00,0
2026-08-04 18:59:59.314000+05:30,28.7,78.4,418,0,24.3,77.0,0,957.7,27.8,70.1,400,0,24.1,81.9,430,0,20.6,88.8,473,0,0,0,0,0,19.2,75.9,0,1,0,0,24.465354610696043,20.6,20.6,0.0,16.351341583402732,0.0076180628355009,504.1298351840594,0.1064336,0.0039998378393132,12.980159091329517,13.22630925855287,0.0093021577571176,75.9,19.2,1.0,0.0,14:30:00,0
2026-08-04 19:00:04.315000+05:30,28.7,78.3,433,0,24.3,77.0,0,957.7,27.8,70.1,423,0,24.1,81.9,423,0,20.6,88.8,425,0,0,0,0,0,19.2,74.9,0,1,0,0,24.369137004587465,20.3,20.3,0.0,16.35484232277313,0.0076180628355009,505.0179342215018,0.1064335999999999,0.0040004133981022,12.972032826693596,13.216926091523128,0.0092971450153704,75.9,19.2,1.0,0.0,14:30:00,0
2026-08-04 19:00:04.315000+05:30,28.7,78.3,433,0,24.3,77.0,0,957.7,27.8,70.1,423,0,24.1,81.9,423,0,20.6,88.8,425,0,0,0,0,0,19.2,74.9,0,1,0,0,24.369137004587465,20.3,20.3,0.0,16.35484232277313,0.0076180628355009,505.0179342215018,0.1064335999999999,0.0040004133981022,12.972032826693596,13.216926091523128,0.0092971450153704,75.9,19.2,1.0,0.0,14:30:00,0
2026-08-04 19:00:09.314000+05:30,28.7,78.0,429,0,24.2,76.9,0,957.3,27.7,70.1,411,0,24.0,82.0,446,0,20.3,87.8,428,0,0,0,0,0,19.2,75.9,0,1,0,0,24.3691509439128,20.0,20.0,0.0,16.36506629502558,0.0076180628355009,506.1334567388324,0.1064336,0.0040007430897858,12.967689548532803,13.212461574061038,0.0092944668283062,75.9,19.2,1.0,0.0,14:30:00,0
2026-08-04 19:00:09.314000+05:30,28.7,78.0,429,0,24.2,76.9,0,957.3,27.7,70.1,411,0,24.0,82.0,446,0,20.3,87.8,428,0,0,0,0,0,19.2,75.9,0,1,0,0,24.3691509439128,20.0,20.0,0.0,16.36506629502558,0.0076180628355009,506.1334567388324,0.1064336,0.0040007430897858,12.967689548532803,13.212461574061038,0.0092944668283062,75.9,19.2,1.0,0.0,14:30:00,0
2026-08-04 19:00:14.314000+05:30,28.7,78.0,449,0,24.2,76.9,0,957.7,27.8,70.0,432,0,24.0,81.8,430,0,20.0,86.1,400,0,0,0,0,0,19.2,75.9,0,1,0,0,24.365398575474508,19.8,19.8,0.0,16.378587726122575,0.0076180628355009,505.8300339903834,0.1064335999999999,0.0040009013233235,12.965218877921458,13.211141649166407,0.0092929436523502,75.9,19.2,1.0,0.0,14:30:00,0
2026-08-04 19:00:14.314000+05:30,28.7,78.0,449,0,24.2,76.9,0,957.7,27.8,70.0,432,0,24.0,81.8,430,0,20.0,86.1,400,0,0,0,0,0,19.2,75.9,0,1,0,0,24.365398575474508,19.8,19.8,0.0,16.378587726122575,0.0076180628355009,505.8300339903834,0.1064335999999999,0.0040009013233235,12.965218877921458,13.211141649166407,0.0092929436523502,75.9,19.2,1.0,0.0,14:30:00,0
2026-08-04 19:00:19.314000+05:30,28.6,78.0,420,0,24.2,76.7,0,956.9,27.7,69.8,433,0,-19.2,81.4,867,0,19.8,84.5,416,0,0,0,0,0,19.2,75.9,0,1,0,0,24.365396876170905,19.7,19.7,0.0,16.474590019575242,0.0076180628355009,512.8357259277989,0.1064336,0.0040008602180963,12.964226226444474,13.212261258496056,0.0092923317427429,75.9,19.2,1.0,0.0,14:30:00,0
2026-08-04 19:00:19.314000+05:30,28.6,78.0,420,0,24.2,76.7,0,956.9,27.7,69.8,433,0,-19.2,81.4,867,0,19.8,84.5,416,0,0,0,0,0,19.2,75.9,0,1,0,0,24.365396876170905,19.7,19.7,0.0,16.474590019575242,0.0076180628355009,512.8357259277989,0.1064336,0.0040008602180963,12.964226226444474,13.212261258496056,0.0092923317427429,75.9,19.2,1.0,0.0,14:30:00,0
2026-08-04 19:00:24.315000+05:30,28.6,78.1,454,0,24.2,76.6,0,956.9,27.8,69.8,428,0,23.9,81.3,418,0,19.7,84.9,410,0,0,0,0,0,19.2,75.9,0,1,0,0,24.36539472197397,19.0,19.0,0.0,16.178194758788262,0.0076180628355009,492.05000972760814,0.1064335999999999,0.0040008081092475,12.96161154194132,13.200497859236402,0.0092907201208303,75.9,19.2,1.0,0.0,14:30:00,0
2026-08-04 19:00:24.315000+05:30,28.6,78.1,454,0,24.2,76.6,0,956.9,27.8,69.8,428,0,23.9,81.3,418,0,19.7,84.9,410,0,0,0,0,0,19.2,75.9,0,1,0,0,24.36539472197397,19.0,19.0,0.0,16.178194758788262,0.0076180628355009,492.05000972760814,0.1064335999999999,0.0040008081092475,12.96161154194132,13.200497859236402,0.0092907201208303,75.9,19.2,1.0,0.0,14:30:00,0
2026-08-04 19:00:29.315000+05:30,28.6,78.2,435,0,24.2,76.6,0,956.9,27.8,69.7,409,0,23.7,81.0,470,0,19.0,83.6,440,0,0,0,0,0,19.2,75.9,0,1,0,0,24.36539959365307,19.1,19.1,0.0,16.265403627754598,0.0076180628355009,496.6997055727076,0.1064336,0.0040009259525075,12.961144225974444,13.19990052219579,0.0092904321061205,75.9,19.2,1.0,0.0,14:30:00,0
2026-08-04 19:00:29.315000+05:30,28.6,78.2,435,0,24.2,76.6,0,956.9,27.8,69.7,409,0,23.7,81.0,470,0,19.0,83.6,440,0,0,0,0,0,19.2,75.9,0,1,0,0,24.36539959365307,19.1,19.1,0.0,16.265403627754598,0.0076180628355009,496.6997055727076,0.1064336,0.0040009259525075,12.961144225974444,13.19990052219579,0.0092904321061205,75.9,19.2,1.0,0.0,14:30:00,0
2026-08-04 19:00:34.354000+05:30,28.6,78.3,426,0,24.2,76.6,0,956.8,27.7,69.8,414,0,23.7,81.3,443,0,19.1,84.3,485,0,0,0,0,0,19.2,75.9,0,1,0,0,24.46160905590678,19.1,19.1,0.0,16.24160352923858,0.0076180628355009,495.73222094824735,0.1064335999999999,0.0040001473518046,12.967464285723342,13.202365853629564,0.0092943279438211,75.9,19.2,1.0,0.0,14:30:00,0
2026-08-04 19:00:34.354000+05:30,28.6,78.3,426,0,24.2,76.6,0,956.8,27.7,69.8,414,0,23.7,81.3,443,0,19.1,84.3,485,0,0,0,0,0,19.2,75.9,0,1,0,0,24.46160905590678,19.1,19.1,0.0,16.24160352923858,0.0076180628355009,495.73222094824735,0.1064335999999999,0.0040001473518046,12.967464285723342,13.202365853629564,0.0092943279438211,75.9,19.2,1.0,0.0,14:30:00,0
2026-08-04 19:00:39.354000+05:30,28.6,78.4,437,0,24.3,76.2,0,957.3,27.7,69.5,407,0,23.7,81.9,442,0,19.1,85.1,493,0,0,0,0,0,19.2,75.9,0,1,0,0,24.36531079977948,19.1,19.1,0.0,16.180447326991747,0.0076180628355009,494.10737251622487,0.1064336,0.0039987780771383,12.963389767783026,13.19462596390606,0.0092918161446188,75.9,19.2,1.0,0.0,14:30:00,0
2026-08-04 19:00:39.354000+05:30,28.6,78.4,437,0,24.3,76.2,0,957.3,27.7,69.5,407,0,23.7,81.9,442,0,19.1,85.1,493,0,0,0,0,0,19.2,75.9,0,1,0,0,24.36531079977948,19.1,19.1,0.0,16.180447326991747,0.0076180628355009,494.10737251622487,0.1064336,0.0039987780771383,12.963389767783026,13.19462596390606,0.0092918161446188,75.9,19.2,1.0,0.0,14:30:00,0
2026-08-04 19:00:44.372000+05:30,28.6,78.6,440,0,24.2,76.0,0,957.1,27.7,69.3,404,0,23.7,82.3,448,0,19.1,85.1,447,0,0,0,0,0,19.2,75.9,0,1,0,0,24.365348702960947,19.0,19.0,0.0,16.13272106443822,0.0076180628355009,492.2845759258916,0.1064336,0.0039996949344237,12.961192554832706,13.190721596257236,0.0092904618916394,75.9,19.2,1.0,0.0,14:30:00,0
2026-08-04 19:00:44.372000+05:30,28.6,78.6,440,0,24.2,76.0,0,957.1,27.7,69.3,404,0,23.7,82.3,448,0,19.1,85.1,447,0,0,0,0,0,19.2,75.9,0,1,0,0,24.365348702960947,19.0,19.0,0.0,16.13272106443822,0.0076180628355009,492.2845759258916,0.1064336,0.0039996949344237,12.961192554832706,13.190721596257236,0.0092904618916394,75.9,19.2,1.0,0.0,14:30:00,0
2026-08-04 19:00:49.372000+05:30,28.6,78.3,423,0,24.2,76.0,0,957.1,27.7,69.3,411,0,23.7,82.3,457,0,19.0,85.2,442,0,0,0,0,0,19.2,75.9,0,1,0,0,24.36537463316777,19.0,19.0,0.0,16.10199735717844,0.0076180628355009,490.5306212921,0.1064336,0.0040003221719831,12.95941894176952,13.184494260414787,0.0092893688537348,75.9,19.2,1.0,0.0,14:30:00,0
2026-08-04 19:00:49.372000+05:30,28.6,78.3,423,0,24.2,76.0,0,957.1,27.7,69.3,411,0,23.7,82.3,457,0,19.0,85.2,442,0,0,0,0,0,19.2,75.9,0,1,0,0,24.36537463316777,19.0,19.0,0.0,16.10199735717844,0.0076180628355009,490.5306212921,0.1064336,0.0040003221719831,12.95941894176952,13.184494260414787,0.0092893688537348,75.9,19.2,1.0,0.0,14:30:00,0
2026-08-04 19:00:54.398000+05:30,28.6,77.9,428,0,24.2,75.8,0,957.1,27.7,69.2,407,0,23.7,82.5,457,0,19.0,85.2,433,0,0,0,0,0,19.2,75.9,0,1,0,0,24.36538679518013,18.9,18.9,0.0,16.086441433746455,0.0076180628355009,489.0598457433533,0.1064335999999999,0.004000616364428,12.958645854650502,13.18253868053331,0.0092888924536,75.9,19.2,1.0,0.0,14:30:00,0
2026-08-04 19:00:54.398000+05:30,28.6,77.9,428,0,24.2,75.8,0,957.1,27.7,69.2,407,0,23.7,82.5,457,0,19.0,85.2,433,0,0,0,0,0,19.2,75.9,0,1,0,0,24.36538679518013,18.9,18.9,0.0,16.086441433746455,0.0076180628355009,489.0598457433533,0.1064335999999999,0.004000616364428,12.958645854650502,13.18253868053331,0.0092888924536,75.9,19.2,1.0,0.0,14:30:00,0
2026-08-04 19:00:59.397000+05:30,28.6,77.9,433,0,24.2,75.7,0,957.2,27.7,69.1,420,0,23.6,82.5,428,0,18.9,85.3,454,0,0,0,0,0,19.2,75.9,0,1,0,0,24.365405715905663,18.9,18.9,0.0,16.036802973821658,0.0076180628355009,486.4575748293214,0.1064336,0.0040010740464585,12.958275924782876,13.18250567745502,0.0092886644991542,75.9,19.2,1.0,0.0,14:30:00,0
2026-08-04 19:00:59.397000+05:30,28.6,77.9,433,0,24.2,75.7,0,957.2,27.7,69.1,420,0,23.6,82.5,428,0,18.9,85.3,454,0,0,0,0,0,19.2,75.9,0,1,0,0,24.365405715905663,18.9,18.9,0.0,16.036802973821658,0.0076180628355009,486.4575748293214,0.1064336,0.0040010740464585,12.958275924782876,13.18250567745502,0.0092886644991542,75.9,19.2,1.0,0.0,14:30:00,0
2026-08-04 19:01:04.418000+05:30,28.6,78.0,410,0,24.2,75.6,0,957.2,27.7,69.1,412,0,23.6,82.4,449,0,18.9,85.3,439,0,0,0,0,0,19.2,75.9,0,1,0,0,24.365416196505407,18.8,18.8,0.0,15.935599330924736,0.0076180628355009,478.1970137706962,0.1064336,0.0040013275664496,12.9573552023921,13.17816922319971,0.0092880971626894,75.9,19.2,1.0,0.0,14:30:00,0
2026-08-04 19:01:04.418000+05:30,28.6,78.0,410,0,24.2,75.6,0,957.2,27.7,69.1,412,0,23.6,82.4,449,0,18.9,85.3,439,0,0,0,0,0,19.2,75.9,0,1,0,0,24.365416196505407,18.8,18.8,0.0,15.935599330924736,0.0076180628355009,478.1970137706962,0.1064336,0.0040013275664496,12.9573552023921,13.17816922319971,0.0092880971626894,75.9,19.2,1.0,0.0,14:30:00,0
2026-08-04 19:01:09.418000+05:30,28.6,78.1,428,0,24.2,75.7,0,957.2,27.7,69.2,424,0,23.5,82.3,460,0,18.8,85.4,450,0,0,0,0,0,19.2,75.9,0,1,0,0,24.3654119327676,18.8,18.8,0.0,15.819098894685458,0.0076180628355009,472.13769137468336,0.1064336,0.0040012244289577,12.955819239580578,13.168992053932676,0.0092871507927181,75.9,19.2,1.0,0.0,14:30:00,0
2026-08-04 19:01:09.418000+05:30,28.6,78.1,428,0,24.2,75.7,0,957.2,27.7,69.2,424,0,23.5,82.3,460,0,18.8,85.4,450,0,0,0,0,0,19.2,75.9,0,1,0,0,24.3654119327676,18.8,18.8,0.0,15.819098894685458,0.0076180628355009,472.13769137468336,0.1064336,0.0040012244289577,12.955819239580578,13.168992053932676,0.0092871507927181,75.9,19.2,1.0,0.0,14:30:00,0
2026-08-04 19:01:14.419000+05:30,28.6,78.1,422,0,24.2,75.6,0,957.2,27.7,69.2,431,0,23.5,82.3,437,0,18.8,85.4,445,0,0,0,0,0,19.2,75.9,0,1,0,0,24.3654179689029,18.8,18.8,0.0,15.709594043616164,0.0076180628355009,466.3115622994397,0.1064336,0.004001370439778,12.954404913122495,13.160506038171633,0.0092862794444032,75.9,19.2,1.0,0.0,14:30:00,0
2026-08-04 19:01:14.419000+05:30,28.6,78.1,422,0,24.2,75.6,0,957.2,27.7,69.2,431,0,23.5,82.3,437,0,18.8,85.4,445,0,0,0,0,0,19.2,75.9,0,1,0,0,24.3654179689029,18.8,18.8,0.0,15.709594043616164,0.0076180628355009,466.3115622994397,0.1064336,0.004001370439778,12.954404913122495,13.160506038171633,0.0092862794444032,75.9,19.2,1.0,0.0,14:30:00,0
2026-08-04 19:01:19.419000+05:30,28.6,78.2,428,0,24.2,75.6,0,957.2,27.7,69.2,432,0,23.5,82.3,423,0,18.8,85.5,444,0,0,0,0,0,19.2,75.9,0,1,0,0,24.365411281428624,18.8,18.8,0.0,15.6562423743466,0.0076180628355009,466.3829611231478,0.1064335999999999,0.0040012086734231,12.952887474282068,13.150312108336871,0.0092853446514195,75.9,19.2,1.0,0.0,14:30:00,0
2026-08-04 19:01:19.419000+05:30,28.6,78.2,428,0,24.2,75.6,0,957.2,27.7,69.2,432,0,23.5,82.3,423,0,18.8,85.5,444,0,0,0,0,0,19.2,75.9,0,1,0,0,24.365411281428624,18.8,18.8,0.0,15.6562423743466,0.0076180628355009,466.3829611231478,0.1064335999999999,0.0040012086734231,12.952887474282068,13.150312108336871,0.0092853446514195,75.9,19.2,1.0,0.0,14:30:00,0
2026-08-04 19:01:24.418000+05:30,28.6,78.2,428,0,24.2,75.5,0,957.2,27.7,69.1,441,0,23.5,82.2,460,0,18.8,85.7,433,0,0,0,0,0,19.2,75.9,0,1,0,0,24.36540842709593,18.7,18.7,0.0,15.706339150748342,0.0076180628355009,466.32420399379487,0.1064336,0.0040011396286721,12.952577197345864,13.14773939187523,0.0092851535208623,75.9,19.2,1.0,0.0,14:30:00,0
2026-08-04 19:01:24.418000+05:30,28.6,78.2,428,0,24.2,75.5,0,957.2,27.7,69.1,441,0,23.5,82.2,460,0,18.8,85.7,433,0,0,0,0,0,19.2,75.9,0,1,0,0,24.36540842709593,18.7,18.7,0.0,15.706339150748342,0.0076180628355009,466.32420399379487,0.1064336,0.0040011396286721,12.952577197345864,13.14773939187523,0.0092851535208623,75.9,19.2,1.0,0.0,14:30:00,0
2026-08-04 19:01:29.420000+05:30,28.6,78.1,435,0,24.2,75.3,0,957.1,27.7,68.9,444,0,23.4,82.1,447,0,18.7,85.8,446,0,0,0,0,0,19.2,75.9,0,1,0,0,24.36539360961806,18.7,18.7,0.0,15.786565120387769,0.0076180628355009,470.2679081486889,0.1064336,0.0040007812019646,12.952488254322738,13.145920876418725,0.0092850987326211,75.9,19.2,1.0,0.0,14:30:00,0
2026-08-04 19:01:29.420000+05:30,28.6,78.1,435,0,24.2,75.3,0,957.1,27.7,68.9,444,0,23.4,82.1,447,0,18.7,85.8,446,0,0,0,0,0,19.2,75.9,0,1,0,0,24.36539360961806,18.7,18.7,0.0,15.786565120387769,0.0076180628355009,470.2679081486889,0.1064336,0.0040007812019646,12.952488254322738,13.145920876418725,0.0092850987326211,75.9,19.2,1.0,0.0,14:30:00,0
2026-08-04 19:01:34.419000+05:30,28.6,78.2,415,0,24.2,75.1,0,957.1,27.7,68.8,442,0,23.3,82.0,450,0,18.7,86.0,434,0,0,0,0,0,19.2,75.9,0,1,0,0,24.36537807044428,18.7,18.7,0.0,15.546380549596126,0.0076180628355009,425.05488448747553,0.1064336,0.0040004053178268,12.950758712758017,13.134730899364415,0.00928403340551,75.9,19.2,1.0,0.0,14:30:00,0
2026-08-04 19:01:34.419000+05:30,28.6,78.2,415,0,24.2,75.1,0,957.1,27.7,68.8,442,0,23.3,82.0,450,0,18.7,86.0,434,0,0,0,0,0,19.2,75.9,0,1,0,0,24.36537807044428,18.7,18.7,0.0,15.546380549596126,0.0076180628355009,425.05488448747553,0.1064336,0.0040004053178268,12.950758712758017,13.134730899364415,0.00928403340551,75.9,19.2,1.0,0.0,14:30:00,0
2026-08-04 19:01:39.420000+05:30,28.6,78.3,448,0,24.2,75.0,0,957.2,27.7,68.6,420,0,23.3,81.9,416,0,18.7,86.0,438,0,0,0,0,0,19.2,75.9,0,1,0,0,24.36910428350351,18.7,18.7,0.0,14.048345795894075,0.0076180628355009,424.73275202350607,0.1064336,0.0039996394819331,12.939906696425554,13.068163455621988,0.0092773515074373,75.9,19.2,1.0,0.0,14:30:00,0
2026-08-04 19:01:39.420000+05:30,28.6,78.3,448,0,24.2,75.0,0,957.2,27.7,68.6,420,0,23.3,81.9,416,0,18.7,86.0,438,0,0,0,0,0,19.2,75.9,0,1,0,0,24.36910428350351,18.7,18.7,0.0,14.048345795894075,0.0076180628355009,424.73275202350607,0.1064336,0.0039996394819331,12.939906696425554,13.068163455621988,0.0092773515074373,75.9,19.2,1.0,0.0,14:30:00,0
2026-08-04 19:01:44.419000+05:30,28.7,78.3,432,0,24.2,75.0,0,957.2,27.7,68.6,400,0,23.3,81.9,437,0,18.7,86.1,438,0,0,0,0,0,19.2,75.9,0,1,0,0,24.36536027400898,18.7,18.7,0.0,13.964350016632782,0.0076180628355009,422.2847441956657,0.1064335999999999,0.0039999748317642,12.933224914408337,13.026055122627184,0.0092732394882663,75.9,19.2,1.0,0.0,14:30:00,0
2026-08-04 19:01:44.419000+05:30,28.7,78.3,432,0,24.2,75.0,0,957.2,27.7,68.6,400,0,23.3,81.9,437,0,18.7,86.1,438,0,0,0,0,0,19.2,75.9,0,1,0,0,24.36536027400898,18.7,18.7,0.0,13.964350016632782,0.0076180628355009,422.2847441956657,0.1064335999999999,0.0039999748317642,12.933224914408337,13.026055122627184,0.0092732394882663,75.9,19.2,1.0,0.0,14:30:00,0
2026-08-04 19:01:49.420000+05:30,28.6,78.2,442,0,24.2,74.8,0,957.1,27.7,68.3,427,0,23.3,81.7,442,0,18.7,86.2,427,0,0,0,0,0,19.2,75.9,0,1,0,0,24.365375954337665,18.5,18.5,0.0,14.50333755400063,0.0076180628355009,422.7450083599387,0.1064336,0.0040003541303621,12.933510308162386,13.024879006337615,0.0092734150883143,75.9,19.2,1.0,0.0,14:30:00,0
2026-08-04 19:01:49.420000+05:30,28.6,78.2,442,0,24.2,74.8,0,957.1,27.7,68.3,427,0,23.3,81.7,442,0,18.7,86.2,427,0,0,0,0,0,19.2,75.9,0,1,0,0,24.365375954337665,18.5,18.5,0.0,14.50333755400063,0.0076180628355009,422.7450083599387,0.1064336,0.0040003541303621,12.933510308162386,13.024879006337615,0.0092734150883143,75.9,19.2,1.0,0.0,14:30:00,0
2026-08-04 19:01:54.420000+05:30,28.6,78.2,437,0,24.2,74.5,0,956.8,27.7,68.0,434,0,23.2,81.4,462,0,18.5,86.0,446,0,0,0,0,0,19.2,75.9,0,1,0,0,24.3691302206346,18.3,18.3,0.0,13.488587442342196,0.0076180628355009,423.9116965036295,0.1064335999999999,0.0040002529446522,12.927003525219837,12.983619635853442,0.009269412268056,75.9,19.2,1.0,0.0,14:30:00,0
2026-08-04 19:01:54.420000+05:30,28.6,78.2,437,0,24.2,74.5,0,956.8,27.7,68.0,434,0,23.2,81.4,462,0,18.5,86.0,446,0,0,0,0,0,19.2,75.9,0,1,0,0,24.3691302206346,18.3,18.3,0.0,13.488587442342196,0.0076180628355009,423.9116965036295,0.1064335999999999,0.0040002529446522,12.927003525219837,12.983619635853442,0.009269412268056,75.9,19.2,1.0,0.0,14:30:00,0
2026-08-04 19:01:59.420000+05:30,28.7,78.1,419,0,24.2,74.9,0,957.0,27.7,68.5,420,0,23.1,81.5,439,0,18.3,86.0,430,0,0,0,0,0,19.2,75.9,0,1,0,0,24.365364849688746,18.3,18.3,0.0,13.383485344714318,0.0076180628355009,423.54463209982407,0.1064336,0.0040000855149617,12.922401533404743,12.956368666307174,0.0092665821663186,75.9,19.2,1.0,0.0,14:30:00,0
2026-08-04 19:01:59.420000+05:30,28.7,78.1,419,0,24.2,74.9,0,957.0,27.7,68.5,420,0,23.1,81.5,439,0,18.3,86.0,430,0,0,0,0,0,19.2,75.9,0,1,0,0,24.365364849688746,18.3,18.3,0.0,13.383485344714318,0.0076180628355009,423.54463209982407,0.1064336,0.0040000855149617,12.922401533404743,12.956368666307174,0.0092665821663186,75.9,19.2,1.0,0.0,14:30:00,0
2026-08-04 19:02:04.420000+05:30,28.6,77.8,415,0,24.2,74.5,0,957.0,27.6,68.3,420,0,23.0,81.7,449,0,18.3,86.4,462,0,0,0,0,0,19.2,75.9,0,1,0,0,24.365371307806424,18.3,18.3,0.0,13.504394297279822,0.0076180628355009,423.2019730398882,0.1064336,0.0040002417333058,12.920623674139469,12.942861584969917,0.0092654890380302,75.9,19.2,1.0,0.0,14:30:00,0
2026-08-04 19:02:04.420000+05:30,28.6,77.8,415,0,24.2,74.5,0,957.0,27.6,68.3,420,0,23.0,81.7,449,0,18.3,86.4,462,0,0,0,0,0,19.2,75.9,0,1,0,0,24.365371307806424,18.3,18.3,0.0,13.504394297279822,0.0076180628355009,423.2019730398882,0.1064336,0.0040002417333058,12.920623674139469,12.942861584969917,0.0092654890380302,75.9,19.2,1.0,0.0,14:30:00,0
2026-08-04 19:02:09.420000+05:30,28.6,77.7,414,0,24.2,74.5,0,957.0,27.6,68.3,428,0,23.0,81.7,429,0,18.3,86.4,450,0,0,0,0,0,19.2,75.9,0,1,0,0,24.365370134415144,18.2,18.2,0.0,13.446494065188,0.0076180628355009,423.747374180714,0.1064336,0.0040002133496107,12.91933678477469,12.93317918177344,0.0092646978579266,75.9,19.2,1.0,0.0,14:30:00,0
2026-08-04 19:02:09.420000+05:30,28.6,77.7,414,0,24.2,74.5,0,957.0,27.6,68.3,428,0,23.0,81.7,429,0,18.3,86.4,450,0,0,0,0,0,19.2,75.9,0,1,0,0,24.365370134415144,18.2,18.2,0.0,13.446494065188,0.0076180628355009,423.747374180714,0.1064336,0.0040002133496107,12.91933678477469,12.93317918177344,0.0092646978579266,75.9,19.2,1.0,0.0,14:30:00,0
2026-08-04 19:02:14.420000+05:30,28.6,77.8,411,0,24.2,74.1,0,957.0,27.6,68.0,402,0,22.9,81.7,440,0,18.2,86.7,439,0,0,0,0,0,19.2,75.9,0,1,0,0,24.269130281803683,18.1,18.1,0.0,13.466910667119649,0.0076180628355009,421.60667577570354,0.1064336,0.0040002543914179,12.911580672937015,12.92134180234627,0.0092599306802494,75.9,19.2,1.0,0.0,14:30:00,0
2026-08-04 19:02:14.420000+05:30,28.6,77.8,411,0,24.2,74.1,0,957.0,27.6,68.0,402,0,22.9,81.7,440,0,18.2,86.7,439,0,0,0,0,0,19.2,75.9,0,1,0,0,24.269130281803683,18.1,18.1,0.0,13.466910667119649,0.0076180628355009,421.60667577570354,0.1064336,0.0040002543914179,12.911580672937015,12.92134180234627,0.0092599306802494,75.9,19.2,1.0,0.0,14:30:00,0
2026-08-04 19:02:19.420000+05:30,28.6,77.9,418,0,24.1,73.8,0,957.0,27.6,67.7,406,0,22.9,81.8,423,0,18.1,86.9,454,0,0,0,0,0,19.2,75.9,0,1,0,0,24.26915354888476,18.1,18.1,0.0,13.483879185651393,0.0076180628355009,420.0176907776423,0.1064336,0.0040008047023511,12.9073356068162,12.914771433828635,0.00925732244582,75.9,19.2,1.0,0.0,14:30:00,0
2026-08-04 19:02:19.420000+05:30,28.6,77.9,418,0,24.1,73.8,0,957.0,27.6,67.7,406,0,22.9,81.8,423,0,18.1,86.9,454,0,0,0,0,0,19.2,75.9,0,1,0,0,24.26915354888476,18.1,18.1,0.0,13.483879185651393,0.0076180628355009,420.0176907776423,0.1064336,0.0040008047023511,12.9073356068162,12.914771433828635,0.00925732244582,75.9,19.2,1.0,0.0,14:30:00,0
2026-08-04 19:02:24.421000+05:30,28.6,77.8,425,0,24.1,73.4,0,957.0,27.6,67.2,400,0,22.8,81.7,439,0,18.1,87.0,465,0,0,0,0,0,19.2,75.9,0,1,0,0,24.2691517035273,18.1,18.1,0.0,13.620611781855102,0.0076180628355009,442.36459952082936,0.1064336,0.0040007610561206,12.905857079816236,12.91555042345668,0.0092564141706405,75.9,19.2,1.0,0.0,14:30:00,0
2026-08-04 19:02:24.421000+05:30,28.6,77.8,425,0,24.1,73.4,0,957.0,27.6,67.2,400,0,22.8,81.7,439,0,18.1,87.0,465,0,0,0,0,0,19.2,75.9,0,1,0,0,24.2691517035273,18.1,18.1,0.0,13.620611781855102,0.0076180628355009,442.36459952082936,0.1064336,0.0040007610561206,12.905857079816236,12.91555042345668,0.0092564141706405,75.9,19.2,1.0,0.0,14:30:00,0
2026-08-04 19:02:29.422000+05:30,28.6,77.6,441,0,24.1,73.4,0,957.0,27.6,67.2,422,0,22.8,81.7,467,0,18.1,87.0,454,0,0,0,0,0,19.2,75.9,0,1,0,0,24.26914465218073,18.0,18.0,0.0,13.7420726961731,0.0076180628355009,444.82523415406223,0.1064336,0.0040005942782984,12.906066030795678,12.922270245885,0.0092565425266446,75.9,19.2,1.0,0.0,14:30:00,0
2026-08-04 19:02:29.422000+05:30,28.6,77.6,441,0,24.1,73.4,0,957.0,27.6,67.2,422,0,22.8,81.7,467,0,18.1,87.0,454,0,0,0,0,0,19.2,75.9,0,1,0,0,24.26914465218073,18.0,18.0,0.0,13.7420726961731,0.0076180628355009,444.82523415406223,0.1064336,0.0040005942782984,12.906066030795678,12.922270245885,0.0092565425266446,75.9,19.2,1.0,0.0,14:30:00,0
2026-08-04 19:02:34.425000+05:30,28.6,77.4,426,0,24.1,72.9,0,957.0,27.5,66.9,428,0,22.7,81.6,432,0,18.0,87.0,437,0,0,0,0,0,19.2,75.9,0,1,0,0,24.26914138829591,18.0,18.0,0.0,13.824774382610377,0.0076180628355009,444.8438172158644,0.1064336,0.0040005170811848,12.906740927011397,12.92952278719088,0.0092569571179537,75.9,19.2,1.0,0.0,14:30:00,0
2026-08-04 19:02:34.425000+05:30,28.6,77.4,426,0,24.1,72.9,0,957.0,27.5,66.9,428,0,22.7,81.6,432,0,18.0,87.0,437,0,0,0,0,0,19.2,75.9,0,1,0,0,24.26914138829591,18.0,18.0,0.0,13.824774382610377,0.0076180628355009,444.8438172158644,0.1064336,0.0040005170811848,12.906740927011397,12.92952278719088,0.0092569571179537,75.9,19.2,1.0,0.0,14:30:00,0
2026-08-04 19:02:39.509000+05:30,28.6,77.4,425,0,24.1,72.6,0,957.0,27.5,66.7,425,0,22.7,81.4,430,0,18.0,87.1,430,0,0,0,0,0,19.2,75.9,0,1,0,0,24.26914138829591,18.0,18.0,0.0,13.824774382610377,0.0076180628355009,444.8438172158644,0.1064336,0.0040005170811848,12.906740927011397,12.92952278719088,0.0092569571179537,75.9,19.2,1.0,0.0,14:30:00,0
2026-08-04 19:02:39.509000+05:30,28.6,77.4,425,0,24.1,72.6,0,957.0,27.5,66.7,425,0,22.7,81.4,430,0,18.0,87.1,430,0,0,0,0,0,19.2,75.9,0,1,0,0,24.26914138829591,18.0,18.0,0.0,13.824774382610377,0.0076180628355009,444.8438172158644,0.1064336,0.0040005170811848,12.906740927011397,12.92952278719088,0.0092569571179537,75.9,19.2,1.0,0.0,14:30:00,0
2026-08-04 19:02:44.509000+05:30,28.6,77.5,403,0,24.1,72.3,0,957.0,27.4,66.4,416,0,22.6,81.2,417,0,17.9,87.1,452,0,0,0,0,0,19.2,75.9,0,1,0,0,24.26914599736653,17.9,17.9,0.0,14.716572737201863,0.0076180628355009,448.9739427334332,0.1064335999999999,0.0040006260945134,12.913049388620562,12.968297435384478,0.0092608332353905,75.9,19.2,1.0,0.0,14:30:00,0
2026-08-04 19:02:44.509000+05:30,28.6,77.5,403,0,24.1,72.3,0,957.0,27.4,66.4,416,0,22.6,81.2,417,0,17.9,87.1,452,0,0,0,0,0,19.2,75.9,0,1,0,0,24.26914599736653,17.9,17.9,0.0,14.716572737201863,0.0076180628355009,448.9739427334332,0.1064335999999999,0.0040006260945134,12.913049388620562,12.968297435384478,0.0092608332353905,75.9,19.2,1.0,0.0,14:30:00,0
2026-08-04 19:02:49.574000+05:30,28.6,77.8,422,0,24.1,71.9,0,957.0,27.4,66.2,402,0,22.6,81.1,401,0,17.9,87.1,443,0,0,0,0,0,19.2,75.9,0,1,0,0,24.269144952447487,17.9,17.9,0.0,13.590559418849748,0.0076180628355009,445.5688188790142,0.1064336,0.004000601380181,12.895520004548032,12.920194085362551,0.0092500662256899,75.9,19.2,1.0,0.0,14:30:00,0
2026-08-04 19:02:49.574000+05:30,28.6,77.8,422,0,24.1,71.9,0,957.0,27.4,66.2,402,0,22.6,81.1,401,0,17.9,87.1,443,0,0,0,0,0,19.2,75.9,0,1,0,0,24.269144952447487,17.9,17.9,0.0,13.590559418849748,0.0076180628355009,445.5688188790142,0.1064336,0.004000601380181,12.895520004548032,12.920194085362551,0.0092500662256899,75.9,19.2,1.0,0.0,14:30:00,0
2026-08-04 19:02:54.573000+05:30,28.6,77.8,419,0,24.1,71.6,0,957.0,27.3,65.9,407,0,22.5,81.0,425,0,17.9,87.1,444,0,0,0,0,0,19.2,75.9,0,1,0,0,24.269158443364294,17.8,17.8,0.0,13.504471630826371,0.0076180628355009,445.3485846948327,0.1064336,0.0040009204661461,12.898635508087462,12.91552427134182,0.0092519790292596,75.9,19.2,1.0,0.0,14:30:00,0
2026-08-04 19:02:54.573000+05:30,28.6,77.8,419,0,24.1,71.6,0,957.0,27.3,65.9,407,0,22.5,81.0,425,0,17.9,87.1,444,0,0,0,0,0,19.2,75.9,0,1,0,0,24.269158443364294,17.8,17.8,0.0,13.504471630826371,0.0076180628355009,445.3485846948327,0.1064336,0.0040009204661461,12.898635508087462,12.91552427134182,0.0092519790292596,75.9,19.2,1.0,0.0,14:30:00,0
2026-08-04 19:02:59.639000+05:30,28.6,77.6,426,0,24.1,71.4,0,957.0,27.3,65.7,400,0,22.5,80.8,434,0,17.8,87.0,443,0,0,0,0,0,19.2,75.9,0,1,0,0,24.26914490103557,17.8,17.8,0.0,13.553812248995651,0.0076180628355009,445.815506755914,0.1064335999999999,0.0040006001641909,12.900802595754586,12.915059603255385,0.0092533097498774,75.9,19.2,1.0,0.0,14:30:00,0
2026-08-04 19:02:59.639000+05:30,28.6,77.6,426,0,24.1,71.4,0,957.0,27.3,65.7,400,0,22.5,80.8,434,0,17.8,87.0,443,0,0,0,0,0,19.2,75.9,0,1,0,0,24.26914490103557,17.8,17.8,0.0,13.553812248995651,0.0076180628355009,445.815506755914,0.1064335999999999,0.0040006001641909,12.900802595754586,12.915059603255385,0.0092533097498774,75.9,19.2,1.0,0.0,14:30:00,0
2026-08-04 19:03:04.638000+05:30,28.6,77.6,409,0,24.1,71.1,0,956.9,27.2,65.5,416,0,22.5,80.8,455,0,17.8,87.0,430,0,0,0,0,0,19.2,75.9,0,1,0,0,24.26532434426529,17.8,17.8,0.0,13.578976414673626,0.0076180628355009,441.7722998477666,0.1064336,0.0039991057108623,12.90166050318523,12.914385281046208,0.0092538366034555,75.9,19.2,1.0,0.0,14:30:00,0
2026-08-04 19:03:04.638000+05:30,28.6,77.6,409,0,24.1,71.1,0,956.9,27.2,65.5,416,0,22.5,80.8,455,0,17.8,87.0,430,0,0,0,0,0,19.2,75.9,0,1,0,0,24.26532434426529,17.8,17.8,0.0,13.578976414673626,0.0076180628355009,441.7722998477666,0.1064336,0.0039991057108623,12.90166050318523,12.914385281046208,0.0092538366034555,75.9,19.2,1.0,0.0,14:30:00,0
2026-08-04 19:03:09.639000+05:30,28.5,77.9,441,0,24.1,71.1,0,956.9,27.2,65.5,406,0,22.5,80.8,403,0,17.8,87.1,428,0,0,0,0,0,19.2,75.9,0,1,0,0,24.16908844749701,17.7,17.7,0.0,13.629737918453891,0.0076180628355009,441.7557300907488,0.1064336,0.003999264930115,12.895291621633396,12.908902246743756,0.0092499260210092,75.9,19.2,1.0,0.0,14:30:00,0
2026-08-04 19:03:09.639000+05:30,28.5,77.9,441,0,24.1,71.1,0,956.9,27.2,65.5,406,0,22.5,80.8,403,0,17.8,87.1,428,0,0,0,0,0,19.2,75.9,0,1,0,0,24.16908844749701,17.7,17.7,0.0,13.629737918453891,0.0076180628355009,441.7557300907488,0.1064336,0.003999264930115,12.895291621633396,12.908902246743756,0.0092499260210092,75.9,19.2,1.0,0.0,14:30:00,0
2026-08-04 19:03:14.641000+05:30,28.5,77.9,430,0,24.0,70.6,0,957.0,27.2,65.3,400,0,22.4,80.4,424,0,17.7,87.0,450,0,0,0,0,0,19.2,75.9,0,1,0,0,24.16908844749701,17.7,17.7,0.0,13.629737918453891,0.0076180628355009,441.7557300907488,0.1064336,0.003999264930115,12.895291621633396,12.908902246743756,0.0092499260210092,75.9,19.2,1.0,0.0,14:30:00,0
2026-08-04 19:03:14.641000+05:30,28.5,77.9,430,0,24.0,70.6,0,957.0,27.2,65.3,400,0,22.4,80.4,424,0,17.7,87.0,450,0,0,0,0,0,19.2,75.9,0,1,0,0,24.16908844749701,17.7,17.7,0.0,13.629737918453891,0.0076180628355009,441.7557300907488,0.1064336,0.003999264930115,12.895291621633396,12.908902246743756,0.0092499260210092,75.9,19.2,1.0,0.0,14:30:00,0
2026-08-04 19:03:19.640000+05:30,28.5,77.7,408,0,24.0,70.3,0,956.9,27.2,65.1,419,0,22.4,80.3,430,0,17.7,87.0,450,0,0,0,0,0,19.2,75.9,0,1,0,0,24.16911414459569,17.7,17.7,0.0,14.809587726639489,0.0076180628355009,447.8289315647104,0.1064336,0.0039998727156088,12.900048908848849,12.95430179419272,0.0092528469218571,75.9,19.2,1.0,0.0,14:30:00,0
2026-08-04 19:03:19.640000+05:30,28.5,77.7,408,0,24.0,70.3,0,956.9,27.2,65.1,419,0,22.4,80.3,430,0,17.7,87.0,450,0,0,0,0,0,19.2,75.9,0,1,0,0,24.16911414459569,17.7,17.7,0.0,14.809587726639489,0.0076180628355009,447.8289315647104,0.1064336,0.0039998727156088,12.900048908848849,12.95430179419272,0.0092528469218571,75.9,19.2,1.0,0.0,14:30:00,0
2026-08-04 19:03:24.641000+05:30,28.6,77.5,429,0,24.0,70.0,0,957.0,27.1,64.9,400,0,22.4,80.3,422,0,17.7,86.9,444,0,0,0,0,0,19.2,75.9,0,1,0,0,24.17289241661712,17.7,17.7,0.0,13.69206571536097,0.0076180628355009,450.2966553399508,0.1064336,0.0040003396333173,12.883421100604568,12.91223933372636,0.0092426413104706,75.9,19.2,1.0,0.0,14:30:00,0
2026-08-04 19:03:24.641000+05:30,28.6,77.5,429,0,24.0,70.0,0,957.0,27.1,64.9,400,0,22.4,80.3,422,0,17.7,86.9,444,0,0,0,0,0,19.2,75.9,0,1,0,0,24.17289241661712,17.7,17.7,0.0,13.69206571536097,0.0076180628355009,450.2966553399508,0.1064336,0.0040003396333173,12.883421100604568,12.91223933372636,0.0092426413104706,75.9,19.2,1.0,0.0,14:30:00,0
2026-08-04 19:03:29.642000+05:30,28.6,77.3,403,0,24.0,69.8,0,957.0,27.1,64.7,405,0,22.4,80.3,439,0,17.7,86.9,423,0,0,0,0,0,19.2,75.9,0,1,0,0,24.17289937703035,17.6,17.6,0.0,13.700625852491394,0.0076180628355009,447.43598463562114,0.1064335999999999,0.0040005006815429,12.886105739700229,12.911721827704747,0.0092442883714517,75.9,19.2,1.0,0.0,14:30:00,0
2026-08-04 19:03:29.642000+05:30,28.6,77.3,403,0,24.0,69.8,0,957.0,27.1,64.7,405,0,22.4,80.3,439,0,17.7,86.9,423,0,0,0,0,0,19.2,75.9,0,1,0,0,24.17289937703035,17.6,17.6,0.0,13.700625852491394,0.0076180628355009,447.43598463562114,0.1064335999999999,0.0040005006815429,12.886105739700229,12.911721827704747,0.0092442883714517,75.9,19.2,1.0,0.0,14:30:00,0
2026-08-04 19:03:34.642000+05:30,28.6,77.3,412,0,24.0,69.8,0,957.0,27.1,64.7,431,0,22.6,79.9,432,0,17.6,86.8,420,0,0,0,0,0,19.2,75.9,0,1,0,0,24.17290989743012,17.6,17.6,0.0,13.78995167198075,0.0076180628355009,447.8615326279743,0.1064336,0.0040007440998083,12.888104959108446,12.914242760287497,0.0092455150895538,75.9,19.2,1.0,0.0,14:30:00,0
2026-08-04 19:03:34.642000+05:30,28.6,77.3,412,0,24.0,69.8,0,957.0,27.1,64.7,431,0,22.6,79.9,432,0,17.6,86.8,420,0,0,0,0,0,19.2,75.9,0,1,0,0,24.17290989743012,17.6,17.6,0.0,13.78995167198075,0.0076180628355009,447.8615326279743,0.1064336,0.0040007440998083,12.888104959108446,12.914242760287497,0.0092455150895538,75.9,19.2,1.0,0.0,14:30:00,0
2026-08-04 19:03:39.642000+05:30,28.6,77.2,409,0,24.0,69.5,0,957.0,27.1,64.5,435,0,22.6,79.5,405,0,17.6,86.8,432,0,0,0,0,0,19.2,75.9,0,1,0,0,24.07988873171688,17.6,17.6,0.0,13.63249002965408,0.0076180628355009,447.277105517507,0.1045217764962181,0.0040004871937659,12.959306149101902,12.976417193904894,0.0092892993460476,70.3,19.5,1.0,0.0,14:30:00,0
2026-08-04 19:03:39.642000+05:30,28.6,77.2,409,0,24.0,69.5,0,957.0,27.1,64.5,435,0,22.6,79.5,405,0,17.6,86.8,432,0,0,0,0,0,19.2,75.9,0,1,0,0,24.07988873171688,17.6,17.6,0.0,13.63249002965408,0.0076180628355009,447.277105517507,0.1045217764962181,0.0040004871937659,12.959306149101902,12.976417193904894,0.0092892993460476,70.3,19.5,1.0,0.0,14:30:00,0
2026-08-04 19:03:44.642000+05:30,28.6,77.0,411,0,23.9,69.2,0,956.9,27.0,64.3,420,0,22.6,79.2,433,0,17.6,86.8,436,0,0,0,0,0,19.2,75.9,0,1,0,0,24.07665419304613,17.5,17.5,0.0,13.72192276419914,0.0076180628355009,447.5143625418697,0.1064336,0.0040004131321265,12.92102705353104,12.941986992862097,0.0092657370483183,75.9,19.2,1.0,0.0,14:30:00,0
2026-08-04 19:03:44.642000+05:30,28.6,77.0,411,0,23.9,69.2,0,956.9,27.0,64.3,420,0,22.6,79.2,433,0,17.6,86.8,436,0,0,0,0,0,19.2,75.9,0,1,0,0,24.07665419304613,17.5,17.5,0.0,13.72192276419914,0.0076180628355009,447.5143625418697,0.1064336,0.0040004131321265,12.92102705353104,12.941986992862097,0.0092657370483183,75.9,19.2,1.0,0.0,14:30:00,0
2026-08-04 19:03:49.642000+05:30,28.6,77.1,418,0,23.9,68.9,0,956.9,26.9,64.1,407,0,22.6,78.8,430,0,17.5,86.7,414,0,0,0,0,0,19.5,70.3,0,1,0,0,24.07653406217569,17.5,17.5,0.0,13.892803306529869,0.0076180628355009,443.4293824207344,0.1064336,0.0039976927148899,12.900772058547922,12.92788253987116,0.0092532909970253,75.9,19.2,1.0,0.0,14:30:00,0
2026-08-04 19:03:49.642000+05:30,28.6,77.1,418,0,23.9,68.9,0,956.9,26.9,64.1,407,0,22.6,78.8,430,0,17.5,86.7,414,0,0,0,0,0,19.5,70.3,0,1,0,0,24.07653406217569,17.5,17.5,0.0,13.892803306529869,0.0076180628355009,443.4293824207344,0.1064336,0.0039976927148899,12.900772058547922,12.92788253987116,0.0092532909970253,75.9,19.2,1.0,0.0,14:30:00,0
2026-08-04 19:03:54.642000+05:30,28.6,77.4,456,0,23.9,68.7,0,956.9,26.9,64.0,400,0,22.6,78.6,65535,0,17.5,86.7,426,0,0,0,0,0,19.2,75.9,0,1,0,0,24.07645907466258,17.5,17.5,0.0,13.924875350556432,0.0076180628355009,441.6679789770901,0.1064336,0.0039959945891504,12.88982867856749,12.921588877885249,0.0092465728784981,75.9,19.2,1.0,0.0,14:30:00,0
2026-08-04 19:03:54.642000+05:30,28.6,77.4,456,0,23.9,68.7,0,956.9,26.9,64.0,400,0,22.6,78.6,65535,0,17.5,86.7,426,0,0,0,0,0,19.2,75.9,0,1,0,0,24.07645907466258,17.5,17.5,0.0,13.924875350556432,0.0076180628355009,441.6679789770901,0.1064336,0.0039959945891504,12.88982867856749,12.921588877885249,0.0092465728784981,75.9,19.2,1.0,0.0,14:30:00,0
2026-08-04 19:03:59.643000+05:30,28.6,77.7,463,0,23.9,68.4,0,956.9,26.9,63.8,409,0,22.6,78.3,433,0,17.5,86.6,439,0,0,0,0,0,19.2,75.9,0,1,0,0,24.07645907466258,17.5,17.5,0.0,13.924875350556432,0.0076180628355009,441.6679789770901,0.1064336,0.0039959945891504,12.88982867856749,12.921588877885249,0.0092465728784981,75.9,19.2,1.0,0.0,14:30:00,0
2026-08-04 19:03:59.643000+05:30,28.6,77.7,463,0,23.9,68.4,0,956.9,26.9,63.8,409,0,22.6,78.3,433,0,17.5,86.6,439,0,0,0,0,0,19.2,75.9,0,1,0,0,24.07645907466258,17.5,17.5,0.0,13.924875350556432,0.0076180628355009,441.6679789770901,0.1064336,0.0039959945891504,12.88982867856749,12.921588877885249,0.0092465728784981,75.9,19.2,1.0,0.0,14:30:00,0
2026-08-04 19:04:04.644000+05:30,28.6,77.9,429,0,23.9,68.4,0,956.9,26.9,63.8,426,0,22.6,78.3,402,0,17.5,86.6,418,0,0,0,0,0,19.2,75.9,0,1,0,0,24.076552333532685,17.5,17.5,0.0,15.016524623771224,0.0076180628355009,438.4939559809919,0.1064336,0.0039981064779329,12.89190398123196,12.966787354637471,0.009247846566302,75.9,19.2,1.0,0.0,14:30:00,0
2026-08-04 19:04:04.644000+05:30,28.6,77.9,429,0,23.9,68.4,0,956.9,26.9,63.8,426,0,22.6,78.3,402,0,17.5,86.6,418,0,0,0,0,0,19.2,75.9,0,1,0,0,24.076552333532685,17.5,17.5,0.0,15.016524623771224,0.0076180628355009,438.4939559809919,0.1064336,0.0039981064779329,12.89190398123196,12.966787354637471,0.009247846566302,75.9,19.2,1.0,0.0,14:30:00,0
2026-08-04 19:04:09.643000+05:30,28.6,78.1,425,0,23.9,68.2,0,957.0,26.8,63.6,405,0,22.6,78.0,408,0,17.4,86.5,442,0,0,0,0,0,19.2,75.9,0,1,0,0,24.08031633516224,17.4,17.4,0.0,13.908193583671135,0.0076180628355009,441.14909677786966,0.1042207486112667,0.0039984475398825,12.964891824617917,12.998953628173377,0.0092927420397741,69.8,19.5,1.0,0.0,14:30:00,0
2026-08-04 19:04:09.643000+05:30,28.6,78.1,425,0,23.9,68.2,0,957.0,26.8,63.6,405,0,22.6,78.0,408,0,17.4,86.5,442,0,0,0,0,0,19.2,75.9,0,1,0,0,24.08031633516224,17.4,17.4,0.0,13.908193583671135,0.0076180628355009,441.14909677786966,0.1042207486112667,0.0039984475398825,12.964891824617917,12.998953628173377,0.0092927420397741,69.8,19.5,1.0,0.0,14:30:00,0
2026-08-04 19:04:14.644000+05:30,28.6,78.1,437,0,23.9,68.0,0,957.0,26.8,63.5,400,0,22.6,77.8,416,0,17.4,86.5,431,0,0,0,0,0,19.2,75.9,0,1,0,0,23.984120687515315,17.4,17.4,0.0,14.031729888608131,0.0076180628355009,449.1348333499099,0.1064336,0.0039993117564755,12.919378126856488,12.961179970677067,0.0092647232741132,75.9,19.2,1.0,0.0,14:30:00,0
2026-08-04 19:04:14.644000+05:30,28.6,78.1,437,0,23.9,68.0,0,957.0,26.8,63.5,400,0,22.6,77.8,416,0,17.4,86.5,431,0,0,0,0,0,19.2,75.9,0,1,0,0,23.984120687515315,17.4,17.4,0.0,14.031729888608131,0.0076180628355009,449.1348333499099,0.1064336,0.0039993117564755,12.919378126856488,12.961179970677067,0.0092647232741132,75.9,19.2,1.0,0.0,14:30:00,0
2026-08-04 19:04:19.644000+05:30,28.7,78.1,420,0,23.8,67.8,0,956.9,26.8,63.4,433,0,22.5,77.6,415,0,17.4,86.6,423,0,0,0,0,0,19.5,69.8,0,1,0,0,23.9803974988864,17.4,17.4,0.0,14.076903939079068,0.0076180628355009,449.4667714790788,0.1064336,0.0040000740078072,12.894112904879757,12.940995586504926,0.009249202434985,75.9,19.2,1.0,0.0,14:30:00,0
2026-08-04 19:04:19.644000+05:30,28.7,78.1,420,0,23.8,67.8,0,956.9,26.8,63.4,433,0,22.5,77.6,415,0,17.4,86.6,423,0,0,0,0,0,19.5,69.8,0,1,0,0,23.9803974988864,17.4,17.4,0.0,14.076903939079068,0.0076180628355009,449.4667714790788,0.1064336,0.0040000740078072,12.894112904879757,12.940995586504926,0.009249202434985,75.9,19.2,1.0,0.0,14:30:00,0
2026-08-04 19:04:24.644000+05:30,28.6,77.8,422,0,23.8,67.6,0,956.9,26.8,63.2,400,0,22.5,77.3,426,0,17.4,86.4,432,0,0,0,0,0,19.2,75.9,0,1,0,0,23.980417699143924,17.4,17.4,0.0,14.256262019916832,0.0076180628355009,441.9581117558096,0.1064335999999999,0.0040005219215843,12.88132377521871,12.936657947659144,0.0092413547572205,75.9,19.2,1.0,0.0,14:30:00,0
2026-08-04 19:04:24.644000+05:30,28.6,77.8,422,0,23.8,67.6,0,956.9,26.8,63.2,400,0,22.5,77.3,426,0,17.4,86.4,432,0,0,0,0,0,19.2,75.9,0,1,0,0,23.980417699143924,17.4,17.4,0.0,14.256262019916832,0.0076180628355009,441.9581117558096,0.1064335999999999,0.0040005219215843,12.88132377521871,12.936657947659144,0.0092413547572205,75.9,19.2,1.0,0.0,14:30:00,0
2026-08-04 19:04:29.646000+05:30,28.6,77.7,429,0,23.8,67.6,0,956.9,26.8,63.2,400,0,22.5,77.3,423,0,17.4,86.4,408,0,0,0,0,0,19.2,75.9,0,1,0,0,23.98029371592844,17.4,17.4,0.0,14.14287768431648,0.0076180628355009,447.2696428723802,0.1064336,0.0039977727590919,12.873429933590996,12.9297413885476,0.0092365139118751,75.9,19.2,1.0,0.0,14:30:00,0
2026-08-04 19:04:29.646000+05:30,28.6,77.7,429,0,23.8,67.6,0,956.9,26.8,63.2,400,0,22.5,77.3,423,0,17.4,86.4,408,0,0,0,0,0,19.2,75.9,0,1,0,0,23.98029371592844,17.4,17.4,0.0,14.14287768431648,0.0076180628355009,447.2696428723802,0.1064336,0.0039977727590919,12.873429933590996,12.9297413885476,0.0092365139118751,75.9,19.2,1.0,0.0,14:30:00,0
2026-08-04 19:04:34.681000+05:30,28.6,77.8,461,0,23.8,67.3,0,956.9,26.7,63.0,400,0,22.5,77.1,400,0,17.4,86.4,414,0,0,0,0,0,19.2,75.9,0,1,0,0,23.980366202553377,17.4,17.4,0.0,14.262530670934948,0.0076180628355009,441.4945468717869,0.1064336,0.003999380053351,12.869989182752002,12.931124765566176,0.0092344046063403,75.9,19.2,1.0,0.0,14:30:00,0
2026-08-04 19:04:34.681000+05:30,28.6,77.8,461,0,23.8,67.3,0,956.9,26.7,63.0,400,0,22.5,77.1,400,0,17.4,86.4,414,0,0,0,0,0,19.2,75.9,0,1,0,0,23.980366202553377,17.4,17.4,0.0,14.262530670934948,0.0076180628355009,441.4945468717869,0.1064336,0.003999380053351,12.869989182752002,12.931124765566176,0.0092344046063403,75.9,19.2,1.0,0.0,14:30:00,0
2026-08-04 19:04:39.681000+05:30,28.6,77.7,437,0,23.8,67.0,0,956.9,26.7,62.7,411,0,22.4,76.8,434,0,17.4,86.3,427,0,0,0,0,0,19.2,75.9,0,1,0,0,23.9803911922809,17.4,17.4,0.0,14.306365196668766,0.0076180628355009,441.5410044122561,0.1064335999999999,0.0039999341672392,12.868575143012237,12.935079432740526,0.0092335378737637,75.9,19.2,1.0,0.0,14:30:00,0
2026-08-04 19:04:39.681000+05:30,28.6,77.7,437,0,23.8,67.0,0,956.9,26.7,62.7,411,0,22.4,76.8,434,0,17.4,86.3,427,0,0,0,0,0,19.2,75.9,0,1,0,0,23.9803911922809,17.4,17.4,0.0,14.306365196668766,0.0076180628355009,441.5410044122561,0.1064335999999999,0.0039999341672392,12.868575143012237,12.935079432740526,0.0092335378737637,75.9,19.2,1.0,0.0,14:30:00,0
2026-08-04 19:04:44.681000+05:30,28.6,78.1,431,0,23.8,66.8,0,956.9,26.7,62.7,416,0,22.4,76.7,418,0,17.4,86.3,432,0,0,0,0,0,19.2,75.9,0,1,0,0,23.980405423208325,17.4,17.4,0.0,14.310287004997464,0.0076180628355009,450.651953804773,0.1064335999999999,0.0040002497190803,12.86799357355448,12.939053458107756,0.0092331814232077,75.9,19.2,1.0,0.0,14:30:00,0
2026-08-04 19:04:44.681000+05:30,28.6,78.1,431,0,23.8,66.8,0,956.9,26.7,62.7,416,0,22.4,76.7,418,0,17.4,86.3,432,0,0,0,0,0,19.2,75.9,0,1,0,0,23.980405423208325,17.4,17.4,0.0,14.310287004997464,0.0076180628355009,450.651953804773,0.1064335999999999,0.0040002497190803,12.86799357355448,12.939053458107756,0.0092331814232077,75.9,19.2,1.0,0.0,14:30:00,0
2026-08-04 19:04:49.682000+05:30,28.6,78.1,407,0,23.8,66.6,0,957.0,26.6,62.5,414,0,22.4,76.6,419,0,17.4,86.3,423,0,0,0,0,0,19.2,75.9,0,1,0,0,23.980413862938708,17.3,17.3,0.0,14.34449727497094,0.0076180628355009,450.957971804458,0.1064336,0.0040004368588485,12.867809119703544,12.941979457139468,0.0092330683719159,75.9,19.2,1.0,0.0,14:30:00,0
2026-08-04 19:04:49.682000+05:30,28.6,78.1,407,0,23.8,66.6,0,957.0,26.6,62.5,414,0,22.4,76.6,419,0,17.4,86.3,423,0,0,0,0,0,19.2,75.9,0,1,0,0,23.980413862938708,17.3,17.3,0.0,14.34449727497094,0.0076180628355009,450.957971804458,0.1064336,0.0040004368588485,12.867809119703544,12.941979457139468,0.0092330683719159,75.9,19.2,1.0,0.0,14:30:00,0
2026-08-04 19:04:54.744000+05:30,28.6,77.7,417,0,23.8,66.6,0,957.0,26.6,62.5,406,0,22.4,76.6,447,0,17.3,86.4,428,0,0,0,0,0,19.2,75.9,0,1,0,0,23.885888302164435,17.3,17.3,0.0,14.318874920253366,0.0076180628355009,450.775922132448,0.105455883096404,0.004000615318784,12.899200151400011,12.971655256558996,0.0092523257372744,72.5,19.3,1.0,0.0,14:30:00,0
2026-08-04 19:04:54.744000+05:30,28.6,77.7,417,0,23.8,66.6,0,957.0,26.6,62.5,406,0,22.4,76.6,447,0,17.3,86.4,428,0,0,0,0,0,19.2,75.9,0,1,0,0,23.885888302164435,17.3,17.3,0.0,14.318874920253366,0.0076180628355009,450.775922132448,0.105455883096404,0.004000615318784,12.899200151400011,12.971655256558996,0.0092523257372744,72.5,19.3,1.0,0.0,14:30:00,0
2026-08-04 19:04:59.744000+05:30,28.6,77.5,412,0,23.7,66.4,0,957.0,26.6,62.4,409,0,22.4,76.4,416,0,17.3,86.4,428,0,0,0,0,0,19.2,75.9,0,1,0,0,23.88124184188534,17.3,17.3,0.0,10.0,0.0076180628355009,1000.0,0.105944279279567,0.004000320065384,12.861904343148703,12.905370623227384,0.0092294500054497,74.0,19.3,1.0,0.0,14:30:00,0
2026-08-04 19:04:59.744000+05:30,28.6,77.5,412,0,23.7,66.4,0,957.0,26.6,62.4,409,0,22.4,76.4,416,0,17.3,86.4,428,0,0,0,0,0,19.2,75.9,0,1,0,0,23.88124184188534,17.3,17.3,0.0,10.0,0.0076180628355009,1000.0,0.105944279279567,0.004000320065384,12.861904343148703,12.905370623227384,0.0092294500054497,74.0,19.3,1.0,0.0,14:30:00,0
2026-08-04 19:05:04.822000+05:30,28.5,77.0,400,0,23.7,66.1,0,956.9,26.5,62.2,400,0,22.4,76.1,415,0,17.3,86.3,418,0,0,0,0,0,19.3,72.5,0,1,0,0,23.88040049376428,17.3,17.3,0.0,10.0,0.0076180628355009,1000.0,0.1064335999999999,0.0040001404152311,12.822026326057657,12.848099124789478,0.0092050465800501,75.9,19.2,1.0,0.0,14:30:00,0
2026-08-04 19:05:04.822000+05:30,28.5,77.0,400,0,23.7,66.1,0,956.9,26.5,62.2,400,0,22.4,76.1,415,0,17.3,86.3,418,0,0,0,0,0,19.3,72.5,0,1,0,0,23.88040049376428,17.3,17.3,0.0,10.0,0.0076180628355009,1000.0,0.1064335999999999,0.0040001404152311,12.822026326057657,12.848099124789478,0.0092050465800501,75.9,19.2,1.0,0.0,14:30:00,0
2026-08-04 19:05:09.822000+05:30,28.5,77.0,400,0,23.7,66.1,0,956.9,26.5,62.2,400,0,22.4,76.1,424,0,17.3,86.3,428,0,0,0,0,0,19.3,74.0,0,1,0,0,23.88039604695718,17.3,17.3,0.0,10.0,0.0076180628355009,1000.0,0.1064335999999999,0.0040000418132128,12.799947826693344,12.815588568770004,0.0091915605059637,75.9,19.2,1.0,0.0,14:30:00,0
2026-08-04 19:05:09.822000+05:30,28.5,77.0,400,0,23.7,66.1,0,956.9,26.5,62.2,400,0,22.4,76.1,424,0,17.3,86.3,428,0,0,0,0,0,19.3,74.0,0,1,0,0,23.88039604695718,17.3,17.3,0.0,10.0,0.0076180628355009,1000.0,0.1064335999999999,0.0040000418132128,12.799947826693344,12.815588568770004,0.0091915605059637,75.9,19.2,1.0,0.0,14:30:00,0
2026-08-04 19:05:14.873000+05:30,28.5,77.2,400,0,23.7,65.9,0,956.9,26.5,62.1,403,0,22.3,75.9,441,0,17.3,86.3,401,0,0,0,0,0,19.2,75.9,0,1,0,0,23.8804463844134,17.3,17.3,0.0,10.0,0.0076180628355009,420.0,0.1064336,0.0040011579791878,12.787615454015722,12.7970161815253,0.0091840353143211,75.9,19.2,1.0,0.0,14:30:00,0
2026-08-04 19:05:14.873000+05:30,28.5,77.2,400,0,23.7,65.9,0,956.9,26.5,62.1,403,0,22.3,75.9,441,0,17.3,86.3,401,0,0,0,0,0,19.2,75.9,0,1,0,0,23.8804463844134,17.3,17.3,0.0,10.0,0.0076180628355009,420.0,0.1064336,0.0040011579791878,12.787615454015722,12.7970161815253,0.0091840353143211,75.9,19.2,1.0,0.0,14:30:00,0
2026-08-04 19:05:19.872000+05:30,28.5,77.4,400,0,23.7,65.7,0,957.0,26.5,61.9,426,0,22.3,75.7,437,0,17.3,86.3,403,0,0,0,0,0,19.2,75.9,0,1,0,0,23.88042322856142,17.3,17.3,0.0,10.0,0.0076180628355009,1000.0,0.1064336,0.0040006445290447,12.780930792789915,12.786564318020758,0.0091799586556816,75.9,19.2,1.0,0.0,14:30:00,0
2026-08-04 19:05:19.872000+05:30,28.5,77.4,400,0,23.7,65.7,0,957.0,26.5,61.9,426,0,22.3,75.7,437,0,17.3,86.3,403,0,0,0,0,0,19.2,75.9,0,1,0,0,23.88042322856142,17.3,17.3,0.0,10.0,0.0076180628355009,1000.0,0.1064336,0.0040006445290447,12.780930792789915,12.786564318020758,0.0091799586556816,75.9,19.2,1.0,0.0,14:30:00,0
2026-08-04 19:05:24.921000+05:30,28.5,77.3,400,0,23.7,65.6,0,956.9,26.5,61.8,400,0,22.3,75.7,404,0,17.3,86.3,416,0,0,0,0,0,19.2,75.9,0,1,0,0,23.784168441635497,17.3,17.3,0.0,10.0,0.0076180628355009,1000.0,0.1064336,0.004000349030542,12.770027987126856,12.77340491811938,0.0091733130323129,75.9,19.2,1.0,0.0,14:30:00,0
2026-08-04 19:05:24.921000+05:30,28.5,77.3,400,0,23.7,65.6,0,956.9,26.5,61.8,400,0,22.3,75.7,404,0,17.3,86.3,416,0,0,0,0,0,19.2,75.9,0,1,0,0,23.784168441635497,17.3,17.3,0.0,10.0,0.0076180628355009,1000.0,0.1064336,0.004000349030542,12.770027987126856,12.77340491811938,0.0091733130323129,75.9,19.2,1.0,0.0,14:30:00,0
2026-08-04 19:05:29.922000+05:30,28.5,77.7,405,0,23.6,65.4,0,957.0,26.5,61.7,400,0,22.3,75.7,402,0,17.3,86.3,428,0,0,0,0,0,19.2,75.9,0,1,0,0,23.7841603105479,17.3,17.3,0.0,10.0,0.0076180628355009,1000.0,0.1064336,0.0040001724140266,12.764003178350084,12.766026160006216,0.0091696425617606,75.9,19.2,1.0,0.0,14:30:00,0
2026-08-04 19:05:29.922000+05:30,28.5,77.7,405,0,23.6,65.4,0,957.0,26.5,61.7,400,0,22.3,75.7,402,0,17.3,86.3,428,0,0,0,0,0,19.2,75.9,0,1,0,0,23.7841603105479,17.3,17.3,0.0,10.0,0.0076180628355009,1000.0,0.1064336,0.0040001724140266,12.764003178350084,12.766026160006216,0.0091696425617606,75.9,19.2,1.0,0.0,14:30:00,0
2026-08-04 19:05:34.923000+05:30,28.5,77.5,404,0,23.6,65.4,0,957.0,26.5,61.7,401,0,22.3,75.7,423,0,17.3,86.3,428,0,0,0,0,0,19.2,75.9,0,1,0,0,23.784154956690497,17.3,17.3,0.0,10.0,0.0076180628355009,1000.0,0.1064336,0.0040000561221251,12.760665191213048,12.76187663929602,0.0091676095400606,75.9,19.2,1.0,0.0,14:30:00,0
2026-08-04 19:05:34.923000+05:30,28.5,77.5,404,0,23.6,65.4,0,957.0,26.5,61.7,401,0,22.3,75.7,423,0,17.3,86.3,428,0,0,0,0,0,19.2,75.9,0,1,0,0,23.784154956690497,17.3,17.3,0.0,10.0,0.0076180628355009,1000.0,0.1064336,0.0040000561221251,12.760665191213048,12.76187663929602,0.0091676095400606,75.9,19.2,1.0,0.0,14:30:00,0
2026-08-04 19:05:39.924000+05:30,28.5,77.2,424,0,23.6,65.3,0,957.0,26.4,61.5,416,0,22.3,75.3,426,0,17.3,86.3,432,0,0,0,0,0,19.2,75.9,0,1,0,0,23.78415206831457,17.3,17.3,0.0,10.0,0.0076180628355009,1000.0,0.1064335999999999,0.0039999933832991,12.758831120273015,12.759554988746828,0.0091664926599016,75.9,19.2,1.0,0.0,14:30:00,0
2026-08-04 19:05:39.924000+05:30,28.5,77.2,424,0,23.6,65.3,0,957.0,26.4,61.5,416,0,22.3,75.3,426,0,17.3,86.3,432,0,0,0,0,0,19.2,75.9,0,1,0,0,23.78415206831457,17.3,17.3,0.0,10.0,0.0076180628355009,1000.0,0.1064335999999999,0.0039999933832991,12.758831120273015,12.759554988746828,0.0091664926599016,75.9,19.2,1.0,0.0,14:30:00,0
2026-08-04 19:05:45.021000+05:30,28.5,77.2,411,0,23.6,65.1,0,957.0,26.4,61.5,416,0,22.2,75.2,437,0,17.3,86.3,401,0,0,0,0,0,19.2,75.9,0,1,0,0,23.786224105966284,17.2,17.2,0.0,10.0,0.0076180628355009,420.0,0.105267049104069,0.0040006657361457,12.804291602482545,12.804737111328034,0.0091942123867715,72.0,19.4,1.0,0.0,14:30:00,0
2026-08-04 19:05:45.021000+05:30,28.5,77.2,411,0,23.6,65.1,0,957.0,26.4,61.5,416,0,22.2,75.2,437,0,17.3,86.3,401,0,0,0,0,0,19.2,75.9,0,1,0,0,23.786224105966284,17.2,17.2,0.0,10.0,0.0076180628355009,420.0,0.105267049104069,0.0040006657361457,12.804291602482545,12.804737111328034,0.0091942123867715,72.0,19.4,1.0,0.0,14:30:00,0
2026-08-04 19:05:50.020000+05:30,28.5,77.7,400,0,23.6,65.0,0,956.9,26.3,61.3,424,0,22.2,75.1,413,0,17.2,86.2,400,0,0,0,0,0,19.2,75.9,0,1,0,0,23.78417111715034,17.2,17.2,0.0,10.0,0.0076180628355009,420.0,0.1064336,0.004000407145782,12.782926909532282,12.783193476666376,0.0091811758228637,75.9,19.2,1.0,0.0,14:30:00,0
2026-08-04 19:05:50.020000+05:30,28.5,77.7,400,0,23.6,65.0,0,956.9,26.3,61.3,424,0,22.2,75.1,413,0,17.2,86.2,400,0,0,0,0,0,19.2,75.9,0,1,0,0,23.78417111715034,17.2,17.2,0.0,10.0,0.0076180628355009,420.0,0.1064336,0.004000407145782,12.782926909532282,12.783193476666376,0.0091811758228637,75.9,19.2,1.0,0.0,14:30:00,0
2026-08-04 19:05:55.021000+05:30,28.5,77.8,434,0,23.6,64.9,0,956.9,26.3,61.3,423,0,22.2,75.1,432,0,17.2,86.1,412,0,0,0,0,0,19.4,72.0,0,1,0,0,23.68792129278509,17.2,17.2,0.0,10.0,0.0076180628355009,1000.0,0.1064336,0.0040002279415543,12.763907638194407,12.764065974357951,0.0091695843668178,75.9,19.2,1.0,0.0,14:30:00,0
2026-08-04 19:05:55.021000+05:30,28.5,77.8,434,0,23.6,64.9,0,956.9,26.3,61.3,423,0,22.2,75.1,432,0,17.2,86.1,412,0,0,0,0,0,19.4,72.0,0,1,0,0,23.68792129278509,17.2,17.2,0.0,10.0,0.0076180628355009,1000.0,0.1064336,0.0040002279415543,12.763907638194407,12.764065974357951,0.0091695843668178,75.9,19.2,1.0,0.0,14:30:00,0
2026-08-04 19:06:00.021000+05:30,28.5,77.8,415,0,23.5,64.7,0,956.9,26.4,61.1,405,0,22.2,74.9,420,0,17.2,86.1,415,0,0,0,0,0,19.2,75.9,0,1,0,0,23.68792273145852,17.2,17.2,0.0,10.0,0.0076180628355009,420.0,0.1064336,0.0040002585661925,12.753370813670386,12.753466774965707,0.0091631682611467,75.9,19.2,1.0,0.0,14:30:00,0
2026-08-04 19:06:00.021000+05:30,28.5,77.8,415,0,23.5,64.7,0,956.9,26.4,61.1,405,0,22.2,74.9,420,0,17.2,86.1,415,0,0,0,0,0,19.2,75.9,0,1,0,0,23.68792273145852,17.2,17.2,0.0,10.0,0.0076180628355009,420.0,0.1064336,0.0040002585661925,12.753370813670386,12.753466774965707,0.0091631682611467,75.9,19.2,1.0,0.0,14:30:00,0
2026-08-04 19:06:05.118000+05:30,28.5,77.2,435,0,23.5,64.7,0,956.9,26.4,61.1,421,0,22.2,74.9,430,0,17.2,86.1,426,0,0,0,0,0,19.2,75.9,0,1,0,0,23.691692225934275,17.2,17.2,0.0,10.0,0.0076180628355009,420.0,0.1064335999999999,0.004000488960431,12.747835860440825,12.747897316851663,0.009159799518854,75.9,19.2,1.0,0.0,14:30:00,0
2026-08-04 19:06:05.118000+05:30,28.5,77.2,435,0,23.5,64.7,0,956.9,26.4,61.1,421,0,22.2,74.9,430,0,17.2,86.1,426,0,0,0,0,0,19.2,75.9,0,1,0,0,23.691692225934275,17.2,17.2,0.0,10.0,0.0076180628355009,420.0,0.1064335999999999,0.004000488960431,12.747835860440825,12.747897316851663,0.009159799518854,75.9,19.2,1.0,0.0,14:30:00,0
2026-08-04 19:06:10.119000+05:30,28.6,77.1,439,0,23.5,64.7,0,956.9,26.4,61.1,421,0,22.2,74.9,430,0,17.2,86.1,426,0,0,0,0,0,19.2,75.9,0,1,0,0,23.691692225934275,17.2,17.2,0.0,10.0,0.0076180628355009,420.0,0.1064335999999999,0.004000488960431,12.747835860440825,12.747897316851663,0.009159799518854,75.9,19.2,1.0,0.0,14:30:00,0
2026-08-04 19:06:10.119000+05:30,28.6,77.1,439,0,23.5,64.7,0,956.9,26.4,61.1,421,0,22.2,74.9,430,0,17.2,86.1,426,0,0,0,0,0,19.2,75.9,0,1,0,0,23.691692225934275,17.2,17.2,0.0,10.0,0.0076180628355009,420.0,0.1064335999999999,0.004000488960431,12.747835860440825,12.747897316851663,0.009159799518854,75.9,19.2,1.0,0.0,14:30:00,0
2026-08-04 19:06:15.119000+05:30,28.6,77.2,404,0,23.5,64.7,0,956.9,26.4,61.1,421,0,22.2,74.9,430,0,17.2,86.1,426,0,0,0,0,0,19.2,75.9,0,1,0,0,23.69171136622797,17.2,17.2,0.0,16.275875725355377,0.0076180628355009,458.9918134046455,0.1064336,0.0040008884056003,12.793910509834468,12.894698124156314,0.0091878758554089,75.9,19.2,1.0,0.0,14:30:00,0
2026-08-04 19:06:15.119000+05:30,28.6,77.2,404,0,23.5,64.7,0,956.9,26.4,61.1,421,0,22.2,74.9,430,0,17.2,86.1,426,0,0,0,0,0,19.2,75.9,0,1,0,0,23.69171136622797,17.2,17.2,0.0,16.275875725355377,0.0076180628355009,458.9918134046455,0.1064336,0.0040008884056003,12.793910509834468,12.894698124156314,0.0091878758554089,75.9,19.2,1.0,0.0,14:30:00,0
2026-08-04 19:06:20.119000+05:30,28.5,76.9,412,0,23.5,64.4,0,956.9,26.3,61.0,421,0,22.2,74.6,400,0,17.2,86.0,426,0,0,0,0,0,19.2,75.9,0,1,0,0,23.687923135131044,17.2,17.2,0.0,10.0,0.0076180628355009,420.0,0.1064335999999999,0.0040002671590566,12.771328940102848,12.807608160816454,0.0091741057797372,75.9,19.2,1.0,0.0,14:30:00,0
2026-08-04 19:06:20.119000+05:30,28.5,76.9,412,0,23.5,64.4,0,956.9,26.3,61.0,421,0,22.2,74.6,400,0,17.2,86.0,426,0,0,0,0,0,19.2,75.9,0,1,0,0,23.687923135131044,17.2,17.2,0.0,10.0,0.0076180628355009,420.0,0.1064335999999999,0.0040002671590566,12.771328940102848,12.807608160816454,0.0091741057797372,75.9,19.2,1.0,0.0,14:30:00,0
2026-08-04 19:06:25.118000+05:30,28.5,77.0,418,0,23.5,64.3,0,956.9,26.3,60.8,421,0,22.1,74.5,408,0,17.2,86.0,426,0,0,0,0,0,19.2,75.9,0,1,0,0,23.687946361154854,17.2,17.2,0.0,10.0,0.0076180628355009,1000.0,0.1064336,0.0040007615649222,12.757445698635316,12.779219273042196,0.0091656490711845,75.9,19.2,1.0,0.0,14:30:00,0
2026-08-04 19:06:25.118000+05:30,28.5,77.0,418,0,23.5,64.3,0,956.9,26.3,60.8,421,0,22.1,74.5,408,0,17.2,86.0,426,0,0,0,0,0,19.2,75.9,0,1,0,0,23.687946361154854,17.2,17.2,0.0,10.0,0.0076180628355009,1000.0,0.1064336,0.0040007615649222,12.757445698635316,12.779219273042196,0.0091656490711845,75.9,19.2,1.0,0.0,14:30:00,0
2026-08-04 19:06:30.119000+05:30,28.5,76.8,400,0,23.5,64.2,0,956.9,26.2,60.8,421,0,22.1,74.4,405,0,17.2,86.0,426,0,0,0,0,0,19.2,75.9,0,1,0,0,23.6879299019293,17.2,17.2,0.0,10.0,0.0076180628355009,1000.0,0.1064336,0.0040004112019965,12.74982435185887,12.762885647201347,0.0091610096478593,75.9,19.2,1.0,0.0,14:30:00,0
2026-08-04 19:06:30.119000+05:30,28.5,76.8,400,0,23.5,64.2,0,956.9,26.2,60.8,421,0,22.1,74.4,405,0,17.2,86.0,426,0,0,0,0,0,19.2,75.9,0,1,0,0,23.6879299019293,17.2,17.2,0.0,10.0,0.0076180628355009,1000.0,0.1064336,0.0040004112019965,12.74982435185887,12.762885647201347,0.0091610096478593,75.9,19.2,1.0,0.0,14:30:00,0
2026-08-04 19:06:35.313000+05:30,28.5,76.7,415,0,23.5,64.1,0,957.0,26.2,60.7,421,0,22.1,74.4,417,0,17.2,86.0,426,0,0,0,0,0,19.2,75.9,0,1,0,0,23.591772728770152,17.2,17.2,0.0,15.448298673690855,0.0076180628355009,439.43532077431433,0.1063952264272101,0.004000726058836,12.78318613959408,12.864472531119338,0.0091813339035573,75.7,19.2,1.0,0.0,14:30:00,0
2026-08-04 19:06:35.313000+05:30,28.5,76.7,415,0,23.5,64.1,0,957.0,26.2,60.7,421,0,22.1,74.4,417,0,17.2,86.0,426,0,0,0,0,0,19.2,75.9,0,1,0,0,23.591772728770152,17.2,17.2,0.0,15.448298673690855,0.0076180628355009,439.43532077431433,0.1063952264272101,0.004000726058836,12.78318613959408,12.864472531119338,0.0091813339035573,75.7,19.2,1.0,0.0,14:30:00,0
2026-08-04 19:06:40.315000+05:30,28.5,76.5,430,0,23.4,63.9,0,957.0,26.1,60.7,421,0,22.1,74.2,400,0,17.2,86.1,426,0,0,0,0,0,19.2,75.9,0,1,0,0,23.59172163741004,17.2,17.2,0.0,15.529541624680771,0.0076180628355009,439.5161364055235,0.1064335999999999,0.0040011027583226,12.800757687574862,12.92718796948844,0.0091920548750608,75.9,19.2,1.0,0.0,14:30:00,0
2026-08-04 19:06:40.315000+05:30,28.5,76.5,430,0,23.4,63.9,0,957.0,26.1,60.7,421,0,22.1,74.2,400,0,17.2,86.1,426,0,0,0,0,0,19.2,75.9,0,1,0,0,23.59172163741004,17.2,17.2,0.0,15.529541624680771,0.0076180628355009,439.5161364055235,0.1064335999999999,0.0040011027583226,12.800757687574862,12.92718796948844,0.0091920548750608,75.9,19.2,1.0,0.0,14:30:00,0
2026-08-04 19:06:45.314000+05:30,28.5,76.7,426,0,23.4,63.9,0,957.0,26.1,60.7,421,0,22.1,74.2,431,0,17.2,86.1,426,0,0,0,0,0,19.2,75.7,0,1,0,0,23.59172597588578,17.1,17.1,0.0,15.535165776665943,0.0076180628355009,455.30209728593,0.1064336,0.004001193299419,12.810111209530977,12.961376222635336,0.0091977663399844,75.9,19.2,1.0,0.0,14:30:00,0
2026-08-04 19:06:45.314000+05:30,28.5,76.7,426,0,23.4,63.9,0,957.0,26.1,60.7,421,0,22.1,74.2,431,0,17.2,86.1,426,0,0,0,0,0,19.2,75.7,0,1,0,0,23.59172597588578,17.1,17.1,0.0,15.535165776665943,0.0076180628355009,455.30209728593,0.1064336,0.004001193299419,12.810111209530977,12.961376222635336,0.0091977663399844,75.9,19.2,1.0,0.0,14:30:00,0
2026-08-04 19:06:50.314000+05:30,28.5,76.7,403,0,23.4,63.9,0,956.9,26.0,60.6,421,0,22.1,74.1,401,0,17.1,86.1,426,0,0,0,0,0,19.2,75.9,0,1,0,0,23.59172610773931,17.1,17.1,0.0,15.591217272141275,0.0076180628355009,451.227943669001,0.1064336,0.0040011960511142,12.81578130881601,12.984818770495885,0.0092012301758209,75.9,19.2,1.0,0.0,14:30:00,0
2026-08-04 19:06:50.314000+05:30,28.5,76.7,403,0,23.4,63.9,0,956.9,26.0,60.6,421,0,22.1,74.1,401,0,17.1,86.1,426,0,0,0,0,0,19.2,75.9,0,1,0,0,23.59172610773931,17.1,17.1,0.0,15.591217272141275,0.0076180628355009,451.227943669001,0.1064336,0.0040011960511142,12.81578130881601,12.984818770495885,0.0092012301758209,75.9,19.2,1.0,0.0,14:30:00,0
2026-08-04 19:06:55.314000+05:30,28.5,76.9,408,0,23.4,63.8,0,956.9,25.9,60.6,421,0,22.1,74.1,413,0,17.1,86.1,426,0,0,0,0,0,19.2,75.9,0,1,0,0,23.59172827185992,17.1,17.1,0.0,15.632284926563758,0.0076180628355009,439.5190263745865,0.1064336,0.0040012412148686,12.819096628081883,12.999571725048572,0.0092032560300648,75.9,19.2,1.0,0.0,14:30:00,0
2026-08-04 19:06:55.314000+05:30,28.5,76.9,408,0,23.4,63.8,0,956.9,25.9,60.6,421,0,22.1,74.1,413,0,17.1,86.1,426,0,0,0,0,0,19.2,75.9,0,1,0,0,23.59172827185992,17.1,17.1,0.0,15.632284926563758,0.0076180628355009,439.5190263745865,0.1064336,0.0040012412148686,12.819096628081883,12.999571725048572,0.0092032560300648,75.9,19.2,1.0,0.0,14:30:00,0
2026-08-04 19:07:00.314000+05:30,28.5,76.8,438,0,23.4,63.8,0,957.0,25.7,60.7,421,0,22.1,73.9,402,0,17.1,86.0,426,0,0,0,0,0,19.2,75.9,0,1,0,0,23.59172878048252,17.1,17.1,0.0,15.635910989564024,0.0076180628355009,439.1894249493272,0.1064336,0.0040012518294832,12.821141590537124,13.00996469490916,0.0092045058213608,75.9,19.2,1.0,0.0,14:30:00,0
2026-08-04 19:07:00.314000+05:30,28.5,76.8,438,0,23.4,63.8,0,957.0,25.7,60.7,421,0,22.1,73.9,402,0,17.1,86.0,426,0,0,0,0,0,19.2,75.9,0,1,0,0,23.59172878048252,17.1,17.1,0.0,15.635910989564024,0.0076180628355009,439.1894249493272,0.1064336,0.0040012518294832,12.821141590537124,13.00996469490916,0.0092045058213608,75.9,19.2,1.0,0.0,14:30:00,0
2026-08-04 19:07:05.315000+05:30,28.5,77.3,430,0,23.4,63.6,0,956.9,25.6,60.8,421,0,22.0,73.8,416,0,17.1,86.0,426,0,0,0,0,0,19.2,75.9,0,1,0,0,23.4992586150966,17.1,17.1,0.0,15.72749787676154,0.0076180628355009,451.06762970375456,0.1064336,0.0040014739124047,12.816185349869718,13.015178985192286,0.0092014770471661,75.9,19.2,1.0,0.0,14:30:00,0
2026-08-04 19:07:05.315000+05:30,28.5,77.3,430,0,23.4,63.6,0,956.9,25.6,60.8,421,0,22.0,73.8,416,0,17.1,86.0,426,0,0,0,0,0,19.2,75.9,0,1,0,0,23.4992586150966,17.1,17.1,0.0,15.72749787676154,0.0076180628355009,451.06762970375456,0.1064336,0.0040014739124047,12.816185349869718,13.015178985192286,0.0092014770471661,75.9,19.2,1.0,0.0,14:30:00,0
2026-08-04 19:07:10.314000+05:30,28.6,77.6,417,0,23.3,63.6,0,957.0,25.5,61.0,421,0,22.0,73.8,400,0,17.1,86.0,426,0,0,0,0,0,19.2,75.9,0,1,0,0,23.4992560591648,17.1,17.1,0.0,15.80627501116162,0.0076180628355009,439.5782717340258,0.1064336,0.0040014225846645,12.813768494457149,13.019823149641912,0.0092000004234878,75.9,19.2,1.0,0.0,14:30:00,0
2026-08-04 19:07:10.314000+05:30,28.6,77.6,417,0,23.3,63.6,0,957.0,25.5,61.0,421,0,22.0,73.8,400,0,17.1,86.0,426,0,0,0,0,0,19.2,75.9,0,1,0,0,23.4992560591648,17.1,17.1,0.0,15.80627501116162,0.0076180628355009,439.5782717340258,0.1064336,0.0040014225846645,12.813768494457149,13.019823149641912,0.0092000004234878,75.9,19.2,1.0,0.0,14:30:00,0
2026-08-04 19:07:15.314000+05:30,28.6,77.9,435,0,23.3,63.5,0,956.9,25.4,61.2,421,0,86.0,73.5,406,0,17.1,86.0,426,0,0,0,0,0,19.2,75.9,0,1,0,0,23.499264700735218,17.1,17.1,0.0,15.86139954220358,0.0076180628355009,443.67233599804587,0.1064336,0.0040015961230512,12.812566570081472,13.02299327413246,0.00919926616411,75.9,19.2,1.0,0.0,14:30:00,0
2026-08-04 19:07:15.314000+05:30,28.6,77.9,435,0,23.3,63.5,0,956.9,25.4,61.2,421,0,86.0,73.5,406,0,17.1,86.0,426,0,0,0,0,0,19.2,75.9,0,1,0,0,23.499264700735218,17.1,17.1,0.0,15.86139954220358,0.0076180628355009,443.67233599804587,0.1064336,0.0040015961230512,12.812566570081472,13.02299327413246,0.00919926616411,75.9,19.2,1.0,0.0,14:30:00,0
2026-08-04 19:07:20.315000+05:30,28.6,78.1,447,0,23.3,63.4,0,956.9,25.3,61.3,421,0,22.0,73.5,426,0,17.1,86.0,426,0,0,0,0,0,19.2,75.9,0,1,0,0,23.499261081890342,17.1,17.1,0.0,16.066491582810393,0.0076180628355009,439.5837980973831,0.1064335999999999,0.0040015234500913,12.81365096064376,13.035873800584396,0.0091999286193933,75.9,19.2,1.0,0.0,14:30:00,0
2026-08-04 19:07:20.315000+05:30,28.6,78.1,447,0,23.3,63.4,0,956.9,25.3,61.3,421,0,22.0,73.5,426,0,17.1,86.0,426,0,0,0,0,0,19.2,75.9,0,1,0,0,23.499261081890342,17.1,17.1,0.0,16.066491582810393,0.0076180628355009,439.5837980973831,0.1064335999999999,0.0040015234500913,12.81365096064376,13.035873800584396,0.0091999286193933,75.9,19.2,1.0,0.0,14:30:00,0
2026-08-04 19:07:25.315000+05:30,28.6,78.3,434,0,23.3,63.4,0,956.9,25.3,61.3,421,0,22.0,73.5,582,0,17.1,86.0,426,0,0,0,0,0,19.2,75.9,0,1,0,0,23.49908067568156,17.0,17.0,0.0,15.916347274792884,0.0076180628355009,452.7957965171358,0.1064336,0.0039979005666454,12.812579196419795,13.033232353899846,0.0091992738773066,75.9,19.2,1.0,0.0,14:30:00,0
2026-08-04 19:07:25.315000+05:30,28.6,78.3,434,0,23.3,63.4,0,956.9,25.3,61.3,421,0,22.0,73.5,582,0,17.1,86.0,426,0,0,0,0,0,19.2,75.9,0,1,0,0,23.49908067568156,17.0,17.0,0.0,15.916347274792884,0.0076180628355009,452.7957965171358,0.1064336,0.0039979005666454,12.812579196419795,13.033232353899846,0.0091992738773066,75.9,19.2,1.0,0.0,14:30:00,0
2026-08-04 19:07:30.315000+05:30,28.6,78.3,451,0,23.3,63.3,0,957.0,25.2,61.6,400,0,21.9,73.5,543,0,17.0,86.0,400,0,0,0,0,0,19.2,75.9,0,1,0,0,23.40292426052929,17.1,17.1,0.0,16.539996123381904,0.0076180628355009,446.8354832367194,0.1064335999999999,0.0039996221436055,12.809260475163068,13.051420280793373,0.0091972467314421,75.9,19.2,1.0,0.0,14:30:00,0
2026-08-04 19:07:30.315000+05:30,28.6,78.3,451,0,23.3,63.3,0,957.0,25.2,61.6,400,0,21.9,73.5,543,0,17.0,86.0,400,0,0,0,0,0,19.2,75.9,0,1,0,0,23.40292426052929,17.1,17.1,0.0,16.539996123381904,0.0076180628355009,446.8354832367194,0.1064335999999999,0.0039996221436055,12.809260475163068,13.051420280793373,0.0091972467314421,75.9,19.2,1.0,0.0,14:30:00,0
2026-08-04 19:07:35.315000+05:30,28.6,78.3,435,0,23.2,63.3,0,956.9,25.0,61.8,400,0,21.9,73.4,577,0,17.1,86.0,410,0,0,0,0,0,19.2,75.9,0,1,0,0,23.402965632844108,17.0,17.0,0.0,16.636803818683237,0.0076180628355009,455.69536834184765,0.1064335999999999,0.004000437588866,12.808773040095424,13.071504977764835,0.0091969490294308,75.9,19.2,1.0,0.0,14:30:00,0
2026-08-04 19:07:35.315000+05:30,28.6,78.3,435,0,23.2,63.3,0,956.9,25.0,61.8,400,0,21.9,73.4,577,0,17.1,86.0,410,0,0,0,0,0,19.2,75.9,0,1,0,0,23.402965632844108,17.0,17.0,0.0,16.636803818683237,0.0076180628355009,455.69536834184765,0.1064335999999999,0.004000437588866,12.808773040095424,13.071504977764835,0.0091969490294308,75.9,19.2,1.0,0.0,14:30:00,0
2026-08-04 19:07:40.315000+05:30,28.6,78.5,401,0,23.2,63.2,0,957.0,25.0,61.9,413,0,21.9,73.4,529,0,17.0,86.0,400,0,0,0,0,0,19.2,75.9,0,1,0,0,23.3992426301816,17.0,17.0,0.0,17.114366727792326,0.0076180628355009,451.616933188685,0.1064336,0.0040011529063577,12.811805694212111,13.105206204989706,0.009198801369818,75.9,19.2,1.0,0.0,14:30:00,0
2026-08-04 19:07:40.315000+05:30,28.6,78.5,401,0,23.2,63.2,0,957.0,25.0,61.9,413,0,21.9,73.4,529,0,17.0,86.0,400,0,0,0,0,0,19.2,75.9,0,1,0,0,23.3992426301816,17.0,17.0,0.0,17.114366727792326,0.0076180628355009,451.616933188685,0.1064336,0.0040011529063577,12.811805694212111,13.105206204989706,0.009198801369818,75.9,19.2,1.0,0.0,14:30:00,0
2026-08-04 19:07:45.315000+05:30,28.5,78.3,407,0,23.2,63.1,0,956.9,25.0,62.1,400,0,21.9,73.4,536,0,17.0,86.0,404,0,0,0,0,0,19.2,75.9,0,1,0,0,23.39925659255845,17.0,17.0,0.0,17.348799355790685,0.0076180628355009,451.4792490257348,0.1064336,0.0040014332961753,12.814851362294938,13.132854938921884,0.0092006619958619,75.9,19.2,1.0,0.0,14:30:00,0
2026-08-04 19:07:45.315000+05:30,28.5,78.3,407,0,23.2,63.1,0,956.9,25.0,62.1,400,0,21.9,73.4,536,0,17.0,86.0,404,0,0,0,0,0,19.2,75.9,0,1,0,0,23.39925659255845,17.0,17.0,0.0,17.348799355790685,0.0076180628355009,451.4792490257348,0.1064336,0.0040014332961753,12.814851362294938,13.132854938921884,0.0092006619958619,75.9,19.2,1.0,0.0,14:30:00,0
2026-08-04 19:07:50.316000+05:30,28.5,77.5,416,0,23.2,63.1,0,956.9,25.0,62.1,400,0,21.9,73.4,538,0,17.0,86.0,400,0,0,0,0,0,19.2,75.9,0,1,0,0,23.399226455039987,17.0,17.0,0.0,10.0,0.0076180628355009,1000.0,0.1064335999999999,0.0040008280802158,12.760042486339673,12.950838422723052,0.0091672303225511,75.9,19.2,1.0,0.0,14:30:00,0
2026-08-04 19:07:50.316000+05:30,28.5,77.5,416,0,23.2,63.1,0,956.9,25.0,62.1,400,0,21.9,73.4,538,0,17.0,86.0,400,0,0,0,0,0,19.2,75.9,0,1,0,0,23.399226455039987,17.0,17.0,0.0,10.0,0.0076180628355009,1000.0,0.1064335999999999,0.0040008280802158,12.760042486339673,12.950838422723052,0.0091672303225511,75.9,19.2,1.0,0.0,14:30:00,0
2026-08-04 19:07:55.316000+05:30,28.5,77.3,400,0,23.2,63.1,0,956.9,24.9,62.2,400,0,21.9,73.3,568,0,17.0,86.0,400,0,0,0,0,0,19.2,75.9,0,1,0,0,23.39920905104193,17.0,17.0,0.0,10.0,0.0076180628355009,1000.0,0.1064336,0.0040004785764106,12.729580290724847,12.844055800744457,0.0091486964906706,75.9,19.2,1.0,0.0,14:30:00,0
2026-08-04 19:07:55.316000+05:30,28.5,77.3,400,0,23.2,63.1,0,956.9,24.9,62.2,400,0,21.9,73.3,568,0,17.0,86.0,400,0,0,0,0,0,19.2,75.9,0,1,0,0,23.39920905104193,17.0,17.0,0.0,10.0,0.0076180628355009,1000.0,0.1064336,0.0040004785764106,12.729580290724847,12.844055800744457,0.0091486964906706,75.9,19.2,1.0,0.0,14:30:00,0
2026-08-04 19:08:00.316000+05:30,28.5,77.2,400,0,23.2,63.1,0,957.0,24.9,62.2,409,0,21.9,73.2,545,0,17.0,85.9,403,0,0,0,0,0,19.2,75.9,0,1,0,0,23.395444431407984,17.0,17.0,0.0,10.0,0.0076180628355009,1000.0,0.1064336,0.0040003566220585,12.712376252351405,12.781061089144895,0.0091382440517925,75.9,19.2,1.0,0.0,14:30:00,0
2026-08-04 19:08:00.316000+05:30,28.5,77.2,400,0,23.2,63.1,0,957.0,24.9,62.2,409,0,21.9,73.2,545,0,17.0,85.9,403,0,0,0,0,0,19.2,75.9,0,1,0,0,23.395444431407984,17.0,17.0,0.0,10.0,0.0076180628355009,1000.0,0.1064336,0.0040003566220585,12.712376252351405,12.781061089144895,0.0091382440517925,75.9,19.2,1.0,0.0,14:30:00,0
2026-08-04 19:08:05.317000+05:30,28.4,76.9,404,0,23.2,63.0,0,957.0,24.9,62.2,416,0,21.8,73.2,568,0,17.0,86.0,411,0,0,0,0,0,19.2,75.9,0,1,0,0,23.299204211922472,17.0,17.0,0.0,10.0,0.0076180628355009,1000.0,0.1064336,0.0040003813981267,12.695585379488575,12.736796839856211,0.0091280529627546,75.9,19.2,1.0,0.0,14:30:00,0
2026-08-04 19:08:05.317000+05:30,28.4,76.9,404,0,23.2,63.0,0,957.0,24.9,62.2,416,0,21.8,73.2,568,0,17.0,86.0,411,0,0,0,0,0,19.2,75.9,0,1,0,0,23.299204211922472,17.0,17.0,0.0,10.0,0.0076180628355009,1000.0,0.1064336,0.0040003813981267,12.695585379488575,12.736796839856211,0.0091280529627546,75.9,19.2,1.0,0.0,14:30:00,0
2026-08-04 19:08:10.316000+05:30,28.4,76.8,401,0,23.1,63.0,0,956.8,25.0,62.2,415,0,21.8,73.1,578,0,17.0,85.9,400,0,0,0,0,0,19.2,75.9,0,1,0,0,23.29921931069591,17.0,17.0,0.0,10.0,0.0076180628355009,1000.0,0.1064336,0.004000684608846,12.68626642087672,12.710996966195856,0.0091224012928373,75.9,19.2,1.0,0.0,14:30:00,0
2026-08-04 19:08:10.316000+05:30,28.4,76.8,401,0,23.1,63.0,0,956.8,25.0,62.2,415,0,21.8,73.1,578,0,17.0,85.9,400,0,0,0,0,0,19.2,75.9,0,1,0,0,23.29921931069591,17.0,17.0,0.0,10.0,0.0076180628355009,1000.0,0.1064336,0.004000684608846,12.68626642087672,12.710996966195856,0.0091224012928373,75.9,19.2,1.0,0.0,14:30:00,0
2026-08-04 19:08:15.317000+05:30,28.4,77.2,402,0,23.1,62.9,0,956.9,25.0,62.2,421,0,21.8,73.1,540,0,17.0,85.9,412,0,0,0,0,0,19.2,75.9,0,1,0,0,23.29920938172154,17.0,17.0,0.0,10.0,0.0076180628355009,1000.0,0.1064335999999999,0.0040004852170561,12.681118858312509,12.695956454350302,0.0091192807955911,75.9,19.2,1.0,0.0,14:30:00,0
2026-08-04 19:08:15.317000+05:30,28.4,77.2,402,0,23.1,62.9,0,956.9,25.0,62.2,421,0,21.8,73.1,540,0,17.0,85.9,412,0,0,0,0,0,19.2,75.9,0,1,0,0,23.29920938172154,17.0,17.0,0.0,10.0,0.0076180628355009,1000.0,0.1064335999999999,0.0040004852170561,12.681118858312509,12.695956454350302,0.0091192807955911,75.9,19.2,1.0,0.0,14:30:00,0
2026-08-04 19:08:20.317000+05:30,28.4,77.3,422,0,23.1,62.9,0,957.0,25.0,62.1,409,0,21.8,73.0,544,0,17.0,85.9,409,0,0,0,0,0,19.2,75.9,0,1,0,0,23.29543983426517,17.0,17.0,0.0,10.0,0.0076180628355009,1000.0,0.1064335999999999,0.0040002625277394,12.67798119371413,12.686880044371986,0.0091173791855966,75.9,19.2,1.0,0.0,14:30:00,0
2026-08-04 19:08:20.317000+05:30,28.4,77.3,422,0,23.1,62.9,0,957.0,25.0,62.1,409,0,21.8,73.0,544,0,17.0,85.9,409,0,0,0,0,0,19.2,75.9,0,1,0,0,23.29543983426517,17.0,17.0,0.0,10.0,0.0076180628355009,1000.0,0.1064335999999999,0.0040002625277394,12.67798119371413,12.686880044371986,0.0091173791855966,75.9,19.2,1.0,0.0,14:30:00,0
2026-08-04 19:08:25.318000+05:30,28.3,77.3,410,0,23.1,62.8,0,956.9,25.0,62.0,407,0,21.8,73.0,539,0,17.0,85.8,426,0,0,0,0,0,19.2,75.9,0,1,0,0,23.29543290881276,17.0,17.0,0.0,10.0,0.0076180628355009,1000.0,0.1064335999999999,0.0040001207775794,12.676237615722156,12.681574303756152,0.0091163226281074,75.9,19.2,1.0,0.0,14:30:00,0
2026-08-04 19:08:25.318000+05:30,28.3,77.3,410,0,23.1,62.8,0,956.9,25.0,62.0,407,0,21.8,73.0,539,0,17.0,85.8,426,0,0,0,0,0,19.2,75.9,0,1,0,0,23.29543290881276,17.0,17.0,0.0,10.0,0.0076180628355009,1000.0,0.1064335999999999,0.0040001207775794,12.676237615722156,12.681574303756152,0.0091163226281074,75.9,19.2,1.0,0.0,14:30:00,0
2026-08-04 19:08:30.317000+05:30,28.3,77.4,407,0,23.1,62.8,0,957.0,25.0,61.9,415,0,21.8,72.9,545,0,17.0,85.8,425,0,0,0,0,0,19.2,75.9,0,1,0,0,23.29543881739277,17.0,17.0,0.0,10.0,0.0076180628355009,420.0,0.1064336,0.0040002417143952,12.675254482943162,12.67845733384214,0.0091157269266843,75.9,19.2,1.0,0.0,14:30:00,0
2026-08-04 19:08:30.317000+05:30,28.3,77.4,407,0,23.1,62.8,0,957.0,25.0,61.9,415,0,21.8,72.9,545,0,17.0,85.8,425,0,0,0,0,0,19.2,75.9,0,1,0,0,23.29543881739277,17.0,17.0,0.0,10.0,0.0076180628355009,420.0,0.1064336,0.0040002417143952,12.675254482943162,12.67845733384214,0.0091157269266843,75.9,19.2,1.0,0.0,14:30:00,0
2026-08-04 19:08:35.317000+05:30,28.3,77.6,438,0,23.1,62.8,0,957.0,25.0,61.9,423,0,21.8,72.9,539,0,17.0,85.8,413,0,0,0,0,0,19.2,75.9,0,1,0,0,23.29551109541439,17.0,17.0,0.0,19.879443935751464,0.0076180628355009,439.420874274629,0.1064336,0.0040017211009416,12.751151219503909,12.991563983389218,0.0091618172146404,75.9,19.2,1.0,0.0,14:30:00,0
2026-08-04 19:08:35.317000+05:30,28.3,77.6,438,0,23.1,62.8,0,957.0,25.0,61.9,423,0,21.8,72.9,539,0,17.0,85.8,413,0,0,0,0,0,19.2,75.9,0,1,0,0,23.29551109541439,17.0,17.0,0.0,19.879443935751464,0.0076180628355009,439.420874274629,0.1064336,0.0040017211009416,12.751151219503909,12.991563983389218,0.0091618172146404,75.9,19.2,1.0,0.0,14:30:00,0
2026-08-04 19:08:40.318000+05:30,28.3,77.5,427,0,23.1,62.7,0,956.9,25.1,61.7,428,0,21.8,72.9,531,0,17.0,85.7,413,0,0,0,0,0,19.2,75.9,0,1,0,0,23.295519310415106,17.0,17.0,0.0,10.0,0.0076180628355009,420.0,0.1064336,0.0040018892455762,12.71670183042709,12.860947209033132,0.0091408710799358,75.9,19.2,1.0,0.0,14:30:00,0
2026-08-04 19:08:40.318000+05:30,28.3,77.5,427,0,23.1,62.7,0,956.9,25.1,61.7,428,0,21.8,72.9,531,0,17.0,85.7,413,0,0,0,0,0,19.2,75.9,0,1,0,0,23.295519310415106,17.0,17.0,0.0,10.0,0.0076180628355009,420.0,0.1064336,0.0040018892455762,12.71670183042709,12.860947209033132,0.0091408710799358,75.9,19.2,1.0,0.0,14:30:00,0
2026-08-04 19:08:45.318000+05:30,28.3,77.5,400,0,23.1,62.6,0,956.9,25.1,61.6,436,0,21.8,72.8,537,0,17.0,85.7,402,0,0,0,0,0,19.2,75.9,0,1,0,0,23.195567697491725,17.0,17.0,0.0,10.0,0.0076180628355009,420.0,0.1064336,0.0040028796322606,12.69003848476605,12.776605191285842,0.0091246885587221,75.9,19.2,1.0,0.0,14:30:00,0
2026-08-04 19:08:45.318000+05:30,28.3,77.5,400,0,23.1,62.6,0,956.9,25.1,61.6,436,0,21.8,72.8,537,0,17.0,85.7,402,0,0,0,0,0,19.2,75.9,0,1,0,0,23.195567697491725,17.0,17.0,0.0,10.0,0.0076180628355009,420.0,0.1064336,0.0040028796322606,12.69003848476605,12.776605191285842,0.0091246885587221,75.9,19.2,1.0,0.0,14:30:00,0
2026-08-04 19:08:50.450000+05:30,28.2,77.5,407,0,23.0,62.6,0,956.9,25.1,61.5,439,0,21.7,72.8,538,0,17.0,85.7,401,0,0,0,0,0,19.2,75.9,0,1,0,0,23.19552175996357,17.0,17.0,0.0,10.0,0.0076180628355009,420.0,0.1064336,0.0040019393829343,12.675318100275613,12.727259461481246,0.0091157654727462,75.9,19.2,1.0,0.0,14:30:00,0
2026-08-04 19:08:50.450000+05:30,28.2,77.5,407,0,23.0,62.6,0,956.9,25.1,61.5,439,0,21.7,72.8,538,0,17.0,85.7,401,0,0,0,0,0,19.2,75.9,0,1,0,0,23.19552175996357,17.0,17.0,0.0,10.0,0.0076180628355009,420.0,0.1064336,0.0040019393829343,12.675318100275613,12.727259461481246,0.0091157654727462,75.9,19.2,1.0,0.0,14:30:00,0
2026-08-04 19:08:55.450000+05:30,28.2,77.4,419,0,23.0,62.5,0,957.0,25.1,61.5,435,0,21.7,72.8,556,0,17.0,85.7,400,0,0,0,0,0,19.2,75.9,0,1,0,0,23.195490146044246,17.0,17.0,0.0,10.0,0.0076180628355009,1000.0,0.1064335999999999,0.0040012923092336,12.66715866470823,12.698323843392696,0.0091108228223681,75.9,19.2,1.0,0.0,14:30:00,0
2026-08-04 19:08:55.450000+05:30,28.2,77.4,419,0,23.0,62.5,0,957.0,25.1,61.5,435,0,21.7,72.8,556,0,17.0,85.7,400,0,0,0,0,0,19.2,75.9,0,1,0,0,23.195490146044246,17.0,17.0,0.0,10.0,0.0076180628355009,1000.0,0.1064335999999999,0.0040012923092336,12.66715866470823,12.698323843392696,0.0091108228223681,75.9,19.2,1.0,0.0,14:30:00,0
2026-08-04 19:09:00.514000+05:30,28.2,77.5,420,0,23.0,62.5,0,957.0,25.1,61.3,405,0,21.7,72.7,557,0,17.0,85.6,415,0,0,0,0,0,19.2,75.9,0,1,0,0,23.19546371249769,17.0,17.0,0.0,10.0,0.0076180628355009,1000.0,0.1064336,0.0040007512674028,12.662652551869794,12.68134934826232,0.0091080942348327,75.9,19.2,1.0,0.0,14:30:00,0
2026-08-04 19:09:00.514000+05:30,28.2,77.5,420,0,23.0,62.5,0,957.0,25.1,61.3,405,0,21.7,72.7,557,0,17.0,85.6,415,0,0,0,0,0,19.2,75.9,0,1,0,0,23.19546371249769,17.0,17.0,0.0,10.0,0.0076180628355009,1000.0,0.1064336,0.0040007512674028,12.662652551869794,12.68134934826232,0.0091080942348327,75.9,19.2,1.0,0.0,14:30:00,0
2026-08-04 19:09:05.514000+05:30,28.2,77.6,408,0,23.0,62.6,0,956.9,25.1,61.2,417,0,21.7,72.7,558,0,17.0,85.6,422,0,0,0,0,0,19.2,75.9,0,1,0,0,23.19538859468828,17.0,17.0,0.0,10.0,0.0076180628355009,420.0,0.1064336,0.0039992137560797,12.660020822354154,12.671197123169875,0.009106500982059,75.9,19.2,1.0,0.0,14:30:00,0
2026-08-04 19:09:05.514000+05:30,28.2,77.6,408,0,23.0,62.6,0,956.9,25.1,61.2,417,0,21.7,72.7,558,0,17.0,85.6,422,0,0,0,0,0,19.2,75.9,0,1,0,0,23.19538859468828,17.0,17.0,0.0,10.0,0.0076180628355009,420.0,0.1064336,0.0039992137560797,12.660020822354154,12.671197123169875,0.009106500982059,75.9,19.2,1.0,0.0,14:30:00,0
2026-08-04 19:09:10.564000+05:30,28.2,77.7,400,0,23.0,62.5,0,956.9,25.2,61.1,442,0,21.7,72.7,549,0,17.0,85.5,410,0,0,0,0,0,19.2,75.9,0,1,0,0,23.195478521607484,17.0,17.0,0.0,10.0,0.0076180628355009,420.0,0.1064336,0.004001054380262,12.658599849312882,12.665319710729428,0.0091056408268784,75.9,19.2,1.0,0.0,14:30:00,0
2026-08-04 19:09:10.564000+05:30,28.2,77.7,400,0,23.0,62.5,0,956.9,25.2,61.1,442,0,21.7,72.7,549,0,17.0,85.5,410,0,0,0,0,0,19.2,75.9,0,1,0,0,23.195478521607484,17.0,17.0,0.0,10.0,0.0076180628355009,420.0,0.1064336,0.004001054380262,12.658599849312882,12.665319710729428,0.0091056408268784,75.9,19.2,1.0,0.0,14:30:00,0
2026-08-04 19:09:15.563000+05:30,28.2,77.8,409,0,23.0,62.5,0,957.0,25.2,61.0,442,0,21.7,72.5,546,0,17.0,85.5,412,0,0,0,0,0,19.2,75.9,0,1,0,0,23.0992556108712,17.0,17.0,0.0,10.0,0.0076180628355009,1000.0,0.1064336,0.004001413582117,12.650581196158114,12.654619487702536,0.0091007882747702,75.9,19.2,1.0,0.0,14:30:00,0
2026-08-04 19:09:15.563000+05:30,28.2,77.8,409,0,23.0,62.5,0,957.0,25.2,61.0,442,0,21.7,72.5,546,0,17.0,85.5,412,0,0,0,0,0,19.2,75.9,0,1,0,0,23.0992556108712,17.0,17.0,0.0,10.0,0.0076180628355009,1000.0,0.1064336,0.004001413582117,12.650581196158114,12.654619487702536,0.0091007882747702,75.9,19.2,1.0,0.0,14:30:00,0
2026-08-04 19:09:20.630000+05:30,28.2,77.7,401,0,22.9,62.5,0,956.9,25.2,60.9,425,0,21.7,72.4,562,0,17.0,85.4,412,0,0,0,0,0,19.2,75.9,0,1,0,0,23.09925563278613,17.0,17.0,3.0,10.0,0.0076180628355009,1000.0,0.1064336,0.0040014140222086,12.646143927779091,12.648571411998836,0.0090981040231314,75.9,19.2,1.0,0.0,14:30:00,0
2026-08-04 19:09:20.630000+05:30,28.2,77.7,401,0,22.9,62.5,0,956.9,25.2,60.9,425,0,21.7,72.4,562,0,17.0,85.4,412,0,0,0,0,0,19.2,75.9,0,1,0,0,23.09925563278613,17.0,17.0,3.0,10.0,0.0076180628355009,1000.0,0.1064336,0.0040014140222086,12.646143927779091,12.648571411998836,0.0090981040231314,75.9,19.2,1.0,0.0,14:30:00,0
2026-08-04 19:09:25.629000+05:30,28.2,77.7,400,0,22.9,62.4,0,957.0,25.2,60.7,421,0,21.7,72.5,475,0,17.0,85.4,408,0,0,0,0,0,19.2,75.9,3,1,0,0,23.09928277712457,17.0,17.0,0.0,10.0,0.0076180628355009,1000.0,0.1064336,0.0040019591296917,12.64366153568592,12.645127560222054,0.0090966026510759,75.9,19.2,1.0,0.0,14:30:00,0
2026-08-04 19:09:25.629000+05:30,28.2,77.7,400,0,22.9,62.4,0,957.0,25.2,60.7,421,0,21.7,72.5,475,0,17.0,85.4,408,0,0,0,0,0,19.2,75.9,3,1,0,0,23.09928277712457,17.0,17.0,0.0,10.0,0.0076180628355009,1000.0,0.1064336,0.0040019591296917,12.64366153568592,12.645127560222054,0.0090966026510759,75.9,19.2,1.0,0.0,14:30:00,0
2026-08-04 19:09:30.678000+05:30,28.2,77.2,401,0,22.9,62.4,0,957.0,25.2,60.7,428,0,21.7,72.5,456,0,17.0,85.4,428,0,0,0,0,0,19.2,75.9,0,1,0,0,23.09924231713584,17.0,17.0,0.0,10.0,0.0076180628355009,1000.0,0.1064336,0.0040011466198318,12.64234491169643,12.643218191199942,0.009095806435754,75.9,19.2,1.0,0.0,14:30:00,0
2026-08-04 19:09:30.678000+05:30,28.2,77.2,401,0,22.9,62.4,0,957.0,25.2,60.7,428,0,21.7,72.5,456,0,17.0,85.4,428,0,0,0,0,0,19.2,75.9,0,1,0,0,23.09924231713584,17.0,17.0,0.0,10.0,0.0076180628355009,1000.0,0.1064336,0.0040011466198318,12.64234491169643,12.643218191199942,0.009095806435754,75.9,19.2,1.0,0.0,14:30:00,0
2026-08-04 19:09:35.678000+05:30,28.2,76.8,405,0,22.9,62.4,0,956.9,25.3,60.6,405,0,21.7,72.5,468,0,17.0,85.4,415,0,0,0,0,0,19.2,75.9,0,1,0,0,23.099215421758025,17.1,17.1,0.0,10.0,0.0076180628355009,420.0,0.1064336,0.0040006065119292,12.641487916924367,12.641990237817044,0.0090952882102299,75.9,19.2,1.0,0.0,14:30:00,0
2026-08-04 19:09:35.678000+05:30,28.2,76.8,405,0,22.9,62.4,0,956.9,25.3,60.6,405,0,21.7,72.5,468,0,17.0,85.4,415,0,0,0,0,0,19.2,75.9,0,1,0,0,23.099215421758025,17.1,17.1,0.0,10.0,0.0076180628355009,420.0,0.1064336,0.0040006065119292,12.641487916924367,12.641990237817044,0.0090952882102299,75.9,19.2,1.0,0.0,14:30:00,0
2026-08-04 19:09:40.727000+05:30,28.2,76.7,400,0,22.9,62.3,0,956.8,25.3,60.5,440,0,21.6,72.4,458,0,17.1,85.3,417,0,0,0,0,0,19.2,75.9,0,1,0,0,23.10235090872282,17.0,17.0,0.0,10.0,0.0076180628355009,420.0,0.1047477027731706,0.0039992061967507,12.706187821339588,12.70645512333671,0.009134486845265,70.8,19.5,1.0,0.0,14:30:00,0
2026-08-04 19:09:40.727000+05:30,28.2,76.7,400,0,22.9,62.3,0,956.8,25.3,60.5,440,0,21.6,72.4,458,0,17.1,85.3,417,0,0,0,0,0,19.2,75.9,0,1,0,0,23.10235090872282,17.0,17.0,0.0,10.0,0.0076180628355009,420.0,0.1047477027731706,0.0039992061967507,12.706187821339588,12.70645512333671,0.009134486845265,70.8,19.5,1.0,0.0,14:30:00,0
2026-08-04 19:09:45.727000+05:30,28.2,76.8,400,0,22.9,62.4,0,956.9,25.3,60.4,442,0,21.6,72.3,484,0,17.0,85.3,408,0,0,0,0,0,19.2,75.9,0,1,0,0,23.103003169056752,17.0,17.0,0.0,10.0,0.0076180628355009,1000.0,0.1064336,0.0040011774248368,12.677276083875917,12.677451270345887,0.0091169518963438,75.9,19.2,1.0,0.0,14:30:00,0
2026-08-04 19:09:45.727000+05:30,28.2,76.8,400,0,22.9,62.4,0,956.9,25.3,60.4,442,0,21.6,72.3,484,0,17.0,85.3,408,0,0,0,0,0,19.2,75.9,0,1,0,0,23.103003169056752,17.0,17.0,0.0,10.0,0.0076180628355009,1000.0,0.1064336,0.0040011774248368,12.677276083875917,12.677451270345887,0.0091169518963438,75.9,19.2,1.0,0.0,14:30:00,0
2026-08-04 19:09:50.860000+05:30,28.3,77.1,400,0,22.9,62.3,0,957.0,25.3,60.3,430,0,21.7,72.3,461,0,17.0,85.3,428,0,0,0,0,0,19.5,70.8,0,1,0,0,23.10297791673772,17.0,17.0,0.0,10.0,0.0076180628355009,1000.0,0.1064335999999999,0.0040006797034992,12.661290361128977,12.66139164853889,0.0091072695314247,75.9,19.2,1.0,0.0,14:30:00,0
2026-08-04 19:09:50.860000+05:30,28.3,77.1,400,0,22.9,62.3,0,957.0,25.3,60.3,430,0,21.7,72.3,461,0,17.0,85.3,428,0,0,0,0,0,19.5,70.8,0,1,0,0,23.10297791673772,17.0,17.0,0.0,10.0,0.0076180628355009,1000.0,0.1064335999999999,0.0040006797034992,12.661290361128977,12.66139164853889,0.0091072695314247,75.9,19.2,1.0,0.0,14:30:00,0
2026-08-04 19:09:55.859000+05:30,28.3,77.6,401,0,22.9,62.3,0,957.0,25.3,60.3,404,0,21.7,72.3,470,0,17.0,85.3,400,0,0,0,0,0,19.2,75.9,0,1,0,0,23.006723074966885,17.0,17.0,0.0,10.0,0.0076180628355009,1000.0,0.1064335999999999,0.0040004147403264,12.64512177487808,12.645180399577288,0.0090974857893695,75.9,19.2,1.0,0.0,14:30:00,0
2026-08-04 19:09:55.859000+05:30,28.3,77.6,401,0,22.9,62.3,0,957.0,25.3,60.3,404,0,21.7,72.3,470,0,17.0,85.3,400,0,0,0,0,0,19.2,75.9,0,1,0,0,23.006723074966885,17.0,17.0,0.0,10.0,0.0076180628355009,1000.0,0.1064335999999999,0.0040004147403264,12.64512177487808,12.645180399577288,0.0090974857893695,75.9,19.2,1.0,0.0,14:30:00,0
2026-08-04 19:10:00.859000+05:30,28.3,77.8,421,0,22.8,62.2,0,957.0,25.3,60.2,431,0,21.6,72.2,464,0,17.0,85.2,423,0,0,0,0,0,19.2,75.9,0,1,0,0,23.00671325121376,17.0,17.0,0.0,10.0,0.0076180628355009,1000.0,0.1064336,0.0040002246353425,12.636155149640564,12.636184148050582,0.0090920640759134,75.9,19.2,1.0,0.0,14:30:00,0
2026-08-04 19:10:00.859000+05:30,28.3,77.8,421,0,22.8,62.2,0,957.0,25.3,60.2,431,0,21.6,72.2,464,0,17.0,85.2,423,0,0,0,0,0,19.2,75.9,0,1,0,0,23.00671325121376,17.0,17.0,0.0,10.0,0.0076180628355009,1000.0,0.1064336,0.0040002246353425,12.636155149640564,12.636184148050582,0.0090920640759134,75.9,19.2,1.0,0.0,14:30:00,0
2026-08-04 19:10:05.860000+05:30,28.3,77.8,400,0,22.8,62.4,0,956.9,25.3,60.0,400,0,21.6,72.2,471,0,17.0,85.2,428,0,0,0,0,0,19.2,75.9,0,1,0,0,23.00672931368005,17.0,17.0,0.0,10.0,0.0076180628355009,1000.0,0.1064336,0.0040005354691813,12.631151271638608,12.631172647308434,0.0090890397166316,75.9,19.2,1.0,0.0,14:30:00,0
2026-08-04 19:10:05.860000+05:30,28.3,77.8,400,0,22.8,62.4,0,956.9,25.3,60.0,400,0,21.6,72.2,471,0,17.0,85.2,428,0,0,0,0,0,19.2,75.9,0,1,0,0,23.00672931368005,17.0,17.0,0.0,10.0,0.0076180628355009,1000.0,0.1064336,0.0040005354691813,12.631151271638608,12.631172647308434,0.0090890397166316,75.9,19.2,1.0,0.0,14:30:00,0
2026-08-04 19:10:10.860000+05:30,28.3,77.8,428,0,22.8,62.2,0,956.9,25.3,59.9,407,0,21.6,72.1,468,0,17.0,85.2,408,0,0,0,0,0,19.2,75.9,0,1,0,0,23.01054665210922,17.0,17.0,0.0,10.0,0.0076180628355009,1000.0,0.1064336,0.0040016496699878,12.628665231776068,12.628688309477893,0.0090875374819472,75.9,19.2,1.0,0.0,14:30:00,0
2026-08-04 19:10:10.860000+05:30,28.3,77.8,428,0,22.8,62.2,0,956.9,25.3,59.9,407,0,21.6,72.1,468,0,17.0,85.2,408,0,0,0,0,0,19.2,75.9,0,1,0,0,23.01054665210922,17.0,17.0,0.0,10.0,0.0076180628355009,1000.0,0.1064336,0.0040016496699878,12.628665231776068,12.628688309477893,0.0090875374819472,75.9,19.2,1.0,0.0,14:30:00,0
2026-08-04 19:10:15.860000+05:30,28.4,77.8,400,0,22.8,62.2,0,956.9,25.3,59.9,429,0,21.6,72.1,454,0,17.0,85.1,431,0,0,0,0,0,19.2,75.9,0,1,0,0,23.010610404680776,17.0,17.0,0.0,10.0,0.0076180628355009,1000.0,0.1064335999999999,0.0040028613513627,12.62726834847901,12.627298254147105,0.0090866934875801,75.9,19.2,1.0,0.0,14:30:00,0
2026-08-04 19:10:15.860000+05:30,28.4,77.8,400,0,22.8,62.2,0,956.9,25.3,59.9,429,0,21.6,72.1,454,0,17.0,85.1,431,0,0,0,0,0,19.2,75.9,0,1,0,0,23.010610404680776,17.0,17.0,0.0,10.0,0.0076180628355009,1000.0,0.1064335999999999,0.0040028613513627,12.62726834847901,12.627298254147105,0.0090866934875801,75.9,19.2,1.0,0.0,14:30:00,0
2026-08-04 19:10:20.860000+05:30,28.4,77.3,400,0,22.8,62.2,0,956.9,25.3,59.9,432,0,21.6,72.0,459,0,17.0,85.1,421,0,0,0,0,0,19.2,75.9,0,1,0,0,23.006790675430384,16.9,16.9,0.0,10.0,0.0076180628355009,1000.0,0.1064336,0.0040017229149977,12.626244809355882,12.626260584231272,0.0090860751117116,75.9,19.2,1.0,0.0,14:30:00,0
2026-08-04 19:10:20.860000+05:30,28.4,77.3,400,0,22.8,62.2,0,956.9,25.3,59.9,432,0,21.6,72.0,459,0,17.0,85.1,421,0,0,0,0,0,19.2,75.9,0,1,0,0,23.006790675430384,16.9,16.9,0.0,10.0,0.0076180628355009,1000.0,0.1064336,0.0040017229149977,12.626244809355882,12.626260584231272,0.0090860751117116,75.9,19.2,1.0,0.0,14:30:00,0
2026-08-04 19:10:25.861000+05:30,28.3,76.8,405,0,22.8,62.2,0,956.9,25.3,59.7,415,0,21.6,72.1,457,0,16.9,85.0,419,0,0,0,0,0,19.2,75.9,0,1,0,0,23.006796144974903,16.9,16.9,0.0,10.0,0.0076180628355009,420.0,0.1064336,0.0040018287592365,12.625644909446688,12.62566268369381,0.0090857126969635,75.9,19.2,1.0,0.0,14:30:00,0
2026-08-04 19:10:25.861000+05:30,28.3,76.8,405,0,22.8,62.2,0,956.9,25.3,59.7,415,0,21.6,72.1,457,0,16.9,85.0,419,0,0,0,0,0,19.2,75.9,0,1,0,0,23.006796144974903,16.9,16.9,0.0,10.0,0.0076180628355009,420.0,0.1064336,0.0040018287592365,12.625644909446688,12.62566268369381,0.0090857126969635,75.9,19.2,1.0,0.0,14:30:00,0
2026-08-04 19:10:30.861000+05:30,28.3,76.8,413,0,22.8,62.1,0,956.9,25.3,59.7,439,0,21.6,72.1,474,0,16.9,85.0,412,0,0,0,0,0,19.2,75.9,0,1,0,0,23.00677563846122,16.9,16.9,0.0,10.0,0.0076180628355009,1000.0,0.1064336,0.004001431926132,12.62533341312907,12.625345849075837,0.0090855245192517,75.9,19.2,1.0,0.0,14:30:00,0
2026-08-04 19:10:30.861000+05:30,28.3,76.8,413,0,22.8,62.1,0,956.9,25.3,59.7,439,0,21.6,72.1,474,0,16.9,85.0,412,0,0,0,0,0,19.2,75.9,0,1,0,0,23.00677563846122,16.9,16.9,0.0,10.0,0.0076180628355009,1000.0,0.1064336,0.004001431926132,12.62533341312907,12.625345849075837,0.0090855245192517,75.9,19.2,1.0,0.0,14:30:00,0
2026-08-04 19:10:35.861000+05:30,28.3,76.7,400,0,22.8,62.1,0,956.9,25.3,59.7,417,0,21.6,72.0,468,0,16.9,85.1,428,0,0,0,0,0,19.2,75.9,0,1,0,0,23.00678710197453,16.9,16.9,0.0,10.0,0.0076180628355009,420.0,0.1064336,0.0040016537630392,12.625139633010168,12.625155403808968,0.009085407456712,75.9,19.2,1.0,0.0,14:30:00,0
2026-08-04 19:10:35.861000+05:30,28.3,76.7,400,0,22.8,62.1,0,956.9,25.3,59.7,417,0,21.6,72.0,468,0,16.9,85.1,428,0,0,0,0,0,19.2,75.9,0,1,0,0,23.00678710197453,16.9,16.9,0.0,10.0,0.0076180628355009,420.0,0.1064336,0.0040016537630392,12.625139633010168,12.625155403808968,0.009085407456712,75.9,19.2,1.0,0.0,14:30:00,0
2026-08-04 19:10:41.162000+05:30,28.3,77.0,414,0,22.8,62.1,0,956.9,25.3,59.7,440,0,21.6,72.0,481,0,16.9,85.0,412,0,0,0,0,0,19.2,75.9,0,1,0,0,22.91427261281347,16.9,16.9,0.0,22.74083965032484,0.0076180628355009,450.1841066140711,0.1064335999999999,0.0040010185198498,12.719710788398732,13.100221728092157,0.0091426988922602,75.9,19.2,1.0,0.0,14:30:00,0
2026-08-04 19:10:41.162000+05:30,28.3,77.0,414,0,22.8,62.1,0,956.9,25.3,59.7,440,0,21.6,72.0,481,0,16.9,85.0,412,0,0,0,0,0,19.2,75.9,0,1,0,0,22.91427261281347,16.9,16.9,0.0,22.74083965032484,0.0076180628355009,450.1841066140711,0.1064335999999999,0.0040010185198498,12.719710788398732,13.100221728092157,0.0091426988922602,75.9,19.2,1.0,0.0,14:30:00,0
2026-08-04 19:10:46.180000+05:30,28.4,77.7,415,0,22.7,62.1,0,956.9,25.3,59.6,440,0,21.5,72.0,451,0,16.9,85.0,408,0,0,0,0,0,19.2,75.9,0,1,0,0,22.91429897900739,16.9,16.9,0.0,10.0,0.0076180628355009,420.0,0.1064336,0.0040015108442247,12.670629505654482,12.898944625444528,0.0091129250212205,75.9,19.2,1.0,0.0,14:30:00,0
2026-08-04 19:10:46.180000+05:30,28.4,77.7,415,0,22.7,62.1,0,956.9,25.3,59.6,440,0,21.5,72.0,451,0,16.9,85.0,408,0,0,0,0,0,19.2,75.9,0,1,0,0,22.91429897900739,16.9,16.9,0.0,10.0,0.0076180628355009,420.0,0.1064336,0.0040015108442247,12.670629505654482,12.898944625444528,0.0091129250212205,75.9,19.2,1.0,0.0,14:30:00,0
2026-08-04 19:10:51.208000+05:30,28.4,78.0,403,0,22.7,62.0,0,956.9,25.3,59.5,430,0,21.5,72.0,477,0,16.9,85.0,428,0,0,0,0,0,19.2,75.9,0,1,0,0,22.91429398343313,16.9,16.9,0.0,10.0,0.0076180628355009,420.0,0.106425445867736,0.0040011110059024,12.643514539101425,12.780481629150875,0.0090965137532474,75.9,19.2,1.0,0.0,14:30:00,0
2026-08-04 19:10:51.208000+05:30,28.4,78.0,403,0,22.7,62.0,0,956.9,25.3,59.5,430,0,21.5,72.0,477,0,16.9,85.0,428,0,0,0,0,0,19.2,75.9,0,1,0,0,22.91429398343313,16.9,16.9,0.0,10.0,0.0076180628355009,420.0,0.106425445867736,0.0040011110059024,12.643514539101425,12.780481629150875,0.0090965137532474,75.9,19.2,1.0,0.0,14:30:00,0
2026-08-04 19:10:57.301000+05:30,28.4,78.0,400,0,22.7,62.0,0,956.9,25.3,59.4,445,0,21.5,71.9,461,0,16.9,85.0,407,0,0,0,0,0,19.2,75.9,0,1,0,0,22.910593527183032,16.9,16.9,0.0,10.0,0.0076180628355009,1000.0,0.1064336,0.0040025405776406,12.627896210235685,12.710092510249767,0.0090870728318232,75.9,19.2,1.0,0.0,14:30:00,0
2026-08-04 19:10:57.301000+05:30,28.4,78.0,400,0,22.7,62.0,0,956.9,25.3,59.4,445,0,21.5,71.9,461,0,16.9,85.0,407,0,0,0,0,0,19.2,75.9,0,1,0,0,22.910593527183032,16.9,16.9,0.0,10.0,0.0076180628355009,1000.0,0.1064336,0.0040025405776406,12.627896210235685,12.710092510249767,0.0090870728318232,75.9,19.2,1.0,0.0,14:30:00,0
2026-08-04 19:11:02.543000+05:30,28.3,77.1,400,0,22.7,62.0,0,956.9,25.3,59.4,432,0,21.5,71.9,451,0,16.9,85.0,418,0,0,0,0,0,19.2,75.9,0,1,0,0,22.915138865137028,16.9,16.9,0.0,10.0,0.0076180628355009,1000.0,0.104158290824594,0.0040015172290385,12.707082029483644,12.756397242798812,0.009135029663741,69.7,19.6,1.0,0.0,14:30:00,0
2026-08-04 19:11:02.543000+05:30,28.3,77.1,400,0,22.7,62.0,0,956.9,25.3,59.4,432,0,21.5,71.9,451,0,16.9,85.0,418,0,0,0,0,0,19.2,75.9,0,1,0,0,22.915138865137028,16.9,16.9,0.0,10.0,0.0076180628355009,1000.0,0.104158290824594,0.0040015172290385,12.707082029483644,12.756397242798812,0.009135029663741,69.7,19.6,1.0,0.0,14:30:00,0
2026-08-04 19:11:07.585000+05:30,28.3,76.9,400,0,22.7,62.0,0,956.9,25.3,59.4,410,0,21.5,71.9,487,0,16.9,85.0,410,0,0,0,0,0,19.2,75.9,0,1,0,0,22.91064154112208,16.8,16.8,0.0,10.0,0.0076180628355009,420.0,0.1064336,0.0040034531305663,12.663245710053534,12.692869754045692,0.0091084533681548,75.9,19.2,1.0,0.0,14:30:00,0
2026-08-04 19:11:07.585000+05:30,28.3,76.9,400,0,22.7,62.0,0,956.9,25.3,59.4,410,0,21.5,71.9,487,0,16.9,85.0,410,0,0,0,0,0,19.2,75.9,0,1,0,0,22.91064154112208,16.8,16.8,0.0,10.0,0.0076180628355009,420.0,0.1064336,0.0040034531305663,12.663245710053534,12.692869754045692,0.0091084533681548,75.9,19.2,1.0,0.0,14:30:00,0
2026-08-04 19:11:12.585000+05:30,28.3,76.7,400,0,22.7,61.9,0,956.9,25.3,59.4,434,0,21.5,71.9,465,0,16.8,84.9,400,0,0,0,0,0,19.6,69.7,0,1,0,0,22.914330596368657,16.8,16.8,0.0,22.98064496396098,0.0076180628355009,440.68628842741526,0.1064336,0.0040021012213444,12.74236744236654,13.150407718029284,0.009156472362688,75.9,19.2,1.0,0.0,14:30:00,0
2026-08-04 19:11:12.585000+05:30,28.3,76.7,400,0,22.7,61.9,0,956.9,25.3,59.4,434,0,21.5,71.9,465,0,16.8,84.9,400,0,0,0,0,0,19.6,69.7,0,1,0,0,22.914330596368657,16.8,16.8,0.0,22.98064496396098,0.0076180628355009,440.68628842741526,0.1064336,0.0040021012213444,12.74236744236654,13.150407718029284,0.009156472362688,75.9,19.2,1.0,0.0,14:30:00,0
2026-08-04 19:11:17.585000+05:30,28.4,76.4,400,0,22.7,61.9,0,956.9,25.3,59.3,422,0,21.4,71.8,459,0,16.8,85.0,402,0,0,0,0,0,19.2,75.9,0,1,0,0,22.91438439251882,16.8,16.8,0.0,23.002929942854845,0.0076180628355009,440.3001065412201,0.1064336,0.0040031057332615,12.782357939294108,13.38590657918406,0.009180828868538,75.9,19.2,1.0,0.0,14:30:00,0
2026-08-04 19:11:17.585000+05:30,28.4,76.4,400,0,22.7,61.9,0,956.9,25.3,59.3,422,0,21.4,71.8,459,0,16.8,85.0,402,0,0,0,0,0,19.2,75.9,0,1,0,0,22.91438439251882,16.8,16.8,0.0,23.002929942854845,0.0076180628355009,440.3001065412201,0.1064336,0.0040031057332615,12.782357939294108,13.38590657918406,0.009180828868538,75.9,19.2,1.0,0.0,14:30:00,0
2026-08-04 19:11:22.586000+05:30,28.4,76.3,400,0,22.7,61.9,0,956.9,25.3,59.2,407,0,21.4,71.9,458,0,16.8,84.9,403,0,0,0,0,0,19.2,75.9,0,1,0,0,22.81946968696692,16.8,16.8,0.0,23.05444652498461,0.0076180628355009,439.1928204217359,0.1057592230905282,0.0040018868250936,12.825337406575317,13.568474515479778,0.0092070705965305,73.4,19.3,1.0,0.0,14:30:00,0
2026-08-04 19:11:22.586000+05:30,28.4,76.3,400,0,22.7,61.9,0,956.9,25.3,59.2,407,0,21.4,71.9,458,0,16.8,84.9,403,0,0,0,0,0,19.2,75.9,0,1,0,0,22.81946968696692,16.8,16.8,0.0,23.05444652498461,0.0076180628355009,439.1928204217359,0.1057592230905282,0.0040018868250936,12.825337406575317,13.568474515479778,0.0092070705965305,73.4,19.3,1.0,0.0,14:30:00,0
2026-08-04 19:11:27.586000+05:30,28.4,76.1,409,0,22.6,61.9,0,956.9,25.3,59.1,438,0,21.4,71.8,494,0,16.8,84.9,418,0,0,0,0,0,19.2,75.9,0,1,0,0,22.82191484017494,16.8,16.8,0.0,23.082365088756937,0.0076180628355009,440.9435943550937,0.1064336,0.0040032534463124,12.821696031614929,13.630569719405326,0.0092048446976406,75.9,19.2,1.0,0.0,14:30:00,0
2026-08-04 19:11:27.586000+05:30,28.4,76.1,409,0,22.6,61.9,0,956.9,25.3,59.1,438,0,21.4,71.8,494,0,16.8,84.9,418,0,0,0,0,0,19.2,75.9,0,1,0,0,22.82191484017494,16.8,16.8,0.0,23.082365088756937,0.0076180628355009,440.9435943550937,0.1064336,0.0040032534463124,12.821696031614929,13.630569719405326,0.0092048446976406,75.9,19.2,1.0,0.0,14:30:00,0
2026-08-04 19:11:32.585000+05:30,28.5,75.7,414,0,22.6,61.9,0,956.8,25.3,59.1,411,0,21.4,71.8,474,0,16.8,84.9,415,0,0,0,0,0,19.3,73.4,0,1,0,0,22.818150525255,16.8,16.8,0.0,22.76237560702436,0.0076180628355009,440.4636448066472,0.1064336,0.0040031975422034,12.816632728154572,13.650553272435392,0.0092017504047324,75.9,19.2,1.0,0.0,14:30:00,0
2026-08-04 19:11:32.585000+05:30,28.5,75.7,414,0,22.6,61.9,0,956.8,25.3,59.1,411,0,21.4,71.8,474,0,16.8,84.9,415,0,0,0,0,0,19.3,73.4,0,1,0,0,22.818150525255,16.8,16.8,0.0,22.76237560702436,0.0076180628355009,440.4636448066472,0.1064336,0.0040031975422034,12.816632728154572,13.650553272435392,0.0092017504047324,75.9,19.2,1.0,0.0,14:30:00,0
2026-08-04 19:11:37.586000+05:30,28.4,75.9,436,0,22.6,62.0,0,956.8,25.3,59.0,419,0,21.4,71.9,474,0,16.8,84.9,423,0,0,0,0,0,19.2,75.9,0,1,0,0,22.82195905723467,16.8,16.8,0.0,23.140305654900462,0.0076180628355009,440.2870411998787,0.1064335999999999,0.0040040511040833,12.817330179530115,13.68284271380304,0.0092021765767587,75.9,19.2,1.0,0.0,14:30:00,0
2026-08-04 19:11:37.586000+05:30,28.4,75.9,436,0,22.6,62.0,0,956.8,25.3,59.0,419,0,21.4,71.9,474,0,16.8,84.9,423,0,0,0,0,0,19.2,75.9,0,1,0,0,22.82195905723467,16.8,16.8,0.0,23.140305654900462,0.0076180628355009,440.2870411998787,0.1064335999999999,0.0040040511040833,12.817330179530115,13.68284271380304,0.0092021765767587,75.9,19.2,1.0,0.0,14:30:00,0
2026-08-04 19:11:42.587000+05:30,28.5,75.8,418,0,22.6,62.0,0,956.8,25.3,59.0,420,0,21.4,71.9,474,0,16.8,84.9,429,0,0,0,0,0,19.2,75.9,0,1,0,0,22.82193951506008,16.8,16.8,0.0,22.70208663852801,0.0076180628355009,440.6662948559514,0.1064336,0.004003698571203,12.814122433379444,13.680004568707671,0.0092002166559054,75.9,19.2,1.0,0.0,14:30:00,0
2026-08-04 19:11:42.587000+05:30,28.5,75.8,418,0,22.6,62.0,0,956.8,25.3,59.0,420,0,21.4,71.9,474,0,16.8,84.9,429,0,0,0,0,0,19.2,75.9,0,1,0,0,22.82193951506008,16.8,16.8,0.0,22.70208663852801,0.0076180628355009,440.6662948559514,0.1064336,0.004003698571203,12.814122433379444,13.680004568707671,0.0092002166559054,75.9,19.2,1.0,0.0,14:30:00,0
2026-08-04 19:11:47.587000+05:30,28.5,76.0,409,0,22.6,61.8,0,957.0,25.2,59.0,426,0,21.4,71.8,474,0,16.8,84.9,424,0,0,0,0,0,19.2,75.9,0,1,0,0,22.82185904570123,16.8,16.8,0.0,22.69487314532613,0.0076180628355009,440.9139448579716,0.1064336,0.0040022469367027,12.815972342949724,13.715825309062486,0.0092013468980054,75.9,19.2,1.0,0.0,14:30:00,0
2026-08-04 19:11:47.587000+05:30,28.5,76.0,409,0,22.6,61.8,0,957.0,25.2,59.0,426,0,21.4,71.8,474,0,16.8,84.9,424,0,0,0,0,0,19.2,75.9,0,1,0,0,22.82185904570123,16.8,16.8,0.0,22.69487314532613,0.0076180628355009,440.9139448579716,0.1064336,0.0040022469367027,12.815972342949724,13.715825309062486,0.0092013468980054,75.9,19.2,1.0,0.0,14:30:00,0
2026-08-04 19:11:52.586000+05:30,28.5,76.3,440,0,22.6,61.8,0,956.9,25.3,58.9,415,0,21.3,71.8,474,0,16.8,85.0,418,0,0,0,0,0,19.2,75.9,0,1,0,0,22.81816603010084,16.8,16.8,0.0,23.202996257989348,0.0076180628355009,439.98295862167527,0.1064336,0.0040034820657483,12.817112071294408,13.72444051134232,0.0092020433015817,75.9,19.2,1.0,0.0,14:30:00,0
2026-08-04 19:11:52.586000+05:30,28.5,76.3,440,0,22.6,61.8,0,956.9,25.3,58.9,415,0,21.3,71.8,474,0,16.8,85.0,418,0,0,0,0,0,19.2,75.9,0,1,0,0,22.81816603010084,16.8,16.8,0.0,23.202996257989348,0.0076180628355009,439.98295862167527,0.1064336,0.0040034820657483,12.817112071294408,13.72444051134232,0.0092020433015817,75.9,19.2,1.0,0.0,14:30:00,0
2026-08-04 19:11:57.587000+05:30,28.4,76.3,415,0,22.6,61.8,0,956.9,25.3,58.9,413,0,21.3,71.9,474,0,16.8,85.0,414,0,0,0,0,0,19.2,75.9,0,1,0,0,22.821922191274933,16.8,16.8,0.0,22.673435468522424,0.0076180628355009,440.10358287321264,0.1064336,0.004003386057166,12.813851126030531,13.704131729593517,0.0092000509053066,75.9,19.2,1.0,0.0,14:30:00,0
2026-08-04 19:11:57.587000+05:30,28.4,76.3,415,0,22.6,61.8,0,956.9,25.3,58.9,413,0,21.3,71.9,474,0,16.8,85.0,414,0,0,0,0,0,19.2,75.9,0,1,0,0,22.821922191274933,16.8,16.8,0.0,22.673435468522424,0.0076180628355009,440.10358287321264,0.1064336,0.004003386057166,12.813851126030531,13.704131729593517,0.0092000509053066,75.9,19.2,1.0,0.0,14:30:00,0
2026-08-04 19:12:02.587000+05:30,28.5,76.5,446,0,22.6,61.8,0,957.0,25.2,58.9,431,0,21.3,72.0,474,0,16.8,85.0,411,0,0,0,0,0,19.2,75.9,0,1,0,0,22.821938895225628,16.8,16.8,0.0,23.224577479332662,0.0076180628355009,440.38263482934593,0.1064335999999999,0.0040036873896416,12.81630568572136,13.718131746757388,0.009201550574193,75.9,19.2,1.0,0.0,14:30:00,0
2026-08-04 19:12:02.587000+05:30,28.5,76.5,446,0,22.6,61.8,0,957.0,25.2,58.9,431,0,21.3,72.0,474,0,16.8,85.0,411,0,0,0,0,0,19.2,75.9,0,1,0,0,22.821938895225628,16.8,16.8,0.0,23.224577479332662,0.0076180628355009,440.38263482934593,0.1064335999999999,0.0040036873896416,12.81630568572136,13.718131746757388,0.009201550574193,75.9,19.2,1.0,0.0,14:30:00,0
2026-08-04 19:12:07.589000+05:30,28.5,76.6,419,0,22.6,61.7,0,956.9,25.2,58.8,428,0,21.2,72.0,474,0,16.8,85.0,421,0,0,0,0,0,19.2,75.9,0,1,0,0,22.72676438698952,16.8,16.8,0.0,22.67114231260884,0.0076180628355009,440.1218007187928,0.1058956805343677,0.0040022281802024,12.828999229942385,13.73966113417868,0.0092093094819298,73.8,19.3,1.0,0.0,14:30:00,0
2026-08-04 19:12:07.589000+05:30,28.5,76.6,419,0,22.6,61.7,0,956.9,25.2,58.8,428,0,21.2,72.0,474,0,16.8,85.0,421,0,0,0,0,0,19.2,75.9,0,1,0,0,22.72676438698952,16.8,16.8,0.0,22.67114231260884,0.0076180628355009,440.1218007187928,0.1058956805343677,0.0040022281802024,12.828999229942385,13.73966113417868,0.0092093094819298,73.8,19.3,1.0,0.0,14:30:00,0
2026-08-04 19:12:12.589000+05:30,28.5,76.7,449,0,22.5,61.8,0,956.9,25.2,58.8,411,0,21.2,72.0,474,0,16.8,85.0,422,0,0,0,0,0,19.2,75.9,0,1,0,0,22.72564726472145,16.8,16.8,0.0,22.64528405120167,0.0076180628355009,440.6419232910299,0.1064336,0.0040027417857429,12.813135939662768,13.706018625917572,0.0091996139872245,75.9,19.2,1.0,0.0,14:30:00,0
2026-08-04 19:12:12.589000+05:30,28.5,76.7,449,0,22.5,61.8,0,956.9,25.2,58.8,411,0,21.2,72.0,474,0,16.8,85.0,422,0,0,0,0,0,19.2,75.9,0,1,0,0,22.72564726472145,16.8,16.8,0.0,22.64528405120167,0.0076180628355009,440.6419232910299,0.1064336,0.0040027417857429,12.813135939662768,13.706018625917572,0.0091996139872245,75.9,19.2,1.0,0.0,14:30:00,0
2026-08-04 19:12:17.589000+05:30,28.5,76.7,439,0,22.5,61.7,0,956.9,25.2,58.8,427,0,21.1,72.1,32566,0,16.8,84.9,411,0,0,0,0,0,19.3,73.8,0,1,0,0,22.733103104638065,16.8,16.8,0.0,23.38726185354392,0.0076180628355009,432.6689427277748,0.1030014676642623,0.0040016603158028,12.94301166524352,13.819791737598864,0.0092792628852344,67.9,19.8,1.0,0.0,14:30:00,0
2026-08-04 19:12:17.589000+05:30,28.5,76.7,439,0,22.5,61.7,0,956.9,25.2,58.8,427,0,21.1,72.1,32566,0,16.8,84.9,411,0,0,0,0,0,19.3,73.8,0,1,0,0,22.733103104638065,16.8,16.8,0.0,23.38726185354392,0.0076180628355009,432.6689427277748,0.1030014676642623,0.0040016603158028,12.94301166524352,13.819791737598864,0.0092792628852344,67.9,19.8,1.0,0.0,14:30:00,0
2026-08-04 19:12:22.591000+05:30,28.5,76.6,446,0,22.5,61.7,0,957.0,25.2,58.7,406,0,21.1,72.2,474,0,16.8,84.9,434,0,0,0,0,0,19.2,75.9,0,1,0,0,22.72555087097474,16.8,16.8,0.0,23.199343396644306,0.0076180628355009,420.5902307762905,0.1064335999999999,0.0040010318634961,12.883873583158657,13.81171002926936,0.0092429188959554,75.9,19.2,1.0,0.0,14:30:00,0
2026-08-04 19:12:22.591000+05:30,28.5,76.6,446,0,22.5,61.7,0,957.0,25.2,58.7,406,0,21.1,72.2,474,0,16.8,84.9,434,0,0,0,0,0,19.2,75.9,0,1,0,0,22.72555087097474,16.8,16.8,0.0,23.199343396644306,0.0076180628355009,420.5902307762905,0.1064335999999999,0.0040010318634961,12.883873583158657,13.81171002926936,0.0092429188959554,75.9,19.2,1.0,0.0,14:30:00,0
2026-08-04 19:12:27.592000+05:30,28.5,76.9,430,0,22.5,61.7,0,957.0,25.2,58.7,411,0,21.1,72.2,474,0,16.8,84.9,428,0,0,0,0,0,19.8,67.9,0,1,0,0,22.72760069898634,16.8,16.8,4.0,23.18602339796883,0.0076180628355009,439.3238434230448,0.1055161741477089,0.0040025924983971,12.880472070603904,13.788415871056428,0.0092408323455975,72.6,19.3,1.0,0.0,14:30:00,0
2026-08-04 19:12:27.592000+05:30,28.5,76.9,430,0,22.5,61.7,0,957.0,25.2,58.7,411,0,21.1,72.2,474,0,16.8,84.9,428,0,0,0,0,0,19.8,67.9,0,1,0,0,22.72760069898634,16.8,16.8,4.0,23.18602339796883,0.0076180628355009,439.3238434230448,0.1055161741477089,0.0040025924983971,12.880472070603904,13.788415871056428,0.0092408323455975,72.6,19.3,1.0,0.0,14:30:00,0
2026-08-04 19:12:32.658000+05:30,28.5,77.3,428,0,22.5,61.7,0,956.9,25.2,58.8,435,0,21.1,72.2,474,0,16.8,85.0,422,0,0,0,0,0,19.2,75.9,4,1,0,0,22.723956540407706,16.8,16.8,0.0,22.480109094629523,0.0076180628355009,439.6781356593616,0.1054191759641145,0.0040015786341617,12.879880508615395,13.778251859004856,0.0092404695137222,72.4,19.4,1.0,0.0,14:30:00,0
2026-08-04 19:12:32.658000+05:30,28.5,77.3,428,0,22.5,61.7,0,956.9,25.2,58.8,435,0,21.1,72.2,474,0,16.8,85.0,422,0,0,0,0,0,19.2,75.9,4,1,0,0,22.723956540407706,16.8,16.8,0.0,22.480109094629523,0.0076180628355009,439.6781356593616,0.1054191759641145,0.0040015786341617,12.879880508615395,13.778251859004856,0.0092404695137222,72.4,19.4,1.0,0.0,14:30:00,0
2026-08-04 19:12:37.659000+05:30,28.4,77.5,407,0,22.5,61.7,0,957.0,25.1,58.7,436,0,21.0,72.3,474,0,16.8,84.9,406,0,0,0,0,0,19.3,72.6,0,1,0,0,22.722843237048263,16.7,16.7,0.0,22.55343899757481,0.0076180628355009,439.8136667194848,0.1059296321877195,0.0040009664637361,12.861613148655785,13.76662811273444,0.0092292715983501,73.9,19.3,1.0,0.0,14:30:00,0
2026-08-04 19:12:37.659000+05:30,28.4,77.5,407,0,22.5,61.7,0,957.0,25.1,58.7,436,0,21.0,72.3,474,0,16.8,84.9,406,0,0,0,0,0,19.3,72.6,0,1,0,0,22.722843237048263,16.7,16.7,0.0,22.55343899757481,0.0076180628355009,439.8136667194848,0.1059296321877195,0.0040009664637361,12.861613148655785,13.76662811273444,0.0092292715983501,73.9,19.3,1.0,0.0,14:30:00,0
2026-08-04 19:12:42.689000+05:30,28.4,77.4,400,0,22.5,61.7,0,956.9,25.1,58.7,433,0,21.0,72.3,474,0,16.7,84.9,409,0,0,0,0,0,19.4,72.4,0,1,0,0,22.725162198195108,16.7,16.7,0.0,22.65210367492767,0.0076180628355009,420.2483776953839,0.1048851551187847,0.0040027410312848,12.887341173620868,13.751591884829669,0.0092450464146632,71.1,19.5,1.0,0.0,14:30:00,0
2026-08-04 19:12:42.689000+05:30,28.4,77.4,400,0,22.5,61.7,0,956.9,25.1,58.7,433,0,21.0,72.3,474,0,16.7,84.9,409,0,0,0,0,0,19.4,72.4,0,1,0,0,22.725162198195108,16.7,16.7,0.0,22.65210367492767,0.0076180628355009,420.2483776953839,0.1048851551187847,0.0040027410312848,12.887341173620868,13.751591884829669,0.0092450464146632,71.1,19.5,1.0,0.0,14:30:00,0
2026-08-04 19:12:47.690000+05:30,28.4,77.6,400,0,22.5,61.6,0,956.9,25.1,58.7,400,0,21.0,72.3,474,0,16.7,84.9,405,0,0,0,0,0,19.3,73.9,0,1,0,0,22.71806767595505,16.7,16.7,0.0,23.05254416192269,0.0076180628355009,420.0899122971889,0.1064336,0.0040016772061258,12.851335359984247,13.765607710286709,0.0092229766521685,75.9,19.2,1.0,0.0,14:30:00,0
2026-08-04 19:12:47.690000+05:30,28.4,77.6,400,0,22.5,61.6,0,956.9,25.1,58.7,400,0,21.0,72.3,474,0,16.7,84.9,405,0,0,0,0,0,19.3,73.9,0,1,0,0,22.71806767595505,16.7,16.7,0.0,23.05254416192269,0.0076180628355009,420.0899122971889,0.1064336,0.0040016772061258,12.851335359984247,13.765607710286709,0.0092229766521685,75.9,19.2,1.0,0.0,14:30:00,0
2026-08-04 19:12:52.725000+05:30,28.3,78.0,412,0,22.5,61.6,0,956.9,25.1,58.7,432,0,21.0,72.3,474,0,16.7,84.9,416,0,0,0,0,0,19.5,71.1,0,1,0,0,22.61810722051145,16.7,16.7,0.0,23.09861624928388,0.0076180628355009,421.89870723107833,0.1064336,0.0040024028732806,12.82067302616549,13.733202881899237,0.0092042194419407,75.9,19.2,1.0,0.0,14:30:00,0
2026-08-04 19:12:52.725000+05:30,28.3,78.0,412,0,22.5,61.6,0,956.9,25.1,58.7,432,0,21.0,72.3,474,0,16.7,84.9,416,0,0,0,0,0,19.5,71.1,0,1,0,0,22.61810722051145,16.7,16.7,0.0,23.09861624928388,0.0076180628355009,421.89870723107833,0.1064336,0.0040024028732806,12.82067302616549,13.733202881899237,0.0092042194419407,75.9,19.2,1.0,0.0,14:30:00,0
2026-08-04 19:12:57.725000+05:30,28.2,78.3,413,0,22.4,61.6,0,956.9,25.1,58.7,425,0,20.9,72.5,474,0,16.7,84.9,438,0,0,0,0,0,19.2,75.9,0,1,0,0,22.614296663104028,16.7,16.7,0.0,22.51127414873289,0.0076180628355009,420.7337546129874,0.1064335999999999,0.004001467600377,12.802581270495835,13.724730382015723,0.0091931681449658,75.9,19.2,1.0,0.0,14:30:00,0
2026-08-04 19:12:57.725000+05:30,28.2,78.3,413,0,22.4,61.6,0,956.9,25.1,58.7,425,0,20.9,72.5,474,0,16.7,84.9,438,0,0,0,0,0,19.2,75.9,0,1,0,0,22.614296663104028,16.7,16.7,0.0,22.51127414873289,0.0076180628355009,420.7337546129874,0.1064335999999999,0.004001467600377,12.802581270495835,13.724730382015723,0.0091931681449658,75.9,19.2,1.0,0.0,14:30:00,0
2026-08-04 19:13:02.735000+05:30,28.1,78.7,403,0,22.4,61.6,0,956.9,25.1,58.7,428,0,20.9,72.5,474,0,16.7,84.9,422,0,0,0,0,0,19.2,75.9,0,1,0,0,22.610616093586334,16.7,16.7,0.0,23.053807187018226,0.0076180628355009,420.9965030136791,0.1064336,0.0040029694747018,12.793015642531056,13.709820517383086,0.0091873298193607,75.9,19.2,1.0,0.0,14:30:00,0
2026-08-04 19:13:02.735000+05:30,28.1,78.7,403,0,22.4,61.6,0,956.9,25.1,58.7,428,0,20.9,72.5,474,0,16.7,84.9,422,0,0,0,0,0,19.2,75.9,0,1,0,0,22.610616093586334,16.7,16.7,0.0,23.053807187018226,0.0076180628355009,420.9965030136791,0.1064336,0.0040029694747018,12.793015642531056,13.709820517383086,0.0091873298193607,75.9,19.2,1.0,0.0,14:30:00,0
2026-08-04 19:13:07.737000+05:30,28.0,78.8,428,0,22.4,61.6,0,956.9,25.1,58.7,423,0,20.9,72.5,474,0,16.7,84.9,415,0,0,0,0,0,19.2,75.9,0,1,0,0,22.61055514912731,16.7,16.7,0.0,22.9780569122715,0.0076180628355009,421.1568307957216,0.1064336,0.0040018111643136,12.790576134157124,13.7338103091338,0.0091858414118212,75.9,19.2,1.0,0.0,14:30:00,0
2026-08-04 19:13:07.737000+05:30,28.0,78.8,428,0,22.4,61.6,0,956.9,25.1,58.7,423,0,20.9,72.5,474,0,16.7,84.9,415,0,0,0,0,0,19.2,75.9,0,1,0,0,22.61055514912731,16.7,16.7,0.0,22.9780569122715,0.0076180628355009,421.1568307957216,0.1064336,0.0040018111643136,12.790576134157124,13.7338103091338,0.0091858414118212,75.9,19.2,1.0,0.0,14:30:00,0
2026-08-04 19:13:12.736000+05:30,28.0,79.3,405,0,22.4,61.6,0,956.9,25.1,58.7,426,0,20.9,72.5,474,0,16.7,85.0,408,0,0,0,0,0,19.2,75.9,0,1,0,0,22.602999297578684,16.8,16.8,0.0,22.493326911683987,0.0076180628355009,421.4038804923358,0.1064335999999999,0.0040011011182908,12.784897950411768,13.724567458855766,0.0091823778416163,75.9,19.2,1.0,0.0,14:30:00,0
2026-08-04 19:13:12.736000+05:30,28.0,79.3,405,0,22.4,61.6,0,956.9,25.1,58.7,426,0,20.9,72.5,474,0,16.7,85.0,408,0,0,0,0,0,19.2,75.9,0,1,0,0,22.602999297578684,16.8,16.8,0.0,22.493326911683987,0.0076180628355009,421.4038804923358,0.1064335999999999,0.0040011011182908,12.784897950411768,13.724567458855766,0.0091823778416163,75.9,19.2,1.0,0.0,14:30:00,0
2026-08-04 19:13:17.737000+05:30,27.8,79.8,406,0,22.4,61.7,0,957.0,25.1,58.6,441,0,20.9,72.6,474,0,16.8,85.0,422,0,0,0,0,0,19.2,75.9,0,1,0,0,22.595459942358453,16.8,16.8,0.0,23.00211646835807,0.0076180628355009,422.0528069792555,0.1064336,0.0040006741001927,12.7850529383714,13.74288563934339,0.0091824723653944,75.9,19.2,1.0,0.0,14:30:00,0
2026-08-04 19:13:17.737000+05:30,27.8,79.8,406,0,22.4,61.7,0,957.0,25.1,58.6,441,0,20.9,72.6,474,0,16.8,85.0,422,0,0,0,0,0,19.2,75.9,0,1,0,0,22.595459942358453,16.8,16.8,0.0,23.00211646835807,0.0076180628355009,422.0528069792555,0.1064336,0.0040006741001927,12.7850529383714,13.74288563934339,0.0091824723653944,75.9,19.2,1.0,0.0,14:30:00,0
2026-08-04 19:13:22.737000+05:30,27.6,80.3,414,0,22.4,61.5,0,956.9,25.1,58.5,451,0,20.9,72.6,474,0,16.8,85.0,414,0,0,0,0,0,19.2,75.9,0,1,0,0,22.59544751689989,16.8,16.8,0.0,23.00363878023668,0.0076180628355009,423.12383409297166,0.1064336,0.0040004197759071,12.785150077816034,13.75394211771863,0.009182531609069,75.9,19.2,1.0,0.0,14:30:00,0
2026-08-04 19:13:22.737000+05:30,27.6,80.3,414,0,22.4,61.5,0,956.9,25.1,58.5,451,0,20.9,72.6,474,0,16.8,85.0,414,0,0,0,0,0,19.2,75.9,0,1,0,0,22.59544751689989,16.8,16.8,0.0,23.00363878023668,0.0076180628355009,423.12383409297166,0.1064336,0.0040004197759071,12.785150077816034,13.75394211771863,0.009182531609069,75.9,19.2,1.0,0.0,14:30:00,0
2026-08-04 19:13:27.738000+05:30,27.6,80.3,415,0,22.4,61.6,0,956.9,25.0,58.6,448,0,20.9,72.6,474,0,16.8,85.1,426,0,0,0,0,0,19.2,75.9,0,1,0,0,22.58801662450761,16.8,16.8,0.0,22.984057084907764,0.0076180628355009,424.1060745055062,0.1064335999999999,0.0040022572412386,12.780971203073006,13.72259738890757,0.009179983295125,75.9,19.2,1.0,0.0,14:30:00,0
2026-08-04 19:13:27.738000+05:30,27.6,80.3,415,0,22.4,61.6,0,956.9,25.0,58.6,448,0,20.9,72.6,474,0,16.8,85.1,426,0,0,0,0,0,19.2,75.9,0,1,0,0,22.58801662450761,16.8,16.8,0.0,22.984057084907764,0.0076180628355009,424.1060745055062,0.1064335999999999,0.0040022572412386,12.780971203073006,13.72259738890757,0.009179983295125,75.9,19.2,1.0,0.0,14:30:00,0
2026-08-04 19:13:32.888000+05:30,27.3,81.4,403,0,22.4,61.6,0,956.9,25.0,58.6,444,0,20.8,72.7,474,0,16.8,85.1,426,0,0,0,0,0,19.2,75.9,0,1,0,0,22.584215243487627,16.8,16.8,0.0,22.48334795530573,0.0076180628355009,423.8323192260604,0.1064335999999999,0.004001365620258,12.778015639903268,13.716432889536868,0.0091781813500942,75.9,19.2,1.0,0.0,14:30:00,0
2026-08-04 19:13:32.888000+05:30,27.3,81.4,403,0,22.4,61.6,0,956.9,25.0,58.6,444,0,20.8,72.7,474,0,16.8,85.1,426,0,0,0,0,0,19.2,75.9,0,1,0,0,22.584215243487627,16.8,16.8,0.0,22.48334795530573,0.0076180628355009,423.8323192260604,0.1064335999999999,0.004001365620258,12.778015639903268,13.716432889536868,0.0091781813500942,75.9,19.2,1.0,0.0,14:30:00,0
2026-08-04 19:13:37.889000+05:30,27.3,81.4,403,0,22.4,61.6,0,956.9,25.0,58.6,444,0,20.8,72.7,474,0,16.8,85.1,426,0,0,0,0,0,19.2,75.9,0,1,0,0,22.580431667565897,16.9,16.9,0.0,23.424830488952733,0.0076180628355009,424.6601532064942,0.1064336,0.004000831652717,12.783287758477783,13.757298490278526,0.0091813958722817,75.9,19.2,1.0,0.0,14:30:00,0
2026-08-04 19:13:37.889000+05:30,27.3,81.4,403,0,22.4,61.6,0,956.9,25.0,58.6,444,0,20.8,72.7,474,0,16.8,85.1,426,0,0,0,0,0,19.2,75.9,0,1,0,0,22.580431667565897,16.9,16.9,0.0,23.424830488952733,0.0076180628355009,424.6601532064942,0.1064336,0.004000831652717,12.783287758477783,13.757298490278526,0.0091813958722817,75.9,19.2,1.0,0.0,14:30:00,0
2026-08-04 19:13:42.890000+05:30,27.2,82.0,400,0,22.4,61.6,0,956.9,25.0,58.6,439,0,20.8,72.7,474,0,16.9,85.1,411,0,0,0,0,0,19.2,75.9,0,1,0,0,22.57665905852872,16.9,16.9,0.0,23.141886984574622,0.0076180628355009,425.3687597522757,0.1064336,0.0040005233131537,12.78373898086848,13.767953040914952,0.0091816710390162,75.9,19.2,1.0,0.0,14:30:00,0
2026-08-04 19:13:42.890000+05:30,27.2,82.0,400,0,22.4,61.6,0,956.9,25.0,58.6,439,0,20.8,72.7,474,0,16.9,85.1,411,0,0,0,0,0,19.2,75.9,0,1,0,0,22.57665905852872,16.9,16.9,0.0,23.141886984574622,0.0076180628355009,425.3687597522757,0.1064336,0.0040005233131537,12.78373898086848,13.767953040914952,0.0091816710390162,75.9,19.2,1.0,0.0,14:30:00,0
2026-08-04 19:13:47.889000+05:30,27.1,82.5,400,0,22.4,61.6,0,956.9,25.0,58.6,419,0,20.8,72.7,474,0,16.9,85.1,422,0,0,0,0,0,19.2,75.9,0,1,0,0,22.47665040018357,16.9,16.9,0.0,22.47225027263099,0.0076180628355009,425.10631525890176,0.1064336,0.004000327241059,12.771331603474664,13.735713953009943,0.0091741074027499,75.9,19.2,1.0,0.0,14:30:00,0
2026-08-04 19:13:47.889000+05:30,27.1,82.5,400,0,22.4,61.6,0,956.9,25.0,58.6,419,0,20.8,72.7,474,0,16.9,85.1,422,0,0,0,0,0,19.2,75.9,0,1,0,0,22.47665040018357,16.9,16.9,0.0,22.47225027263099,0.0076180628355009,425.10631525890176,0.1064336,0.004000327241059,12.771331603474664,13.735713953009943,0.0091741074027499,75.9,19.2,1.0,0.0,14:30:00,0
2026-08-04 19:13:52.898000+05:30,27.0,82.9,400,0,22.3,61.6,0,956.9,25.0,58.6,433,0,20.8,72.7,474,0,16.9,85.1,429,0,0,0,0,0,19.2,75.9,0,1,0,0,22.47002266454136,16.9,16.9,0.0,22.45534558464285,0.0076180628355009,425.4327990474928,0.1058737736768097,0.0040002091345731,12.783420530777132,13.724586505567755,0.009181476839393,73.7,19.3,1.0,0.0,14:30:00,0
2026-08-04 19:13:52.898000+05:30,27.0,82.9,400,0,22.3,61.6,0,956.9,25.0,58.6,433,0,20.8,72.7,474,0,16.9,85.1,429,0,0,0,0,0,19.2,75.9,0,1,0,0,22.47002266454136,16.9,16.9,0.0,22.45534558464285,0.0076180628355009,425.4327990474928,0.1058737736768097,0.0040002091345731,12.783420530777132,13.724586505567755,0.009181476839393,73.7,19.3,1.0,0.0,14:30:00,0
2026-08-04 19:13:57.898000+05:30,26.8,83.2,400,0,22.3,61.6,0,956.9,25.0,58.6,433,0,20.8,72.7,474,0,16.9,85.1,429,0,0,0,0,0,19.2,75.9,0,1,0,0,22.469125487561985,16.9,16.9,0.0,23.448307674429696,0.0076180628355009,425.673058864424,0.1064336,0.0040001409984392,12.778018501877156,13.755510871462224,0.0091781830948263,75.9,19.2,1.0,0.0,14:30:00,0
2026-08-04 19:13:57.898000+05:30,26.8,83.2,400,0,22.3,61.6,0,956.9,25.0,58.6,433,0,20.8,72.7,474,0,16.9,85.1,429,0,0,0,0,0,19.2,75.9,0,1,0,0,22.469125487561985,16.9,16.9,0.0,23.448307674429696,0.0076180628355009,425.673058864424,0.1064336,0.0040001409984392,12.778018501877156,13.755510871462224,0.0091781830948263,75.9,19.2,1.0,0.0,14:30:00,0
2026-08-04 19:14:02.906000+05:30,26.8,83.8,400,0,22.3,61.6,0,957.0,25.0,58.7,429,0,20.8,72.8,474,0,16.9,85.0,408,0,0,0,0,0,19.3,73.7,0,1,0,0,22.46536568029472,16.9,16.9,0.0,22.42547434611155,0.0076180628355009,425.8731909034628,0.1064336,0.0040001056068671,12.766911695487767,13.725482295519658,0.0091714143417379,75.9,19.2,1.0,0.0,14:30:00,0
2026-08-04 19:14:02.906000+05:30,26.8,83.8,400,0,22.3,61.6,0,957.0,25.0,58.7,429,0,20.8,72.8,474,0,16.9,85.0,408,0,0,0,0,0,19.3,73.7,0,1,0,0,22.46536568029472,16.9,16.9,0.0,22.42547434611155,0.0076180628355009,425.8731909034628,0.1064336,0.0040001056068671,12.766911695487767,13.725482295519658,0.0091714143417379,75.9,19.2,1.0,0.0,14:30:00,0
2026-08-04 19:14:07.906000+05:30,26.7,84.1,413,0,22.3,61.7,0,956.8,24.9,58.7,431,0,20.8,72.9,474,0,16.9,85.0,439,0,0,0,0,0,19.2,75.9,0,1,0,0,22.46160670403748,16.9,16.9,0.0,22.831764416272662,0.0076180628355009,426.068203668514,0.1064335999999999,0.0040000891383355,12.763591720681095,13.727012322127129,0.0091693919390775,75.9,19.2,1.0,0.0,14:30:00,0
2026-08-04 19:14:07.906000+05:30,26.7,84.1,413,0,22.3,61.7,0,956.8,24.9,58.7,431,0,20.8,72.9,474,0,16.9,85.0,439,0,0,0,0,0,19.2,75.9,0,1,0,0,22.46160670403748,16.9,16.9,0.0,22.831764416272662,0.0076180628355009,426.068203668514,0.1064335999999999,0.0040000891383355,12.763591720681095,13.727012322127129,0.0091693919390775,75.9,19.2,1.0,0.0,14:30:00,0
2026-08-04 19:14:12.906000+05:30,26.6,84.5,420,0,22.3,61.6,0,957.0,24.9,58.7,406,0,20.8,72.9,474,0,16.9,85.0,401,0,0,0,0,0,19.2,75.9,0,1,0,0,22.457847727713627,16.9,16.9,0.0,22.39256499914905,0.0076180628355009,424.82298385569806,0.1064335999999999,0.0040000718839001,12.758082641251049,13.70687952708706,0.0091660368994164,75.9,19.2,1.0,0.0,14:30:00,0
2026-08-04 19:14:12.906000+05:30,26.6,84.5,420,0,22.3,61.6,0,957.0,24.9,58.7,406,0,20.8,72.9,474,0,16.9,85.0,401,0,0,0,0,0,19.2,75.9,0,1,0,0,22.457847727713627,16.9,16.9,0.0,22.39256499914905,0.0076180628355009,424.82298385569806,0.1064335999999999,0.0040000718839001,12.758082641251049,13.70687952708706,0.0091660368994164,75.9,19.2,1.0,0.0,14:30:00,0
2026-08-04 19:14:17.907000+05:30,26.5,84.9,415,0,22.3,61.6,0,957.0,25.0,58.8,435,0,22.9,72.9,474,0,16.9,85.0,433,0,0,0,0,0,19.2,75.9,0,1,0,0,22.4579007513378,16.9,16.9,0.0,22.388121026590262,0.0076180628355009,425.4556778680802,0.1064336,0.0040014155732349,12.751338527679849,13.65762425126993,0.009161931220498,75.9,19.2,1.0,0.0,14:30:00,0
2026-08-04 19:14:17.907000+05:30,26.5,84.9,415,0,22.3,61.6,0,957.0,25.0,58.8,435,0,22.9,72.9,474,0,16.9,85.0,433,0,0,0,0,0,19.2,75.9,0,1,0,0,22.4579007513378,16.9,16.9,0.0,22.388121026590262,0.0076180628355009,425.4556778680802,0.1064336,0.0040014155732349,12.751338527679849,13.65762425126993,0.009161931220498,75.9,19.2,1.0,0.0,14:30:00,0
2026-08-04 19:14:22.907000+05:30,26.5,85.0,407,0,22.3,61.6,0,957.0,25.0,58.8,413,0,22.9,72.9,474,0,16.9,85.0,426,0,0,0,0,0,19.2,75.9,0,1,0,0,22.454119805592462,16.9,16.9,0.0,23.16500672698066,0.0076180628355009,424.5663950013828,0.1064336,0.0040008599367086,12.756939729269616,13.702199371209506,0.0091653410017932,75.9,19.2,1.0,0.0,14:30:00,0
2026-08-04 19:14:22.907000+05:30,26.5,85.0,407,0,22.3,61.6,0,957.0,25.0,58.8,413,0,22.9,72.9,474,0,16.9,85.0,426,0,0,0,0,0,19.2,75.9,0,1,0,0,22.454119805592462,16.9,16.9,0.0,23.16500672698066,0.0076180628355009,424.5663950013828,0.1064336,0.0040008599367086,12.756939729269616,13.702199371209506,0.0091653410017932,75.9,19.2,1.0,0.0,14:30:00,0
2026-08-04 19:14:27.963000+05:30,26.4,85.5,400,0,22.3,61.6,0,957.0,25.0,58.8,438,0,20.8,72.9,474,0,16.9,85.0,414,0,0,0,0,0,19.2,75.9,0,1,0,0,22.45410748372585,17.0,17.0,0.0,22.373987858865817,0.0076180628355009,425.5400181491558,0.1064336,0.0040005400682641,12.753969904456172,13.691164632830088,0.0091635329528051,75.9,19.2,1.0,0.0,14:30:00,0
2026-08-04 19:14:27.963000+05:30,26.4,85.5,400,0,22.3,61.6,0,957.0,25.0,58.8,438,0,20.8,72.9,474,0,16.9,85.0,414,0,0,0,0,0,19.2,75.9,0,1,0,0,22.45410748372585,17.0,17.0,0.0,22.373987858865817,0.0076180628355009,425.5400181491558,0.1064336,0.0040005400682641,12.753969904456172,13.691164632830088,0.0091635329528051,75.9,19.2,1.0,0.0,14:30:00,0
2026-08-04 19:14:32.963000+05:30,26.4,85.7,400,0,22.3,61.7,0,956.9,24.9,58.8,413,0,20.8,73.0,474,0,17.0,84.9,439,0,0,0,0,0,19.2,75.9,0,1,0,0,22.45410023484678,17.0,17.0,0.0,23.47158114428485,0.0076180628355009,424.55645362999945,0.1064336,0.0040003518916068,12.760751016165225,13.736830421525124,0.0091676618072146,75.9,19.2,1.0,0.0,14:30:00,0
2026-08-04 19:14:32.963000+05:30,26.4,85.7,400,0,22.3,61.7,0,956.9,24.9,58.8,413,0,20.8,73.0,474,0,17.0,84.9,439,0,0,0,0,0,19.2,75.9,0,1,0,0,22.45410023484678,17.0,17.0,0.0,23.47158114428485,0.0076180628355009,424.55645362999945,0.1064336,0.0040003518916068,12.760751016165225,13.736830421525124,0.0091676618072146,75.9,19.2,1.0,0.0,14:30:00,0
2026-08-04 19:14:37.964000+05:30,26.4,85.7,407,0,22.3,61.7,0,956.9,25.0,58.8,419,0,-14.6,72.8,474,0,17.0,84.9,414,0,0,0,0,0,19.2,75.9,0,1,0,0,22.35409556357469,17.0,17.0,0.0,22.355250566638304,0.0076180628355009,424.2820340452248,0.1064336,0.0040002306281179,12.748384781196483,13.704089844937544,0.0091601335592403,75.9,19.2,1.0,0.0,14:30:00,0
2026-08-04 19:14:37.964000+05:30,26.4,85.7,407,0,22.3,61.7,0,956.9,25.0,58.8,419,0,-14.6,72.8,474,0,17.0,84.9,414,0,0,0,0,0,19.2,75.9,0,1,0,0,22.35409556357469,17.0,17.0,0.0,22.355250566638304,0.0076180628355009,424.2820340452248,0.1064336,0.0040002306281179,12.748384781196483,13.704089844937544,0.0091601335592403,75.9,19.2,1.0,0.0,14:30:00,0
2026-08-04 19:14:42.964000+05:30,26.3,86.1,440,0,22.2,61.7,0,956.9,24.9,58.8,423,0,20.7,72.9,474,0,17.0,84.8,424,0,0,0,0,0,19.2,75.9,0,1,0,0,22.354092653975908,17.0,17.0,0.0,23.05408463085822,0.0076180628355009,424.0945815113441,0.1064336,0.0040001550966366,12.746910030741482,13.71817482849403,0.0091592361389476,75.9,19.2,1.0,0.0,14:30:00,0
2026-08-04 19:14:42.964000+05:30,26.3,86.1,440,0,22.2,61.7,0,956.9,24.9,58.8,423,0,20.7,72.9,474,0,17.0,84.8,424,0,0,0,0,0,19.2,75.9,0,1,0,0,22.354092653975908,17.0,17.0,0.0,23.05408463085822,0.0076180628355009,424.0945815113441,0.1064336,0.0040001550966366,12.746910030741482,13.71817482849403,0.0091592361389476,75.9,19.2,1.0,0.0,14:30:00,0
2026-08-04 19:14:47.964000+05:30,26.3,86.3,400,0,22.2,61.7,0,956.9,24.9,58.8,424,0,20.7,72.9,474,0,17.0,84.8,411,0,0,0,0,0,19.2,75.9,0,1,0,0,22.35033265595141,17.0,17.0,0.0,22.712439157918187,0.0076180628355009,424.0787715947784,0.1064335999999999,0.0040001114426175,12.74317131329526,13.710186496267871,0.0091569613948783,75.9,19.2,1.0,0.0,14:30:00,0
2026-08-04 19:14:47.964000+05:30,26.3,86.3,400,0,22.2,61.7,0,956.9,24.9,58.8,424,0,20.7,72.9,474,0,17.0,84.8,411,0,0,0,0,0,19.2,75.9,0,1,0,0,22.35033265595141,17.0,17.0,0.0,22.712439157918187,0.0076180628355009,424.0787715947784,0.1064335999999999,0.0040001114426175,12.74317131329526,13.710186496267871,0.0091569613948783,75.9,19.2,1.0,0.0,14:30:00,0
2026-08-04 19:14:52.964000+05:30,26.2,86.5,419,0,22.2,61.7,0,956.9,24.9,58.8,400,0,20.7,73.0,474,0,17.0,84.8,429,0,0,0,0,0,19.2,75.9,0,1,0,0,22.35069706370673,17.0,17.0,0.0,22.740168075486828,0.0076180628355009,422.2470164746935,0.1061754518671742,0.0040000822085295,12.750269884419012,13.710765740334985,0.0091612808036528,74.8,19.2,1.0,0.0,14:30:00,0
2026-08-04 19:14:52.964000+05:30,26.2,86.5,419,0,22.2,61.7,0,956.9,24.9,58.8,400,0,20.7,73.0,474,0,17.0,84.8,429,0,0,0,0,0,19.2,75.9,0,1,0,0,22.35069706370673,17.0,17.0,0.0,22.740168075486828,0.0076180628355009,422.2470164746935,0.1061754518671742,0.0040000822085295,12.750269884419012,13.710765740334985,0.0091612808036528,74.8,19.2,1.0,0.0,14:30:00,0
2026-08-04 19:14:57.965000+05:30,26.2,86.6,400,0,22.2,61.7,0,956.9,24.9,58.7,425,0,20.7,73.0,474,0,17.0,84.7,418,0,0,0,0,0,19.2,75.9,0,1,0,0,22.3503311058166,17.0,17.0,0.0,22.68537015428695,0.0076180628355009,422.4379272847607,0.1064335999999999,0.0040000701960104,12.74481999572145,13.70430932649537,0.0091579644386007,75.9,19.2,1.0,0.0,14:30:00,0
2026-08-04 19:14:57.965000+05:30,26.2,86.6,400,0,22.2,61.7,0,956.9,24.9,58.7,425,0,20.7,73.0,474,0,17.0,84.7,418,0,0,0,0,0,19.2,75.9,0,1,0,0,22.3503311058166,17.0,17.0,0.0,22.68537015428695,0.0076180628355009,422.4379272847607,0.1064335999999999,0.0040000701960104,12.74481999572145,13.70430932649537,0.0091579644386007,75.9,19.2,1.0,0.0,14:30:00,0
2026-08-04 19:15:02.965000+05:30,26.2,86.8,425,0,22.2,61.9,0,957.0,24.9,58.8,410,0,20.7,73.0,474,0,17.0,84.7,419,0,0,0,0,0,19.2,74.8,0,1,0,0,22.34657243811291,17.0,17.0,0.0,22.66246920707511,0.0076180628355009,421.41078741597727,0.1064336,0.00400005955106,12.741330908676266,13.699312332267194,0.0091558418254567,75.9,19.2,1.0,0.0,14:30:00,0
2026-08-04 19:15:02.965000+05:30,26.2,86.8,425,0,22.2,61.9,0,957.0,24.9,58.8,410,0,20.7,73.0,474,0,17.0,84.7,419,0,0,0,0,0,19.2,74.8,0,1,0,0,22.34657243811291,17.0,17.0,0.0,22.66246920707511,0.0076180628355009,421.41078741597727,0.1064336,0.00400005955106,12.741330908676266,13.699312332267194,0.0091558418254567,75.9,19.2,1.0,0.0,14:30:00,0
2026-08-04 19:15:07.966000+05:30,26.1,87.1,420,0,22.2,61.8,0,957.0,24.9,58.8,400,0,20.7,73.0,474,0,17.0,84.6,426,0,0,0,0,0,19.2,75.9,0,1,0,0,22.34657242196034,17.0,17.0,0.0,22.648909583423027,0.0076180628355009,455.3808763269225,0.1064335999999999,0.0040000591102456,12.739300268093093,13.69582728172289,0.0091546066726463,75.9,19.2,1.0,0.0,14:30:00,0
2026-08-04 19:15:07.966000+05:30,26.1,87.1,420,0,22.2,61.8,0,957.0,24.9,58.8,400,0,20.7,73.0,474,0,17.0,84.6,426,0,0,0,0,0,19.2,75.9,0,1,0,0,22.34657242196034,17.0,17.0,0.0,22.648909583423027,0.0076180628355009,455.3808763269225,0.1064335999999999,0.0040000591102456,12.739300268093093,13.69582728172289,0.0091546066726463,75.9,19.2,1.0,0.0,14:30:00,0
2026-08-04 19:15:12.966000+05:30,26.1,87.3,417,0,22.2,61.8,0,957.0,24.9,58.8,405,0,20.7,73.1,474,0,17.0,84.6,420,0,0,0,0,0,19.2,75.9,0,1,0,0,22.346572107893188,17.0,17.0,0.0,22.25521640795764,0.0076180628355009,458.39112712298487,0.1064335999999999,0.0040000505391436,12.735153973169496,13.67511427391842,0.0091520851208093,75.9,19.2,1.0,0.0,14:30:00,0
2026-08-04 19:15:12.966000+05:30,26.1,87.3,417,0,22.2,61.8,0,957.0,24.9,58.8,405,0,20.7,73.1,474,0,17.0,84.6,420,0,0,0,0,0,19.2,75.9,0,1,0,0,22.346572107893188,17.0,17.0,0.0,22.25521640795764,0.0076180628355009,458.39112712298487,0.1064335999999999,0.0040000505391436,12.735153973169496,13.67511427391842,0.0091520851208093,75.9,19.2,1.0,0.0,14:30:00,0
2026-08-04 19:15:18.108000+05:30,26.1,87.5,414,0,22.2,61.8,0,956.9,24.9,58.8,429,0,20.7,73.0,474,0,17.0,84.6,429,0,0,0,0,0,19.2,75.9,0,1,0,0,22.34657211203176,17.0,17.0,0.0,22.64074069235464,0.0076180628355009,453.8065135022465,0.1064335999999999,0.004000050652088,12.735824606806815,13.681181170974998,0.0091524929216083,75.9,19.2,1.0,0.0,14:30:00,0
2026-08-04 19:15:18.108000+05:30,26.1,87.5,414,0,22.2,61.8,0,956.9,24.9,58.8,429,0,20.7,73.0,474,0,17.0,84.6,429,0,0,0,0,0,19.2,75.9,0,1,0,0,22.34657211203176,17.0,17.0,0.0,22.64074069235464,0.0076180628355009,453.8065135022465,0.1064335999999999,0.004000050652088,12.735824606806815,13.681181170974998,0.0091524929216083,75.9,19.2,1.0,0.0,14:30:00,0
2026-08-04 19:15:23.116000+05:30,26.1,87.5,414,0,22.2,61.8,0,956.9,24.9,58.8,429,0,20.7,73.0,474,0,17.0,84.6,429,0,0,0,0,0,19.2,75.9,0,1,0,0,22.34657205260416,17.0,17.0,0.0,22.35267208775928,0.0076180628355009,420.1543421045629,0.1064336,0.0040000490302691,12.733981796531983,13.671104814238296,0.0091513723794559,75.9,19.2,1.0,0.0,14:30:00,0
2026-08-04 19:15:23.116000+05:30,26.1,87.5,414,0,22.2,61.8,0,956.9,24.9,58.8,429,0,20.7,73.0,474,0,17.0,84.6,429,0,0,0,0,0,19.2,75.9,0,1,0,0,22.34657205260416,17.0,17.0,0.0,22.35267208775928,0.0076180628355009,420.1543421045629,0.1064336,0.0040000490302691,12.733981796531983,13.671104814238296,0.0091513723794559,75.9,19.2,1.0,0.0,14:30:00,0
2026-08-04 19:15:28.116000+05:30,26.1,87.7,434,0,22.2,61.8,0,956.8,24.8,58.8,440,0,20.7,73.1,474,0,17.0,84.6,427,0,0,0,0,0,19.2,75.9,0,1,0,0,22.346573008478195,17.0,17.0,0.0,23.888284851260472,0.0076180628355009,447.6199082210005,0.1064335999999999,0.0040000751167089,12.7447863533823,13.738261895274292,0.009157943969916,75.9,19.2,1.0,0.0,14:30:00,0
2026-08-04 19:15:28.116000+05:30,26.1,87.7,434,0,22.2,61.8,0,956.8,24.8,58.8,440,0,20.7,73.1,474,0,17.0,84.6,427,0,0,0,0,0,19.2,75.9,0,1,0,0,22.346573008478195,17.0,17.0,0.0,23.888284851260472,0.0076180628355009,447.6199082210005,0.1064335999999999,0.0040000751167089,12.7447863533823,13.738261895274292,0.009157943969916,75.9,19.2,1.0,0.0,14:30:00,0
2026-08-04 19:15:33.116000+05:30,26.1,87.7,438,0,22.2,61.9,0,956.9,24.8,58.9,400,0,20.7,73.1,474,0,17.0,84.6,422,0,0,0,0,0,19.2,75.9,0,1,0,0,22.346572252481856,17.0,17.0,0.0,22.258879548570043,0.0076180628355009,421.82827922710766,0.1064335999999999,0.0040000544850648,12.73821399466802,13.700509421900817,0.0091539459998016,75.9,19.2,1.0,0.0,14:30:00,0
2026-08-04 19:15:33.116000+05:30,26.1,87.7,438,0,22.2,61.9,0,956.9,24.8,58.9,400,0,20.7,73.1,474,0,17.0,84.6,422,0,0,0,0,0,19.2,75.9,0,1,0,0,22.346572252481856,17.0,17.0,0.0,22.258879548570043,0.0076180628355009,421.82827922710766,0.1064335999999999,0.0040000544850648,12.73821399466802,13.700509421900817,0.0091539459998016,75.9,19.2,1.0,0.0,14:30:00,0
2026-08-04 19:15:38.121000+05:30,26.1,87.7,438,0,22.2,61.9,0,956.9,24.8,58.9,400,0,20.7,73.1,474,0,17.0,84.6,422,0,0,0,0,0,19.2,75.9,0,1,0,0,22.250330110296865,17.0,17.0,0.0,22.24643789832905,0.0076180628355009,420.1304675307133,0.1064335999999999,0.004000043706823,12.72723120982219,13.671048380472593,0.0091472686576962,75.9,19.2,1.0,0.0,14:30:00,0
2026-08-04 19:15:38.121000+05:30,26.1,87.7,438,0,22.2,61.9,0,956.9,24.8,58.9,400,0,20.7,73.1,474,0,17.0,84.6,422,0,0,0,0,0,19.2,75.9,0,1,0,0,22.250330110296865,17.0,17.0,0.0,22.24643789832905,0.0076180628355009,420.1304675307133,0.1064335999999999,0.004000043706823,12.72723120982219,13.671048380472593,0.0091472686576962,75.9,19.2,1.0,0.0,14:30:00,0
2026-08-04 19:15:43.117000+05:30,26.1,87.7,442,0,22.1,61.8,0,956.9,24.8,58.9,409,0,20.7,73.1,474,0,17.0,84.6,403,0,0,0,0,0,19.2,75.9,0,1,0,0,22.250330116026976,17.0,17.0,0.0,22.615964457963383,0.0076180628355009,457.5306035943326,0.1064336,0.0040000438592921,12.723996936541944,13.671398286106616,0.0091453031085764,75.9,19.2,1.0,0.0,14:30:00,0
2026-08-04 19:15:43.117000+05:30,26.1,87.7,442,0,22.1,61.8,0,956.9,24.8,58.9,409,0,20.7,73.1,474,0,17.0,84.6,403,0,0,0,0,0,19.2,75.9,0,1,0,0,22.250330116026976,17.0,17.0,0.0,22.615964457963383,0.0076180628355009,457.5306035943326,0.1064336,0.0040000438592921,12.723996936541944,13.671398286106616,0.0091453031085764,75.9,19.2,1.0,0.0,14:30:00,0
2026-08-04 19:15:48.117000+05:30,26.1,87.7,424,0,22.1,61.9,0,956.9,24.8,58.9,404,0,20.7,73.1,474,0,17.0,84.6,417,0,0,0,0,0,19.2,75.9,0,1,0,0,22.250330323891006,17.0,17.0,0.0,22.841619009506687,0.0076180628355009,469.06786515258136,0.1064335999999999,0.0040000493902214,12.723946726231707,13.682483999938665,0.0091452725974955,75.9,19.2,1.0,0.0,14:30:00,0
2026-08-04 19:15:48.117000+05:30,26.1,87.7,424,0,22.1,61.9,0,956.9,24.8,58.9,404,0,20.7,73.1,474,0,17.0,84.6,417,0,0,0,0,0,19.2,75.9,0,1,0,0,22.250330323891006,17.0,17.0,0.0,22.841619009506687,0.0076180628355009,469.06786515258136,0.1064335999999999,0.0040000493902214,12.723946726231707,13.682483999938665,0.0091452725974955,75.9,19.2,1.0,0.0,14:30:00,0
2026-08-04 19:15:53.118000+05:30,26.1,87.8,429,0,22.1,61.9,0,956.9,24.8,58.9,442,0,20.7,73.1,65389,0,17.0,84.6,404,0,0,0,0,0,19.2,75.9,0,1,0,0,22.24657218788192,17.0,17.0,0.0,22.589186198229463,0.0076180628355009,458.2254941777026,0.1064336,0.0040000527220894,12.721673851074309,13.676863317359595,0.0091438915449244,75.9,19.2,1.0,0.0,14:30:00,0
2026-08-04 19:15:53.118000+05:30,26.1,87.8,429,0,22.1,61.9,0,956.9,24.8,58.9,442,0,20.7,73.1,65389,0,17.0,84.6,404,0,0,0,0,0,19.2,75.9,0,1,0,0,22.24657218788192,17.0,17.0,0.0,22.589186198229463,0.0076180628355009,458.2254941777026,0.1064336,0.0040000527220894,12.721673851074309,13.676863317359595,0.0091438915449244,75.9,19.2,1.0,0.0,14:30:00,0
2026-08-04 19:15:58.117000+05:30,26.0,87.9,426,0,22.1,61.9,0,956.9,24.8,58.9,414,0,20.7,73.1,474,0,17.0,84.6,418,0,0,0,0,0,19.2,75.9,0,1,0,0,22.24709968232461,17.0,17.0,0.0,22.19828590289492,0.0076180628355009,462.62079769239375,0.106051819624492,0.0040000484555664,12.73059294185304,13.661062873082056,0.0091493120682331,74.3,19.3,1.0,0.0,14:30:00,0
2026-08-04 19:15:58.117000+05:30,26.0,87.9,426,0,22.1,61.9,0,956.9,24.8,58.9,414,0,20.7,73.1,474,0,17.0,84.6,418,0,0,0,0,0,19.2,75.9,0,1,0,0,22.24709968232461,17.0,17.0,0.0,22.19828590289492,0.0076180628355009,462.62079769239375,0.106051819624492,0.0040000484555664,12.73059294185304,13.661062873082056,0.0091493120682331,74.3,19.3,1.0,0.0,14:30:00,0
2026-08-04 19:16:03.118000+05:30,26.0,88.2,407,0,22.1,61.9,0,956.9,24.8,58.9,427,0,20.7,73.1,474,0,17.0,84.6,400,0,0,0,0,0,19.2,75.9,0,1,0,0,22.24694491828673,17.0,17.0,0.0,22.57288349733136,0.0076180628355009,463.768215114888,0.1061634242235586,0.0040000450506589,12.734521976918886,13.667026396517116,0.0091517008296557,74.8,19.2,1.0,0.0,14:30:00,0
2026-08-04 19:16:03.118000+05:30,26.0,88.2,407,0,22.1,61.9,0,956.9,24.8,58.9,427,0,20.7,73.1,474,0,17.0,84.6,400,0,0,0,0,0,19.2,75.9,0,1,0,0,22.24694491828673,17.0,17.0,0.0,22.57288349733136,0.0076180628355009,463.768215114888,0.1061634242235586,0.0040000450506589,12.734521976918886,13.667026396517116,0.0091517008296557,74.8,19.2,1.0,0.0,14:30:00,0
2026-08-04 19:16:08.118000+05:30,26.0,88.3,411,0,22.1,62.0,0,956.9,24.8,59.0,434,0,20.7,73.1,474,0,17.0,84.5,423,0,0,0,0,0,19.3,74.3,0,1,0,0,22.24657298858086,17.0,17.0,0.0,22.56935904807277,0.0076180628355009,421.0613986540293,0.1064336,0.0040000745736972,12.72739272763057,13.66636709593133,0.0091473668260573,75.9,19.2,1.0,0.0,14:30:00,0
2026-08-04 19:16:08.118000+05:30,26.0,88.3,411,0,22.1,62.0,0,956.9,24.8,59.0,434,0,20.7,73.1,474,0,17.0,84.5,423,0,0,0,0,0,19.3,74.3,0,1,0,0,22.24657298858086,17.0,17.0,0.0,22.56935904807277,0.0076180628355009,421.0613986540293,0.1064336,0.0040000745736972,12.72739272763057,13.66636709593133,0.0091473668260573,75.9,19.2,1.0,0.0,14:30:00,0
2026-08-04 19:16:13.119000+05:30,26.0,88.4,423,0,22.1,62.0,0,956.9,24.7,59.0,428,0,20.7,73.1,474,0,17.0,84.5,413,0,0,0,0,0,19.2,74.8,0,1,0,0,22.24657256204535,17.0,17.0,0.0,22.56407436922691,0.0076180628355009,421.6121644169228,0.1064336,0.0040000629332588,12.72338466577526,13.665845711550194,0.0091449310588925,75.9,19.2,1.0,0.0,14:30:00,0
2026-08-04 19:16:13.119000+05:30,26.0,88.4,423,0,22.1,62.0,0,956.9,24.7,59.0,428,0,20.7,73.1,474,0,17.0,84.5,413,0,0,0,0,0,19.2,74.8,0,1,0,0,22.24657256204535,17.0,17.0,0.0,22.56407436922691,0.0076180628355009,421.6121644169228,0.1064336,0.0040000629332588,12.72338466577526,13.665845711550194,0.0091449310588925,75.9,19.2,1.0,0.0,14:30:00,0
2026-08-04 19:16:18.119000+05:30,26.0,88.3,427,0,22.1,62.0,0,956.9,24.7,59.0,409,0,20.7,73.2,474,0,17.0,84.5,432,0,0,0,0,0,19.2,75.9,0,1,0,0,22.25112181893464,17.0,17.0,0.0,24.254767329165432,0.0076180628355009,422.8322155205898,0.103230090606567,0.0040000818105773,12.850578748562128,13.79485047900378,0.0092225133945619,68.2,19.7,1.0,0.0,14:30:00,0
2026-08-04 19:16:18.119000+05:30,26.0,88.3,427,0,22.1,62.0,0,956.9,24.7,59.0,409,0,20.7,73.2,474,0,17.0,84.5,432,0,0,0,0,0,19.2,75.9,0,1,0,0,22.25112181893464,17.0,17.0,0.0,24.254767329165432,0.0076180628355009,422.8322155205898,0.103230090606567,0.0040000818105773,12.850578748562128,13.79485047900378,0.0092225133945619,68.2,19.7,1.0,0.0,14:30:00,0
2026-08-04 19:16:23.119000+05:30,26.0,88.5,440,0,22.1,62.0,0,956.9,24.8,59.0,434,0,20.6,73.1,474,0,17.0,84.6,441,0,0,0,0,0,19.2,75.9,0,1,0,0,22.24657338055904,17.0,17.0,0.0,22.16878441793473,0.0076180628355009,421.7260800317831,0.1064336,0.0040000852710432,12.78869421509615,13.719210176062129,0.0091846933517979,75.9,19.2,1.0,0.0,14:30:00,0
2026-08-04 19:16:23.119000+05:30,26.0,88.5,440,0,22.1,62.0,0,956.9,24.8,59.0,434,0,20.6,73.1,474,0,17.0,84.6,441,0,0,0,0,0,19.2,75.9,0,1,0,0,22.24657338055904,17.0,17.0,0.0,22.16878441793473,0.0076180628355009,421.7260800317831,0.1064336,0.0040000852710432,12.78869421509615,13.719210176062129,0.0091846933517979,75.9,19.2,1.0,0.0,14:30:00,0
2026-08-04 19:16:28.120000+05:30,26.0,88.5,435,0,22.1,62.0,0,956.9,24.8,59.0,428,0,20.6,73.1,474,0,17.0,84.6,417,0,0,0,0,0,19.7,68.2,0,1,0,0,22.246572546329663,17.0,17.0,0.0,22.5481962102621,0.0076180628355009,422.24463013939976,0.1064336,0.0040000625043674,12.757201298842856,13.694213001751905,0.0091655002624086,75.9,19.2,1.0,0.0,14:30:00,0
2026-08-04 19:16:28.120000+05:30,26.0,88.5,435,0,22.1,62.0,0,956.9,24.8,59.0,428,0,20.6,73.1,474,0,17.0,84.6,417,0,0,0,0,0,19.7,68.2,0,1,0,0,22.246572546329663,17.0,17.0,0.0,22.5481962102621,0.0076180628355009,422.24463013939976,0.1064336,0.0040000625043674,12.757201298842856,13.694213001751905,0.0091655002624086,75.9,19.2,1.0,0.0,14:30:00,0
2026-08-04 19:16:33.150000+05:30,26.0,88.6,432,0,22.1,62.1,0,956.9,24.7,59.1,400,0,20.7,73.2,474,0,17.0,84.6,442,0,0,0,0,0,19.2,75.9,0,1,0,0,22.15033046926229,17.0,17.0,0.0,22.15296231543108,0.0076180628355009,420.4656587425152,0.1064336,0.0040000532583187,12.729481705788952,13.655267299520125,0.0091486365641434,75.9,19.2,1.0,0.0,14:30:00,0
2026-08-04 19:16:33.150000+05:30,26.0,88.6,432,0,22.1,62.1,0,956.9,24.7,59.1,400,0,20.7,73.2,474,0,17.0,84.6,442,0,0,0,0,0,19.2,75.9,0,1,0,0,22.15033046926229,17.0,17.0,0.0,22.15296231543108,0.0076180628355009,420.4656587425152,0.1064336,0.0040000532583187,12.729481705788952,13.655267299520125,0.0091486365641434,75.9,19.2,1.0,0.0,14:30:00,0
2026-08-04 19:16:38.150000+05:30,26.0,88.6,408,0,22.0,62.2,0,956.9,24.7,59.1,431,0,20.7,73.2,474,0,17.0,84.6,431,0,0,0,0,0,19.2,75.9,0,1,0,0,22.15032991485696,17.0,17.0,0.0,22.629698094429703,0.0076180628355009,421.3102382707378,0.1064336,0.0040000385064798,12.717782683217632,13.655700769315134,0.0091415276137177,75.9,19.2,1.0,0.0,14:30:00,0
2026-08-04 19:16:38.150000+05:30,26.0,88.6,408,0,22.0,62.2,0,956.9,24.7,59.1,431,0,20.7,73.2,474,0,17.0,84.6,431,0,0,0,0,0,19.2,75.9,0,1,0,0,22.15032991485696,17.0,17.0,0.0,22.629698094429703,0.0076180628355009,421.3102382707378,0.1064336,0.0040000385064798,12.717782683217632,13.655700769315134,0.0091415276137177,75.9,19.2,1.0,0.0,14:30:00,0
2026-08-04 19:16:43.150000+05:30,26.0,88.6,409,0,22.0,62.1,0,956.9,24.7,59.1,462,0,20.7,73.2,474,0,17.0,84.5,405,0,0,0,0,0,19.2,75.9,0,1,0,0,22.15032987142798,17.0,17.0,0.0,22.524144541851893,0.0076180628355009,424.74062774319447,0.1064335999999999,0.0040000373509043,12.710496868956469,13.651446159913355,0.0091371028678303,75.9,19.2,1.0,0.0,14:30:00,0
2026-08-04 19:16:43.150000+05:30,26.0,88.6,409,0,22.0,62.1,0,956.9,24.7,59.1,462,0,20.7,73.2,474,0,17.0,84.5,405,0,0,0,0,0,19.2,75.9,0,1,0,0,22.15032987142798,17.0,17.0,0.0,22.524144541851893,0.0076180628355009,424.74062774319447,0.1064335999999999,0.0040000373509043,12.710496868956469,13.651446159913355,0.0091371028678303,75.9,19.2,1.0,0.0,14:30:00,0
2026-08-04 19:16:48.150000+05:30,26.0,88.5,421,0,22.0,62.3,0,956.9,24.7,59.1,447,0,20.6,73.2,474,0,17.0,84.5,422,0,0,0,0,0,19.2,75.9,0,1,0,0,22.15032988726705,17.0,17.0,0.0,22.4225776251614,0.0076180628355009,547.792616142334,0.1064335999999999,0.0040000377723566,12.705684321375768,13.644379137718673,0.0091341812142973,75.9,19.2,1.0,0.0,14:30:00,0
2026-08-04 19:16:48.150000+05:30,26.0,88.5,421,0,22.0,62.3,0,956.9,24.7,59.1,447,0,20.6,73.2,474,0,17.0,84.5,422,0,0,0,0,0,19.2,75.9,0,1,0,0,22.15032988726705,17.0,17.0,0.0,22.4225776251614,0.0076180628355009,547.792616142334,0.1064335999999999,0.0040000377723566,12.705684321375768,13.644379137718673,0.0091341812142973,75.9,19.2,1.0,0.0,14:30:00,0
2026-08-04 19:16:53.212000+05:30,26.0,88.6,419,0,22.0,62.3,0,956.9,24.7,59.1,443,0,20.6,73.2,474,0,17.0,84.5,418,0,0,0,0,0,19.2,75.9,0,1,0,0,22.15033162964663,17.0,17.0,0.0,22.743423508300697,0.0076180628355009,428.15651184044094,0.1064336,0.0040000841342892,12.705525446878957,13.655813034395898,0.0091340847773335,75.9,19.2,1.0,0.0,14:30:00,0
2026-08-04 19:16:53.212000+05:30,26.0,88.6,419,0,22.0,62.3,0,956.9,24.7,59.1,443,0,20.6,73.2,474,0,17.0,84.5,418,0,0,0,0,0,19.2,75.9,0,1,0,0,22.15033162964663,17.0,17.0,0.0,22.743423508300697,0.0076180628355009,428.15651184044094,0.1064336,0.0040000841342892,12.705525446878957,13.655813034395898,0.0091340847773335,75.9,19.2,1.0,0.0,14:30:00,0
2026-08-04 19:16:58.251000+05:30,26.0,88.6,407,0,22.0,62.4,0,956.9,24.7,59.1,409,0,20.6,73.2,474,0,17.0,84.6,425,0,0,0,0,0,19.2,75.9,0,1,0,0,22.15033107229424,17.0,17.0,0.0,22.88284546899719,0.0076180628355009,426.68155182790616,0.1064335999999999,0.0040000693040339,12.706480334256252,13.669086163453915,0.0091346644085872,75.9,19.2,1.0,0.0,14:30:00,0
2026-08-04 19:16:58.251000+05:30,26.0,88.6,407,0,22.0,62.4,0,956.9,24.7,59.1,409,0,20.6,73.2,474,0,17.0,84.6,425,0,0,0,0,0,19.2,75.9,0,1,0,0,22.15033107229424,17.0,17.0,0.0,22.88284546899719,0.0076180628355009,426.68155182790616,0.1064335999999999,0.0040000693040339,12.706480334256252,13.669086163453915,0.0091346644085872,75.9,19.2,1.0,0.0,14:30:00,0
2026-08-04 19:17:03.282000+05:30,26.0,88.6,417,0,22.0,62.2,0,956.9,24.7,59.1,435,0,20.6,73.2,474,0,17.0,84.6,425,0,0,0,0,0,19.2,75.9,0,1,0,0,22.15415713129364,17.0,17.0,0.0,22.49259718631705,0.0076180628355009,427.6458863520188,0.1064336,0.0040018288900619,12.700798971342907,13.622903480396996,0.0091312162199991,75.9,19.2,1.0,0.0,14:30:00,0
2026-08-04 19:17:03.282000+05:30,26.0,88.6,417,0,22.0,62.2,0,956.9,24.7,59.1,435,0,20.6,73.2,474,0,17.0,84.6,425,0,0,0,0,0,19.2,75.9,0,1,0,0,22.15415713129364,17.0,17.0,0.0,22.49259718631705,0.0076180628355009,427.6458863520188,0.1064336,0.0040018288900619,12.700798971342907,13.622903480396996,0.0091312162199991,75.9,19.2,1.0,0.0,14:30:00,0
2026-08-04 19:17:08.282000+05:30,26.1,88.6,421,0,22.0,62.3,0,956.9,24.7,59.1,425,0,20.6,73.2,474,0,17.0,84.6,435,0,0,0,0,0,19.2,75.9,0,1,0,0,22.15412958252337,17.0,17.0,0.0,22.483071175233245,0.0076180628355009,427.6061814610619,0.1064336,0.0040011137401122,12.701089791386678,13.630811087189532,0.009131392699006,75.9,19.2,1.0,0.0,14:30:00,0
2026-08-04 19:17:08.282000+05:30,26.1,88.6,421,0,22.0,62.3,0,956.9,24.7,59.1,425,0,20.6,73.2,474,0,17.0,84.6,435,0,0,0,0,0,19.2,75.9,0,1,0,0,22.15412958252337,17.0,17.0,0.0,22.483071175233245,0.0076180628355009,427.6061814610619,0.1064336,0.0040011137401122,12.701089791386678,13.630811087189532,0.009131392699006,75.9,19.2,1.0,0.0,14:30:00,0
2026-08-04 19:17:13.308000+05:30,26.1,88.6,428,0,22.0,62.2,0,956.9,24.7,59.1,405,0,20.6,73.3,474,0,17.0,84.7,432,0,0,0,0,0,19.2,75.9,0,1,0,0,22.154183575996733,17.0,17.0,0.0,22.474061246493616,0.0076180628355009,425.87073195123753,0.1064336,0.0040025153790745,12.69769950356976,13.599490108556497,0.0091293355527305,75.9,19.2,1.0,0.0,14:30:00,0
2026-08-04 19:17:13.308000+05:30,26.1,88.6,428,0,22.0,62.2,0,956.9,24.7,59.1,405,0,20.6,73.3,474,0,17.0,84.7,432,0,0,0,0,0,19.2,75.9,0,1,0,0,22.154183575996733,17.0,17.0,0.0,22.474061246493616,0.0076180628355009,425.87073195123753,0.1064336,0.0040025153790745,12.69769950356976,13.599490108556497,0.0091293355527305,75.9,19.2,1.0,0.0,14:30:00,0
2026-08-04 19:17:18.308000+05:30,26.1,88.5,429,0,22.0,62.2,0,956.8,24.6,59.2,432,0,20.6,73.3,474,0,17.0,84.6,425,0,0,0,0,0,19.2,75.9,0,1,0,0,22.154146283796862,17.0,17.0,0.0,23.527634402608665,0.0076180628355009,426.3866586481967,0.1064336,0.0040015472953955,12.707450239956987,13.666692750923453,0.0091352531899614,75.9,19.2,1.0,0.0,14:30:00,0
2026-08-04 19:17:18.308000+05:30,26.1,88.5,429,0,22.0,62.2,0,956.8,24.6,59.2,432,0,20.6,73.3,474,0,17.0,84.6,425,0,0,0,0,0,19.2,75.9,0,1,0,0,22.154146283796862,17.0,17.0,0.0,23.527634402608665,0.0076180628355009,426.3866586481967,0.1064336,0.0040015472953955,12.707450239956987,13.666692750923453,0.0091352531899614,75.9,19.2,1.0,0.0,14:30:00,0
2026-08-04 19:17:23.308000+05:30,26.1,88.4,408,0,22.0,62.2,0,956.8,24.6,59.2,400,0,20.6,73.3,474,0,17.0,84.6,416,0,0,0,0,0,19.2,75.9,0,1,0,0,22.15412358445797,17.0,17.0,0.0,22.460258452069187,0.0076180628355009,424.4084568194755,0.1064336,0.0040009580338452,12.704605382400636,13.655809895255375,0.0091335263153143,75.9,19.2,1.0,0.0,14:30:00,0
2026-08-04 19:17:23.308000+05:30,26.1,88.4,408,0,22.0,62.2,0,956.8,24.6,59.2,400,0,20.6,73.3,474,0,17.0,84.6,416,0,0,0,0,0,19.2,75.9,0,1,0,0,22.15412358445797,17.0,17.0,0.0,22.460258452069187,0.0076180628355009,424.4084568194755,0.1064336,0.0040009580338452,12.704605382400636,13.655809895255375,0.0091335263153143,75.9,19.2,1.0,0.0,14:30:00,0
2026-08-04 19:17:28.309000+05:30,26.1,88.4,434,0,22.0,62.2,0,956.8,24.6,59.2,424,0,20.6,73.3,65389,0,17.0,84.6,411,0,0,0,0,0,19.2,75.9,0,1,0,0,22.154109467046474,17.0,17.0,0.0,22.04946408074649,0.0076180628355009,424.4941744767775,0.1064336,0.0040005915541066,12.699853292444118,13.62978001493646,0.0091306423726069,75.9,19.2,1.0,0.0,14:30:00,0
2026-08-04 19:17:28.309000+05:30,26.1,88.4,434,0,22.0,62.2,0,956.8,24.6,59.2,424,0,20.6,73.3,65389,0,17.0,84.6,411,0,0,0,0,0,19.2,75.9,0,1,0,0,22.154109467046474,17.0,17.0,0.0,22.04946408074649,0.0076180628355009,424.4941744767775,0.1064336,0.0040005915541066,12.699853292444118,13.62978001493646,0.0091306423726069,75.9,19.2,1.0,0.0,14:30:00,0
2026-08-04 19:17:33.309000+05:30,26.1,88.5,448,0,22.0,62.3,0,956.9,24.6,59.3,427,0,20.6,73.3,474,0,17.0,84.6,414,0,0,0,0,0,19.2,75.9,0,1,0,0,22.054100701448235,17.0,17.0,0.0,22.0437378483966,0.0076180628355009,424.7651219542297,0.1064336,0.0040003640043075,12.68959518216701,13.607289627342167,0.009124419726717,75.9,19.2,1.0,0.0,14:30:00,0
2026-08-04 19:17:33.309000+05:30,26.1,88.5,448,0,22.0,62.3,0,956.9,24.6,59.3,427,0,20.6,73.3,474,0,17.0,84.6,414,0,0,0,0,0,19.2,75.9,0,1,0,0,22.054100701448235,17.0,17.0,0.0,22.0437378483966,0.0076180628355009,424.7651219542297,0.1064336,0.0040003640043075,12.68959518216701,13.607289627342167,0.009124419726717,75.9,19.2,1.0,0.0,14:30:00,0
2026-08-04 19:17:38.309000+05:30,26.0,88.5,441,0,21.9,62.3,0,956.9,24.6,59.2,401,0,20.6,73.3,474,0,17.0,84.6,400,0,0,0,0,0,19.2,75.9,0,1,0,0,22.069933727699123,17.0,17.0,0.0,23.637620135583607,0.0076180628355009,422.70707398155855,0.0965243996205714,0.004000670985718,13.094554209876003,13.868175796119182,0.0093729809043666,62.1,21.1,1.0,0.0,14:30:00,0
2026-08-04 19:17:38.309000+05:30,26.0,88.5,441,0,21.9,62.3,0,956.9,24.6,59.2,401,0,20.6,73.3,474,0,17.0,84.6,400,0,0,0,0,0,19.2,75.9,0,1,0,0,22.069933727699123,17.0,17.0,0.0,23.637620135583607,0.0076180628355009,422.70707398155855,0.0965243996205714,0.004000670985718,13.094554209876003,13.868175796119182,0.0093729809043666,62.1,21.1,1.0,0.0,14:30:00,0
2026-08-04 19:17:43.309000+05:30,26.0,88.5,440,0,21.9,62.3,0,956.9,24.6,59.2,407,0,20.6,73.3,65389,0,17.0,84.6,430,0,0,0,0,0,19.2,75.9,0,1,0,0,22.138740403622485,17.0,17.0,0.0,22.01478553317495,0.0076180628355009,421.7579954671005,0.0687458473660086,0.0040030271579343,14.594554209876003,15.368175796119182,0.0103474867356836,52.1,28.6,1.0,0.0,14:30:00,0
2026-08-04 19:17:43.309000+05:30,26.0,88.5,440,0,21.9,62.3,0,956.9,24.6,59.2,407,0,20.6,73.3,65389,0,17.0,84.6,430,0,0,0,0,0,19.2,75.9,0,1,0,0,22.138740403622485,17.0,17.0,0.0,22.01478553317495,0.0076180628355009,421.7579954671005,0.0687458473660086,0.0040030271579343,14.594554209876003,15.368175796119182,0.0103474867356836,52.1,28.6,1.0,0.0,14:30:00,0
2026-08-04 19:17:48.309000+05:30,26.0,88.5,471,0,21.9,62.4,0,956.9,24.6,59.3,437,0,-14.7,73.4,474,0,17.0,84.6,402,0,0,0,0,0,21.1,62.1,0,1,0,0,22.581377292474983,17.0,17.0,0.0,22.00085054489356,0.0076180628355009,423.18738683764457,0.02408,0.004001845171414,16.094554209876005,16.868175796119182,0.011412037171169,40.3,61.3,1.0,0.0,14:30:00,0
2026-08-04 19:17:48.309000+05:30,26.0,88.5,471,0,21.9,62.4,0,956.9,24.6,59.3,437,0,-14.7,73.4,474,0,17.0,84.6,402,0,0,0,0,0,21.1,62.1,0,1,0,0,22.581377292474983,17.0,17.0,0.0,22.00085054489356,0.0076180628355009,423.18738683764457,0.02408,0.004001845171414,16.094554209876005,16.868175796119182,0.011412037171169,40.3,61.3,1.0,0.0,14:30:00,0
2026-08-04 19:17:53.310000+05:30,26.0,88.5,456,0,21.9,62.3,0,956.9,24.6,59.2,421,0,20.6,73.4,474,0,17.0,84.6,420,0,0,0,0,0,28.6,52.1,0,1,0,0,22.0947779420118,17.0,17.0,0.0,22.390085297626737,0.0076180628355009,423.1607462503841,0.08428,0.0040038743787206,15.587235977760333,16.137978314948207,0.0110414666551679,56.6,24.0,1.0,0.0,14:30:00,0
2026-08-04 19:17:53.310000+05:30,26.0,88.5,456,0,21.9,62.3,0,956.9,24.6,59.2,421,0,20.6,73.4,474,0,17.0,84.6,420,0,0,0,0,0,28.6,52.1,0,1,0,0,22.0947779420118,17.0,17.0,0.0,22.390085297626737,0.0076180628355009,423.1607462503841,0.08428,0.0040038743787206,15.587235977760333,16.137978314948207,0.0110414666551679,56.6,24.0,1.0,0.0,14:30:00,0
2026-08-04 19:17:58.310000+05:30,26.0,88.6,418,0,21.9,62.3,0,956.8,24.6,59.3,415,0,20.6,73.4,474,0,17.0,84.4,419,0,0,0,0,0,61.3,40.3,0,1,0,0,22.057936988748136,17.0,17.0,0.0,21.978887174552543,0.0076180628355009,423.0600731785563,0.1064336,0.0040023338775294,14.391348997992214,15.079304152872348,0.0102103557121617,75.9,19.2,1.0,0.0,14:30:00,0
2026-08-04 19:17:58.310000+05:30,26.0,88.6,418,0,21.9,62.3,0,956.8,24.6,59.3,415,0,20.6,73.4,474,0,17.0,84.4,419,0,0,0,0,0,61.3,40.3,0,1,0,0,22.057936988748136,17.0,17.0,0.0,21.978887174552543,0.0076180628355009,423.0600731785563,0.1064336,0.0040023338775294,14.391348997992214,15.079304152872348,0.0102103557121617,75.9,19.2,1.0,0.0,14:30:00,0
2026-08-04 19:18:03.310000+05:30,26.1,88.6,469,0,21.9,62.4,0,956.8,24.6,59.2,416,0,20.6,73.3,65461,0,17.0,84.0,411,0,0,0,0,0,24.0,56.6,0,1,0,0,22.05790092998238,17.0,17.0,0.0,21.970079059278817,0.0076180628355009,422.1950037973592,0.1064335999999999,0.0040014201003268,13.66186491397667,14.43452576117648,0.0097314082648243,75.9,19.2,1.0,0.0,14:30:00,0
2026-08-04 19:18:03.310000+05:30,26.1,88.6,469,0,21.9,62.4,0,956.8,24.6,59.2,416,0,20.6,73.3,65461,0,17.0,84.0,411,0,0,0,0,0,24.0,56.6,0,1,0,0,22.05790092998238,17.0,17.0,0.0,21.970079059278817,0.0076180628355009,422.1950037973592,0.1064335999999999,0.0040014201003268,13.66186491397667,14.43452576117648,0.0097314082648243,75.9,19.2,1.0,0.0,14:30:00,0
2026-08-04 19:18:08.310000+05:30,26.1,88.5,450,0,21.9,62.4,0,956.8,24.6,59.3,431,0,20.7,73.2,474,0,17.0,83.3,407,0,0,0,0,0,19.2,75.9,0,1,0,0,22.05787887264676,17.0,17.0,0.0,21.96053602472719,0.0076180628355009,423.4300383198224,0.1064336,0.0040008611380324,13.233718371164258,14.056489339448156,0.0094597907212915,75.9,19.2,1.0,0.0,14:30:00,0
2026-08-04 19:18:08.310000+05:30,26.1,88.5,450,0,21.9,62.4,0,956.8,24.6,59.3,431,0,20.7,73.2,474,0,17.0,83.3,407,0,0,0,0,0,19.2,75.9,0,1,0,0,22.05787887264676,17.0,17.0,0.0,21.96053602472719,0.0076180628355009,423.4300383198224,0.1064336,0.0040008611380324,13.233718371164258,14.056489339448156,0.0094597907212915,75.9,19.2,1.0,0.0,14:30:00,0
2026-08-04 19:18:13.311000+05:30,26.1,88.5,463,0,21.9,62.4,0,956.8,24.6,59.3,419,0,20.7,73.2,474,0,17.0,83.3,400,0,0,0,0,0,19.2,75.9,0,1,0,0,22.05786561753056,16.9,16.9,0.0,21.953195657516822,0.0076180628355009,422.795188240118,0.1064335999999999,0.0040005252357145,12.988504127457368,13.8401278945206,0.0093073079724304,75.9,19.2,1.0,0.0,14:30:00,0
2026-08-04 19:18:13.311000+05:30,26.1,88.5,463,0,21.9,62.4,0,956.8,24.6,59.3,419,0,20.7,73.2,474,0,17.0,83.3,400,0,0,0,0,0,19.2,75.9,0,1,0,0,22.05786561753056,16.9,16.9,0.0,21.953195657516822,0.0076180628355009,422.795188240118,0.1064335999999999,0.0040005252357145,12.988504127457368,13.8401278945206,0.0093073079724304,75.9,19.2,1.0,0.0,14:30:00,0
2026-08-04 19:18:18.310000+05:30,26.1,88.4,451,0,21.9,62.5,0,956.9,24.6,59.3,406,0,20.6,72.9,474,0,16.9,82.9,416,0,0,0,0,0,19.2,75.9,0,1,0,0,22.05785817637264,16.9,16.9,0.0,21.94873872839953,0.0076180628355009,421.4624357336665,0.1064336,0.0040003366668511,12.850113949994874,13.718141265346375,0.0092222288183104,75.9,19.2,1.0,0.0,14:30:00,0
2026-08-04 19:18:18.310000+05:30,26.1,88.4,451,0,21.9,62.5,0,956.9,24.6,59.3,406,0,20.6,72.9,474,0,16.9,82.9,416,0,0,0,0,0,19.2,75.9,0,1,0,0,22.05785817637264,16.9,16.9,0.0,21.94873872839953,0.0076180628355009,421.4624357336665,0.1064336,0.0040003366668511,12.850113949994874,13.718141265346375,0.0092222288183104,75.9,19.2,1.0,0.0,14:30:00,0
2026-08-04 19:18:23.311000+05:30,26.1,88.4,439,0,21.9,62.5,0,956.8,24.6,59.3,424,0,20.6,73.0,474,0,16.9,83.0,414,0,0,0,0,0,19.2,75.9,0,1,0,0,22.061612318434776,17.0,17.0,0.0,22.367738528866084,0.0076180628355009,421.7114875459443,0.1064335999999999,0.0040002281058975,12.7761819216353,13.670258398161783,0.0091770635298945,75.9,19.2,1.0,0.0,14:30:00,0
2026-08-04 19:18:23.311000+05:30,26.1,88.4,439,0,21.9,62.5,0,956.8,24.6,59.3,424,0,20.6,73.0,474,0,16.9,83.0,414,0,0,0,0,0,19.2,75.9,0,1,0,0,22.061612318434776,17.0,17.0,0.0,22.367738528866084,0.0076180628355009,421.7114875459443,0.1064335999999999,0.0040002281058975,12.7761819216353,13.670258398161783,0.0091770635298945,75.9,19.2,1.0,0.0,14:30:00,0
2026-08-04 19:18:28.311000+05:30,26.2,88.3,413,0,21.9,62.3,0,956.8,24.6,59.2,400,0,20.6,72.9,474,0,17.0,83.3,410,0,0,0,0,0,19.2,75.9,0,1,0,0,22.05792158653282,17.0,17.0,0.0,22.355159397810908,0.0076180628355009,420.083399200645,0.1064336,0.004001943564857,12.731207794841149,13.608136115155254,0.0091496858475596,75.9,19.2,1.0,0.0,14:30:00,0
2026-08-04 19:18:28.311000+05:30,26.2,88.3,413,0,21.9,62.3,0,956.8,24.6,59.2,400,0,20.6,72.9,474,0,17.0,83.3,410,0,0,0,0,0,19.2,75.9,0,1,0,0,22.05792158653282,17.0,17.0,0.0,22.355159397810908,0.0076180628355009,420.083399200645,0.1064336,0.004001943564857,12.731207794841149,13.608136115155254,0.0091496858475596,75.9,19.2,1.0,0.0,14:30:00,0
2026-08-04 19:18:33.313000+05:30,26.1,88.3,417,0,21.9,62.3,0,956.8,24.6,59.2,416,0,20.6,73.0,474,0,17.0,83.3,424,0,0,0,0,0,19.2,75.9,0,1,0,0,22.057891362081985,17.0,17.0,0.0,21.933642759570507,0.0076180628355009,468.9339393850619,0.1064336,0.0040011776369737,12.706431523139043,13.588042494142934,0.009134634778692,75.9,19.2,1.0,0.0,14:30:00,0
2026-08-04 19:18:33.313000+05:30,26.1,88.3,417,0,21.9,62.3,0,956.8,24.6,59.2,416,0,20.6,73.0,474,0,17.0,83.3,424,0,0,0,0,0,19.2,75.9,0,1,0,0,22.057891362081985,17.0,17.0,0.0,21.933642759570507,0.0076180628355009,468.9339393850619,0.1064336,0.0040011776369737,12.706431523139043,13.588042494142934,0.009134634778692,75.9,19.2,1.0,0.0,14:30:00,0
2026-08-04 19:18:38.312000+05:30,26.1,88.4,447,0,21.9,62.3,0,956.8,24.6,59.2,415,0,20.6,73.0,474,0,17.0,83.5,417,0,0,0,0,0,19.2,75.9,0,1,0,0,22.05787329361,17.0,17.0,0.0,21.92903727725056,0.0076180628355009,420.1347400076589,0.1064336,0.0040007197578021,12.692659326452874,13.576794842581249,0.0091262780609423,75.9,19.2,1.0,0.0,14:30:00,0
2026-08-04 19:18:38.312000+05:30,26.1,88.4,447,0,21.9,62.3,0,956.8,24.6,59.2,415,0,20.6,73.0,474,0,17.0,83.5,417,0,0,0,0,0,19.2,75.9,0,1,0,0,22.05787329361,17.0,17.0,0.0,21.92903727725056,0.0076180628355009,420.1347400076589,0.1064336,0.0040007197578021,12.692659326452874,13.576794842581249,0.0091262780609423,75.9,19.2,1.0,0.0,14:30:00,0
2026-08-04 19:18:43.312000+05:30,26.1,88.3,401,0,21.9,62.3,0,956.8,24.5,59.3,429,0,20.6,73.0,474,0,17.0,83.6,427,0,0,0,0,0,19.2,75.9,0,1,0,0,21.961621276022072,17.0,17.0,0.0,21.92209157147733,0.0076180628355009,420.4755035714256,0.1064336,0.0040004498240982,12.67769030836251,13.563758968179876,0.0091172029099127,75.9,19.2,1.0,0.0,14:30:00,0
2026-08-04 19:18:43.312000+05:30,26.1,88.3,401,0,21.9,62.3,0,956.8,24.5,59.3,429,0,20.6,73.0,474,0,17.0,83.6,427,0,0,0,0,0,19.2,75.9,0,1,0,0,21.961621276022072,17.0,17.0,0.0,21.92209157147733,0.0076180628355009,420.4755035714256,0.1064336,0.0040004498240982,12.67769030836251,13.563758968179876,0.0091172029099127,75.9,19.2,1.0,0.0,14:30:00,0
2026-08-04 19:18:48.415000+05:30,26.1,88.4,442,0,21.8,62.5,0,956.9,24.5,59.3,423,0,20.5,73.1,474,0,17.0,83.7,406,0,0,0,0,0,19.2,75.9,0,1,0,0,21.96168757073804,17.0,17.0,2.0,22.32487751235917,0.0076180628355009,420.9035277821158,0.1064336,0.0040020907509079,12.66914032626521,13.54125645447505,0.0091120230103963,75.9,19.2,1.0,0.0,14:30:00,0
2026-08-04 19:18:48.415000+05:30,26.1,88.4,442,0,21.8,62.5,0,956.9,24.5,59.3,423,0,20.5,73.1,474,0,17.0,83.7,406,0,0,0,0,0,19.2,75.9,0,1,0,0,21.96168757073804,17.0,17.0,2.0,22.32487751235917,0.0076180628355009,420.9035277821158,0.1064336,0.0040020907509079,12.66914032626521,13.54125645447505,0.0091120230103963,75.9,19.2,1.0,0.0,14:30:00,0
2026-08-04 19:18:53.415000+05:30,26.1,88.3,430,0,21.8,62.4,0,956.9,24.5,59.3,431,0,20.5,73.1,65535,0,17.0,83.8,400,0,0,0,0,0,19.2,75.9,2,1,0,0,21.961654955449312,17.0,17.0,0.0,24.37288472863108,0.0076180628355009,424.16262558926815,0.1064336,0.0040012834572813,12.683616837621296,13.660059199292476,0.0091207949728254,75.9,19.2,1.0,0.0,14:30:00,0
2026-08-04 19:18:53.415000+05:30,26.1,88.3,430,0,21.8,62.4,0,956.9,24.5,59.3,431,0,20.5,73.1,65535,0,17.0,83.8,400,0,0,0,0,0,19.2,75.9,2,1,0,0,21.961654955449312,17.0,17.0,0.0,24.37288472863108,0.0076180628355009,424.16262558926815,0.1064336,0.0040012834572813,12.683616837621296,13.660059199292476,0.0091207949728254,75.9,19.2,1.0,0.0,14:30:00,0
2026-08-04 19:18:58.415000+05:30,26.1,88.4,438,0,21.8,62.4,0,956.8,24.5,59.3,425,0,20.5,73.1,474,0,17.0,83.9,431,0,0,0,0,0,19.2,75.9,0,1,0,0,21.961707123385125,17.0,17.0,0.0,22.22040023859336,0.0076180628355009,420.4085829782554,0.1064336,0.0040025747180286,12.671642825491126,13.59407172638,0.009113538844943,75.9,19.2,1.0,0.0,14:30:00,0
2026-08-04 19:18:58.415000+05:30,26.1,88.4,438,0,21.8,62.4,0,956.8,24.5,59.3,425,0,20.5,73.1,474,0,17.0,83.9,431,0,0,0,0,0,19.2,75.9,0,1,0,0,21.961707123385125,17.0,17.0,0.0,22.22040023859336,0.0076180628355009,420.4085829782554,0.1064336,0.0040025747180286,12.671642825491126,13.59407172638,0.009113538844943,75.9,19.2,1.0,0.0,14:30:00,0
2026-08-04 19:19:03.415000+05:30,26.1,88.4,417,0,21.8,62.4,0,956.8,24.5,59.3,416,0,20.5,73.1,474,0,17.0,83.9,420,0,0,0,0,0,19.2,75.9,0,1,0,0,21.96191300704675,17.0,17.0,0.0,22.22468416815693,0.0076180628355009,464.2585292918078,0.1062714685233775,0.0040015658213707,12.673850001384409,13.591831680733948,0.0091148759814733,75.2,19.2,1.0,0.0,14:30:00,0
2026-08-04 19:19:03.415000+05:30,26.1,88.4,417,0,21.8,62.4,0,956.8,24.5,59.3,416,0,20.5,73.1,474,0,17.0,83.9,420,0,0,0,0,0,19.2,75.9,0,1,0,0,21.96191300704675,17.0,17.0,0.0,22.22468416815693,0.0076180628355009,464.2585292918078,0.1062714685233775,0.0040015658213707,12.673850001384409,13.591831680733948,0.0091148759814733,75.2,19.2,1.0,0.0,14:30:00,0
2026-08-04 19:19:08.577000+05:30,26.1,88.4,416,0,21.8,62.4,0,956.8,24.5,59.3,400,0,20.5,73.1,474,0,17.0,83.9,420,0,0,0,0,0,19.2,75.9,0,1,0,0,21.96171237527715,17.0,17.0,0.0,21.92602429965877,0.0076180628355009,420.1268953559161,0.1064336,0.0040027047128599,12.664037134526453,13.54038897129796,0.0091089325634821,75.9,19.2,1.0,0.0,14:30:00,0
2026-08-04 19:19:08.577000+05:30,26.1,88.4,416,0,21.8,62.4,0,956.8,24.5,59.3,400,0,20.5,73.1,474,0,17.0,83.9,420,0,0,0,0,0,19.2,75.9,0,1,0,0,21.96171237527715,17.0,17.0,0.0,21.92602429965877,0.0076180628355009,420.1268953559161,0.1064336,0.0040027047128599,12.664037134526453,13.54038897129796,0.0091089325634821,75.9,19.2,1.0,0.0,14:30:00,0
2026-08-04 19:19:13.577000+05:30,26.1,88.2,408,0,21.8,62.4,0,956.9,24.6,59.3,411,0,20.5,73.1,474,0,17.0,83.9,419,0,0,0,0,0,19.2,75.2,0,1,0,0,21.96171942384449,17.0,17.0,0.0,22.227731549675568,0.0076180628355009,464.29534185444936,0.1064336,0.0040028791789988,12.660634499681604,13.52199571156818,0.0091068724808349,75.9,19.2,1.0,0.0,14:30:00,0
2026-08-04 19:19:13.577000+05:30,26.1,88.2,408,0,21.8,62.4,0,956.9,24.6,59.3,411,0,20.5,73.1,474,0,17.0,83.9,419,0,0,0,0,0,19.2,75.2,0,1,0,0,21.96171942384449,17.0,17.0,0.0,22.227731549675568,0.0076180628355009,464.29534185444936,0.1064336,0.0040028791789988,12.660634499681604,13.52199571156818,0.0091068724808349,75.9,19.2,1.0,0.0,14:30:00,0
2026-08-04 19:19:18.643000+05:30,26.1,88.4,430,0,21.8,62.4,0,956.9,24.5,59.3,440,0,20.5,73.1,474,0,17.0,84.1,400,0,0,0,0,0,19.2,75.9,0,1,0,0,22.1721896816261,17.0,17.0,0.0,22.22619580051518,0.0076180628355009,471.3827742460783,0.0462335999999999,0.0040017834568438,14.160634499681604,15.02199571156818,0.0100566401404835,46.7,38.2,1.0,0.0,14:30:00,0
2026-08-04 19:19:18.643000+05:30,26.1,88.4,430,0,21.8,62.4,0,956.9,24.5,59.3,440,0,20.5,73.1,474,0,17.0,84.1,400,0,0,0,0,0,19.2,75.9,0,1,0,0,22.1721896816261,17.0,17.0,0.0,22.22619580051518,0.0076180628355009,471.3827742460783,0.0462335999999999,0.0040017834568438,14.160634499681604,15.02199571156818,0.0100566401404835,46.7,38.2,1.0,0.0,14:30:00,0
2026-08-04 19:19:23.677000+05:30,26.1,88.5,402,0,21.8,62.4,0,956.9,24.5,59.3,434,0,20.4,73.2,474,0,17.0,84.1,426,0,0,0,0,0,38.2,46.7,0,1,0,0,22.51448230955311,17.0,17.0,0.0,21.79550619474,0.0076180628355009,420.9767506381786,0.02408,0.0040011009334974,15.660634499681604,16.52199571156818,0.0110944023182468,40.3,61.2,1.0,0.0,14:30:00,0
2026-08-04 19:19:23.677000+05:30,26.1,88.5,402,0,21.8,62.4,0,956.9,24.5,59.3,434,0,20.4,73.2,474,0,17.0,84.1,426,0,0,0,0,0,38.2,46.7,0,1,0,0,22.51448230955311,17.0,17.0,0.0,21.79550619474,0.0076180628355009,420.9767506381786,0.02408,0.0040011009334974,15.660634499681604,16.52199571156818,0.0110944023182468,40.3,61.2,1.0,0.0,14:30:00,0
2026-08-04 19:19:28.689000+05:30,26.0,88.5,422,0,21.8,62.4,0,956.8,24.5,59.3,444,0,20.5,73.3,474,0,17.0,84.1,419,0,0,0,0,0,61.2,40.3,0,1,0,0,21.839461903110816,17.0,17.0,0.0,22.39998880000593,0.0076180628355009,420.4306229434229,0.1064336,0.0010000172406988,12.843279457562469,13.220026016564944,0.0092180452605803,90.0,0.9,1.0,0.0,14:30:00,0
2026-08-04 19:19:28.689000+05:30,26.0,88.5,422,0,21.8,62.4,0,956.8,24.5,59.3,444,0,20.5,73.3,474,0,17.0,84.1,419,0,0,0,0,0,61.2,40.3,0,1,0,0,21.839461903110816,17.0,17.0,0.0,22.39998880000593,0.0076180628355009,420.4306229434229,0.1064336,0.0010000172406988,12.843279457562469,13.220026016564944,0.0092180452605803,90.0,0.9,1.0,0.0,14:30:00,0
2026-08-04 19:19:33.687000+05:30,26.0,88.5,422,0,21.8,62.4,0,956.8,24.5,59.3,444,0,20.5,73.3,474,0,17.0,84.1,419,0,0,0,0,0,61.2,40.3,0,1,0,0,21.83946218544778,17.0,17.0,0.0,22.22039109776241,0.0076180628355009,443.7147679317242,0.1064336,0.0010000243954938,12.754028573880763,13.349129662793263,0.0091635686680415,90.0,0.9,1.0,0.0,14:30:00,0
2026-08-04 19:19:33.687000+05:30,26.0,88.5,422,0,21.8,62.4,0,956.8,24.5,59.3,444,0,20.5,73.3,474,0,17.0,84.1,419,0,0,0,0,0,61.2,40.3,0,1,0,0,21.83946218544778,17.0,17.0,0.0,22.22039109776241,0.0076180628355009,443.7147679317242,0.1064336,0.0010000243954938,12.754028573880763,13.349129662793263,0.0091635686680415,90.0,0.9,1.0,0.0,14:30:00,0
2026-08-04 19:19:38.725000+05:30,26.0,88.7,422,0,21.8,62.5,0,956.8,24.5,59.2,422,0,20.5,73.2,474,0,17.1,83.4,409,0,0,0,0,0,0.9,90.0,0,1,0,0,21.8395332306856,17.1,17.1,0.0,22.225390006299897,0.0076180628355009,521.6663525074347,0.1064335999999999,0.0010018247765471,12.700882975628684,13.395255052566204,0.009131267196202,90.0,1.0,1.0,0.0,14:30:00,0
2026-08-04 19:19:38.725000+05:30,26.0,88.7,422,0,21.8,62.5,0,956.8,24.5,59.2,422,0,20.5,73.2,474,0,17.1,83.4,409,0,0,0,0,0,0.9,90.0,0,1,0,0,21.8395332306856,17.1,17.1,0.0,22.225390006299897,0.0076180628355009,521.6663525074347,0.1064335999999999,0.0010018247765471,12.700882975628684,13.395255052566204,0.009131267196202,90.0,1.0,1.0,0.0,14:30:00,0
2026-08-04 19:19:43.728000+05:30,26.0,88.6,429,0,21.8,62.5,0,956.9,24.5,59.3,464,0,20.5,73.1,474,0,17.0,83.0,423,0,0,0,0,0,1.0,90.0,19,1,0,0,21.83950485453789,17.0,17.0,19.0,22.542628689329728,0.0076180628355009,498.1452799811404,0.1064336,0.0010011056871293,12.677173980326767,13.475144465518976,0.0091168900241399,90.0,0.9,1.0,0.0,14:30:00,0
2026-08-04 19:19:43.728000+05:30,26.0,88.6,429,0,21.8,62.5,0,956.9,24.5,59.3,464,0,20.5,73.1,474,0,17.0,83.0,423,0,0,0,0,0,1.0,90.0,19,1,0,0,21.83950485453789,17.0,17.0,19.0,22.542628689329728,0.0076180628355009,498.1452799811404,0.1064336,0.0010011056871293,12.677173980326767,13.475144465518976,0.0091168900241399,90.0,0.9,1.0,0.0,14:30:00,0
2026-08-04 19:19:48.792000+05:30,26.0,88.6,426,0,21.7,62.6,0,956.8,24.5,59.3,430,0,20.5,73.0,474,0,17.0,82.9,419,0,0,0,0,0,0.9,90.0,0,1,0,0,21.74050066194608,17.0,17.0,0.0,22.22363488573,0.0076180628355009,433.2226014222824,0.1064335999999999,0.0010024723844893,12.65069839795705,13.468021837815016,0.0091008591836732,90.0,1.0,1.0,0.0,14:30:00,0
2026-08-04 19:19:48.792000+05:30,26.0,88.6,426,0,21.7,62.6,0,956.8,24.5,59.3,430,0,20.5,73.0,474,0,17.0,82.9,419,0,0,0,0,0,0.9,90.0,0,1,0,0,21.74050066194608,17.0,17.0,0.0,22.22363488573,0.0076180628355009,433.2226014222824,0.1064335999999999,0.0010024723844893,12.65069839795705,13.468021837815016,0.0091008591836732,90.0,1.0,1.0,0.0,14:30:00,0
2026-08-04 19:19:53.792000+05:30,26.0,88.7,428,0,21.7,62.5,0,956.8,24.5,59.2,439,0,20.5,73.0,474,0,16.9,83.1,417,0,0,0,0,0,1.0,90.0,0,1,0,0,21.740461861310067,16.9,16.9,0.0,22.180450003772787,0.0076180628355009,432.5984829507008,0.1064336,0.0010015119911468,12.639010206080956,13.496980652891429,0.0090937900851421,90.0,1.0,1.0,0.0,14:30:00,0
2026-08-04 19:19:53.792000+05:30,26.0,88.7,428,0,21.7,62.5,0,956.8,24.5,59.2,439,0,20.5,73.0,474,0,16.9,83.1,417,0,0,0,0,0,1.0,90.0,0,1,0,0,21.740461861310067,16.9,16.9,0.0,22.180450003772787,0.0076180628355009,432.5984829507008,0.1064336,0.0010015119911468,12.639010206080956,13.496980652891429,0.0090937900851421,90.0,1.0,1.0,0.0,14:30:00,0
2026-08-04 19:19:58.824000+05:30,26.0,88.6,462,0,21.7,62.5,0,956.8,24.5,59.2,411,0,20.4,73.0,65389,0,17.0,83.3,411,0,0,0,0,0,1.0,90.0,0,1,0,0,21.74043771744975,17.0,17.0,0.0,21.741651471878782,0.0076180628355009,508.7724712088438,0.1064336,0.0010009143823161,12.629108202205884,13.493843224055206,0.009087805138562,90.0,0.9,1.0,0.0,14:30:00,0
2026-08-04 19:19:58.824000+05:30,26.0,88.6,462,0,21.7,62.5,0,956.8,24.5,59.2,411,0,20.4,73.0,65389,0,17.0,83.3,411,0,0,0,0,0,1.0,90.0,0,1,0,0,21.74043771744975,17.0,17.0,0.0,21.741651471878782,0.0076180628355009,508.7724712088438,0.1064336,0.0010009143823161,12.629108202205884,13.493843224055206,0.009087805138562,90.0,0.9,1.0,0.0,14:30:00,0
2026-08-04 19:20:03.824000+05:30,26.1,88.6,455,0,21.7,62.5,0,956.8,24.5,59.2,415,0,20.4,73.0,474,0,17.0,83.3,417,0,0,0,0,0,0.9,90.0,0,1,0,0,21.74136339915748,17.0,17.0,0.0,21.730241737432863,0.0076180628355009,505.256296061282,0.1064335999999999,0.0010005580637653,12.623602852910563,13.491895837162891,0.009084479135988,90.0,0.9,1.0,0.0,14:30:00,0
2026-08-04 19:20:03.824000+05:30,26.1,88.6,455,0,21.7,62.5,0,956.8,24.5,59.2,415,0,20.4,73.0,474,0,17.0,83.3,417,0,0,0,0,0,0.9,90.0,0,1,0,0,21.74136339915748,17.0,17.0,0.0,21.730241737432863,0.0076180628355009,505.256296061282,0.1064335999999999,0.0010005580637653,12.623602852910563,13.491895837162891,0.009084479135988,90.0,0.9,1.0,0.0,14:30:00,0
2026-08-04 19:20:08.840000+05:30,26.1,88.6,448,0,21.7,62.5,0,956.8,24.5,59.2,412,0,20.4,73.1,474,0,16.9,83.4,423,0,0,0,0,0,0.9,90.0,0,1,0,0,21.742084232021675,16.9,16.9,0.0,21.72234393892298,0.0076180628355009,501.63842902677055,0.1045883245131495,0.0010003452989931,12.683699701591207,13.521498312872543,0.0091208452055824,75.1,1.1,1.0,0.0,14:30:00,0
2026-08-04 19:20:08.840000+05:30,26.1,88.6,448,0,21.7,62.5,0,956.8,24.5,59.2,412,0,20.4,73.1,474,0,16.9,83.4,423,0,0,0,0,0,0.9,90.0,0,1,0,0,21.742084232021675,16.9,16.9,0.0,21.72234393892298,0.0076180628355009,501.63842902677055,0.1045883245131495,0.0010003452989931,12.683699701591207,13.521498312872543,0.0091208452055824,75.1,1.1,1.0,0.0,14:30:00,0
2026-08-04 19:20:13.856000+05:30,26.1,88.5,453,0,21.7,62.5,0,956.9,24.5,59.2,435,0,20.4,73.1,474,0,16.9,83.4,412,0,0,0,0,0,1.1,75.1,0,1,0,0,21.74134968366027,16.9,16.9,0.0,21.715702428070543,0.0076180628355009,501.06241198289695,0.1064336,0.001000226293369,12.653810283593224,13.505601821365032,0.0091027421038933,90.0,0.9,1.0,0.0,14:30:00,0
2026-08-04 19:20:13.856000+05:30,26.1,88.5,453,0,21.7,62.5,0,956.9,24.5,59.2,435,0,20.4,73.1,474,0,16.9,83.4,412,0,0,0,0,0,1.1,75.1,0,1,0,0,21.74134968366027,16.9,16.9,0.0,21.715702428070543,0.0076180628355009,501.06241198289695,0.1064336,0.001000226293369,12.653810283593224,13.505601821365032,0.0091027421038933,90.0,0.9,1.0,0.0,14:30:00,0
2026-08-04 19:20:18.857000+05:30,26.1,88.5,454,0,21.7,62.5,0,956.8,24.4,59.1,450,0,20.4,73.2,474,0,16.9,83.4,416,0,0,0,0,0,0.9,90.0,0,1,0,0,21.741417821077267,16.9,16.9,0.0,21.71703605415185,0.0076180628355009,501.1564667453566,0.1064335999999999,0.0010018745003203,12.634035800258246,13.464836140492386,0.0090907830244667,90.0,1.0,1.0,0.0,14:30:00,0
2026-08-04 19:20:18.857000+05:30,26.1,88.5,454,0,21.7,62.5,0,956.8,24.4,59.1,450,0,20.4,73.2,474,0,16.9,83.4,416,0,0,0,0,0,0.9,90.0,0,1,0,0,21.741417821077267,16.9,16.9,0.0,21.71703605415185,0.0076180628355009,501.1564667453566,0.1064335999999999,0.0010018745003203,12.634035800258246,13.464836140492386,0.0090907830244667,90.0,1.0,1.0,0.0,14:30:00,0
2026-08-04 19:20:23.856000+05:30,26.1,88.5,431,0,21.7,62.5,0,956.8,24.4,59.1,441,0,20.4,73.2,474,0,16.9,83.4,423,0,0,0,0,0,1.0,90.0,0,1,0,0,21.742398950578323,16.9,16.9,0.0,22.161533311930533,0.0076180628355009,492.3294876927596,0.1040065434860282,0.0010022200675196,12.710011961120834,13.503144748763043,0.0091368084467644,73.1,1.2,1.0,0.0,14:30:00,0
2026-08-04 19:20:23.856000+05:30,26.1,88.5,431,0,21.7,62.5,0,956.8,24.4,59.1,441,0,20.4,73.2,474,0,16.9,83.4,423,0,0,0,0,0,1.0,90.0,0,1,0,0,21.742398950578323,16.9,16.9,0.0,22.161533311930533,0.0076180628355009,492.3294876927596,0.1040065434860282,0.0010022200675196,12.710011961120834,13.503144748763043,0.0091368084467644,73.1,1.2,1.0,0.0,14:30:00,0
2026-08-04 19:20:28.905000+05:30,26.1,88.4,441,0,21.7,62.5,0,956.8,24.4,59.1,437,0,20.4,73.2,474,0,16.9,83.5,420,0,0,0,0,0,1.2,73.1,0,1,0,0,21.7414693648111,16.9,16.9,0.0,22.159484456836665,0.0076180628355009,482.5977206389354,0.1064336,0.0010031213151269,12.66856639365399,13.480677206261092,0.0091116753950592,90.0,1.0,1.0,0.0,14:30:00,0
2026-08-04 19:20:28.905000+05:30,26.1,88.4,441,0,21.7,62.5,0,956.8,24.4,59.1,437,0,20.4,73.2,474,0,16.9,83.5,420,0,0,0,0,0,1.2,73.1,0,1,0,0,21.7414693648111,16.9,16.9,0.0,22.159484456836665,0.0076180628355009,482.5977206389354,0.1064336,0.0010031213151269,12.66856639365399,13.480677206261092,0.0091116753950592,90.0,1.0,1.0,0.0,14:30:00,0
2026-08-04 19:20:33.904000+05:30,26.1,88.5,434,0,21.7,62.4,0,956.9,24.4,59.0,438,0,20.4,73.1,474,0,16.9,83.5,428,0,0,0,0,0,1.0,90.0,0,1,0,0,21.74149205395216,16.9,16.9,0.0,22.158596963039844,0.0076180628355009,481.2517595407661,0.1064336,0.0010036701530733,12.645529720358592,13.469040280318616,0.0090977325245216,90.0,1.0,1.0,0.0,14:30:00,0
2026-08-04 19:20:33.904000+05:30,26.1,88.5,434,0,21.7,62.4,0,956.9,24.4,59.0,438,0,20.4,73.1,474,0,16.9,83.5,428,0,0,0,0,0,1.0,90.0,0,1,0,0,21.74149205395216,16.9,16.9,0.0,22.158596963039844,0.0076180628355009,481.2517595407661,0.1064336,0.0010036701530733,12.645529720358592,13.469040280318616,0.0090977325245216,90.0,1.0,1.0,0.0,14:30:00,0
2026-08-04 19:20:38.911000+05:30,26.1,88.5,435,0,21.7,62.5,0,956.8,24.4,59.1,428,0,20.4,73.1,474,0,16.9,83.5,416,0,0,0,0,0,1.0,90.0,0,1,0,0,21.741484909510675,16.9,16.9,0.0,22.15759585300183,0.0076180628355009,482.4994564229464,0.1064335999999999,0.0010034973329308,12.632542242418214,13.461716955626738,0.0090898803331102,90.0,1.0,1.0,0.0,14:30:00,0
2026-08-04 19:20:38.911000+05:30,26.1,88.5,435,0,21.7,62.5,0,956.8,24.4,59.1,428,0,20.4,73.1,474,0,16.9,83.5,416,0,0,0,0,0,1.0,90.0,0,1,0,0,21.741484909510675,16.9,16.9,0.0,22.15759585300183,0.0076180628355009,482.4994564229464,0.1064335999999999,0.0010034973329308,12.632542242418214,13.461716955626738,0.0090898803331102,90.0,1.0,1.0,0.0,14:30:00,0
2026-08-04 19:20:43.912000+05:30,26.2,88.4,415,0,21.7,62.4,0,956.8,24.4,59.1,426,0,20.4,73.1,474,0,16.9,83.6,424,0,0,0,0,0,1.0,90.0,0,1,0,0,21.74237006656197,16.9,16.9,0.0,23.94874302450976,0.0076180628355009,432.2993087121368,0.1064336,0.0010021330480956,12.642817396974882,13.578267699212088,0.0090960921593582,90.0,1.0,1.0,0.0,14:30:00,0
2026-08-04 19:20:43.912000+05:30,26.2,88.4,415,0,21.7,62.4,0,956.8,24.4,59.1,426,0,20.4,73.1,474,0,16.9,83.6,424,0,0,0,0,0,1.0,90.0,0,1,0,0,21.74237006656197,16.9,16.9,0.0,23.94874302450976,0.0076180628355009,432.2993087121368,0.1064336,0.0010021330480956,12.642817396974882,13.578267699212088,0.0090960921593582,90.0,1.0,1.0,0.0,14:30:00,0
2026-08-04 19:20:48.911000+05:30,26.2,88.4,430,0,21.7,62.5,0,956.8,24.4,59.1,449,0,20.4,73.1,474,0,16.9,83.6,422,0,0,0,0,0,1.0,90.0,16,1,0,0,21.742658996338463,16.9,16.9,16.0,22.1622816209092,0.0076180628355009,431.9679839011352,0.1056247729706018,0.0010012992896453,12.661759513854872,13.574784026382318,0.0091075535603361,81.9,1.0,1.0,0.0,14:30:00,0
2026-08-04 19:20:48.911000+05:30,26.2,88.4,430,0,21.7,62.5,0,956.8,24.4,59.1,449,0,20.4,73.1,474,0,16.9,83.6,422,0,0,0,0,0,1.0,90.0,16,1,0,0,21.742658996338463,16.9,16.9,16.0,22.1622816209092,0.0076180628355009,431.9679839011352,0.1056247729706018,0.0010012992896453,12.661759513854872,13.574784026382318,0.0091075535603361,81.9,1.0,1.0,0.0,14:30:00,0
2026-08-04 19:20:53.912000+05:30,26.2,88.3,450,0,21.7,62.5,0,956.8,24.4,59.1,405,0,20.4,73.1,474,0,16.9,83.6,412,0,0,0,0,0,1.0,81.9,0,1,0,0,21.742313209926195,16.9,16.9,0.0,21.70231442738133,0.0076180628355009,431.3159403930164,0.1064335999999999,0.0010007882800001,12.641587584737778,13.53787651651082,0.0090953484780874,90.0,0.9,1.0,0.0,14:30:00,0
2026-08-04 19:20:53.912000+05:30,26.2,88.3,450,0,21.7,62.5,0,956.8,24.4,59.1,405,0,20.4,73.1,474,0,16.9,83.6,412,0,0,0,0,0,1.0,81.9,0,1,0,0,21.742313209926195,16.9,16.9,0.0,21.70231442738133,0.0076180628355009,431.3159403930164,0.1064335999999999,0.0010007882800001,12.641587584737778,13.53787651651082,0.0090953484780874,90.0,0.9,1.0,0.0,14:30:00,0
2026-08-04 19:20:58.911000+05:30,26.2,88.3,443,0,21.6,62.5,0,956.9,24.3,59.2,430,0,20.3,73.2,474,0,16.9,83.6,425,0,0,0,0,0,0.9,90.0,0,1,0,0,21.643278418046098,16.9,16.9,0.0,21.694733186490893,0.0076180628355009,431.3652547336412,0.1064335999999999,0.0010013647467284,12.61916992323265,13.474044303351864,0.0090818018185487,90.0,1.0,1.0,0.0,14:30:00,0
2026-08-04 19:20:58.911000+05:30,26.2,88.3,443,0,21.6,62.5,0,956.9,24.3,59.2,430,0,20.3,73.2,474,0,16.9,83.6,425,0,0,0,0,0,0.9,90.0,0,1,0,0,21.643278418046098,16.9,16.9,0.0,21.694733186490893,0.0076180628355009,431.3652547336412,0.1064335999999999,0.0010013647467284,12.61916992323265,13.474044303351864,0.0090818018185487,90.0,1.0,1.0,0.0,14:30:00,0
2026-08-04 19:21:03.913000+05:30,26.1,88.3,413,0,21.6,62.5,0,956.8,24.3,59.2,412,0,20.3,73.2,474,0,16.9,83.7,414,0,0,0,0,0,1.0,90.0,0,1,0,0,21.642317351767183,16.9,16.9,0.0,24.436070890822947,0.0076232356113498,430.935933737691,0.1064335999999999,0.001000886242455,12.63428618962108,13.60510712135358,0.0090909343651503,90.0,0.9,1.0,0.0,14:30:00,0
2026-08-04 19:21:03.913000+05:30,26.1,88.3,413,0,21.6,62.5,0,956.8,24.3,59.2,412,0,20.3,73.2,474,0,16.9,83.7,414,0,0,0,0,0,1.0,90.0,0,1,0,0,21.642317351767183,16.9,16.9,0.0,24.436070890822947,0.0076232356113498,430.935933737691,0.1064335999999999,0.001000886242455,12.63428618962108,13.60510712135358,0.0090909343651503,90.0,0.9,1.0,0.0,14:30:00,0
2026-08-04 19:21:08.912000+05:30,26.2,88.3,437,0,21.6,62.5,0,956.8,24.3,59.2,413,0,20.3,73.2,474,0,16.9,83.7,434,0,0,0,0,0,0.9,90.0,0,1,0,0,21.643243154774925,16.9,16.9,0.0,22.10273792019542,0.0076537893020906,430.5457850692085,0.1064336,0.0010005488343591,12.640554472802862,13.586200126524012,0.0090947237858396,90.0,0.9,1.0,0.0,14:30:00,0
2026-08-04 19:21:08.912000+05:30,26.2,88.3,437,0,21.6,62.5,0,956.8,24.3,59.2,413,0,20.3,73.2,474,0,16.9,83.7,434,0,0,0,0,0,0.9,90.0,0,1,0,0,21.643243154774925,16.9,16.9,0.0,22.10273792019542,0.0076537893020906,430.5457850692085,0.1064336,0.0010005488343591,12.640554472802862,13.586200126524012,0.0090947237858396,90.0,0.9,1.0,0.0,14:30:00,0
2026-08-04 19:21:13.912000+05:30,26.2,88.3,408,0,21.6,62.5,0,956.9,24.3,59.2,437,0,-14.8,73.3,474,0,16.9,83.7,413,0,0,0,0,0,0.9,90.0,0,1,0,0,21.64356164881196,16.9,16.9,0.0,23.65855966350231,0.0077736474247731,429.014421690794,0.1056339952281667,0.0010003458701594,12.744652052033242,13.714258477649754,0.0091578622586474,82.0,1.0,1.0,0.0,14:30:00,0
2026-08-04 19:21:13.912000+05:30,26.2,88.3,408,0,21.6,62.5,0,956.9,24.3,59.2,437,0,-14.8,73.3,474,0,16.9,83.7,413,0,0,0,0,0,0.9,90.0,0,1,0,0,21.64356164881196,16.9,16.9,0.0,23.65855966350231,0.0077736474247731,429.014421690794,0.1056339952281667,0.0010003458701594,12.744652052033242,13.714258477649754,0.0091578622586474,82.0,1.0,1.0,0.0,14:30:00,0
2026-08-04 19:21:18.913000+05:30,26.1,88.3,447,0,21.6,62.5,0,956.8,24.3,59.2,424,0,20.3,73.3,474,0,16.9,83.7,413,0,0,0,0,0,1.0,82.0,0,1,0,0,21.64228940224771,16.9,16.9,0.0,21.638156897800283,0.0077531552195406,429.89016848232376,0.1064336,0.0010002251829047,12.749993968466066,13.671494363347708,0.0091611128774587,90.0,0.9,1.0,0.0,14:30:00,0
2026-08-04 19:21:18.913000+05:30,26.1,88.3,447,0,21.6,62.5,0,956.8,24.3,59.2,424,0,20.3,73.3,474,0,16.9,83.7,413,0,0,0,0,0,1.0,82.0,0,1,0,0,21.64228940224771,16.9,16.9,0.0,21.638156897800283,0.0077531552195406,429.89016848232376,0.1064336,0.0010002251829047,12.749993968466066,13.671494363347708,0.0091611128774587,90.0,0.9,1.0,0.0,14:30:00,0
2026-08-04 19:21:23.914000+05:30,26.1,88.3,457,0,21.6,62.5,0,956.8,24.3,59.3,429,0,20.3,73.3,474,0,16.9,83.7,440,0,0,0,0,0,0.9,90.0,0,1,0,0,21.64228631776117,16.9,16.9,0.0,23.340541515870168,0.0078379354461456,429.04462513940615,0.1064335999999999,0.0010001522289033,12.810146569983464,13.766027741542954,0.009197787937887,90.0,0.9,1.0,0.0,14:30:00,0
2026-08-04 19:21:23.914000+05:30,26.1,88.3,457,0,21.6,62.5,0,956.8,24.3,59.3,429,0,20.3,73.3,474,0,16.9,83.7,440,0,0,0,0,0,0.9,90.0,0,1,0,0,21.64228631776117,16.9,16.9,0.0,23.340541515870168,0.0078379354461456,429.04462513940615,0.1064335999999999,0.0010001522289033,12.810146569983464,13.766027741542954,0.009197787937887,90.0,0.9,1.0,0.0,14:30:00,0
2026-08-04 19:21:28.914000+05:30,26.1,88.4,437,0,21.6,62.5,0,956.8,24.3,59.3,426,0,20.3,73.3,474,0,16.9,83.7,421,0,0,0,0,0,0.9,90.0,0,1,0,0,21.673216453953565,16.9,16.9,0.0,22.08053068318628,0.0076180628355009,429.1165694109573,0.0619934217837701,0.0010086530025455,14.310146569983464,15.266027741542954,0.0101560149873629,50.9,11.3,1.0,0.0,14:30:00,0
2026-08-04 19:21:28.914000+05:30,26.1,88.4,437,0,21.6,62.5,0,956.8,24.3,59.3,426,0,20.3,73.3,474,0,16.9,83.7,421,0,0,0,0,0,0.9,90.0,0,1,0,0,21.673216453953565,16.9,16.9,0.0,22.08053068318628,0.0076180628355009,429.1165694109573,0.0619934217837701,0.0010086530025455,14.310146569983464,15.266027741542954,0.0101560149873629,50.9,11.3,1.0,0.0,14:30:00,0
2026-08-04 19:21:33.914000+05:30,26.1,88.5,416,0,21.6,62.5,0,956.8,24.3,59.3,426,0,20.3,73.3,474,0,16.9,83.7,440,0,0,0,0,0,11.3,50.9,0,1,0,0,21.699245110180097,16.9,16.9,0.0,21.631371904787617,0.0076180628355009,428.644026060386,0.0455796951329175,0.0010052359700981,15.810146569983464,16.766027741542956,0.011202937956091,46.9,17.3,1.0,0.0,14:30:00,0
2026-08-04 19:21:33.914000+05:30,26.1,88.5,416,0,21.6,62.5,0,956.8,24.3,59.3,426,0,20.3,73.3,474,0,16.9,83.7,440,0,0,0,0,0,11.3,50.9,0,1,0,0,21.699245110180097,16.9,16.9,0.0,21.631371904787617,0.0076180628355009,428.644026060386,0.0455796951329175,0.0010052359700981,15.810146569983464,16.766027741542956,0.011202937956091,46.9,17.3,1.0,0.0,14:30:00,0
2026-08-04 19:21:38.915000+05:30,26.0,88.5,442,0,21.6,62.5,0,956.8,24.3,59.3,420,0,20.3,73.2,474,0,16.9,83.6,413,0,0,0,0,0,17.3,46.9,0,1,0,0,21.641785607954773,16.9,16.9,0.0,21.630208464903674,0.0077963495536279,428.1934635315436,0.105632546613484,0.0010031636772852,14.607203716497592,15.504325743505929,0.0103560775555745,82.0,1.0,1.0,0.0,14:30:00,0
2026-08-04 19:21:38.915000+05:30,26.0,88.5,442,0,21.6,62.5,0,956.8,24.3,59.3,420,0,20.3,73.2,474,0,16.9,83.6,413,0,0,0,0,0,17.3,46.9,0,1,0,0,21.641785607954773,16.9,16.9,0.0,21.630208464903674,0.0077963495536279,428.1934635315436,0.105632546613484,0.0010031636772852,14.607203716497592,15.504325743505929,0.0103560775555745,82.0,1.0,1.0,0.0,14:30:00,0
2026-08-04 19:21:43.914000+05:30,26.0,88.6,448,0,21.6,62.6,0,956.7,24.3,59.3,425,0,20.4,73.2,474,0,16.9,83.3,418,0,0,0,0,0,1.0,82.0,0,1,0,0,21.641419603761,16.9,16.9,0.0,21.628491754386683,0.0077391529406535,426.9056837581005,0.1064336,0.0010019176224673,13.820897214040874,14.701793865788868,0.009834067769751,90.0,1.0,1.0,0.0,14:30:00,0
2026-08-04 19:21:43.914000+05:30,26.0,88.6,448,0,21.6,62.6,0,956.7,24.3,59.3,425,0,20.4,73.2,474,0,16.9,83.3,418,0,0,0,0,0,1.0,82.0,0,1,0,0,21.641419603761,16.9,16.9,0.0,21.628491754386683,0.0077391529406535,426.9056837581005,0.1064336,0.0010019176224673,13.820897214040874,14.701793865788868,0.009834067769751,90.0,1.0,1.0,0.0,14:30:00,0
2026-08-04 19:21:48.915000+05:30,26.1,88.7,415,0,21.6,62.6,0,956.7,24.3,59.3,441,0,20.4,73.2,474,0,16.9,83.3,400,0,0,0,0,0,1.0,90.0,0,1,0,0,21.64232936998249,16.9,16.9,0.0,24.21128027195525,0.0077238117766342,426.12173409244144,0.1064336,0.0010011704962153,13.365635332544633,14.340674260772232,0.009542744982115,90.0,0.9,1.0,0.0,14:30:00,0
2026-08-04 19:21:48.915000+05:30,26.1,88.7,415,0,21.6,62.6,0,956.7,24.3,59.3,441,0,20.4,73.2,474,0,16.9,83.3,400,0,0,0,0,0,1.0,90.0,0,1,0,0,21.64232936998249,16.9,16.9,0.0,24.21128027195525,0.0077238117766342,426.12173409244144,0.1064336,0.0010011704962153,13.365635332544633,14.340674260772232,0.009542744982115,90.0,0.9,1.0,0.0,14:30:00,0
2026-08-04 19:21:53.915000+05:30,26.0,88.7,423,0,21.6,62.5,0,956.7,24.3,59.3,440,0,20.3,73.0,474,0,16.9,82.8,424,0,0,0,0,0,0.9,90.0,0,1,0,0,21.64137031006345,16.9,16.9,0.0,22.07104886087136,0.007699760712918,428.70975188507856,0.1064335999999999,0.0010007252348112,13.075824837708623,14.022674792629823,0.0093613523555142,90.0,0.9,1.0,0.0,14:30:00,0
2026-08-04 19:21:53.915000+05:30,26.0,88.7,423,0,21.6,62.5,0,956.7,24.3,59.3,440,0,20.3,73.0,474,0,16.9,82.8,424,0,0,0,0,0,0.9,90.0,0,1,0,0,21.64137031006345,16.9,16.9,0.0,22.07104886087136,0.007699760712918,428.70975188507856,0.1064335999999999,0.0010007252348112,13.075824837708623,14.022674792629823,0.0093613523555142,90.0,0.9,1.0,0.0,14:30:00,0
2026-08-04 19:21:58.917000+05:30,26.0,88.7,423,0,21.6,62.5,0,956.7,24.3,59.3,440,0,20.3,73.0,474,0,16.9,82.8,424,0,0,0,0,0,0.9,90.0,0,1,0,0,21.64142652047178,16.8,16.8,0.0,21.63673195448532,0.0076180628355009,430.49411161750254,0.1064336,0.0010020849339283,12.862648358664336,13.747813908985696,0.0092299058579612,90.0,1.0,1.0,0.0,14:30:00,0
2026-08-04 19:21:58.917000+05:30,26.0,88.7,423,0,21.6,62.5,0,956.7,24.3,59.3,440,0,20.3,73.0,474,0,16.9,82.8,424,0,0,0,0,0,0.9,90.0,0,1,0,0,21.64142652047178,16.8,16.8,0.0,21.63673195448532,0.0076180628355009,430.49411161750254,0.1064336,0.0010020849339283,12.862648358664336,13.747813908985696,0.0092299058579612,90.0,1.0,1.0,0.0,14:30:00,0
2026-08-04 19:22:03.916000+05:30,26.0,88.6,452,0,21.6,62.6,0,956.7,24.3,59.3,453,0,20.3,73.1,474,0,16.8,82.8,423,0,0,0,0,0,0.9,90.0,0,1,0,0,21.543352416691043,16.8,16.8,0.0,22.08569983404039,0.007896484153293,433.99803997575134,0.1064335999999999,0.0010030769080712,12.88254673773996,13.731347396598448,0.0092421049343117,90.0,1.0,1.0,0.0,14:30:00,0
2026-08-04 19:22:03.916000+05:30,26.0,88.6,452,0,21.6,62.6,0,956.7,24.3,59.3,453,0,20.3,73.1,474,0,16.8,82.8,423,0,0,0,0,0,0.9,90.0,0,1,0,0,21.543352416691043,16.8,16.8,0.0,22.08569983404039,0.007896484153293,433.99803997575134,0.1064335999999999,0.0010030769080712,12.88254673773996,13.731347396598448,0.0092421049343117,90.0,1.0,1.0,0.0,14:30:00,0
2026-08-04 19:22:08.917000+05:30,26.1,88.6,427,0,21.5,62.5,0,956.7,24.2,59.3,424,0,20.3,73.1,474,0,16.8,82.9,422,0,0,0,0,0,1.0,90.0,0,1,0,0,21.5433653844166,16.8,16.8,0.0,22.07040647284914,0.0079745063947148,432.7228893718784,0.1064336,0.0010033769519222,12.933730331527483,13.754397047154267,0.009273550468623,90.0,1.0,1.0,0.0,14:30:00,0
2026-08-04 19:22:08.917000+05:30,26.1,88.6,427,0,21.5,62.5,0,956.7,24.2,59.3,424,0,20.3,73.1,474,0,16.8,82.9,422,0,0,0,0,0,1.0,90.0,0,1,0,0,21.5433653844166,16.8,16.8,0.0,22.07040647284914,0.0079745063947148,432.7228893718784,0.1064336,0.0010033769519222,12.933730331527483,13.754397047154267,0.009273550468623,90.0,1.0,1.0,0.0,14:30:00,0
2026-08-04 19:22:13.958000+05:30,26.1,88.6,423,0,21.5,62.6,0,956.8,24.2,59.2,429,0,22.7,73.1,474,0,16.8,83.1,433,0,0,0,0,0,1.0,90.0,0,1,0,0,21.54330831696952,16.8,16.8,0.0,22.787016289753254,0.0081045272255094,432.2700035605932,0.1064336,0.0010020565402189,13.038560399547553,13.899126834106465,0.0093382543781321,90.0,1.0,1.0,0.0,14:30:00,0
2026-08-04 19:22:13.958000+05:30,26.1,88.6,423,0,21.5,62.6,0,956.8,24.2,59.2,429,0,22.7,73.1,474,0,16.8,83.1,433,0,0,0,0,0,1.0,90.0,0,1,0,0,21.54330831696952,16.8,16.8,0.0,22.787016289753254,0.0081045272255094,432.2700035605932,0.1064336,0.0010020565402189,13.038560399547553,13.899126834106465,0.0093382543781321,90.0,1.0,1.0,0.0,14:30:00,0
2026-08-04 19:22:18.958000+05:30,26.1,88.6,415,0,21.5,62.6,0,956.8,24.2,59.2,432,0,22.7,73.1,474,0,16.8,83.1,428,0,0,0,0,0,1.0,90.0,0,1,0,0,21.54327468078153,16.8,16.8,0.0,22.047626268910395,0.0081585956209606,432.45283188662034,0.1064335999999999,0.0010012782748758,13.119132723047478,13.971853226149571,0.0093882606817639,90.0,1.0,1.0,0.0,14:30:00,0
2026-08-04 19:22:18.958000+05:30,26.1,88.6,415,0,21.5,62.6,0,956.8,24.2,59.2,432,0,22.7,73.1,474,0,16.8,83.1,428,0,0,0,0,0,1.0,90.0,0,1,0,0,21.54327468078153,16.8,16.8,0.0,22.047626268910395,0.0081585956209606,432.45283188662034,0.1064335999999999,0.0010012782748758,13.119132723047478,13.971853226149571,0.0093882606817639,90.0,1.0,1.0,0.0,14:30:00,0
2026-08-04 19:22:24.022000+05:30,26.1,88.6,435,0,21.5,62.6,0,956.7,24.2,59.3,436,0,20.3,73.1,474,0,16.8,83.3,421,0,0,0,0,0,1.0,90.0,0,1,0,0,21.543255832929567,16.8,16.8,0.0,22.038568080355752,0.0081695315612053,432.2584757247538,0.1064336,0.0010008421781939,13.169592336547058,14.0170957711792,0.0094197000647578,90.0,0.9,1.0,0.0,14:30:00,0
2026-08-04 19:22:24.022000+05:30,26.1,88.6,435,0,21.5,62.6,0,956.7,24.2,59.3,436,0,20.3,73.1,474,0,16.8,83.3,421,0,0,0,0,0,1.0,90.0,0,1,0,0,21.543255832929567,16.8,16.8,0.0,22.038568080355752,0.0081695315612053,432.2584757247538,0.1064336,0.0010008421781939,13.169592336547058,14.0170957711792,0.0094197000647578,90.0,0.9,1.0,0.0,14:30:00,0
2026-08-04 19:22:29.028000+05:30,26.1,88.6,435,0,21.5,62.6,0,956.7,24.2,59.3,436,0,20.3,73.1,474,0,16.8,83.3,421,0,0,0,0,0,1.0,90.0,0,1,0,0,21.543244461602864,16.8,16.8,0.0,22.031413973677225,0.0081094137584675,432.9070057273232,0.1064336,0.0010005790714031,13.166894552710094,14.014364088548067,0.00941801679596,90.0,0.9,1.0,0.0,14:30:00,0
2026-08-04 19:22:29.028000+05:30,26.1,88.6,435,0,21.5,62.6,0,956.7,24.2,59.3,436,0,20.3,73.1,474,0,16.8,83.3,421,0,0,0,0,0,1.0,90.0,0,1,0,0,21.543244461602864,16.8,16.8,0.0,22.031413973677225,0.0081094137584675,432.9070057273232,0.1064336,0.0010005790714031,13.166894552710094,14.014364088548067,0.00941801679596,90.0,0.9,1.0,0.0,14:30:00,0
2026-08-04 19:22:34.038000+05:30,26.0,88.6,428,0,21.5,62.5,0,956.8,24.2,59.3,400,0,20.3,73.1,474,0,16.8,83.4,421,0,0,0,0,0,0.9,90.0,0,1,0,0,21.54229531438344,16.8,16.8,0.0,22.015713816914108,0.0080085274781818,434.2668839527999,0.1064336,0.0010003650162136,13.113397758707189,13.965194869671247,0.0093846934169095,90.0,0.9,1.0,0.0,14:30:00,0
2026-08-04 19:22:34.038000+05:30,26.0,88.6,428,0,21.5,62.5,0,956.8,24.2,59.3,400,0,20.3,73.1,474,0,16.8,83.4,421,0,0,0,0,0,0.9,90.0,0,1,0,0,21.54229531438344,16.8,16.8,0.0,22.015713816914108,0.0080085274781818,434.2668839527999,0.1064336,0.0010003650162136,13.113397758707189,13.965194869671247,0.0093846934169095,90.0,0.9,1.0,0.0,14:30:00,0
2026-08-04 19:22:39.039000+05:30,26.1,88.5,424,0,21.5,62.5,0,956.8,24.2,59.3,427,0,20.3,73.1,474,0,16.8,83.4,418,0,0,0,0,0,0.9,90.0,0,1,0,0,21.543309168251923,16.8,16.8,0.0,22.0172407073553,0.0080768016529966,430.15962293398593,0.1062439891573243,0.00100029104395,13.124136403461923,13.971907218259888,0.0093913740666459,90.0,0.9,1.0,0.0,14:30:00,0
2026-08-04 19:22:39.039000+05:30,26.1,88.5,424,0,21.5,62.5,0,956.8,24.2,59.3,427,0,20.3,73.1,474,0,16.8,83.4,418,0,0,0,0,0,0.9,90.0,0,1,0,0,21.543309168251923,16.8,16.8,0.0,22.0172407073553,0.0080768016529966,430.15962293398593,0.1062439891573243,0.00100029104395,13.124136403461923,13.971907218259888,0.0093913740666459,90.0,0.9,1.0,0.0,14:30:00,0
2026-08-04 19:22:44.040000+05:30,26.1,88.5,400,0,21.5,62.5,0,956.8,24.2,59.3,426,0,20.3,73.1,65535,0,16.8,83.5,429,0,0,0,0,0,0.9,90.0,0,1,0,0,21.54322783248276,16.8,16.8,0.0,21.72475736692144,0.0080818628440647,429.85062973072985,0.1064336,0.00100019431116,13.124972725386368,13.96129489268407,0.0093918945323429,90.0,0.9,1.0,0.0,14:30:00,0
2026-08-04 19:22:44.040000+05:30,26.1,88.5,400,0,21.5,62.5,0,956.8,24.2,59.3,426,0,20.3,73.1,65535,0,16.8,83.5,429,0,0,0,0,0,0.9,90.0,0,1,0,0,21.54322783248276,16.8,16.8,0.0,21.72475736692144,0.0080818628440647,429.85062973072985,0.1064336,0.00100019431116,13.124972725386368,13.96129489268407,0.0093918945323429,90.0,0.9,1.0,0.0,14:30:00,0
2026-08-04 19:22:49.040000+05:30,26.1,88.5,432,0,21.5,62.5,0,956.8,24.2,59.3,421,0,20.3,73.2,474,0,16.8,83.5,441,0,0,0,0,0,0.9,90.0,0,1,0,0,21.54322619888651,16.8,16.8,0.0,22.008140751752496,0.0080606877168164,429.4345338155108,0.1064335999999999,0.0010001565134363,13.116700139334586,13.958831013364716,0.0093867474165306,90.0,0.9,1.0,0.0,14:30:00,0
2026-08-04 19:22:49.040000+05:30,26.1,88.5,432,0,21.5,62.5,0,956.8,24.2,59.3,421,0,20.3,73.2,474,0,16.8,83.5,441,0,0,0,0,0,0.9,90.0,0,1,0,0,21.54322619888651,16.8,16.8,0.0,22.008140751752496,0.0080606877168164,429.4345338155108,0.1064335999999999,0.0010001565134363,13.116700139334586,13.958831013364716,0.0093867474165306,90.0,0.9,1.0,0.0,14:30:00,0
2026-08-04 19:22:54.041000+05:30,26.1,88.5,450,0,21.5,62.5,0,956.9,24.2,59.3,422,0,20.3,73.2,474,0,16.8,83.6,429,0,0,0,0,0,0.9,90.0,5,1,0,0,21.57356790578764,16.8,16.8,5.0,21.592867956290945,0.0076180628355009,428.5496206942285,0.0628144408457252,0.0010045927970089,14.616700139334586,15.458831013364716,0.0103625311904152,51.1,11.0,1.0,0.0,14:30:00,0
2026-08-04 19:22:54.041000+05:30,26.1,88.5,450,0,21.5,62.5,0,956.9,24.2,59.3,422,0,20.3,73.2,474,0,16.8,83.6,429,0,0,0,0,0,0.9,90.0,5,1,0,0,21.57356790578764,16.8,16.8,5.0,21.592867956290945,0.0076180628355009,428.5496206942285,0.0628144408457252,0.0010045927970089,14.616700139334586,15.458831013364716,0.0103625311904152,51.1,11.0,1.0,0.0,14:30:00,0
2026-08-04 19:22:59.040000+05:30,26.1,88.5,427,0,21.5,62.6,0,956.8,24.2,59.3,441,0,20.2,73.1,65389,0,16.8,83.6,440,0,0,0,0,0,11.0,51.1,0,1,0,0,21.54333988315516,16.8,16.8,0.0,21.55452358226057,0.0076180628355009,428.5025447637195,0.1064336,0.0010027869103875,13.76114400771176,14.613240819291564,0.0097953820854087,90.0,1.0,1.0,0.0,14:30:00,0
2026-08-04 19:22:59.040000+05:30,26.1,88.5,427,0,21.5,62.6,0,956.8,24.2,59.3,441,0,20.2,73.1,65389,0,16.8,83.6,440,0,0,0,0,0,11.0,51.1,0,1,0,0,21.54333988315516,16.8,16.8,0.0,21.55452358226057,0.0076180628355009,428.5025447637195,0.1064336,0.0010027869103875,13.76114400771176,14.613240819291564,0.0097953820854087,90.0,1.0,1.0,0.0,14:30:00,0
2026-08-04 19:23:04.053000+05:30,26.1,88.5,427,0,21.5,62.6,0,956.8,24.2,59.3,441,0,20.2,73.1,65389,0,16.8,83.6,440,0,0,0,0,0,11.0,51.1,0,1,0,0,21.454353128078,16.8,16.8,0.0,21.736584628090185,0.0076180628355009,428.5931825736829,0.0867655362680087,0.0010033996394747,14.08531100923486,14.6922368698053,0.0100069069845988,58.2,4.6,1.0,0.0,14:30:00,0
2026-08-04 19:23:04.053000+05:30,26.1,88.5,427,0,21.5,62.6,0,956.8,24.2,59.3,441,0,20.2,73.1,65389,0,16.8,83.6,440,0,0,0,0,0,11.0,51.1,0,1,0,0,21.454353128078,16.8,16.8,0.0,21.736584628090185,0.0076180628355009,428.5931825736829,0.0867655362680087,0.0010033996394747,14.08531100923486,14.6922368698053,0.0100069069845988,58.2,4.6,1.0,0.0,14:30:00,0
2026-08-04 19:23:09.051000+05:30,26.1,88.5,424,0,21.4,62.6,0,956.7,24.2,59.3,435,0,20.2,73.2,474,0,16.8,83.6,409,0,0,0,0,0,1.0,90.0,0,1,0,0,21.57729934994572,16.8,16.8,0.0,21.783304575898708,0.0076180628355009,448.9019906265618,0.0265655362680087,0.0010021387896334,15.58531100923486,16.1922368698053,0.0110400814111154,41.7,27.7,1.0,0.0,14:30:00,0
2026-08-04 19:23:09.051000+05:30,26.1,88.5,424,0,21.4,62.6,0,956.7,24.2,59.3,435,0,20.2,73.2,474,0,16.8,83.6,409,0,0,0,0,0,1.0,90.0,0,1,0,0,21.57729934994572,16.8,16.8,0.0,21.783304575898708,0.0076180628355009,448.9019906265618,0.0265655362680087,0.0010021387896334,15.58531100923486,16.1922368698053,0.0110400814111154,41.7,27.7,1.0,0.0,14:30:00,0
2026-08-04 19:23:14.042000+05:30,26.1,88.4,430,0,21.4,62.6,0,956.7,24.2,59.3,439,0,20.2,73.2,474,0,16.8,83.6,414,0,0,0,0,0,4.6,58.2,0,1,0,0,21.463609111264827,16.8,16.8,0.0,21.33473807272699,0.0076180628355009,429.0036941133688,0.0741579589327035,0.0010036429491325,15.860426543468613,16.252198778030856,0.0112396517016753,54.1,7.7,1.0,0.0,14:30:00,0
2026-08-04 19:23:14.042000+05:30,26.1,88.4,430,0,21.4,62.6,0,956.7,24.2,59.3,439,0,20.2,73.2,474,0,16.8,83.6,414,0,0,0,0,0,4.6,58.2,0,1,0,0,21.463609111264827,16.8,16.8,0.0,21.33473807272699,0.0076180628355009,429.0036941133688,0.0741579589327035,0.0010036429491325,15.860426543468613,16.252198778030856,0.0112396517016753,54.1,7.7,1.0,0.0,14:30:00,0
2026-08-04 19:23:19.043000+05:30,26.1,88.4,446,0,21.4,62.6,0,956.8,24.2,59.2,431,0,20.2,73.2,474,0,16.8,83.4,418,0,0,0,0,0,27.7,41.7,0,1,0,0,21.444259263442994,16.8,16.8,0.0,21.83215473055792,0.0077529711306212,429.1551708208677,0.1064336,0.0010022707960821,14.589668415314144,15.173064432325338,0.0103441702977622,90.0,1.0,1.0,0.0,14:30:00,0
2026-08-04 19:23:19.043000+05:30,26.1,88.4,446,0,21.4,62.6,0,956.8,24.2,59.2,431,0,20.2,73.2,474,0,16.8,83.4,418,0,0,0,0,0,27.7,41.7,0,1,0,0,21.444259263442994,16.8,16.8,0.0,21.83215473055792,0.0077529711306212,429.1551708208677,0.1064336,0.0010022707960821,14.589668415314144,15.173064432325338,0.0103441702977622,90.0,1.0,1.0,0.0,14:30:00,0
2026-08-04 19:23:24.051000+05:30,26.1,88.5,429,0,21.4,62.6,0,956.7,24.2,59.3,430,0,20.2,73.2,474,0,16.8,83.2,418,0,0,0,0,0,7.7,54.1,0,1,0,0,21.44328057520464,16.8,16.8,0.0,25.20251198473148,0.0084897071246301,434.0790580391276,0.1064336,0.0010014146585,14.185905041558671,14.983883210446349,0.0100733749311867,90.0,1.0,1.0,0.0,14:30:00,0
2026-08-04 19:23:24.051000+05:30,26.1,88.5,429,0,21.4,62.6,0,956.7,24.2,59.3,430,0,20.2,73.2,474,0,16.8,83.2,418,0,0,0,0,0,7.7,54.1,0,1,0,0,21.44328057520464,16.8,16.8,0.0,25.20251198473148,0.0084897071246301,434.0790580391276,0.1064336,0.0010014146585,14.185905041558671,14.983883210446349,0.0100733749311867,90.0,1.0,1.0,0.0,14:30:00,0
2026-08-04 19:23:29.052000+05:30,26.0,88.5,418,0,21.4,62.6,0,956.8,24.2,59.2,433,0,20.3,73.0,474,0,16.8,82.7,400,0,0,0,0,0,1.0,90.0,0,1,0,0,21.44419904373072,16.7,16.7,0.0,21.862786298159133,0.0079334795213557,429.5541320615149,0.1064335999999999,0.001000907093791,13.654283134448937,14.4771060773974,0.0097265381361384,90.0,0.9,1.0,0.0,14:30:00,0
2026-08-04 19:23:29.052000+05:30,26.0,88.5,418,0,21.4,62.6,0,956.8,24.2,59.2,433,0,20.3,73.0,474,0,16.8,82.7,400,0,0,0,0,0,1.0,90.0,0,1,0,0,21.44419904373072,16.7,16.7,0.0,21.862786298159133,0.0079334795213557,429.5541320615149,0.1064335999999999,0.001000907093791,13.654283134448937,14.4771060773974,0.0097265381361384,90.0,0.9,1.0,0.0,14:30:00,0
2026-08-04 19:23:34.053000+05:30,26.1,88.4,423,0,21.4,62.6,0,956.8,24.2,59.2,416,0,20.2,72.9,474,0,16.7,82.3,417,0,0,0,0,0,1.0,90.0,0,1,0,0,21.443243967421164,16.7,16.7,0.0,21.862678527536843,0.0078302112770162,429.3991764969936,0.1064335999999999,0.0010005676371559,13.292468218848716,14.13478466013754,0.0094966545543261,90.0,0.9,1.0,0.0,14:30:00,0
2026-08-04 19:23:34.053000+05:30,26.1,88.4,423,0,21.4,62.6,0,956.8,24.2,59.2,416,0,20.2,72.9,474,0,16.7,82.3,417,0,0,0,0,0,1.0,90.0,0,1,0,0,21.443243967421164,16.7,16.7,0.0,21.862678527536843,0.0078302112770162,429.3991764969936,0.1064335999999999,0.0010005676371559,13.292468218848716,14.13478466013754,0.0094966545543261,90.0,0.9,1.0,0.0,14:30:00,0
2026-08-04 19:23:39.053000+05:30,26.0,88.4,420,0,21.4,62.7,0,956.8,24.2,59.2,400,0,20.2,72.9,474,0,16.7,82.3,429,0,0,0,0,0,0.9,90.0,0,1,0,0,21.44323522132734,16.7,16.7,0.0,21.86671991494892,0.007740881957939,428.75375276125817,0.1064336,0.0010003652723186,13.039363275207482,13.89760578910552,0.0093387514929752,90.0,0.9,1.0,0.0,14:30:00,0
2026-08-04 19:23:39.053000+05:30,26.0,88.4,420,0,21.4,62.7,0,956.8,24.2,59.2,400,0,20.2,72.9,474,0,16.7,82.3,429,0,0,0,0,0,0.9,90.0,0,1,0,0,21.44323522132734,16.7,16.7,0.0,21.86671991494892,0.007740881957939,428.75375276125817,0.1064336,0.0010003652723186,13.039363275207482,13.89760578910552,0.0093387514929752,90.0,0.9,1.0,0.0,14:30:00,0
2026-08-04 19:23:44.066000+05:30,26.0,88.4,421,0,21.4,62.7,0,956.8,24.2,59.3,404,0,20.2,72.9,474,0,16.7,82.3,408,0,0,0,0,0,0.9,90.0,0,1,0,0,21.44330506448856,16.7,16.7,0.0,21.869122230497947,0.0079140244995358,428.11848492979,0.1064336,0.001001981285163,12.981391034775845,13.805498206723534,0.0093029179014093,90.0,1.0,1.0,0.0,14:30:00,0
2026-08-04 19:23:44.066000+05:30,26.0,88.4,421,0,21.4,62.7,0,956.8,24.2,59.3,404,0,20.2,72.9,474,0,16.7,82.3,408,0,0,0,0,0,0.9,90.0,0,1,0,0,21.44330506448856,16.7,16.7,0.0,21.869122230497947,0.0079140244995358,428.11848492979,0.1064336,0.001001981285163,12.981391034775845,13.805498206723534,0.0093029179014093,90.0,1.0,1.0,0.0,14:30:00,0
2026-08-04 19:23:49.235000+05:30,26.0,88.4,437,0,21.4,62.6,0,956.7,24.1,59.2,441,0,20.2,72.9,474,0,16.7,82.5,434,0,0,0,0,0,0.9,90.0,0,1,0,0,21.4442127446884,16.7,16.7,0.0,21.42307471442725,0.0080028778433571,428.669277704466,0.1064336,0.0010012173580992,12.994980780013195,13.809748735445185,0.0093113068603953,90.0,1.0,1.0,0.0,14:30:00,0
2026-08-04 19:23:49.235000+05:30,26.0,88.4,437,0,21.4,62.6,0,956.7,24.1,59.2,441,0,20.2,72.9,474,0,16.7,82.5,434,0,0,0,0,0,0.9,90.0,0,1,0,0,21.4442127446884,16.7,16.7,0.0,21.42307471442725,0.0080028778433571,428.669277704466,0.1064336,0.0010012173580992,12.994980780013195,13.809748735445185,0.0093113068603953,90.0,1.0,1.0,0.0,14:30:00,0
2026-08-04 19:23:54.098000+05:30,26.1,88.3,444,0,21.4,62.5,0,956.8,24.1,59.2,428,0,20.2,72.9,474,0,16.7,82.7,420,0,0,0,0,0,1.0,90.0,0,1,0,0,21.44419226985262,16.7,16.7,0.0,21.429365025172835,0.0080214816961047,428.7223345704482,0.1064335999999999,0.0010007536962949,13.012209450158586,13.820588504971749,0.0093219518839676,90.0,0.9,1.0,0.0,14:30:00,0
2026-08-04 19:23:54.098000+05:30,26.1,88.3,444,0,21.4,62.5,0,956.8,24.1,59.2,428,0,20.2,72.9,474,0,16.7,82.7,420,0,0,0,0,0,1.0,90.0,0,1,0,0,21.44419226985262,16.7,16.7,0.0,21.429365025172835,0.0080214816961047,428.7223345704482,0.1064335999999999,0.0010007536962949,13.012209450158586,13.820588504971749,0.0093219518839676,90.0,0.9,1.0,0.0,14:30:00,0
2026-08-04 19:23:59.098000+05:30,26.1,88.4,452,0,21.4,62.6,0,956.8,24.1,59.2,431,0,20.1,72.9,474,0,16.7,82.8,403,0,0,0,0,0,1.0,90.0,0,1,0,0,21.44417997203769,16.7,16.7,0.0,21.857417422858056,0.0081850731176837,428.8531244040951,0.1064335999999999,0.0010004752067811,13.109389096987757,13.92220376145712,0.0093822006695494,90.0,0.9,1.0,0.0,14:30:00,0
2026-08-04 19:23:59.098000+05:30,26.1,88.4,452,0,21.4,62.6,0,956.8,24.1,59.2,431,0,20.1,72.9,474,0,16.7,82.8,403,0,0,0,0,0,1.0,90.0,0,1,0,0,21.44417997203769,16.7,16.7,0.0,21.857417422858056,0.0081850731176837,428.8531244040951,0.1064335999999999,0.0010004752067811,13.109389096987757,13.92220376145712,0.0093822006695494,90.0,0.9,1.0,0.0,14:30:00,0
2026-08-04 19:24:04.098000+05:30,26.1,88.3,472,0,21.4,62.6,0,956.8,24.1,59.2,448,0,20.2,72.9,65461,0,16.7,82.9,433,0,0,0,0,0,0.9,90.0,0,1,0,0,21.444172275210285,16.7,16.7,32.0,21.447296736895726,0.0082424307268838,429.7380684554929,0.1064335999999999,0.0010003009086854,13.189957363962195,13.986417127698685,0.0094324154330863,90.0,0.9,1.0,0.0,14:30:00,0
2026-08-04 19:24:04.098000+05:30,26.1,88.3,472,0,21.4,62.6,0,956.8,24.1,59.2,448,0,20.2,72.9,65461,0,16.7,82.9,433,0,0,0,0,0,0.9,90.0,0,1,0,0,21.444172275210285,16.7,16.7,32.0,21.447296736895726,0.0082424307268838,429.7380684554929,0.1064335999999999,0.0010003009086854,13.189957363962195,13.986417127698685,0.0094324154330863,90.0,0.9,1.0,0.0,14:30:00,0
2026-08-04 19:24:09.098000+05:30,26.1,88.3,449,0,21.4,62.5,0,956.8,24.1,59.2,416,0,20.1,73.0,474,0,16.7,83.0,413,0,0,0,0,0,0.9,90.0,32,1,0,0,21.4432281022879,16.7,16.7,0.0,21.39139435961356,0.0081151493435503,429.2349835375959,0.1064336,0.0010002005538411,13.16924329934838,13.960723989093475,0.0094194822695361,90.0,0.9,1.0,0.0,14:30:00,0
2026-08-04 19:24:09.098000+05:30,26.1,88.3,449,0,21.4,62.5,0,956.8,24.1,59.2,416,0,20.1,73.0,474,0,16.7,83.0,413,0,0,0,0,0,0.9,90.0,32,1,0,0,21.4432281022879,16.7,16.7,0.0,21.39139435961356,0.0081151493435503,429.2349835375959,0.1064336,0.0010002005538411,13.16924329934838,13.960723989093475,0.0094194822695361,90.0,0.9,1.0,0.0,14:30:00,0
2026-08-04 19:24:14.099000+05:30,26.0,88.3,452,0,21.4,62.6,0,956.7,24.1,59.2,427,0,15.3,73.0,474,0,16.7,83.1,417,0,0,0,0,0,0.9,90.0,0,1,0,0,21.44641092474041,16.8,16.8,0.0,21.40121080878463,0.0082243410551521,429.3698689913504,0.1012838342165779,0.0010001439164353,13.373637290378868,14.08204187973564,0.0095477978395046,67.9,1.6,1.0,0.0,14:30:00,0
2026-08-04 19:24:14.099000+05:30,26.0,88.3,452,0,21.4,62.6,0,956.7,24.1,59.2,427,0,15.3,73.0,474,0,16.7,83.1,417,0,0,0,0,0,0.9,90.0,0,1,0,0,21.44641092474041,16.8,16.8,0.0,21.40121080878463,0.0082243410551521,429.3698689913504,0.1012838342165779,0.0010001439164353,13.373637290378868,14.08204187973564,0.0095477978395046,67.9,1.6,1.0,0.0,14:30:00,0
2026-08-04 19:24:19.098000+05:30,26.1,88.3,453,0,21.4,62.5,0,956.8,24.1,59.1,432,0,20.1,73.0,474,0,16.8,83.1,428,0,0,0,0,0,0.9,90.0,0,1,0,0,21.44709093546303,16.8,16.8,0.0,21.40937352612022,0.0082289925984994,429.5429356269152,0.0999212518419867,0.0010011457918886,13.531247227184698,14.14629203121027,0.0096478115939019,66.2,1.9,1.0,0.0,14:30:00,0
2026-08-04 19:24:19.098000+05:30,26.1,88.3,453,0,21.4,62.5,0,956.8,24.1,59.1,432,0,20.1,73.0,474,0,16.8,83.1,428,0,0,0,0,0,0.9,90.0,0,1,0,0,21.44709093546303,16.8,16.8,0.0,21.40937352612022,0.0082289925984994,429.5429356269152,0.0999212518419867,0.0010011457918886,13.531247227184698,14.14629203121027,0.0096478115939019,66.2,1.9,1.0,0.0,14:30:00,0
2026-08-04 19:24:24.098000+05:30,26.1,88.3,445,0,21.4,62.5,0,956.8,24.1,59.1,432,0,20.1,73.0,474,0,16.8,83.1,428,0,0,0,0,0,1.6,67.9,0,1,0,0,21.470331250450567,16.8,16.8,0.0,21.88446436251061,0.0081010814403245,429.6843816401542,0.0676867488819795,0.0010128709974049,15.031247227184698,15.64629203121027,0.0106477967276815,52.3,9.6,1.0,0.0,14:30:00,0
2026-08-04 19:24:24.098000+05:30,26.1,88.3,445,0,21.4,62.5,0,956.8,24.1,59.1,432,0,20.1,73.0,474,0,16.8,83.1,428,0,0,0,0,0,1.6,67.9,0,1,0,0,21.470331250450567,16.8,16.8,0.0,21.88446436251061,0.0081010814403245,429.6843816401542,0.0676867488819795,0.0010128709974049,15.031247227184698,15.64629203121027,0.0106477967276815,52.3,9.6,1.0,0.0,14:30:00,0
2026-08-04 19:24:29.099000+05:30,26.1,88.3,431,0,21.4,62.5,0,956.8,24.1,59.1,432,0,20.1,73.0,474,0,16.8,83.1,428,0,0,0,0,0,1.9,66.2,0,1,0,0,21.596706895605408,16.8,16.8,0.0,21.42239859149037,0.0076180628355009,429.87891493864055,0.02408,0.0010078089459953,16.5312472271847,17.146292031210272,0.0117399347482471,40.8,29.7,1.0,1.0,14:30:00,0
2026-08-04 19:24:29.099000+05:30,26.1,88.3,431,0,21.4,62.5,0,956.8,24.1,59.1,432,0,20.1,73.0,474,0,16.8,83.1,428,0,0,0,0,0,1.9,66.2,0,1,0,0,21.596706895605408,16.8,16.8,0.0,21.42239859149037,0.0076180628355009,429.87891493864055,0.02408,0.0010078089459953,16.5312472271847,17.146292031210272,0.0117399347482471,40.8,29.7,1.0,1.0,14:30:00,0
2026-08-04 19:24:34.099000+05:30,26.1,88.4,442,0,21.4,62.5,0,956.7,24.1,59.1,432,0,20.1,73.1,474,0,16.8,83.2,428,0,0,0,0,0,9.6,52.3,0,1,0,0,21.500273997624458,16.8,16.8,0.0,21.428115300705525,0.0084057845212084,430.0466556420388,0.02408,0.0010047078880826,18.0312472271847,18.646292031210272,0.0129318268377815,40.8,29.7,0.0,1.0,14:30:00,0
2026-08-04 19:24:34.099000+05:30,26.1,88.4,442,0,21.4,62.5,0,956.7,24.1,59.1,432,0,20.1,73.1,474,0,16.8,83.2,428,0,0,0,0,0,9.6,52.3,0,1,0,0,21.500273997624458,16.8,16.8,0.0,21.428115300705525,0.0084057845212084,430.0466556420388,0.02408,0.0010047078880826,18.0312472271847,18.646292031210272,0.0129318268377815,40.8,29.7,0.0,1.0,14:30:00,0
2026-08-04 19:24:39.100000+05:30,26.1,88.4,467,0,21.3,62.5,0,956.8,24.1,59.1,432,0,20.1,73.0,474,0,16.8,83.1,428,0,0,0,0,0,29.7,40.8,0,1,1,0,21.49990761157564,16.8,16.8,0.0,21.41812913896057,0.0093663500947558,430.1553574370729,0.02408,0.0010028698514044,19.34381716478089,19.712844705539524,0.0140630502846891,40.8,29.6,0.0,1.0,14:30:00,0
2026-08-04 19:24:39.100000+05:30,26.1,88.4,467,0,21.3,62.5,0,956.8,24.1,59.1,432,0,20.1,73.0,474,0,16.8,83.1,428,0,0,0,0,0,29.7,40.8,0,1,1,0,21.49990761157564,16.8,16.8,0.0,21.41812913896057,0.0093663500947558,430.1553574370729,0.02408,0.0010028698514044,19.34381716478089,19.712844705539524,0.0140630502846891,40.8,29.6,0.0,1.0,14:30:00,0
2026-08-04 19:24:44.140000+05:30,26.1,88.4,448,0,21.3,62.5,0,956.8,24.1,59.1,432,0,20.1,73.0,474,0,16.8,83.1,428,0,0,0,0,0,29.7,40.8,0,0,1,0,21.499683789261923,16.8,16.8,71.0,21.411610173067224,0.0098793467821454,430.2717194704911,0.02408,0.0010017470094639,20.131082311166804,20.352499509779555,0.0147836301514765,40.8,29.6,0.0,1.0,14:30:00,0
2026-08-04 19:24:44.140000+05:30,26.1,88.4,448,0,21.3,62.5,0,956.8,24.1,59.1,432,0,20.1,73.0,474,0,16.8,83.1,428,0,0,0,0,0,29.7,40.8,0,0,1,0,21.499683789261923,16.8,16.8,71.0,21.411610173067224,0.0098793467821454,430.2717194704911,0.02408,0.0010017470094639,20.131082311166804,20.352499509779555,0.0147836301514765,40.8,29.6,0.0,1.0,14:30:00,0
2026-08-04 19:24:49.140000+05:30,26.1,88.4,463,0,21.3,62.5,0,956.8,24.1,59.1,432,0,20.1,73.0,474,0,16.8,83.1,428,0,0,0,0,0,29.6,40.8,71,0,1,0,21.499546808137087,16.9,16.9,0.0,21.300005985054533,0.0098524492101355,431.6656114008037,0.02408,0.001001059820821,20.60254684121269,20.735397989563467,0.0152309581199191,40.8,29.6,0.0,1.0,14:30:00,0
2026-08-04 19:24:49.140000+05:30,26.1,88.4,463,0,21.3,62.5,0,956.8,24.1,59.1,432,0,20.1,73.0,474,0,16.8,83.1,428,0,0,0,0,0,29.6,40.8,71,0,1,0,21.499546808137087,16.9,16.9,0.0,21.300005985054533,0.0098524492101355,431.6656114008037,0.02408,0.001001059820821,20.60254684121269,20.735397989563467,0.0152309581199191,40.8,29.6,0.0,1.0,14:30:00,0
2026-08-04 19:24:54.240000+05:30,26.1,88.4,432,0,21.3,62.6,0,956.7,23.9,59.2,400,0,20.2,72.7,400,0,16.9,81.0,422,0,0,0,0,0,29.6,40.8,0,0,1,0,21.49946715579925,16.9,16.9,0.0,23.08320555849728,0.0098917956614064,420.0,0.02408,0.0010006602315928,20.885107156874696,20.96481852851228,0.0155048790800943,40.8,29.6,0.0,1.0,14:30:00,0
2026-08-04 19:24:54.240000+05:30,26.1,88.4,432,0,21.3,62.6,0,956.7,23.9,59.2,400,0,20.2,72.7,400,0,16.9,81.0,422,0,0,0,0,0,29.6,40.8,0,0,1,0,21.49946715579925,16.9,16.9,0.0,23.08320555849728,0.0098917956614064,420.0,0.02408,0.0010006602315928,20.885107156874696,20.96481852851228,0.0155048790800943,40.8,29.6,0.0,1.0,14:30:00,0
2026-08-04 19:24:59.241000+05:30,26.1,88.4,432,0,21.3,62.6,0,956.7,23.9,59.2,400,0,20.2,72.7,400,0,16.9,81.0,422,0,0,0,0,0,29.6,40.8,0,0,1,0,21.495265377879573,17.0,17.0,7.0,24.144393342695427,0.009934045854281,420.0,0.02408,0.0010004234679446,21.05411184720552,21.10194603746936,0.0156708371781107,40.8,29.6,0.0,1.0,14:30:00,0
2026-08-04 19:24:59.241000+05:30,26.1,88.4,432,0,21.3,62.6,0,956.7,23.9,59.2,400,0,20.2,72.7,400,0,16.9,81.0,422,0,0,0,0,0,29.6,40.8,0,0,1,0,21.495265377879573,17.0,17.0,7.0,24.144393342695427,0.009934045854281,420.0,0.02408,0.0010004234679446,21.05411184720552,21.10194603746936,0.0156708371781107,40.8,29.6,0.0,1.0,14:30:00,0
2026-08-04 19:25:04.289000+05:30,26.0,88.4,428,0,21.3,62.7,0,956.7,23.8,59.5,400,0,22.7,72.4,400,0,17.1,79.6,418,0,0,0,0,0,29.6,40.8,0,0,1,0,21.49523763152657,17.1,17.1,0.0,23.696260733451425,0.0098437268611485,420.0209679362167,0.02408,0.0010002813121616,21.155105558902576,21.18380672558803,0.0157707753940973,40.8,29.6,0.0,1.0,14:30:00,0
2026-08-04 19:25:04.289000+05:30,26.0,88.4,428,0,21.3,62.7,0,956.7,23.8,59.5,400,0,22.7,72.4,400,0,17.1,79.6,418,0,0,0,0,0,29.6,40.8,0,0,1,0,21.49523763152657,17.1,17.1,0.0,23.696260733451425,0.0098437268611485,420.0209679362167,0.02408,0.0010002813121616,21.155105558902576,21.18380672558803,0.0157707753940973,40.8,29.6,0.0,1.0,14:30:00,0
2026-08-04 19:25:09.288000+05:30,26.0,88.5,436,0,21.3,62.7,0,956.7,23.8,59.6,402,0,20.4,71.9,400,0,17.1,79.6,405,0,0,0,0,0,29.6,40.8,0,0,1,0,21.495220122590307,17.1,17.1,0.0,22.952071665542267,0.0097625429238843,420.0,0.02408,0.001000191606803,21.21536931520512,21.232590722959536,0.0158306835663037,40.8,29.6,0.0,1.0,14:30:00,0
2026-08-04 19:25:09.288000+05:30,26.0,88.5,436,0,21.3,62.7,0,956.7,23.8,59.6,402,0,20.4,71.9,400,0,17.1,79.6,405,0,0,0,0,0,29.6,40.8,0,0,1,0,21.495220122590307,17.1,17.1,0.0,22.952071665542267,0.0097625429238843,420.0,0.02408,0.001000191606803,21.21536931520512,21.232590722959536,0.0158306835663037,40.8,29.6,0.0,1.0,14:30:00,0
2026-08-04 19:25:14.353000+05:30,26.0,88.5,431,0,21.3,62.7,0,956.7,23.8,59.6,400,0,20.4,71.9,400,0,17.2,79.5,420,0,0,0,0,0,29.6,40.8,0,0,1,0,21.495210010058766,17.2,17.2,0.0,23.40704270087973,0.0096904639679334,420.0,0.02408,0.0010001397962159,21.25129218157128,21.26162570902475,0.0158664923141938,40.8,29.6,0.0,1.0,14:30:00,0
2026-08-04 19:25:14.353000+05:30,26.0,88.5,431,0,21.3,62.7,0,956.7,23.8,59.6,400,0,20.4,71.9,400,0,17.2,79.5,420,0,0,0,0,0,29.6,40.8,0,0,1,0,21.495210010058766,17.2,17.2,0.0,23.40704270087973,0.0096904639679334,420.0,0.02408,0.0010001397962159,21.25129218157128,21.26162570902475,0.0158664923141938,40.8,29.6,0.0,1.0,14:30:00,0
2026-08-04 19:25:19.353000+05:30,26.0,88.4,438,0,21.3,62.7,0,956.7,23.8,59.6,406,0,20.5,71.8,422,0,17.4,80.0,425,0,0,0,0,0,29.6,40.8,0,0,1,0,21.495203802287925,17.4,17.4,0.0,23.738377823912632,0.0096109013701958,420.0361648508076,0.02408,0.0010001079912964,21.272608309400628,21.27880911725582,0.0158877753462547,40.8,29.6,0.0,1.0,14:30:00,0
2026-08-04 19:25:19.353000+05:30,26.0,88.4,438,0,21.3,62.7,0,956.7,23.8,59.6,406,0,20.5,71.8,422,0,17.4,80.0,425,0,0,0,0,0,29.6,40.8,0,0,1,0,21.495203802287925,17.4,17.4,0.0,23.738377823912632,0.0096109013701958,420.0361648508076,0.02408,0.0010001079912964,21.272608309400628,21.27880911725582,0.0158877753462547,40.8,29.6,0.0,1.0,14:30:00,0
2026-08-04 19:25:24.419000+05:30,26.0,88.4,438,0,21.3,62.7,0,956.7,23.8,59.6,406,0,20.5,71.8,422,0,17.4,80.0,425,0,0,0,0,0,29.6,40.8,0,0,1,0,21.4951991911222,17.4,17.4,0.0,23.182957941202496,0.0095602994298555,420.0,0.02408,0.0010000843664303,21.28522547459837,21.28894670383085,0.0159003850850946,40.8,29.6,0.0,1.0,14:30:00,0
2026-08-04 19:25:24.419000+05:30,26.0,88.4,438,0,21.3,62.7,0,956.7,23.8,59.6,406,0,20.5,71.8,422,0,17.4,80.0,425,0,0,0,0,0,29.6,40.8,0,0,1,0,21.4951991911222,17.4,17.4,0.0,23.182957941202496,0.0095602994298555,420.0,0.02408,0.0010000843664303,21.28522547459837,21.28894670383085,0.0159003850850946,40.8,29.6,0.0,1.0,14:30:00,0
2026-08-04 19:25:29.419000+05:30,26.0,88.5,448,0,21.3,62.7,0,956.7,23.8,59.6,406,0,20.5,71.8,422,0,17.4,80.0,425,0,0,0,0,0,29.6,40.8,0,0,1,0,21.495196248129627,17.4,17.4,0.0,23.083020263143105,0.0093321146762433,420.0,0.02408,0.0010000692882896,21.29217185203069,21.29440534335476,0.0159073312374157,40.8,29.6,0.0,1.0,14:30:00,0
2026-08-04 19:25:29.419000+05:30,26.0,88.5,448,0,21.3,62.7,0,956.7,23.8,59.6,406,0,20.5,71.8,422,0,17.4,80.0,425,0,0,0,0,0,29.6,40.8,0,0,1,0,21.495196248129627,17.4,17.4,0.0,23.083020263143105,0.0093321146762433,420.0,0.02408,0.0010000692882896,21.29217185203069,21.29440534335476,0.0159073312374157,40.8,29.6,0.0,1.0,14:30:00,0
2026-08-04 19:25:34.468000+05:30,26.1,88.5,461,0,21.2,62.7,0,956.8,23.8,59.6,406,0,20.8,71.5,400,0,17.9,82.6,464,0,0,0,0,0,29.6,40.8,0,0,1,0,21.40349994074841,17.9,17.9,0.0,26.09998695000652,0.0098800900009822,420.0000761415449,0.02408,0.0010000568516779,21.25893290001577,21.26032736403129,0.0158741182023963,40.8,29.6,0.0,1.0,14:30:00,0
2026-08-04 19:25:34.468000+05:30,26.1,88.5,461,0,21.2,62.7,0,956.8,23.8,59.6,406,0,20.8,71.5,400,0,17.9,82.6,464,0,0,0,0,0,29.6,40.8,0,0,1,0,21.40349994074841,17.9,17.9,0.0,26.09998695000652,0.0098800900009822,420.0000761415449,0.02408,0.0010000568516779,21.25893290001577,21.26032736403129,0.0158741182023963,40.8,29.6,0.0,1.0,14:30:00,0
2026-08-04 19:25:39.469000+05:30,26.1,88.5,465,0,21.2,62.7,0,956.7,23.8,59.6,406,0,20.9,71.5,406,0,18.1,83.5,464,0,0,0,0,0,29.6,40.8,0,0,1,0,21.403498199398467,18.1,18.1,0.0,26.01117802719953,0.0099982682793418,420.0,0.02408,0.0010000482941867,21.239331244991536,21.24021979078796,0.0158545612469704,40.8,29.6,0.0,1.0,14:30:00,0
2026-08-04 19:25:39.469000+05:30,26.1,88.5,465,0,21.2,62.7,0,956.7,23.8,59.6,406,0,20.9,71.5,406,0,18.1,83.5,464,0,0,0,0,0,29.6,40.8,0,0,1,0,21.403498199398467,18.1,18.1,0.0,26.01117802719953,0.0099982682793418,420.0,0.02408,0.0010000482941867,21.239331244991536,21.24021979078796,0.0158545612469704,40.8,29.6,0.0,1.0,14:30:00,0
2026-08-04 19:25:44.517000+05:30,26.1,88.3,449,0,21.2,62.7,0,956.7,23.8,59.6,406,0,20.9,71.5,406,0,18.1,83.5,464,0,0,0,0,0,29.6,40.8,0,0,1,0,21.40349825131443,18.1,18.1,0.0,26.099986950006503,0.0100851588190257,420.000001360111,0.02408,0.0010000485493166,21.227823193551536,21.22841160385289,0.0158430895946868,40.8,29.6,0.0,1.0,14:30:00,0
2026-08-04 19:25:44.517000+05:30,26.1,88.3,449,0,21.2,62.7,0,956.7,23.8,59.6,406,0,20.9,71.5,406,0,18.1,83.5,464,0,0,0,0,0,29.6,40.8,0,0,1,0,21.40349825131443,18.1,18.1,0.0,26.099986950006503,0.0100851588190257,420.000001360111,0.02408,0.0010000485493166,21.227823193551536,21.22841160385289,0.0158430895946868,40.8,29.6,0.0,1.0,14:30:00,0
2026-08-04 19:25:49.516000+05:30,26.1,88.5,456,0,21.2,62.7,0,956.6,23.9,59.6,406,0,21.0,71.4,428,0,18.5,85.7,464,0,0,0,0,0,29.6,40.8,0,0,1,0,21.403497727968,18.5,18.5,0.0,26.0999869500065,0.0101363821830039,420.0012887853192,0.02408,0.0010000459774427,21.22106324033387,21.2214709323102,0.0158363545236433,40.8,29.6,0.0,1.0,14:30:00,0
2026-08-04 19:25:49.516000+05:30,26.1,88.5,456,0,21.2,62.7,0,956.6,23.9,59.6,406,0,21.0,71.4,428,0,18.5,85.7,464,0,0,0,0,0,29.6,40.8,0,0,1,0,21.403497727968,18.5,18.5,0.0,26.0999869500065,0.0101363821830039,420.0012887853192,0.02408,0.0010000459774427,21.22106324033387,21.2214709323102,0.0158363545236433,40.8,29.6,0.0,1.0,14:30:00,0
2026-08-04 19:25:54.549000+05:30,26.1,88.5,433,0,21.2,62.8,0,956.6,23.8,59.5,406,0,21.3,71.4,423,0,18.8,86.2,464,0,0,0,0,0,29.6,40.8,3,0,1,0,21.403500116855746,18.8,18.8,3.0,26.099986950006528,0.0100393360523932,420.0,0.02408,0.0010000577171196,21.21676193047501,21.217064600169955,0.0158320703944191,40.8,29.6,0.0,1.0,14:30:00,0
2026-08-04 19:25:54.549000+05:30,26.1,88.5,433,0,21.2,62.8,0,956.6,23.8,59.5,406,0,21.3,71.4,423,0,18.8,86.2,464,0,0,0,0,0,29.6,40.8,3,0,1,0,21.403500116855746,18.8,18.8,3.0,26.099986950006528,0.0100393360523932,420.0,0.02408,0.0010000577171196,21.21676193047501,21.217064600169955,0.0158320703944191,40.8,29.6,0.0,1.0,14:30:00,0
2026-08-04 19:25:59.548000+05:30,26.1,88.3,462,0,21.2,62.8,0,956.6,23.8,59.5,406,0,21.3,71.4,425,0,18.8,86.2,464,0,0,0,0,0,29.6,40.8,0,0,1,0,21.40349847253352,18.8,18.8,0.0,26.099986950006542,0.0100620403833583,420.0,0.02408,0.0010000496364504,21.214237634088818,21.21447349346348,0.0158295566689308,40.8,29.6,0.0,1.0,14:30:00,0
2026-08-04 19:25:59.548000+05:30,26.1,88.3,462,0,21.2,62.8,0,956.6,23.8,59.5,406,0,21.3,71.4,425,0,18.8,86.2,464,0,0,0,0,0,29.6,40.8,0,0,1,0,21.40349847253352,18.8,18.8,0.0,26.099986950006542,0.0100620403833583,420.0,0.02408,0.0010000496364504,21.214237634088818,21.21447349346348,0.0158295566689308,40.8,29.6,0.0,1.0,14:30:00,0
2026-08-04 19:26:04.584000+05:30,26.1,88.5,444,0,21.2,62.8,0,956.7,23.8,59.6,406,0,21.3,71.4,400,0,19.1,86.3,464,0,0,0,0,0,29.6,40.8,15,0,1,0,21.403500562831805,19.1,19.1,15.0,40.0,0.0076180628355009,461.2952206643362,0.02408,0.0010000599087734,21.206595161437647,21.20715828854913,0.0158219484011668,40.8,29.6,0.0,1.0,14:30:00,0
2026-08-04 19:26:04.584000+05:30,26.1,88.5,444,0,21.2,62.8,0,956.7,23.8,59.6,406,0,21.3,71.4,400,0,19.1,86.3,464,0,0,0,0,0,29.6,40.8,15,0,1,0,21.403500562831805,19.1,19.1,15.0,40.0,0.0076180628355009,461.2952206643362,0.02408,0.0010000599087734,21.206595161437647,21.20715828854913,0.0158219484011668,40.8,29.6,0.0,1.0,14:30:00,0
2026-08-04 19:26:09.584000+05:30,26.1,88.4,436,0,21.2,62.9,0,956.7,23.7,59.8,406,0,21.5,71.1,419,0,19.4,86.1,464,0,0,0,0,0,29.6,40.8,21,0,1,0,21.40350245101432,19.4,19.4,21.0,31.923908409159782,0.0076180628355009,462.0349793586834,0.02408,0.0010000691878417,21.201811706703765,21.20235928894254,0.0158171880385555,40.8,29.6,0.0,1.0,14:30:00,0
2026-08-04 19:26:09.584000+05:30,26.1,88.4,436,0,21.2,62.9,0,956.7,23.7,59.8,406,0,21.5,71.1,419,0,19.4,86.1,464,0,0,0,0,0,29.6,40.8,21,0,1,0,21.40350245101432,19.4,19.4,21.0,31.923908409159782,0.0076180628355009,462.0349793586834,0.02408,0.0010000691878417,21.201811706703765,21.20235928894254,0.0158171880385555,40.8,29.6,0.0,1.0,14:30:00,0
2026-08-04 19:26:14.616000+05:30,26.1,88.3,432,0,21.2,63.0,0,956.7,23.6,59.9,406,0,23.3,70.8,415,0,19.8,85.8,464,0,0,0,0,0,29.6,40.8,26,0,1,0,21.40350241755902,19.8,19.8,26.0,19.25676114173792,0.0098001443594361,461.1912311925986,0.02408,0.0010000690234329,21.204417739164946,21.20474685625868,0.015819781329741,40.8,29.6,0.0,1.0,14:30:00,0
2026-08-04 19:26:14.616000+05:30,26.1,88.3,432,0,21.2,63.0,0,956.7,23.6,59.9,406,0,23.3,70.8,415,0,19.8,85.8,464,0,0,0,0,0,29.6,40.8,26,0,1,0,21.40350241755902,19.8,19.8,26.0,19.25676114173792,0.0098001443594361,461.1912311925986,0.02408,0.0010000690234329,21.204417739164946,21.20474685625868,0.015819781329741,40.8,29.6,0.0,1.0,14:30:00,0
2026-08-04 19:26:19.616000+05:30,26.1,88.3,436,0,21.2,63.0,0,956.6,23.6,60.0,406,0,21.7,70.7,416,0,20.2,85.3,464,0,0,0,0,0,29.6,40.8,18,0,1,0,21.403502384316536,20.2,20.2,18.0,26.09998695000651,0.0098047365918694,420.0,0.02408,0.0010000688600698,21.20616477792713,21.20641959358388,0.0158215200422876,40.8,29.6,0.0,1.0,14:30:00,0
2026-08-04 19:26:19.616000+05:30,26.1,88.3,436,0,21.2,63.0,0,956.6,23.6,60.0,406,0,21.7,70.7,416,0,20.2,85.3,464,0,0,0,0,0,29.6,40.8,18,0,1,0,21.403502384316536,20.2,20.2,18.0,26.09998695000651,0.0098047365918694,420.0,0.02408,0.0010000688600698,21.20616477792713,21.20641959358388,0.0158215200422876,40.8,29.6,0.0,1.0,14:30:00,0
2026-08-04 19:26:24.616000+05:30,26.1,88.2,427,0,21.2,63.1,0,956.7,23.5,60.2,406,0,21.8,70.4,453,0,20.6,84.7,464,0,0,0,0,0,29.6,40.8,0,0,1,0,21.403503913678684,20.6,20.6,0.0,26.099986950006542,0.0097395911441669,420.0,0.02408,0.0010000763757923,21.20704165041761,21.207253145096068,0.0158223928008374,40.8,29.6,0.0,1.0,14:30:00,0
2026-08-04 19:26:24.616000+05:30,26.1,88.2,427,0,21.2,63.1,0,956.7,23.5,60.2,406,0,21.8,70.4,453,0,20.6,84.7,464,0,0,0,0,0,29.6,40.8,0,0,1,0,21.403503913678684,20.6,20.6,0.0,26.099986950006542,0.0097395911441669,420.0,0.02408,0.0010000763757923,21.20704165041761,21.207253145096068,0.0158223928008374,40.8,29.6,0.0,1.0,14:30:00,0
2026-08-04 19:26:29.616000+05:30,26.1,88.2,454,0,21.2,63.1,0,956.7,23.5,60.2,406,0,21.8,70.4,437,0,20.6,84.7,464,0,0,0,0,0,29.6,40.8,0,0,1,0,21.403501265343515,20.6,20.6,0.0,26.09998695000652,0.0096722685619295,420.0,0.02408,0.0010000633611166,21.20738004070422,21.207561857984203,0.0158227296151744,40.8,29.6,0.0,1.0,14:30:00,0
2026-08-04 19:26:29.616000+05:30,26.1,88.2,454,0,21.2,63.1,0,956.7,23.5,60.2,406,0,21.8,70.4,437,0,20.6,84.7,464,0,0,0,0,0,29.6,40.8,0,0,1,0,21.403501265343515,20.6,20.6,0.0,26.09998695000652,0.0096722685619295,420.0,0.02408,0.0010000633611166,21.20738004070422,21.207561857984203,0.0158227296151744,40.8,29.6,0.0,1.0,14:30:00,0
2026-08-04 19:26:34.694000+05:30,26.1,88.2,427,0,21.2,63.2,0,956.6,23.4,60.4,406,0,93.9,70.2,424,0,21.2,83.8,464,0,0,0,0,0,29.6,40.8,0,0,1,0,21.4035030195918,21.2,21.2,0.0,25.692995746436,0.0095279419131299,430.05379399638457,0.02408,0.0010000719819939,21.20719749064488,21.2073549363671,0.0158225479144807,40.8,29.6,0.0,1.0,14:30:00,0
2026-08-04 19:26:34.694000+05:30,26.1,88.2,427,0,21.2,63.2,0,956.6,23.4,60.4,406,0,93.9,70.2,424,0,21.2,83.8,464,0,0,0,0,0,29.6,40.8,0,0,1,0,21.4035030195918,21.2,21.2,0.0,25.692995746436,0.0095279419131299,430.05379399638457,0.02408,0.0010000719819939,21.20719749064488,21.2073549363671,0.0158225479144807,40.8,29.6,0.0,1.0,14:30:00,0
2026-08-04 19:26:39.694000+05:30,26.1,88.2,427,0,21.2,63.2,0,956.6,23.4,60.4,406,0,93.9,70.2,424,0,21.2,83.8,464,0,0,0,0,0,29.6,40.8,0,0,1,0,21.40350020529597,21.6,21.6,18.0,26.099986950006244,0.0087386451914241,420.0,0.02408,0.0010000581517401,21.204993004189813,21.20514206409417,0.0158203538340234,40.8,29.6,1.0,0.0,14:30:00,0
2026-08-04 19:26:39.694000+05:30,26.1,88.2,427,0,21.2,63.2,0,956.6,23.4,60.4,406,0,93.9,70.2,424,0,21.2,83.8,464,0,0,0,0,0,29.6,40.8,0,0,1,0,21.40350020529597,21.6,21.6,18.0,26.099986950006244,0.0087386451914241,420.0,0.02408,0.0010000581517401,21.204993004189813,21.20514206409417,0.0158203538340234,40.8,29.6,1.0,0.0,14:30:00,0
2026-08-04 19:26:44.696000+05:30,26.1,88.1,434,0,21.2,63.3,0,956.6,23.3,60.9,400,0,22.1,69.8,427,0,22.1,82.5,464,0,0,0,0,0,29.6,40.8,0,1,0,0,21.40350044066821,22.1,22.1,0.0,26.099986950006244,0.0087066839484561,420.0,0.02408,0.0010000593084266,21.203592291193104,21.20373855325805,0.0158189598758948,40.8,29.6,1.0,0.0,14:30:00,0
2026-08-04 19:26:44.696000+05:30,26.1,88.1,434,0,21.2,63.3,0,956.6,23.3,60.9,400,0,22.1,69.8,427,0,22.1,82.5,464,0,0,0,0,0,29.6,40.8,0,1,0,0,21.40350044066821,22.1,22.1,0.0,26.099986950006244,0.0087066839484561,420.0,0.02408,0.0010000593084266,21.203592291193104,21.20373855325805,0.0158189598758948,40.8,29.6,1.0,0.0,14:30:00,0
2026-08-04 19:26:49.695000+05:30,26.1,88.1,464,0,21.2,63.5,0,956.7,23.2,61.3,400,0,22.3,69.8,602,0,22.6,81.6,464,0,0,0,0,0,29.6,40.8,0,1,0,0,21.403498260719065,22.6,22.6,0.0,26.099986950006244,0.0083107958032505,420.0,0.02408,0.0010000485955336,21.20169695559315,21.201838994617425,0.0158170738573187,40.8,29.6,1.0,0.0,14:30:00,0
2026-08-04 19:26:49.695000+05:30,26.1,88.1,464,0,21.2,63.5,0,956.7,23.2,61.3,400,0,22.3,69.8,602,0,22.6,81.6,464,0,0,0,0,0,29.6,40.8,0,1,0,0,21.403498260719065,22.6,22.6,0.0,26.099986950006244,0.0083107958032505,420.0,0.02408,0.0010000485955336,21.20169695559315,21.201838994617425,0.0158170738573187,40.8,29.6,1.0,0.0,14:30:00,0
2026-08-04 19:26:54.696000+05:30,26.1,88.2,454,0,21.2,63.5,0,956.7,23.2,61.3,400,0,22.3,69.8,586,0,22.6,81.6,464,0,0,0,0,0,29.6,40.8,0,1,0,0,21.40349746132113,22.6,22.6,0.0,26.099986950006244,0.0081107399694463,420.0,0.02408,0.0010000446670638,21.2000319187562,21.200172017605315,0.0158154171732292,40.8,29.6,1.0,0.0,14:30:00,0
2026-08-04 19:26:54.696000+05:30,26.1,88.2,454,0,21.2,63.5,0,956.7,23.2,61.3,400,0,22.3,69.8,586,0,22.6,81.6,464,0,0,0,0,0,29.6,40.8,0,1,0,0,21.40349746132113,22.6,22.6,0.0,26.099986950006244,0.0081107399694463,420.0,0.02408,0.0010000446670638,21.2000319187562,21.200172017605315,0.0158154171732292,40.8,29.6,1.0,0.0,14:30:00,0
2026-08-04 19:26:59.696000+05:30,26.1,88.2,467,0,21.2,63.6,0,956.6,23.2,61.5,400,0,22.4,69.5,584,0,23.1,80.8,464,0,0,0,0,0,29.6,40.8,0,1,0,0,21.403496344246445,23.1,23.1,0.0,25.87343460409089,0.007722688687499,420.0,0.02408,0.0010000391774396,21.19799788817733,21.198130544168453,0.0158133935594492,40.8,29.6,1.0,0.0,14:30:00,0
2026-08-04 19:26:59.696000+05:30,26.1,88.2,467,0,21.2,63.6,0,956.6,23.2,61.5,400,0,22.4,69.5,584,0,23.1,80.8,464,0,0,0,0,0,29.6,40.8,0,1,0,0,21.403496344246445,23.1,23.1,0.0,25.87343460409089,0.007722688687499,420.0,0.02408,0.0010000391774396,21.19799788817733,21.198130544168453,0.0158133935594492,40.8,29.6,1.0,0.0,14:30:00,0
2026-08-04 19:27:04.696000+05:30,26.1,88.3,464,0,21.2,63.6,0,956.7,23.1,61.8,400,0,22.5,69.6,599,0,23.6,79.9,464,0,0,0,0,0,29.6,40.8,0,1,0,0,21.40349579913261,23.6,23.6,0.0,26.099986950006244,0.0076180628355009,420.0,0.02408,0.0010000364985945,21.19650804148717,21.19664209258213,0.0158119114912447,40.8,29.6,1.0,0.0,14:30:00,0
2026-08-04 19:27:04.696000+05:30,26.1,88.3,464,0,21.2,63.6,0,956.7,23.1,61.8,400,0,22.5,69.6,599,0,23.6,79.9,464,0,0,0,0,0,29.6,40.8,0,1,0,0,21.40349579913261,23.6,23.6,0.0,26.099986950006244,0.0076180628355009,420.0,0.02408,0.0010000364985945,21.19650804148717,21.19664209258213,0.0158119114912447,40.8,29.6,1.0,0.0,14:30:00,0
2026-08-04 19:27:09.697000+05:30,26.1,88.3,451,0,21.2,63.8,0,956.7,23.2,62.1,420,0,22.5,69.6,606,0,24.1,79.0,464,0,0,0,0,0,29.6,40.8,0,1,0,0,21.40349822323239,24.1,24.1,0.0,26.099986950006244,0.0076180628355009,420.0,0.02408,0.0010000484113134,21.19562242726957,21.1957605185796,0.015811030560355,40.8,29.6,1.0,0.0,14:30:00,0
2026-08-04 19:27:09.697000+05:30,26.1,88.3,451,0,21.2,63.8,0,956.7,23.2,62.1,420,0,22.5,69.6,606,0,24.1,79.0,464,0,0,0,0,0,29.6,40.8,0,1,0,0,21.40349822323239,24.1,24.1,0.0,26.099986950006244,0.0076180628355009,420.0,0.02408,0.0010000484113134,21.19562242726957,21.1957605185796,0.015811030560355,40.8,29.6,1.0,0.0,14:30:00,0
2026-08-04 19:27:14.698000+05:30,26.1,88.3,437,0,21.2,63.8,0,956.7,23.2,62.1,420,0,22.5,69.6,606,0,24.1,79.0,464,0,0,0,0,0,29.6,40.8,0,1,0,0,21.4035031488914,24.1,24.1,0.0,26.099986950006244,0.0076180628355009,420.0,0.02408,0.0010000726174091,21.195091579151736,21.19522999869184,0.0158105025407611,40.8,29.6,1.0,0.0,14:30:00,0
2026-08-04 19:27:14.698000+05:30,26.1,88.3,437,0,21.2,63.8,0,956.7,23.2,62.1,420,0,22.5,69.6,606,0,24.1,79.0,464,0,0,0,0,0,29.6,40.8,0,1,0,0,21.4035031488914,24.1,24.1,0.0,26.099986950006244,0.0076180628355009,420.0,0.02408,0.0010000726174091,21.195091579151736,21.19522999869184,0.0158105025407611,40.8,29.6,1.0,0.0,14:30:00,0
2026-08-04 19:27:19.698000+05:30,26.1,88.2,440,0,21.2,64.0,0,956.6,23.2,62.4,400,0,22.7,69.5,591,0,24.5,77.7,464,0,0,0,0,0,29.6,40.8,0,1,0,0,21.40350148677564,24.5,24.5,0.0,26.099986950006244,0.0076180628355009,420.0,0.02408,0.0010000644492974,21.194771444700585,21.194910728625214,0.0158101841197954,40.8,29.6,1.0,0.0,14:30:00,0
2026-08-04 19:27:19.698000+05:30,26.1,88.2,440,0,21.2,64.0,0,956.6,23.2,62.4,400,0,22.7,69.5,591,0,24.5,77.7,464,0,0,0,0,0,29.6,40.8,0,1,0,0,21.40350148677564,24.5,24.5,0.0,26.099986950006244,0.0076180628355009,420.0,0.02408,0.0010000644492974,21.194771444700585,21.194910728625214,0.0158101841197954,40.8,29.6,1.0,0.0,14:30:00,0
2026-08-04 19:27:24.698000+05:30,26.1,88.2,427,0,21.2,64.3,0,956.6,23.2,62.7,432,0,22.8,69.3,594,0,24.9,75.6,464,0,0,0,0,0,29.6,40.8,0,1,0,0,21.40354679150625,24.9,24.9,0.0,26.099986950006244,0.0076180628355009,420.0,0.02408,0.0010002870896878,21.19452601590121,21.19462523168065,0.0158099400085555,40.8,29.6,1.0,0.0,14:30:00,0
2026-08-04 19:27:24.698000+05:30,26.1,88.2,427,0,21.2,64.3,0,956.6,23.2,62.7,432,0,22.8,69.3,594,0,24.9,75.6,464,0,0,0,0,0,29.6,40.8,0,1,0,0,21.40354679150625,24.9,24.9,0.0,26.099986950006244,0.0076180628355009,420.0,0.02408,0.0010002870896878,21.19452601590121,21.19462523168065,0.0158099400085555,40.8,29.6,1.0,0.0,14:30:00,0
2026-08-04 19:27:29.699000+05:30,26.1,88.0,428,0,21.2,64.5,0,956.7,23.3,63.0,406,0,22.9,69.1,572,0,25.1,73.0,464,0,0,0,0,0,29.6,40.8,0,1,0,0,21.40353022291344,25.1,25.1,0.0,26.099986950006244,0.0076180628355009,420.0,0.02408,0.0010002056668889,21.194439873472223,21.19455909299389,0.0158098543293815,40.8,29.6,1.0,0.0,14:30:00,0
2026-08-04 19:27:29.699000+05:30,26.1,88.0,428,0,21.2,64.5,0,956.7,23.3,63.0,406,0,22.9,69.1,572,0,25.1,73.0,464,0,0,0,0,0,29.6,40.8,0,1,0,0,21.40353022291344,25.1,25.1,0.0,26.099986950006244,0.0076180628355009,420.0,0.02408,0.0010002056668889,21.194439873472223,21.19455909299389,0.0158098543293815,40.8,29.6,1.0,0.0,14:30:00,0
2026-08-04 19:27:34.699000+05:30,26.1,87.9,444,0,21.2,64.8,0,956.6,23.3,63.1,419,0,23.0,68.5,604,0,25.3,70.4,464,0,0,0,0,0,29.6,40.8,0,1,0,0,21.40351996005139,25.3,25.3,0.0,26.099986950006244,0.0076180628355009,420.0,0.02408,0.0010001552322525,21.194387272589964,21.1945181328858,0.0158098020115818,40.8,29.6,1.0,0.0,14:30:00,0
2026-08-04 19:27:34.699000+05:30,26.1,87.9,444,0,21.2,64.8,0,956.6,23.3,63.1,419,0,23.0,68.5,604,0,25.3,70.4,464,0,0,0,0,0,29.6,40.8,0,1,0,0,21.40351996005139,25.3,25.3,0.0,26.099986950006244,0.0076180628355009,420.0,0.02408,0.0010001552322525,21.194387272589964,21.1945181328858,0.0158098020115818,40.8,29.6,1.0,0.0,14:30:00,0
2026-08-04 19:27:39.703000+05:30,26.1,87.7,423,0,21.2,64.9,0,956.6,23.4,63.3,432,0,23.0,68.1,592,0,25.4,68.2,464,0,0,0,0,0,29.6,40.8,0,1,0,0,21.403526586248343,25.4,25.4,0.0,26.099986950006244,0.0076180628355009,420.0,0.02408,0.0010001877952775,21.194332328380515,21.194450306573952,0.0158097473632332,40.8,29.6,1.0,0.0,14:30:00,0
2026-08-04 19:27:39.703000+05:30,26.1,87.7,423,0,21.2,64.9,0,956.6,23.4,63.3,432,0,23.0,68.1,592,0,25.4,68.2,464,0,0,0,0,0,29.6,40.8,0,1,0,0,21.403526586248343,25.4,25.4,0.0,26.099986950006244,0.0076180628355009,420.0,0.02408,0.0010001877952775,21.194332328380515,21.194450306573952,0.0158097473632332,40.8,29.6,1.0,0.0,14:30:00,0
2026-08-04 19:27:44.703000+05:30,26.1,87.7,423,0,21.2,64.9,0,956.6,23.4,63.3,432,0,23.0,68.1,592,0,25.4,68.2,464,0,0,0,0,0,29.6,40.8,0,1,0,0,21.407672429996847,25.4,25.4,0.0,21.70646424285166,0.0076180628355009,455.0882123029325,0.02408,0.0010001504228648,21.19460732065631,21.19467871405385,0.0158100208764567,40.8,29.6,1.0,0.0,14:30:00,0
2026-08-04 19:27:44.703000+05:30,26.1,87.7,423,0,21.2,64.9,0,956.6,23.4,63.3,432,0,23.0,68.1,592,0,25.4,68.2,464,0,0,0,0,0,29.6,40.8,0,1,0,0,21.407672429996847,25.4,25.4,0.0,21.70646424285166,0.0076180628355009,455.0882123029325,0.02408,0.0010001504228648,21.19460732065631,21.19467871405385,0.0158100208764567,40.8,29.6,1.0,0.0,14:30:00,0
2026-08-04 19:27:49.735000+05:30,26.2,87.5,470,0,21.2,65.2,0,956.7,23.5,63.5,413,0,86.6,67.6,65535,0,25.5,65.7,464,0,0,0,0,0,29.6,40.8,0,1,0,0,21.407662994624395,25.5,25.5,0.0,25.62716468058173,0.0076180628355009,420.0,0.02408,0.001000104982111,21.194864660512287,21.194950504032825,0.0158102768360809,40.8,29.6,1.0,0.0,14:30:00,0
2026-08-04 19:27:49.735000+05:30,26.2,87.5,470,0,21.2,65.2,0,956.7,23.5,63.5,413,0,86.6,67.6,65535,0,25.5,65.7,464,0,0,0,0,0,29.6,40.8,0,1,0,0,21.407662994624395,25.5,25.5,0.0,25.62716468058173,0.0076180628355009,420.0,0.02408,0.001000104982111,21.194864660512287,21.194950504032825,0.0158102768360809,40.8,29.6,1.0,0.0,14:30:00,0
2026-08-04 19:27:54.737000+05:30,26.2,87.5,423,0,21.2,65.4,0,956.6,23.6,63.5,456,0,86.6,67.6,455,0,25.5,63.0,464,0,0,0,0,0,29.6,40.8,0,1,0,0,21.407658934305875,25.5,25.5,0.0,21.708267244193284,0.0076180628355009,456.4354985358162,0.02408,0.001000085427617,21.194925266651303,21.1949774004084,0.0158103371177067,40.8,29.6,1.0,0.0,14:30:00,0
2026-08-04 19:27:54.737000+05:30,26.2,87.5,423,0,21.2,65.4,0,956.6,23.6,63.5,456,0,86.6,67.6,455,0,25.5,63.0,464,0,0,0,0,0,29.6,40.8,0,1,0,0,21.407658934305875,25.5,25.5,0.0,21.708267244193284,0.0076180628355009,456.4354985358162,0.02408,0.001000085427617,21.194925266651303,21.1949774004084,0.0158103371177067,40.8,29.6,1.0,0.0,14:30:00,0
2026-08-04 19:27:59.753000+05:30,26.2,87.5,464,0,21.2,65.6,0,956.6,23.7,63.6,432,0,23.3,66.6,439,0,25.4,61.1,464,0,0,0,0,0,29.6,40.8,0,1,0,0,21.40765924316781,25.4,25.4,0.0,40.0,0.0076180628355009,1000.0,0.02408,0.0010000869150961,21.19543199028243,21.19588652068778,0.0158108411362408,40.8,29.6,1.0,0.0,14:30:00,0
2026-08-04 19:27:59.753000+05:30,26.2,87.5,464,0,21.2,65.6,0,956.6,23.7,63.6,432,0,23.3,66.6,439,0,25.4,61.1,464,0,0,0,0,0,29.6,40.8,0,1,0,0,21.40765924316781,25.4,25.4,0.0,40.0,0.0076180628355009,1000.0,0.02408,0.0010000869150961,21.19543199028243,21.19588652068778,0.0158108411362408,40.8,29.6,1.0,0.0,14:30:00,0
2026-08-04 19:28:04.753000+05:30,26.2,87.6,478,0,21.2,65.7,0,956.7,23.7,63.5,432,0,23.3,66.1,454,0,25.4,61.1,464,0,0,0,0,0,29.6,40.8,0,1,0,0,21.407657307669467,25.4,25.4,0.0,40.0,0.0076180628355009,420.0,0.02408,0.0010000775937361,21.19573048516142,21.19642377034691,0.0158111380444345,40.8,29.6,1.0,0.0,14:30:00,0
2026-08-04 19:28:04.753000+05:30,26.2,87.6,478,0,21.2,65.7,0,956.7,23.7,63.5,432,0,23.3,66.1,454,0,25.4,61.1,464,0,0,0,0,0,29.6,40.8,0,1,0,0,21.407657307669467,25.4,25.4,0.0,40.0,0.0076180628355009,420.0,0.02408,0.0010000775937361,21.19573048516142,21.19642377034691,0.0158111380444345,40.8,29.6,1.0,0.0,14:30:00,0
2026-08-04 19:28:09.801000+05:30,26.2,87.6,477,0,21.2,65.7,0,956.7,23.7,63.5,438,0,23.3,66.1,590,0,25.4,59.8,464,0,0,0,0,0,29.6,40.8,0,1,0,0,21.407657036703647,25.4,25.4,0.0,40.0,0.0076180628355009,420.0,0.02408,0.0010000762887647,21.19591120715081,21.1967488298362,0.0158113178082254,40.8,29.6,1.0,0.0,14:30:00,0
2026-08-04 19:28:09.801000+05:30,26.2,87.6,477,0,21.2,65.7,0,956.7,23.7,63.5,438,0,23.3,66.1,590,0,25.4,59.8,464,0,0,0,0,0,29.6,40.8,0,1,0,0,21.407657036703647,25.4,25.4,0.0,40.0,0.0076180628355009,420.0,0.02408,0.0010000762887647,21.19591120715081,21.1967488298362,0.0158113178082254,40.8,29.6,1.0,0.0,14:30:00,0
2026-08-04 19:28:14.800000+05:30,26.2,87.7,438,0,21.2,65.8,0,956.7,23.8,63.4,431,0,23.4,65.7,562,0,25.3,58.6,464,0,0,0,0,0,29.6,40.8,0,1,0,0,21.407684939567616,25.3,25.3,0.0,21.71265883628749,0.0076180628355009,428.1637395141697,0.02408,0.0010002106689576,21.19551418547355,21.196018189332047,0.0158109228940104,40.8,29.6,1.0,0.0,14:30:00,0
2026-08-04 19:28:14.800000+05:30,26.2,87.7,438,0,21.2,65.8,0,956.7,23.8,63.4,431,0,23.4,65.7,562,0,25.3,58.6,464,0,0,0,0,0,29.6,40.8,0,1,0,0,21.407684939567616,25.3,25.3,0.0,21.71265883628749,0.0076180628355009,428.1637395141697,0.02408,0.0010002106689576,21.19551418547355,21.196018189332047,0.0158109228940104,40.8,29.6,1.0,0.0,14:30:00,0
2026-08-04 19:28:19.854000+05:30,26.2,87.7,439,0,21.2,65.8,0,956.6,23.8,63.3,439,0,23.5,65.3,65535,0,25.2,57.7,464,0,0,0,0,0,29.6,40.8,0,1,0,0,21.407727397680524,25.2,25.2,0.0,21.71327169233718,0.0076180628355009,429.46769828024594,0.02408,0.0010004151472294,21.195249408751195,21.19555376404419,0.0158106595277293,40.8,29.6,1.0,0.0,14:30:00,0
2026-08-04 19:28:19.854000+05:30,26.2,87.7,439,0,21.2,65.8,0,956.6,23.8,63.3,439,0,23.5,65.3,65535,0,25.2,57.7,464,0,0,0,0,0,29.6,40.8,0,1,0,0,21.407727397680524,25.2,25.2,0.0,21.71327169233718,0.0076180628355009,429.46769828024594,0.02408,0.0010004151472294,21.195249408751195,21.19555376404419,0.0158106595277293,40.8,29.6,1.0,0.0,14:30:00,0
2026-08-04 19:28:24.855000+05:30,26.2,87.7,426,0,21.3,65.8,0,956.7,23.9,63.1,400,0,23.5,64.8,583,0,25.2,56.9,464,0,0,0,0,0,29.6,40.8,16,1,0,0,21.503544941475614,25.2,25.2,16.0,21.71413916931177,0.0076180628355009,431.58733346389886,0.02408,0.0010002779981087,21.234492707593898,21.23467591896172,0.0158497370984501,40.8,29.6,1.0,0.0,14:30:00,0
2026-08-04 19:28:24.855000+05:30,26.2,87.7,426,0,21.3,65.8,0,956.7,23.9,63.1,400,0,23.5,64.8,583,0,25.2,56.9,464,0,0,0,0,0,29.6,40.8,16,1,0,0,21.503544941475614,25.2,25.2,16.0,21.71413916931177,0.0076180628355009,431.58733346389886,0.02408,0.0010002779981087,21.234492707593898,21.23467591896172,0.0158497370984501,40.8,29.6,1.0,0.0,14:30:00,0
2026-08-04 19:28:29.882000+05:30,26.2,87.7,422,0,21.3,65.8,0,956.6,24.0,62.9,419,0,23.5,64.4,565,0,25.1,56.1,464,0,0,0,0,0,29.6,40.8,0,1,0,0,21.503579269598585,25.1,25.1,0.0,26.19998690000062,0.0076180628355009,425.7675421767058,0.02408,0.001000446696313,21.25803415327467,21.258156729948865,0.0158732210280571,40.8,29.6,1.0,0.0,14:30:00,0
2026-08-04 19:28:29.882000+05:30,26.2,87.7,422,0,21.3,65.8,0,956.6,24.0,62.9,419,0,23.5,64.4,565,0,25.1,56.1,464,0,0,0,0,0,29.6,40.8,0,1,0,0,21.503579269598585,25.1,25.1,0.0,26.19998690000062,0.0076180628355009,425.7675421767058,0.02408,0.001000446696313,21.25803415327467,21.258156729948865,0.0158732210280571,40.8,29.6,1.0,0.0,14:30:00,0
2026-08-04 19:28:34.882000+05:30,26.1,87.7,463,0,21.3,65.8,0,956.6,24.0,62.9,430,0,23.5,64.4,546,0,25.1,56.1,464,0,0,0,0,0,29.6,40.8,0,1,0,0,21.49939409229952,25.1,25.1,0.0,26.09998695000647,0.0076180628355009,425.0671210972727,0.02408,0.0010002936963692,21.27179318996476,21.27192012614703,0.0158869610177547,40.8,29.6,1.0,0.0,14:30:00,0
2026-08-04 19:28:34.882000+05:30,26.1,87.7,463,0,21.3,65.8,0,956.6,24.0,62.9,430,0,23.5,64.4,546,0,25.1,56.1,464,0,0,0,0,0,29.6,40.8,0,1,0,0,21.49939409229952,25.1,25.1,0.0,26.09998695000647,0.0076180628355009,425.0671210972727,0.02408,0.0010002936963692,21.27179318996476,21.27192012614703,0.0158869610177547,40.8,29.6,1.0,0.0,14:30:00,0
2026-08-04 19:28:39.929000+05:30,26.1,87.7,438,0,21.3,65.7,0,956.6,24.1,62.6,435,0,23.5,64.0,564,0,25.0,55.3,464,0,0,0,0,0,29.6,40.8,0,1,0,0,21.49942474549216,25.0,25.0,0.0,26.099986950004748,0.0076180628355009,430.6004131844773,0.02408,0.001000447473219,21.279974406388973,21.28006384592905,0.0158951360081984,40.8,29.6,1.0,0.0,14:30:00,0
2026-08-04 19:28:39.929000+05:30,26.1,87.7,438,0,21.3,65.7,0,956.6,24.1,62.6,435,0,23.5,64.0,564,0,25.0,55.3,464,0,0,0,0,0,29.6,40.8,0,1,0,0,21.49942474549216,25.0,25.0,0.0,26.099986950004748,0.0076180628355009,430.6004131844773,0.02408,0.001000447473219,21.279974406388973,21.28006384592905,0.0158951360081984,40.8,29.6,1.0,0.0,14:30:00,0
2026-08-04 19:28:44.929000+05:30,26.1,87.7,431,0,21.3,65.7,0,956.6,24.1,62.4,435,0,23.6,63.7,554,0,24.9,54.9,464,0,0,0,0,0,29.6,40.8,0,1,0,0,21.49944594347944,24.9,24.9,0.0,21.77084268274587,0.0076180628355009,422.4405458232124,0.02408,0.0010005538164551,21.2847613508551,21.284816923647497,0.0158999210741935,40.8,29.6,1.0,0.0,14:30:00,0
2026-08-04 19:28:44.929000+05:30,26.1,87.7,431,0,21.3,65.7,0,956.6,24.1,62.4,435,0,23.6,63.7,554,0,24.9,54.9,464,0,0,0,0,0,29.6,40.8,0,1,0,0,21.49944594347944,24.9,24.9,0.0,21.77084268274587,0.0076180628355009,422.4405458232124,0.02408,0.0010005538164551,21.2847613508551,21.284816923647497,0.0158999210741935,40.8,29.6,1.0,0.0,14:30:00,0
2026-08-04 19:28:49.929000+05:30,26.1,87.7,409,0,21.3,65.5,0,956.6,24.2,62.1,439,0,23.6,63.5,547,0,24.9,54.9,464,0,0,0,0,0,29.6,40.8,0,1,0,0,21.499406873526794,24.9,24.9,0.0,21.291441543850883,0.0076180628355009,425.8557808250767,0.02408,0.001000357815526,21.28767575007648,21.287709751258166,0.0159028349678838,40.8,29.6,1.0,0.0,14:30:00,0
2026-08-04 19:28:49.929000+05:30,26.1,87.7,409,0,21.3,65.5,0,956.6,24.2,62.1,439,0,23.6,63.5,547,0,24.9,54.9,464,0,0,0,0,0,29.6,40.8,0,1,0,0,21.499406873526794,24.9,24.9,0.0,21.291441543850883,0.0076180628355009,425.8557808250767,0.02408,0.001000357815526,21.28767575007648,21.287709751258166,0.0159028349678838,40.8,29.6,1.0,0.0,14:30:00,0
2026-08-04 19:28:54.930000+05:30,26.1,87.6,421,0,21.3,65.5,0,956.6,24.2,62.1,425,0,23.6,63.5,560,0,24.7,54.4,464,0,0,0,0,0,29.6,40.8,0,1,0,0,21.499435217222544,24.7,24.7,0.0,21.773990585416925,0.0076180628355009,428.9653221387195,0.02408,0.0010005000063997,21.289372552496623,21.289394862176373,0.0159045316984648,40.8,29.6,1.0,0.0,14:30:00,0
2026-08-04 19:28:54.930000+05:30,26.1,87.6,421,0,21.3,65.5,0,956.6,24.2,62.1,425,0,23.6,63.5,560,0,24.7,54.4,464,0,0,0,0,0,29.6,40.8,0,1,0,0,21.499435217222544,24.7,24.7,0.0,21.773990585416925,0.0076180628355009,428.9653221387195,0.02408,0.0010005000063997,21.289372552496623,21.289394862176373,0.0159045316984648,40.8,29.6,1.0,0.0,14:30:00,0
2026-08-04 19:28:59.930000+05:30,26.1,87.7,425,0,21.3,65.4,0,956.6,24.2,61.7,413,0,23.6,63.2,529,0,24.6,54.1,464,0,0,0,0,0,29.6,40.8,0,1,0,0,21.49940834111142,24.6,24.6,0.0,21.77549372949216,0.0076180628355009,429.2525881894678,0.02408,0.0010003651779089,21.290443510377187,21.290457691296183,0.0159056026952987,40.8,29.6,1.0,0.0,14:30:00,0
2026-08-04 19:28:59.930000+05:30,26.1,87.7,425,0,21.3,65.4,0,956.6,24.2,61.7,413,0,23.6,63.2,529,0,24.6,54.1,464,0,0,0,0,0,29.6,40.8,0,1,0,0,21.49940834111142,24.6,24.6,0.0,21.77549372949216,0.0076180628355009,429.2525881894678,0.02408,0.0010003651779089,21.290443510377187,21.290457691296183,0.0159056026952987,40.8,29.6,1.0,0.0,14:30:00,0
2026-08-04 19:29:04.931000+05:30,26.1,87.7,463,0,21.3,65.3,0,956.6,24.3,61.5,456,0,23.6,62.9,524,0,24.5,53.9,464,0,0,0,0,0,29.6,40.8,0,1,0,0,21.35704336068716,24.5,24.5,0.0,25.87963889632325,0.0076180628355009,544.1526906937452,0.08428,0.0010015863413986,19.790443510377187,19.790457691296183,0.0144678521234162,57.3,5.1,1.0,0.0,14:30:00,0
2026-08-04 19:29:04.931000+05:30,26.1,87.7,463,0,21.3,65.3,0,956.6,24.3,61.5,456,0,23.6,62.9,524,0,24.5,53.9,464,0,0,0,0,0,29.6,40.8,0,1,0,0,21.35704336068716,24.5,24.5,0.0,25.87963889632325,0.0076180628355009,544.1526906937452,0.08428,0.0010015863413986,19.790443510377187,19.790457691296183,0.0144678521234162,57.3,5.1,1.0,0.0,14:30:00,0
2026-08-04 19:29:09.931000+05:30,26.1,87.6,430,0,21.3,65.2,0,956.6,24.3,61.3,453,0,23.7,62.6,534,0,24.4,53.6,464,0,0,0,0,0,5.1,57.3,21,1,0,0,21.34514262424257,24.4,24.4,21.0,21.777998136964094,0.0076180628355009,432.3552093336051,0.1064335999999999,0.0010009775024132,18.290443510377187,18.290457691296183,0.0131484825959372,90.0,0.9,1.0,0.0,14:30:00,0
2026-08-04 19:29:09.931000+05:30,26.1,87.6,430,0,21.3,65.2,0,956.6,24.3,61.3,453,0,23.7,62.6,534,0,24.4,53.6,464,0,0,0,0,0,5.1,57.3,21,1,0,0,21.34514262424257,24.4,24.4,21.0,21.777998136964094,0.0076180628355009,432.3552093336051,0.1064335999999999,0.0010009775024132,18.290443510377187,18.290457691296183,0.0131484825959372,90.0,0.9,1.0,0.0,14:30:00,0
2026-08-04 19:29:14.931000+05:30,26.1,87.7,440,0,21.3,65.2,0,956.7,24.4,61.1,443,0,23.7,62.3,519,0,24.2,53.5,464,0,0,0,0,0,0.9,90.0,0,1,0,0,21.34512931926533,24.2,24.2,0.0,21.299996512930694,0.0076180628355009,452.7234365314483,0.1064336,0.001000682482283,16.790443510377187,16.790457691296183,0.0119385403002392,90.0,0.9,1.0,0.0,14:30:00,0
2026-08-04 19:29:14.931000+05:30,26.1,87.7,440,0,21.3,65.2,0,956.7,24.4,61.1,443,0,23.7,62.3,519,0,24.2,53.5,464,0,0,0,0,0,0.9,90.0,0,1,0,0,21.34512931926533,24.2,24.2,0.0,21.299996512930694,0.0076180628355009,452.7234365314483,0.1064336,0.001000682482283,16.790443510377187,16.790457691296183,0.0119385403002392,90.0,0.9,1.0,0.0,14:30:00,0
2026-08-04 19:29:19.931000+05:30,26.1,87.7,413,0,21.3,65.0,0,956.6,24.4,60.8,431,0,23.4,62.2,524,0,23.3,54.3,464,0,0,0,0,0,0.9,90.0,0,1,0,0,21.34511855425629,23.3,23.3,0.0,21.306007115111903,0.0076180628355009,448.18214418914135,0.1064336,0.0010004437825609,15.290443510377187,15.44672256160196,0.0108297242153176,90.0,0.9,1.0,0.0,14:30:00,0
2026-08-04 19:29:19.931000+05:30,26.1,87.7,413,0,21.3,65.0,0,956.6,24.4,60.8,431,0,23.4,62.2,524,0,23.3,54.3,464,0,0,0,0,0,0.9,90.0,0,1,0,0,21.34511855425629,23.3,23.3,0.0,21.306007115111903,0.0076180628355009,448.18214418914135,0.1064336,0.0010004437825609,15.290443510377187,15.44672256160196,0.0108297242153176,90.0,0.9,1.0,0.0,14:30:00,0
2026-08-04 19:29:24.932000+05:30,26.1,87.8,440,0,21.3,64.7,0,956.6,24.4,60.5,421,0,23.2,62.5,537,0,22.8,56.1,464,0,0,0,0,0,0.9,90.0,0,1,0,0,21.3451118576094,22.8,22.8,0.0,21.78882476727412,0.0076180628355009,442.9245939747744,0.1064336,0.0010002952933448,14.163526746272336,14.61302952312309,0.0100585541935491,90.0,0.9,1.0,0.0,14:30:00,0
2026-08-04 19:29:24.932000+05:30,26.1,87.8,440,0,21.3,64.7,0,956.6,24.4,60.5,421,0,23.2,62.5,537,0,22.8,56.1,464,0,0,0,0,0,0.9,90.0,0,1,0,0,21.3451118576094,22.8,22.8,0.0,21.78882476727412,0.0076180628355009,442.9245939747744,0.1064336,0.0010002952933448,14.163526746272336,14.61302952312309,0.0100585541935491,90.0,0.9,1.0,0.0,14:30:00,0
2026-08-04 19:29:29.932000+05:30,26.1,87.8,440,0,21.3,64.7,0,956.6,24.4,60.5,421,0,23.2,62.5,537,0,22.8,56.1,464,0,0,0,0,0,0.9,90.0,0,1,0,0,21.345107537541843,22.4,22.4,28.0,21.78954074305906,0.0076180628355009,437.9717972658052,0.1064335999999999,0.0010001995016069,13.478101191285388,14.105591103582906,0.009613982432167,90.0,0.9,1.0,0.0,14:30:00,0
2026-08-04 19:29:29.932000+05:30,26.1,87.8,440,0,21.3,64.7,0,956.6,24.4,60.5,421,0,23.2,62.5,537,0,22.8,56.1,464,0,0,0,0,0,0.9,90.0,0,1,0,0,21.345107537541843,22.4,22.4,28.0,21.78954074305906,0.0076180628355009,437.9717972658052,0.1064335999999999,0.0010001995016069,13.478101191285388,14.105591103582906,0.009613982432167,90.0,0.9,1.0,0.0,14:30:00,0
2026-08-04 19:29:34.932000+05:30,26.1,87.9,439,0,21.4,63.9,0,956.7,24.4,59.7,405,0,22.8,63.4,512,0,22.4,58.0,464,0,0,0,0,0,0.9,90.0,0,1,0,0,21.444164939193783,22.4,22.4,0.0,25.19196242426149,0.0076180628355009,421.2955834427688,0.1064336,0.0010001347813139,13.107318083166945,13.97596880757546,0.0093809130624251,90.0,0.9,1.0,0.0,14:30:00,0
2026-08-04 19:29:34.932000+05:30,26.1,87.9,439,0,21.4,63.9,0,956.7,24.4,59.7,405,0,22.8,63.4,512,0,22.4,58.0,464,0,0,0,0,0,0.9,90.0,0,1,0,0,21.444164939193783,22.4,22.4,0.0,25.19196242426149,0.0076180628355009,421.2955834427688,0.1064336,0.0010001347813139,13.107318083166945,13.97596880757546,0.0093809130624251,90.0,0.9,1.0,0.0,14:30:00,0
2026-08-04 19:29:39.932000+05:30,26.1,87.9,477,0,21.4,63.9,0,956.7,24.4,59.7,440,0,22.8,63.4,508,0,22.1,59.7,464,0,0,0,0,0,0.9,90.0,0,1,0,0,21.444163149057573,22.1,22.1,0.0,25.123000186306506,0.0076180628355009,452.1792644078584,0.1064336,0.0010000942428796,12.895184453282104,13.904961672110495,0.0092498602308233,90.0,0.9,1.0,0.0,14:30:00,0
2026-08-04 19:29:39.932000+05:30,26.1,87.9,477,0,21.4,63.9,0,956.7,24.4,59.7,440,0,22.8,63.4,508,0,22.1,59.7,464,0,0,0,0,0,0.9,90.0,0,1,0,0,21.444163149057573,22.1,22.1,0.0,25.123000186306506,0.0076180628355009,452.1792644078584,0.1064336,0.0010000942428796,12.895184453282104,13.904961672110495,0.0092498602308233,90.0,0.9,1.0,0.0,14:30:00,0
2026-08-04 19:29:44.933000+05:30,26.1,87.7,448,0,21.4,63.8,0,956.8,24.4,59.5,416,0,22.7,63.7,505,0,21.9,61.2,464,0,0,0,0,0,0.9,90.0,0,1,0,0,21.44416216064926,21.9,21.9,0.0,25.12812784547961,0.0076180628355009,422.3549299944604,0.1064336,0.0010000718599317,12.775669615424212,13.869678839459269,0.0091767512538885,90.0,0.9,1.0,0.0,14:30:00,0
2026-08-04 19:29:44.933000+05:30,26.1,87.7,448,0,21.4,63.8,0,956.8,24.4,59.5,416,0,22.7,63.7,505,0,21.9,61.2,464,0,0,0,0,0,0.9,90.0,0,1,0,0,21.44416216064926,21.9,21.9,0.0,25.12812784547961,0.0076180628355009,422.3549299944604,0.1064336,0.0010000718599317,12.775669615424212,13.869678839459269,0.0091767512538885,90.0,0.9,1.0,0.0,14:30:00,0
2026-08-04 19:29:49.933000+05:30,26.1,87.9,467,0,21.4,63.5,0,956.6,24.4,59.3,434,0,22.6,64.1,513,0,21.6,62.4,464,0,0,0,0,0,0.9,90.0,0,1,0,0,21.444161538771738,21.6,21.6,0.0,25.13244994159355,0.0076180628355009,421.09891937248096,0.1064335999999999,0.0010000577772374,12.70884045094245,13.853142510266212,0.0091360971770619,90.0,0.9,1.0,0.0,14:30:00,0
2026-08-04 19:29:49.933000+05:30,26.1,87.9,467,0,21.4,63.5,0,956.6,24.4,59.3,434,0,22.6,64.1,513,0,21.6,62.4,464,0,0,0,0,0,0.9,90.0,0,1,0,0,21.444161538771738,21.6,21.6,0.0,25.13244994159355,0.0076180628355009,421.09891937248096,0.1064335999999999,0.0010000577772374,12.70884045094245,13.853142510266212,0.0091360971770619,90.0,0.9,1.0,0.0,14:30:00,0
2026-08-04 19:29:54.933000+05:30,26.1,87.9,436,0,21.4,63.4,0,956.7,24.3,59.2,441,0,22.6,64.1,486,0,21.3,63.9,464,0,0,0,0,0,0.9,90.0,0,1,0,0,21.444163541299645,21.3,21.3,0.0,25.12091692355344,0.0076180628355009,424.1231992916334,0.1064336,0.0010001031253766,12.67155566049882,13.845532306731611,0.0091134860428414,90.0,0.9,1.0,0.0,14:30:00,0
2026-08-04 19:29:54.933000+05:30,26.1,87.9,436,0,21.4,63.4,0,956.7,24.3,59.2,441,0,22.6,64.1,486,0,21.3,63.9,464,0,0,0,0,0,0.9,90.0,0,1,0,0,21.444163541299645,21.3,21.3,0.0,25.12091692355344,0.0076180628355009,424.1231992916334,0.1064336,0.0010001031253766,12.67155566049882,13.845532306731611,0.0091134860428414,90.0,0.9,1.0,0.0,14:30:00,0
2026-08-04 19:29:59.933000+05:30,26.2,87.8,438,0,21.4,63.3,0,956.6,24.3,59.1,425,0,22.4,64.7,530,0,21.2,64.9,464,0,0,0,0,0,0.9,90.0,11,1,0,0,21.5038322476631,21.2,21.2,11.0,21.886759781541944,0.0076180628355009,427.92140115264095,0.0462335999999999,0.0010001122094909,14.17155566049882,15.345532306731611,0.0100638693439982,47.1,17.0,1.0,0.0,14:30:00,0
2026-08-04 19:29:59.933000+05:30,26.2,87.8,438,0,21.4,63.3,0,956.6,24.3,59.1,425,0,22.4,64.7,530,0,21.2,64.9,464,0,0,0,0,0,0.9,90.0,11,1,0,0,21.5038322476631,21.2,21.2,11.0,21.886759781541944,0.0076180628355009,427.92140115264095,0.0462335999999999,0.0010001122094909,14.17155566049882,15.345532306731611,0.0100638693439982,47.1,17.0,1.0,0.0,14:30:00,0
2026-08-04 19:30:04.938000+05:30,26.2,87.8,420,0,21.4,63.2,0,956.6,24.3,59.1,432,0,22.4,65.0,509,0,21.0,65.7,464,0,0,0,0,0,17.0,47.1,0,1,0,0,21.59936333542994,21.0,21.0,0.0,21.91993048973768,0.0076180628355009,425.6473497974037,0.02408,0.0010001393994068,15.67155566049882,16.845532306731613,0.0111022982214149,40.8,29.6,1.0,0.0,14:30:00,0
2026-08-04 19:30:04.938000+05:30,26.2,87.8,420,0,21.4,63.2,0,956.6,24.3,59.1,432,0,22.4,65.0,509,0,21.0,65.7,464,0,0,0,0,0,17.0,47.1,0,1,0,0,21.59936333542994,21.0,21.0,0.0,21.91993048973768,0.0076180628355009,425.6473497974037,0.02408,0.0010001393994068,15.67155566049882,16.845532306731613,0.0111022982214149,40.8,29.6,1.0,0.0,14:30:00,0
2026-08-04 19:30:09.935000+05:30,26.2,87.7,445,0,21.4,63.1,0,956.7,24.3,59.1,407,0,22.4,65.2,503,0,21.0,65.7,464,0,0,0,0,0,29.6,40.8,0,1,0,0,21.599356970727943,21.0,21.0,0.0,26.199986900006262,0.0076180628355009,427.8724055357257,0.02408,0.0010001074698185,17.171555660498818,18.345532306731613,0.012236055300114,40.8,29.6,1.0,0.0,14:30:00,0
2026-08-04 19:30:09.935000+05:30,26.2,87.7,445,0,21.4,63.1,0,956.7,24.3,59.1,407,0,22.4,65.2,503,0,21.0,65.7,464,0,0,0,0,0,29.6,40.8,0,1,0,0,21.599356970727943,21.0,21.0,0.0,26.199986900006262,0.0076180628355009,427.8724055357257,0.02408,0.0010001074698185,17.171555660498818,18.345532306731613,0.012236055300114,40.8,29.6,1.0,0.0,14:30:00,0
2026-08-04 19:30:14.968000+05:30,26.2,87.6,437,0,21.4,63.1,0,956.7,24.3,59.1,422,0,22.4,65.2,496,0,21.0,66.2,464,0,0,0,0,0,29.6,40.8,0,1,0,0,21.599358986164763,21.0,21.0,0.0,26.199986900006262,0.0076180628355009,422.8848914005084,0.02408,0.0010001175805932,18.67155566049881,19.569686526925167,0.013472988768573,40.8,29.6,1.0,0.0,14:30:00,0
2026-08-04 19:30:14.968000+05:30,26.2,87.6,437,0,21.4,63.1,0,956.7,24.3,59.1,422,0,22.4,65.2,496,0,21.0,66.2,464,0,0,0,0,0,29.6,40.8,0,1,0,0,21.599358986164763,21.0,21.0,0.0,26.199986900006262,0.0076180628355009,422.8848914005084,0.02408,0.0010001175805932,18.67155566049881,19.569686526925167,0.013472988768573,40.8,29.6,1.0,0.0,14:30:00,0
2026-08-04 19:30:19.969000+05:30,26.2,87.6,439,0,21.4,63.1,0,956.6,24.3,59.0,449,0,22.5,65.2,497,0,21.1,66.0,464,0,0,0,0,0,29.6,40.8,0,1,0,0,21.59936672289212,21.1,21.1,0.0,26.199986900006262,0.0076180628355009,422.4460348745909,0.02408,0.0010001563931754,19.76314562955076,20.302062984757416,0.0144428120606819,40.8,29.6,1.0,0.0,14:30:00,0
2026-08-04 19:30:19.969000+05:30,26.2,87.6,439,0,21.4,63.1,0,956.6,24.3,59.0,449,0,22.5,65.2,497,0,21.1,66.0,464,0,0,0,0,0,29.6,40.8,0,1,0,0,21.59936672289212,21.1,21.1,0.0,26.199986900006262,0.0076180628355009,422.4460348745909,0.02408,0.0010001563931754,19.76314562955076,20.302062984757416,0.0144428120606819,40.8,29.6,1.0,0.0,14:30:00,0
2026-08-04 19:30:25.034000+05:30,26.2,87.5,426,0,21.4,63.0,0,956.6,24.4,59.0,444,0,22.5,65.1,507,0,21.2,65.6,464,0,0,0,0,0,29.6,40.8,0,1,0,0,21.599362353124377,21.2,21.2,0.0,21.89428119621591,0.0076180628355009,428.2537203536312,0.02408,0.0010001344715072,20.41649124888672,20.73984230379412,0.0150529873374199,40.8,29.6,1.0,0.0,14:30:00,0
2026-08-04 19:30:25.034000+05:30,26.2,87.5,426,0,21.4,63.0,0,956.6,24.4,59.0,444,0,22.5,65.1,507,0,21.2,65.6,464,0,0,0,0,0,29.6,40.8,0,1,0,0,21.599362353124377,21.2,21.2,0.0,21.89428119621591,0.0076180628355009,428.2537203536312,0.02408,0.0010001344715072,20.41649124888672,20.73984230379412,0.0150529873374199,40.8,29.6,1.0,0.0,14:30:00,0
2026-08-04 19:30:30.035000+05:30,26.2,87.5,446,0,21.4,63.0,0,956.6,24.4,59.0,438,0,22.7,65.0,527,0,21.3,65.0,464,0,0,0,0,0,29.6,40.8,0,1,0,0,21.599375141780964,21.3,21.3,0.0,26.199986900006262,0.0076180628355009,430.9017229803336,0.02408,0.0010001986279345,20.80768887770102,21.00173119613163,0.0154293884404183,40.8,29.6,1.0,0.0,14:30:00,0
2026-08-04 19:30:30.035000+05:30,26.2,87.5,446,0,21.4,63.0,0,956.6,24.4,59.0,438,0,22.7,65.0,527,0,21.3,65.0,464,0,0,0,0,0,29.6,40.8,0,1,0,0,21.599375141780964,21.3,21.3,0.0,26.199986900006262,0.0076180628355009,430.9017229803336,0.02408,0.0010001986279345,20.80768887770102,21.00173119613163,0.0154293884404183,40.8,29.6,1.0,0.0,14:30:00,0
2026-08-04 19:30:35.101000+05:30,26.2,87.3,473,0,21.4,63.0,0,956.6,24.4,59.0,442,0,22.7,65.0,517,0,21.3,65.0,464,0,0,0,0,0,29.6,40.8,0,1,0,0,21.5993645101861,21.3,21.3,0.0,25.11636862188749,0.0076180628355009,432.4843269346407,0.02408,0.0010001452927669,21.04188176081319,21.15833294845569,0.0156587738685016,40.8,29.6,1.0,0.0,14:30:00,0
2026-08-04 19:30:35.101000+05:30,26.2,87.3,473,0,21.4,63.0,0,956.6,24.4,59.0,442,0,22.7,65.0,517,0,21.3,65.0,464,0,0,0,0,0,29.6,40.8,0,1,0,0,21.5993645101861,21.3,21.3,0.0,25.11636862188749,0.0076180628355009,432.4843269346407,0.02408,0.0010001452927669,21.04188176081319,21.15833294845569,0.0156587738685016,40.8,29.6,1.0,0.0,14:30:00,0
2026-08-04 19:30:40.101000+05:30,26.2,87.3,445,0,21.4,63.0,0,956.6,24.4,58.9,438,0,22.7,64.6,485,0,21.3,64.2,464,0,0,0,0,0,29.6,40.8,0,1,0,0,21.59938392364744,21.3,21.3,0.0,21.886851263858407,0.0076180628355009,434.77292275521023,0.02408,0.0010002426836313,21.18197682721617,21.251848898743887,0.015797462731512,40.8,29.6,1.0,0.0,14:30:00,0
2026-08-04 19:30:40.101000+05:30,26.2,87.3,445,0,21.4,63.0,0,956.6,24.4,58.9,438,0,22.7,64.6,485,0,21.3,64.2,464,0,0,0,0,0,29.6,40.8,0,1,0,0,21.59938392364744,21.3,21.3,0.0,21.886851263858407,0.0076180628355009,434.77292275521023,0.02408,0.0010002426836313,21.18197682721617,21.251848898743887,0.015797462731512,40.8,29.6,1.0,0.0,14:30:00,0
2026-08-04 19:30:45.131000+05:30,26.2,87.3,437,0,21.4,63.0,0,956.6,24.4,58.8,425,0,22.8,64.3,482,0,21.3,63.5,464,0,0,0,0,0,29.6,40.8,0,1,0,0,21.59937836249976,21.3,21.3,0.0,21.885715291238093,0.0076180628355009,468.4140362436268,0.02408,0.0010002147852071,21.265875647677543,21.307799738898574,0.0158810503493197,40.8,29.6,1.0,1.0,14:30:00,0
2026-08-04 19:30:45.131000+05:30,26.2,87.3,437,0,21.4,63.0,0,956.6,24.4,58.8,425,0,22.8,64.3,482,0,21.3,63.5,464,0,0,0,0,0,29.6,40.8,0,1,0,0,21.59937836249976,21.3,21.3,0.0,21.885715291238093,0.0076180628355009,468.4140362436268,0.02408,0.0010002147852071,21.265875647677543,21.307799738898574,0.0158810503493197,40.8,29.6,1.0,1.0,14:30:00,0
2026-08-04 19:30:50.133000+05:30,26.2,87.2,457,0,21.4,62.9,0,956.6,24.5,58.8,432,0,22.8,64.0,481,0,21.3,62.8,464,0,0,0,0,0,29.6,40.8,0,1,1,0,21.45696245009521,21.3,21.3,0.0,25.88426631803568,0.0081259899933558,434.9719646048115,0.08428,0.0010001656862551,19.765875647677543,19.807799738898574,0.0144453145160273,57.3,5.1,1.0,0.0,14:30:00,0
2026-08-04 19:30:50.133000+05:30,26.2,87.2,457,0,21.4,62.9,0,956.6,24.5,58.8,432,0,22.8,64.0,481,0,21.3,62.8,464,0,0,0,0,0,29.6,40.8,0,1,1,0,21.45696245009521,21.3,21.3,0.0,25.88426631803568,0.0081259899933558,434.9719646048115,0.08428,0.0010001656862551,19.765875647677543,19.807799738898574,0.0144453145160273,57.3,5.1,1.0,0.0,14:30:00,0
2026-08-04 19:30:55.183000+05:30,26.3,87.2,436,0,21.4,62.9,0,956.5,24.5,58.6,446,0,22.9,63.6,479,0,21.3,62.2,464,0,0,0,0,0,5.1,57.3,0,1,0,0,21.446045626516323,21.3,21.3,0.0,21.89247199989698,0.0085652947824025,435.7566165439607,0.1064336,0.0010001636315077,18.265875647677543,18.307799738898574,0.0131278075187632,90.0,0.9,1.0,0.0,14:30:00,0
2026-08-04 19:30:55.183000+05:30,26.3,87.2,436,0,21.4,62.9,0,956.5,24.5,58.6,446,0,22.9,63.6,479,0,21.3,62.2,464,0,0,0,0,0,5.1,57.3,0,1,0,0,21.446045626516323,21.3,21.3,0.0,21.89247199989698,0.0085652947824025,435.7566165439607,0.1064336,0.0010001636315077,18.265875647677543,18.307799738898574,0.0131278075187632,90.0,0.9,1.0,0.0,14:30:00,0
2026-08-04 19:31:00.183000+05:30,26.3,87.1,410,0,21.5,62.8,0,956.6,24.5,58.6,460,0,22.9,63.3,487,0,21.3,61.7,464,0,0,0,0,0,0.9,90.0,0,1,0,0,21.54510419403328,21.3,21.3,0.0,21.40380946818555,0.0084848419178716,437.5368303322188,0.1064336,0.0010001253637626,16.765875647677543,16.807799738898574,0.0119195866852895,90.0,0.9,1.0,0.0,14:30:00,0
2026-08-04 19:31:00.183000+05:30,26.3,87.1,410,0,21.5,62.8,0,956.6,24.5,58.6,460,0,22.9,63.3,487,0,21.3,61.7,464,0,0,0,0,0,0.9,90.0,0,1,0,0,21.54510419403328,21.3,21.3,0.0,21.40380946818555,0.0084848419178716,437.5368303322188,0.1064336,0.0010001253637626,16.765875647677543,16.807799738898574,0.0119195866852895,90.0,0.9,1.0,0.0,14:30:00,0
2026-08-04 19:31:05.183000+05:30,26.3,87.1,400,0,21.5,62.7,0,956.6,24.5,58.4,411,0,22.7,63.2,471,0,20.5,62.1,464,0,0,0,0,0,0.9,90.0,0,1,0,0,21.545104464259527,20.5,20.5,0.0,21.42231489572892,0.0082915103249737,440.58700271087565,0.1064336,0.0010001313556693,15.413470814230756,15.738972742235251,0.0109170494139211,90.0,0.9,1.0,0.0,14:30:00,0
2026-08-04 19:31:05.183000+05:30,26.3,87.1,400,0,21.5,62.7,0,956.6,24.5,58.4,411,0,22.7,63.2,471,0,20.5,62.1,464,0,0,0,0,0,0.9,90.0,0,1,0,0,21.545104464259527,20.5,20.5,0.0,21.42231489572892,0.0082915103249737,440.58700271087565,0.1064336,0.0010001313556693,15.413470814230756,15.738972742235251,0.0109170494139211,90.0,0.9,1.0,0.0,14:30:00,0
2026-08-04 19:31:10.184000+05:30,26.3,87.0,428,0,21.5,62.7,0,956.7,24.6,58.3,436,0,22.5,63.4,482,0,20.1,63.5,464,0,0,0,0,0,0.9,90.0,0,1,0,0,21.54510497490676,20.1,20.1,0.0,21.433198518958523,0.0081275261381019,438.4462145775353,0.1064335999999999,0.0010001426785908,14.48974065181134,14.99995580677923,0.0102765492086029,90.0,0.9,1.0,0.0,14:30:00,0
2026-08-04 19:31:10.184000+05:30,26.3,87.0,428,0,21.5,62.7,0,956.7,24.6,58.3,436,0,22.5,63.4,482,0,20.1,63.5,464,0,0,0,0,0,0.9,90.0,0,1,0,0,21.54510497490676,20.1,20.1,0.0,21.433198518958523,0.0081275261381019,438.4462145775353,0.1064335999999999,0.0010001426785908,14.48974065181134,14.99995580677923,0.0102765492086029,90.0,0.9,1.0,0.0,14:30:00,0
2026-08-04 19:31:15.183000+05:30,26.2,86.9,426,0,21.5,62.3,0,956.7,24.6,58.1,436,0,22.4,63.7,475,0,19.9,65.0,464,0,0,0,0,0,0.9,90.0,0,1,0,0,21.54416513463739,19.9,19.9,0.0,21.44401597414835,0.0084651542053502,438.8689769632674,0.1064335999999999,0.0010001392072216,14.097620780030647,14.7031544271215,0.0100150195215703,90.0,0.9,1.0,0.0,14:30:00,0
2026-08-04 19:31:15.183000+05:30,26.2,86.9,426,0,21.5,62.3,0,956.7,24.6,58.1,436,0,22.4,63.7,475,0,19.9,65.0,464,0,0,0,0,0,0.9,90.0,0,1,0,0,21.54416513463739,19.9,19.9,0.0,21.44401597414835,0.0084651542053502,438.8689769632674,0.1064335999999999,0.0010001392072216,14.097620780030647,14.7031544271215,0.0100150195215703,90.0,0.9,1.0,0.0,14:30:00,0
2026-08-04 19:31:20.184000+05:30,26.3,87.2,451,0,21.5,62.3,0,956.7,24.6,58.1,433,0,22.4,63.7,511,0,19.9,65.0,464,0,0,0,0,0,0.9,90.0,0,1,0,0,21.54510450990991,19.9,19.9,0.0,25.15420995099792,0.008598485508196,438.7430321840859,0.1064335999999999,0.0010001323679056,13.960809604949596,14.763437958524548,0.0099251874545234,90.0,0.9,1.0,0.0,14:30:00,0
2026-08-04 19:31:20.184000+05:30,26.3,87.2,451,0,21.5,62.3,0,956.7,24.6,58.1,433,0,22.4,63.7,511,0,19.9,65.0,464,0,0,0,0,0,0.9,90.0,0,1,0,0,21.54510450990991,19.9,19.9,0.0,25.15420995099792,0.008598485508196,438.7430321840859,0.1064335999999999,0.0010001323679056,13.960809604949596,14.763437958524548,0.0099251874545234,90.0,0.9,1.0,0.0,14:30:00,0
2026-08-04 19:31:25.184000+05:30,26.2,87.2,441,0,21.5,62.0,0,956.7,24.6,57.8,407,0,22.3,64.1,511,0,19.7,66.8,464,0,0,0,0,0,0.9,90.0,0,1,0,0,21.54416327236656,19.7,19.7,0.0,21.93421280404794,0.0085715705997656,439.1439945870851,0.1064336,0.0010000970352666,13.847381705815277,14.64136582484696,0.0098512582908879,90.0,0.9,1.0,0.0,14:30:00,0
2026-08-04 19:31:25.184000+05:30,26.2,87.2,441,0,21.5,62.0,0,956.7,24.6,57.8,407,0,22.3,64.1,511,0,19.7,66.8,464,0,0,0,0,0,0.9,90.0,0,1,0,0,21.54416327236656,19.7,19.7,0.0,21.93421280404794,0.0085715705997656,439.1439945870851,0.1064336,0.0010000970352666,13.847381705815277,14.64136582484696,0.0098512582908879,90.0,0.9,1.0,0.0,14:30:00,0
2026-08-04 19:31:30.185000+05:30,26.3,87.4,447,0,21.5,62.0,0,956.6,24.6,57.7,433,0,22.2,64.5,492,0,19.5,68.1,464,0,0,0,0,0,0.9,90.0,0,1,0,0,21.54510413670831,19.5,19.5,0.0,25.3802149865738,0.0089945202231921,435.7809741395176,0.1064336,0.0010001240926578,14.018218598043044,14.921639339837744,0.0099627945200383,90.0,0.9,1.0,0.0,14:30:00,0
2026-08-04 19:31:30.185000+05:30,26.3,87.4,447,0,21.5,62.0,0,956.6,24.6,57.7,433,0,22.2,64.5,492,0,19.5,68.1,464,0,0,0,0,0,0.9,90.0,0,1,0,0,21.54510413670831,19.5,19.5,0.0,25.3802149865738,0.0089945202231921,435.7809741395176,0.1064336,0.0010001240926578,14.018218598043044,14.921639339837744,0.0099627945200383,90.0,0.9,1.0,0.0,14:30:00,0
2026-08-04 19:31:35.210000+05:30,26.3,87.4,436,0,21.5,61.9,0,956.6,24.6,57.6,442,0,22.1,64.7,505,0,19.4,69.0,464,0,0,0,0,0,0.9,90.0,0,1,0,0,21.54510594291268,19.4,19.4,0.0,21.95305539266824,0.0091764004022191,436.2528894246949,0.1064335999999999,0.0010001641428315,14.181159360064273,15.005688260041971,0.0100702303158287,90.0,0.9,1.0,0.0,14:30:00,0
2026-08-04 19:31:35.210000+05:30,26.3,87.4,436,0,21.5,61.9,0,956.6,24.6,57.6,442,0,22.1,64.7,505,0,19.4,69.0,464,0,0,0,0,0,0.9,90.0,0,1,0,0,21.54510594291268,19.4,19.4,0.0,21.95305539266824,0.0091764004022191,436.2528894246949,0.1064335999999999,0.0010001641428315,14.181159360064273,15.005688260041971,0.0100702303158287,90.0,0.9,1.0,0.0,14:30:00,0
2026-08-04 19:31:40.247000+05:30,26.3,87.3,459,0,21.5,61.9,0,956.6,24.5,57.6,450,0,22.0,65.0,496,0,19.3,70.1,464,0,0,0,0,0,0.9,90.0,0,1,0,0,21.545107526698786,19.3,19.3,0.0,25.19643956300008,0.0095638151520916,440.002037209856,0.1064336,0.0010001992611766,14.485887498893522,15.3715654116783,0.0102739497479936,90.0,0.9,1.0,0.0,14:30:00,0
2026-08-04 19:31:40.247000+05:30,26.3,87.3,459,0,21.5,61.9,0,956.6,24.5,57.6,450,0,22.0,65.0,496,0,19.3,70.1,464,0,0,0,0,0,0.9,90.0,0,1,0,0,21.545107526698786,19.3,19.3,0.0,25.19643956300008,0.0095638151520916,440.002037209856,0.1064336,0.0010001992611766,14.485887498893522,15.3715654116783,0.0102739497479936,90.0,0.9,1.0,0.0,14:30:00,0
2026-08-04 19:31:45.248000+05:30,26.3,87.3,431,0,21.5,61.9,0,956.6,24.5,57.6,441,0,22.0,65.0,507,0,19.3,70.1,464,0,0,0,0,0,0.9,90.0,0,1,0,0,21.545107090890188,19.3,19.3,0.0,21.962534479172305,0.0095906770846895,440.4702429319703,0.1064335999999999,0.001000189597702,14.648525243758286,15.442394883893822,0.0103841854245004,90.0,0.9,1.0,0.0,14:30:00,0
2026-08-04 19:31:45.248000+05:30,26.3,87.3,431,0,21.5,61.9,0,956.6,24.5,57.6,441,0,22.0,65.0,507,0,19.3,70.1,464,0,0,0,0,0,0.9,90.0,0,1,0,0,21.545107090890188,19.3,19.3,0.0,21.962534479172305,0.0095906770846895,440.4702429319703,0.1064335999999999,0.001000189597702,14.648525243758286,15.442394883893822,0.0103841854245004,90.0,0.9,1.0,0.0,14:30:00,0
2026-08-04 19:31:50.248000+05:30,26.3,87.4,452,0,21.5,61.8,0,956.6,24.5,57.6,450,0,21.9,65.3,498,0,19.2,70.7,464,0,0,0,0,0,0.9,90.0,0,1,0,0,21.5451107262268,19.2,19.2,0.0,25.11931046881028,0.0097855943871421,442.411508425877,0.1064335999999999,0.0010002702064443,14.855335111943576,15.70944944862782,0.01052589461467,90.0,0.9,1.0,0.0,14:30:00,0
2026-08-04 19:31:50.248000+05:30,26.3,87.4,452,0,21.5,61.8,0,956.6,24.5,57.6,450,0,21.9,65.3,498,0,19.2,70.7,464,0,0,0,0,0,0.9,90.0,0,1,0,0,21.5451107262268,19.2,19.2,0.0,25.11931046881028,0.0097855943871421,442.411508425877,0.1064335999999999,0.0010002702064443,14.855335111943576,15.70944944862782,0.01052589461467,90.0,0.9,1.0,0.0,14:30:00,0
2026-08-04 19:31:55.251000+05:30,26.3,87.6,447,0,21.5,61.7,0,956.7,24.5,57.6,400,0,21.9,65.6,498,0,19.1,71.6,464,0,0,0,0,0,0.9,90.0,0,1,0,0,21.60383938150733,19.1,19.1,0.0,21.96996903141168,0.0098065189727736,442.6851250334112,0.0462335999999999,0.0010001809226786,16.355335111943575,17.20944944862782,0.0116068429207643,47.1,17.0,1.0,0.0,14:30:00,0
2026-08-04 19:31:55.251000+05:30,26.3,87.6,447,0,21.5,61.7,0,956.7,24.5,57.6,400,0,21.9,65.6,498,0,19.1,71.6,464,0,0,0,0,0,0.9,90.0,0,1,0,0,21.60383938150733,19.1,19.1,0.0,21.96996903141168,0.0098065189727736,442.6851250334112,0.0462335999999999,0.0010001809226786,16.355335111943575,17.20944944862782,0.0116068429207643,47.1,17.0,1.0,0.0,14:30:00,0
2026-08-04 19:32:00.251000+05:30,26.4,87.5,424,0,21.5,61.7,0,956.7,24.5,57.6,447,0,21.9,65.6,478,0,19.0,72.4,464,0,0,0,0,0,17.0,47.1,0,1,0,0,21.70351750144752,19.0,19.0,0.0,21.488804864713423,0.0097762519394363,437.56986131876096,0.02408,0.0010001431499706,17.855335111943575,18.70944944862782,0.0127866241317529,40.8,29.6,1.0,0.0,14:30:00,0
2026-08-04 19:32:00.251000+05:30,26.4,87.5,424,0,21.5,61.7,0,956.7,24.5,57.6,447,0,21.9,65.6,478,0,19.0,72.4,464,0,0,0,0,0,17.0,47.1,0,1,0,0,21.70351750144752,19.0,19.0,0.0,21.488804864713423,0.0097762519394363,437.56986131876096,0.02408,0.0010001431499706,17.855335111943575,18.70944944862782,0.0127866241317529,40.8,29.6,1.0,0.0,14:30:00,0
2026-08-04 19:32:05.305000+05:30,26.5,87.6,438,0,21.5,61.6,0,956.6,24.5,57.6,420,0,21.8,66.0,481,0,19.0,72.4,464,0,0,0,0,0,29.6,40.8,0,1,0,0,21.70766931199066,19.0,19.0,0.0,21.99316181183648,0.0099153948631846,439.0540460313853,0.02408,0.001000135406547,19.3201185102398,19.83258788928621,0.0140418593224286,40.8,29.6,0.0,1.0,14:30:00,0
2026-08-04 19:32:05.305000+05:30,26.5,87.6,438,0,21.5,61.6,0,956.6,24.5,57.6,420,0,21.8,66.0,481,0,19.0,72.4,464,0,0,0,0,0,29.6,40.8,0,1,0,0,21.70766931199066,19.0,19.0,0.0,21.99316181183648,0.0099153948631846,439.0540460313853,0.02408,0.001000135406547,19.3201185102398,19.83258788928621,0.0140418593224286,40.8,29.6,0.0,1.0,14:30:00,0
2026-08-04 19:32:10.307000+05:30,26.5,87.1,438,0,21.5,61.6,0,956.6,24.5,57.6,445,0,21.8,66.0,481,0,19.0,72.5,464,0,0,0,0,0,29.6,40.8,0,0,1,0,21.707699317417607,19.0,19.0,0.0,21.993808182125925,0.009932513877659,437.0603356759075,0.02408,0.0010002799126832,20.197340955990747,20.50482433655868,0.0148457712634403,40.8,29.6,0.0,1.0,14:30:00,0
2026-08-04 19:32:10.307000+05:30,26.5,87.1,438,0,21.5,61.6,0,956.6,24.5,57.6,445,0,21.8,66.0,481,0,19.0,72.5,464,0,0,0,0,0,29.6,40.8,0,0,1,0,21.707699317417607,19.0,19.0,0.0,21.993808182125925,0.009932513877659,437.0603356759075,0.02408,0.0010002799126832,20.197340955990747,20.50482433655868,0.0148457712634403,40.8,29.6,0.0,1.0,14:30:00,0
2026-08-04 19:32:15.304000+05:30,26.6,86.8,418,0,21.5,61.6,0,956.6,24.4,57.6,417,0,21.9,66.1,513,0,19.0,72.1,464,0,0,0,0,0,29.6,40.8,0,0,1,0,21.71190678601448,19.0,19.0,0.0,21.496281365193887,0.0098442822477221,437.6767117624962,0.02408,0.0010005324327898,20.722837587106945,20.907330276301792,0.0153470316419626,40.8,29.6,0.0,1.0,14:30:00,0
2026-08-04 19:32:15.304000+05:30,26.6,86.8,418,0,21.5,61.6,0,956.6,24.4,57.6,417,0,21.9,66.1,513,0,19.0,72.1,464,0,0,0,0,0,29.6,40.8,0,0,1,0,21.71190678601448,19.0,19.0,0.0,21.496281365193887,0.0098442822477221,437.6767117624962,0.02408,0.0010005324327898,20.722837587106945,20.907330276301792,0.0153470316419626,40.8,29.6,0.0,1.0,14:30:00,0
2026-08-04 19:32:20.305000+05:30,26.6,86.4,444,0,21.5,61.6,0,956.6,24.5,57.6,406,0,22.0,65.8,502,0,19.1,71.6,464,0,0,0,0,0,29.6,40.8,0,0,1,0,21.711866726715304,19.1,19.1,0.0,22.005884394377563,0.0100492145471317,436.5729400925901,0.02408,0.0010003432900597,21.03822363380617,21.148920032621845,0.015655167257785,40.8,29.6,0.0,1.0,14:30:00,0
2026-08-04 19:32:20.305000+05:30,26.6,86.4,444,0,21.5,61.6,0,956.6,24.5,57.6,406,0,22.0,65.8,502,0,19.1,71.6,464,0,0,0,0,0,29.6,40.8,0,0,1,0,21.711866726715304,19.1,19.1,0.0,22.005884394377563,0.0100492145471317,436.5729400925901,0.02408,0.0010003432900597,21.03822363380617,21.148920032621845,0.015655167257785,40.8,29.6,0.0,1.0,14:30:00,0
2026-08-04 19:32:25.303000+05:30,26.6,86.4,405,0,21.5,61.6,0,956.6,24.4,57.6,426,0,22.0,65.8,507,0,19.1,71.6,464,0,0,0,0,0,29.6,40.8,0,0,1,0,21.71184657037349,19.1,19.1,0.0,21.49249686331375,0.0098349201861368,432.01751735291646,0.02408,0.0010002481205085,21.22656736051833,21.292985923771525,0.0158418381882333,40.8,29.6,0.0,1.0,14:30:00,0
2026-08-04 19:32:25.303000+05:30,26.6,86.4,405,0,21.5,61.6,0,956.6,24.4,57.6,426,0,22.0,65.8,507,0,19.1,71.6,464,0,0,0,0,0,29.6,40.8,0,0,1,0,21.71184657037349,19.1,19.1,0.0,21.49249686331375,0.0098349201861368,432.01751735291646,0.02408,0.0010002481205085,21.22656736051833,21.292985923771525,0.0158418381882333,40.8,29.6,0.0,1.0,14:30:00,0
2026-08-04 19:32:30.309000+05:30,26.6,86.3,400,0,21.5,61.6,0,956.6,24.4,57.6,410,0,22.0,65.8,490,0,19.3,70.6,464,0,0,0,0,0,29.6,40.8,0,0,1,0,21.71185122735856,19.3,19.3,0.0,21.494093957693767,0.0098333975948965,431.4689096301773,0.02408,0.0010002701087831,21.33935217198317,21.379204639167376,0.0159545827141082,40.8,29.6,0.0,1.0,14:30:00,0
2026-08-04 19:32:30.309000+05:30,26.6,86.3,400,0,21.5,61.6,0,956.6,24.4,57.6,410,0,22.0,65.8,490,0,19.3,70.6,464,0,0,0,0,0,29.6,40.8,0,0,1,0,21.71185122735856,19.3,19.3,0.0,21.494093957693767,0.0098333975948965,431.4689096301773,0.02408,0.0010002701087831,21.33935217198317,21.379204639167376,0.0159545827141082,40.8,29.6,0.0,1.0,14:30:00,0
2026-08-04 19:32:35.308000+05:30,26.7,86.1,400,0,21.5,61.6,0,956.6,24.5,57.6,431,0,22.2,65.2,507,0,19.3,69.6,464,0,0,0,0,0,29.6,40.8,0,0,1,0,21.715987997867213,19.3,19.3,0.0,21.49184647104432,0.0098317599388593,429.0437851872839,0.02408,0.0010001905747389,21.40733370360828,21.43124589450616,0.0160228900806292,40.8,29.6,0.0,1.0,14:30:00,0
2026-08-04 19:32:35.308000+05:30,26.7,86.1,400,0,21.5,61.6,0,956.6,24.5,57.6,431,0,22.2,65.2,507,0,19.3,69.6,464,0,0,0,0,0,29.6,40.8,0,0,1,0,21.715987997867213,19.3,19.3,0.0,21.49184647104432,0.0098317599388593,429.0437851872839,0.02408,0.0010001905747389,21.40733370360828,21.43124589450616,0.0160228900806292,40.8,29.6,0.0,1.0,14:30:00,0
2026-08-04 19:32:40.309000+05:30,26.7,85.9,422,0,21.5,61.6,0,956.6,24.5,57.6,440,0,22.2,65.2,500,0,19.4,68.7,464,0,0,0,0,0,29.6,40.8,0,0,1,0,21.56175875068797,19.4,19.4,0.0,22.01619824910393,0.0098957959079798,430.3733710320654,0.08428,0.0010009668284581,19.90733370360828,19.93124589450616,0.0145755181379749,57.3,5.1,0.0,1.0,14:30:00,0
2026-08-04 19:32:40.309000+05:30,26.7,85.9,422,0,21.5,61.6,0,956.6,24.5,57.6,440,0,22.2,65.2,500,0,19.4,68.7,464,0,0,0,0,0,29.6,40.8,0,0,1,0,21.56175875068797,19.4,19.4,0.0,22.01619824910393,0.0098957959079798,430.3733710320654,0.08428,0.0010009668284581,19.90733370360828,19.93124589450616,0.0145755181379749,57.3,5.1,0.0,1.0,14:30:00,0
2026-08-04 19:32:45.308000+05:30,26.7,85.8,403,0,21.5,61.6,0,956.6,24.5,57.5,436,0,22.3,64.7,479,0,19.4,67.9,464,0,0,0,0,0,5.1,57.3,0,0,1,0,21.5488894462916,19.4,19.4,0.0,21.50202533162609,0.0098320828113823,430.9319073531368,0.1064335999999999,0.0010006691866963,18.40733370360828,18.43124589450616,0.0132472540379525,90.0,0.9,1.0,0.0,14:30:00,0
2026-08-04 19:32:45.308000+05:30,26.7,85.8,403,0,21.5,61.6,0,956.6,24.5,57.5,436,0,22.3,64.7,479,0,19.4,67.9,464,0,0,0,0,0,5.1,57.3,0,0,1,0,21.5488894462916,19.4,19.4,0.0,21.50202533162609,0.0098320828113823,430.9319073531368,0.1064335999999999,0.0010006691866963,18.40733370360828,18.43124589450616,0.0132472540379525,90.0,0.9,1.0,0.0,14:30:00,0
2026-08-04 19:32:50.309000+05:30,26.8,85.7,407,0,21.5,61.5,0,956.6,24.5,57.4,418,0,22.3,64.2,508,0,19.2,67.3,464,0,0,0,0,0,0.9,90.0,0,1,0,0,21.54981976617124,19.2,19.2,0.0,21.506521425682,0.0098322280592221,431.7894098673,0.1064336,0.0010004711442948,17.13494618879802,17.37054516540571,0.0122071892161386,90.0,0.9,1.0,0.0,14:30:00,0
2026-08-04 19:32:50.309000+05:30,26.8,85.7,407,0,21.5,61.5,0,956.6,24.5,57.4,418,0,22.3,64.2,508,0,19.2,67.3,464,0,0,0,0,0,0.9,90.0,0,1,0,0,21.54981976617124,19.2,19.2,0.0,21.506521425682,0.0098322280592221,431.7894098673,0.1064336,0.0010004711442948,17.13494618879802,17.37054516540571,0.0122071892161386,90.0,0.9,1.0,0.0,14:30:00,0
2026-08-04 19:32:55.308000+05:30,26.8,85.7,410,0,21.5,61.5,0,956.6,24.5,57.4,443,0,22.1,64.1,495,0,18.7,67.7,464,0,0,0,0,0,0.9,90.0,9,1,0,0,21.549810999590125,18.7,18.7,9.0,21.50483280551141,0.0098257508112339,430.3690975154073,0.1064336,0.0010002950954671,16.325392194516464,16.694677171010696,0.0115843243256589,90.0,0.9,1.0,0.0,14:30:00,0
2026-08-04 19:32:55.308000+05:30,26.8,85.7,410,0,21.5,61.5,0,956.6,24.5,57.4,443,0,22.1,64.1,495,0,18.7,67.7,464,0,0,0,0,0,0.9,90.0,9,1,0,0,21.549810999590125,18.7,18.7,9.0,21.50483280551141,0.0098257508112339,430.3690975154073,0.1064336,0.0010002950954671,16.325392194516464,16.694677171010696,0.0115843243256589,90.0,0.9,1.0,0.0,14:30:00,0
2026-08-04 19:33:00.309000+05:30,26.8,85.7,410,0,21.5,61.5,0,956.6,24.5,57.4,443,0,22.1,64.1,495,0,18.7,67.7,464,0,0,0,0,0,0.9,90.0,9,1,0,0,21.550749749432374,18.5,18.5,0.0,21.84827085799828,0.0099082837669712,431.5728458425602,0.1064336,0.0010002738020713,15.869891583405924,16.33382961237372,0.0112465750285811,90.0,0.9,1.0,0.0,14:30:00,0
2026-08-04 19:33:00.309000+05:30,26.8,85.7,410,0,21.5,61.5,0,956.6,24.5,57.4,443,0,22.1,64.1,495,0,18.7,67.7,464,0,0,0,0,0,0.9,90.0,9,1,0,0,21.550749749432374,18.5,18.5,0.0,21.84827085799828,0.0099082837669712,431.5728458425602,0.1064336,0.0010002738020713,15.869891583405924,16.33382961237372,0.0112465750285811,90.0,0.9,1.0,0.0,14:30:00,0
2026-08-04 19:33:05.309000+05:30,26.9,85.5,426,0,21.5,61.5,0,956.6,24.6,57.3,418,0,22.0,64.3,512,0,18.5,68.9,464,0,0,0,0,0,0.9,90.0,0,1,0,0,21.551686425916955,18.5,18.5,0.0,21.383612684140008,0.0098277661489866,430.023412976558,0.1064336,0.0010002131602681,15.55872310106326,16.065398930263488,0.0110209642171582,90.0,0.9,1.0,0.0,14:30:00,0
2026-08-04 19:33:05.309000+05:30,26.9,85.5,426,0,21.5,61.5,0,956.6,24.6,57.3,418,0,22.0,64.3,512,0,18.5,68.9,464,0,0,0,0,0,0.9,90.0,0,1,0,0,21.551686425916955,18.5,18.5,0.0,21.383612684140008,0.0098277661489866,430.023412976558,0.1064336,0.0010002131602681,15.55872310106326,16.065398930263488,0.0110209642171582,90.0,0.9,1.0,0.0,14:30:00,0
2026-08-04 19:33:10.309000+05:30,27.0,84.9,432,0,21.5,61.2,0,956.6,24.6,57.2,422,0,21.8,64.6,522,0,18.4,70.4,464,0,0,0,0,0,0.9,90.0,0,1,0,0,21.55168654571549,18.4,18.4,0.0,21.97251239318952,0.0099426972716238,431.4047888796935,0.1064336,0.0010002154785572,15.432813392530113,15.983255999543186,0.0109308362543278,90.0,0.9,1.0,0.0,14:30:00,0
2026-08-04 19:33:10.309000+05:30,27.0,84.9,432,0,21.5,61.2,0,956.6,24.6,57.2,422,0,21.8,64.6,522,0,18.4,70.4,464,0,0,0,0,0,0.9,90.0,0,1,0,0,21.55168654571549,18.4,18.4,0.0,21.97251239318952,0.0099426972716238,431.4047888796935,0.1064336,0.0010002154785572,15.432813392530113,15.983255999543186,0.0109308362543278,90.0,0.9,1.0,0.0,14:30:00,0
2026-08-04 19:33:15.309000+05:30,27.1,84.7,416,0,21.5,61.0,0,956.6,24.5,57.0,400,0,21.7,64.9,475,0,18.3,71.6,464,0,0,0,0,0,0.9,90.0,0,1,0,0,21.552625002872205,18.3,18.3,0.0,21.4363562222459,0.0098089015569555,430.05082380187855,0.1064336,0.0010001908045891,15.293538571452014,15.855539370657288,0.0108319133802724,90.0,0.9,1.0,0.0,14:30:00,0
2026-08-04 19:33:15.309000+05:30,27.1,84.7,416,0,21.5,61.0,0,956.6,24.5,57.0,400,0,21.7,64.9,475,0,18.3,71.6,464,0,0,0,0,0,0.9,90.0,0,1,0,0,21.552625002872205,18.3,18.3,0.0,21.4363562222459,0.0098089015569555,430.05082380187855,0.1064336,0.0010001908045891,15.293538571452014,15.855539370657288,0.0108319133802724,90.0,0.9,1.0,0.0,14:30:00,0
2026-08-04 19:33:20.309000+05:30,27.2,84.4,433,0,21.5,60.9,0,956.6,24.5,56.9,422,0,23.4,65.2,486,0,18.2,72.4,464,0,0,0,0,0,0.9,90.0,0,1,0,0,21.554467413646343,18.2,18.2,0.0,22.037462299170784,0.010006354621562,430.57951452917496,0.1046705882266134,0.0010001993378149,15.341710111306195,15.904614024919155,0.0108660368460937,75.5,1.1,1.0,0.0,14:30:00,0
2026-08-04 19:33:20.309000+05:30,27.2,84.4,433,0,21.5,60.9,0,956.6,24.5,56.9,422,0,23.4,65.2,486,0,18.2,72.4,464,0,0,0,0,0,0.9,90.0,0,1,0,0,21.554467413646343,18.2,18.2,0.0,22.037462299170784,0.010006354621562,430.57951452917496,0.1046705882266134,0.0010001993378149,15.341710111306195,15.904614024919155,0.0108660368460937,75.5,1.1,1.0,0.0,14:30:00,0
2026-08-04 19:33:25.313000+05:30,27.1,84.2,420,0,21.5,60.9,0,956.6,24.5,56.9,433,0,21.6,65.4,462,0,18.1,73.2,464,0,0,0,0,0,1.1,75.5,0,1,0,0,21.62594985214528,18.1,18.1,0.0,22.03946443358943,0.0102871498795187,431.05535292748897,0.0444705882266134,0.0010001900021349,16.841710111306195,17.404614024919155,0.0119781788237801,46.6,17.7,1.0,0.0,14:30:00,0
2026-08-04 19:33:25.313000+05:30,27.1,84.2,420,0,21.5,60.9,0,956.6,24.5,56.9,433,0,21.6,65.4,462,0,18.1,73.2,464,0,0,0,0,0,1.1,75.5,0,1,0,0,21.62594985214528,18.1,18.1,0.0,22.03946443358943,0.0102871498795187,431.05535292748897,0.0444705882266134,0.0010001900021349,16.841710111306195,17.404614024919155,0.0119781788237801,46.6,17.7,1.0,0.0,14:30:00,0
2026-08-04 19:33:30.314000+05:30,27.2,84.0,420,0,21.5,60.8,0,956.6,24.5,56.9,426,0,21.6,65.4,506,0,18.0,73.9,464,0,0,0,0,0,17.7,46.6,0,1,0,0,21.73684959258467,18.0,18.0,0.0,21.48602648550649,0.0097461046295493,429.9674796836635,0.02408,0.0010005856472699,18.341710111306195,18.904614024919155,0.0131917205248346,40.8,29.6,0.0,1.0,14:30:00,0
2026-08-04 19:33:30.314000+05:30,27.2,84.0,420,0,21.5,60.8,0,956.6,24.5,56.9,426,0,21.6,65.4,506,0,18.0,73.9,464,0,0,0,0,0,17.7,46.6,0,1,0,0,21.73684959258467,18.0,18.0,0.0,21.48602648550649,0.0097461046295493,429.9674796836635,0.02408,0.0010005856472699,18.341710111306195,18.904614024919155,0.0131917205248346,40.8,29.6,0.0,1.0,14:30:00,0
2026-08-04 19:33:35.347000+05:30,27.2,83.8,427,0,21.5,60.8,0,956.6,24.5,56.8,421,0,21.6,65.9,500,0,18.0,73.9,464,0,0,0,0,0,29.6,40.8,0,0,1,0,21.736905027038087,18.0,18.0,0.0,22.065579390565315,0.0106665189340219,430.0979252558072,0.02408,0.0010008198335223,19.61570926934193,19.953455385971147,0.0143082452189515,40.8,29.6,0.0,1.0,14:30:00,0
2026-08-04 19:33:35.347000+05:30,27.2,83.8,427,0,21.5,60.8,0,956.6,24.5,56.8,421,0,21.6,65.9,500,0,18.0,73.9,464,0,0,0,0,0,29.6,40.8,0,0,1,0,21.736905027038087,18.0,18.0,0.0,22.065579390565315,0.0106665189340219,430.0979252558072,0.02408,0.0010008198335223,19.61570926934193,19.953455385971147,0.0143082452189515,40.8,29.6,0.0,1.0,14:30:00,0
2026-08-04 19:33:40.348000+05:30,27.2,83.4,433,0,21.5,60.8,0,956.6,24.5,56.8,415,0,21.6,65.9,498,0,18.1,74.2,464,0,0,0,0,0,29.6,40.8,0,0,1,0,21.73684586228117,18.1,18.1,0.0,22.07192690529112,0.0106478972537625,429.93433539530974,0.02408,0.0010005698883738,20.37892378385036,20.581572634866777,0.0150172811623394,40.8,29.6,0.0,1.0,14:30:00,0
2026-08-04 19:33:40.348000+05:30,27.2,83.4,433,0,21.5,60.8,0,956.6,24.5,56.8,415,0,21.6,65.9,498,0,18.1,74.2,464,0,0,0,0,0,29.6,40.8,0,0,1,0,21.73684586228117,18.1,18.1,0.0,22.07192690529112,0.0106478972537625,429.93433539530974,0.02408,0.0010005698883738,20.37892378385036,20.581572634866777,0.0150172811623394,40.8,29.6,0.0,1.0,14:30:00,0
2026-08-04 19:33:45.382000+05:30,27.3,83.6,442,0,21.5,60.8,0,956.6,24.5,56.8,400,0,21.7,65.9,65402,0,18.2,73.9,464,0,0,0,0,0,29.6,40.8,0,0,1,0,21.74095250548488,18.2,18.2,0.0,27.299986350006844,0.0110683978431028,432.0362293651272,0.02408,0.0010003683331165,20.83772567056736,20.959390470554325,0.0154586378055715,40.8,29.6,0.0,1.0,14:30:00,0
2026-08-04 19:33:45.382000+05:30,27.3,83.6,442,0,21.5,60.8,0,956.6,24.5,56.8,400,0,21.7,65.9,65402,0,18.2,73.9,464,0,0,0,0,0,29.6,40.8,0,0,1,0,21.74095250548488,18.2,18.2,0.0,27.299986350006844,0.0110683978431028,432.0362293651272,0.02408,0.0010003683331165,20.83772567056736,20.959390470554325,0.0154586378055715,40.8,29.6,0.0,1.0,14:30:00,0
2026-08-04 19:33:50.382000+05:30,27.3,83.1,455,0,21.5,60.8,0,956.6,24.5,56.8,400,0,21.7,65.9,65402,0,18.2,73.9,464,0,0,0,0,0,29.6,40.8,0,0,1,0,21.74092197540908,18.2,18.2,0.0,27.2999863500068,0.0111011449161579,430.65342121007166,0.02408,0.0010002415806639,21.11269005927057,21.18576279424711,0.0157287331932635,40.8,29.6,0.0,1.0,14:30:00,0
2026-08-04 19:33:50.382000+05:30,27.3,83.1,455,0,21.5,60.8,0,956.6,24.5,56.8,400,0,21.7,65.9,65402,0,18.2,73.9,464,0,0,0,0,0,29.6,40.8,0,0,1,0,21.74092197540908,18.2,18.2,0.0,27.2999863500068,0.0111011449161579,430.65342121007166,0.02408,0.0010002415806639,21.11269005927057,21.18576279424711,0.0157287331932635,40.8,29.6,0.0,1.0,14:30:00,0
2026-08-04 19:33:55.381000+05:30,27.3,83.2,442,0,21.5,60.8,0,956.6,24.5,56.8,400,0,21.8,65.5,476,0,18.3,72.7,464,0,0,0,0,0,29.6,40.8,0,0,1,0,21.740905053160947,18.3,18.3,0.0,27.29998635000682,0.0111226858433144,429.1362334102399,0.02408,0.0010001713241578,21.27750016117416,21.321419310653127,0.0158926632446125,40.8,29.6,0.0,1.0,14:30:00,0
2026-08-04 19:33:55.381000+05:30,27.3,83.2,442,0,21.5,60.8,0,956.6,24.5,56.8,400,0,21.8,65.5,476,0,18.3,72.7,464,0,0,0,0,0,29.6,40.8,0,0,1,0,21.740905053160947,18.3,18.3,0.0,27.29998635000682,0.0111226858433144,429.1362334102399,0.02408,0.0010001713241578,21.27750016117416,21.321419310653127,0.0158926632446125,40.8,29.6,0.0,1.0,14:30:00,0
2026-08-04 19:34:00.383000+05:30,27.3,82.9,460,0,21.5,60.8,0,956.6,24.5,56.8,419,0,21.9,65.2,496,0,18.4,71.9,464,0,0,0,0,0,29.6,40.8,0,0,1,0,21.74089503103856,18.4,18.4,0.0,27.29998635000681,0.0111091003274902,427.6136034406949,0.02408,0.0010001297150704,21.3762173736982,21.40264456544439,0.0159915918430451,40.8,29.6,0.0,1.0,14:30:00,0
2026-08-04 19:34:00.383000+05:30,27.3,82.9,460,0,21.5,60.8,0,956.6,24.5,56.8,419,0,21.9,65.2,496,0,18.4,71.9,464,0,0,0,0,0,29.6,40.8,0,0,1,0,21.74089503103856,18.4,18.4,0.0,27.29998635000681,0.0111091003274902,427.6136034406949,0.02408,0.0010001297150704,21.3762173736982,21.40264456544439,0.0159915918430451,40.8,29.6,0.0,1.0,14:30:00,0
2026-08-04 19:34:05.383000+05:30,27.1,83.0,452,0,21.5,60.8,0,956.5,24.5,56.8,433,0,22.0,64.9,487,0,18.4,71.9,464,0,0,0,0,0,29.6,40.8,0,0,1,0,21.73259161986968,18.4,18.4,0.0,27.099986450006764,0.0109603025906866,427.295922549075,0.02408,0.0010001439654396,21.4341548521344,21.45006735666997,0.0160499124891733,40.8,29.6,0.0,1.0,14:30:00,0
2026-08-04 19:34:05.383000+05:30,27.1,83.0,452,0,21.5,60.8,0,956.5,24.5,56.8,433,0,22.0,64.9,487,0,18.4,71.9,464,0,0,0,0,0,29.6,40.8,0,0,1,0,21.73259161986968,18.4,18.4,0.0,27.099986450006764,0.0109603025906866,427.295922549075,0.02408,0.0010001439654396,21.4341548521344,21.45006735666997,0.0160499124891733,40.8,29.6,0.0,1.0,14:30:00,0
2026-08-04 19:34:10.383000+05:30,27.1,83.3,480,0,21.5,60.8,0,956.5,24.5,56.8,430,0,22.0,64.9,65535,0,18.5,70.9,464,0,0,0,0,0,29.6,40.8,0,0,1,0,21.566452563817943,18.5,18.5,0.0,25.26628963094898,0.0101518937317088,436.8094935561632,0.08428,0.00100011108546,19.9341548521344,19.95006735666997,0.0146003245555003,57.3,5.1,0.0,1.0,14:30:00,0
2026-08-04 19:34:10.383000+05:30,27.1,83.3,480,0,21.5,60.8,0,956.5,24.5,56.8,430,0,22.0,64.9,65535,0,18.5,70.9,464,0,0,0,0,0,29.6,40.8,0,0,1,0,21.566452563817943,18.5,18.5,0.0,25.26628963094898,0.0101518937317088,436.8094935561632,0.08428,0.00100011108546,19.9341548521344,19.95006735666997,0.0146003245555003,57.3,5.1,0.0,1.0,14:30:00,0
2026-08-04 19:34:15.384000+05:30,27.0,83.5,421,0,21.5,60.8,0,956.5,24.5,56.7,428,0,22.0,64.7,492,0,18.5,70.1,464,0,0,0,0,0,5.1,57.3,0,0,1,0,21.551683801530466,18.5,18.5,0.0,22.06838007810809,0.0100526366681465,426.8209728723247,0.1064336,0.0010001623742859,18.4341548521344,18.46177046963387,0.0132700118438668,90.0,0.9,1.0,0.0,14:30:00,0
2026-08-04 19:34:15.384000+05:30,27.0,83.5,421,0,21.5,60.8,0,956.5,24.5,56.7,428,0,22.0,64.7,492,0,18.5,70.1,464,0,0,0,0,0,5.1,57.3,0,0,1,0,21.551683801530466,18.5,18.5,0.0,22.06838007810809,0.0100526366681465,426.8209728723247,0.1064336,0.0010001623742859,18.4341548521344,18.46177046963387,0.0132700118438668,90.0,0.9,1.0,0.0,14:30:00,0
2026-08-04 19:34:20.384000+05:30,27.0,83.5,421,0,21.5,60.8,0,956.5,24.5,56.7,428,0,22.0,64.7,492,0,18.5,70.1,464,0,0,0,0,0,5.1,57.3,0,0,1,0,21.551683935358675,18.3,18.3,0.0,25.392415497612816,0.0100479568011438,428.96714046051295,0.1064328898729183,0.0010001582909507,17.25849730166798,17.634582841981373,0.0123048540169205,90.0,0.9,1.0,0.0,14:30:00,0
2026-08-04 19:34:20.384000+05:30,27.0,83.5,421,0,21.5,60.8,0,956.5,24.5,56.7,428,0,22.0,64.7,492,0,18.5,70.1,464,0,0,0,0,0,5.1,57.3,0,0,1,0,21.551683935358675,18.3,18.3,0.0,25.392415497612816,0.0100479568011438,428.96714046051295,0.1064328898729183,0.0010001582909507,17.25849730166798,17.634582841981373,0.0123048540169205,90.0,0.9,1.0,0.0,14:30:00,0
2026-08-04 19:34:25.384000+05:30,27.0,83.6,461,0,21.5,60.8,0,956.6,24.5,56.7,439,0,22.1,64.1,468,0,18.3,69.1,464,0,0,0,0,0,0.9,90.0,0,1,0,0,21.55168683324275,18.3,18.3,0.0,22.08369603839958,0.0099955608954791,427.8389758381388,0.1064336,0.0010002210426591,16.47946066769829,16.949422455295576,0.011700612147737,90.0,0.9,1.0,0.0,14:30:00,0
2026-08-04 19:34:25.384000+05:30,27.0,83.6,461,0,21.5,60.8,0,956.6,24.5,56.7,439,0,22.1,64.1,468,0,18.3,69.1,464,0,0,0,0,0,0.9,90.0,0,1,0,0,21.55168683324275,18.3,18.3,0.0,22.08369603839958,0.0099955608954791,427.8389758381388,0.1064336,0.0010002210426591,16.47946066769829,16.949422455295576,0.011700612147737,90.0,0.9,1.0,0.0,14:30:00,0
2026-08-04 19:34:30.385000+05:30,27.1,83.9,454,0,21.5,60.8,0,956.6,24.6,56.6,442,0,21.9,64.1,442,0,17.9,69.7,464,0,0,0,0,0,0.9,90.0,0,1,0,0,21.552627751590748,17.9,17.9,0.0,25.229862107242223,0.009976751414841,430.9432380711429,0.1064336,0.0010002430467337,16.011512777919336,16.664132347981425,0.011350624589863,90.0,0.9,1.0,0.0,14:30:00,0
2026-08-04 19:34:30.385000+05:30,27.1,83.9,454,0,21.5,60.8,0,956.6,24.6,56.6,442,0,21.9,64.1,442,0,17.9,69.7,464,0,0,0,0,0,0.9,90.0,0,1,0,0,21.552627751590748,17.9,17.9,0.0,25.229862107242223,0.009976751414841,430.9432380711429,0.1064336,0.0010002430467337,16.011512777919336,16.664132347981425,0.011350624589863,90.0,0.9,1.0,0.0,14:30:00,0
2026-08-04 19:34:35.386000+05:30,27.1,83.8,446,0,21.5,60.7,0,956.6,24.5,56.6,434,0,21.7,64.2,491,0,17.7,70.9,464,0,0,0,0,0,0.9,90.0,0,1,0,0,21.55262845445136,17.7,17.7,0.0,25.209359716649253,0.0099962584093642,432.2095164414798,0.1064336,0.0010002564053025,15.74156106226856,16.503332621062754,0.0111530315904736,90.0,0.9,1.0,0.0,14:30:00,0
2026-08-04 19:34:35.386000+05:30,27.1,83.8,446,0,21.5,60.7,0,956.6,24.5,56.6,434,0,21.7,64.2,491,0,17.7,70.9,464,0,0,0,0,0,0.9,90.0,0,1,0,0,21.55262845445136,17.7,17.7,0.0,25.209359716649253,0.0099962584093642,432.2095164414798,0.1064336,0.0010002564053025,15.74156106226856,16.503332621062754,0.0111530315904736,90.0,0.9,1.0,0.0,14:30:00,0
2026-08-04 19:34:40.386000+05:30,27.2,83.8,456,0,21.5,60.5,0,956.7,24.6,56.5,417,0,21.6,64.5,483,0,17.7,72.1,464,0,0,0,0,0,0.9,90.0,0,1,0,0,21.55360310934116,17.7,17.7,0.0,25.5493934935345,0.0100666216890522,433.0588153238662,0.1063555968311038,0.0010001738045582,15.61882547295639,16.45263223122673,0.0110642213867542,90.0,0.9,1.0,0.0,14:30:00,0
2026-08-04 19:34:40.386000+05:30,27.2,83.8,456,0,21.5,60.5,0,956.7,24.6,56.5,417,0,21.6,64.5,483,0,17.7,72.1,464,0,0,0,0,0,0.9,90.0,0,1,0,0,21.55360310934116,17.7,17.7,0.0,25.5493934935345,0.0100666216890522,433.0588153238662,0.1063555968311038,0.0010001738045582,15.61882547295639,16.45263223122673,0.0110642213867542,90.0,0.9,1.0,0.0,14:30:00,0
2026-08-04 19:34:45.388000+05:30,27.2,83.8,456,0,21.5,60.5,0,956.7,24.6,56.5,417,0,21.6,64.5,483,0,17.7,72.1,464,0,0,0,0,0,0.9,90.0,0,1,0,0,21.553561292437788,17.6,17.6,0.0,25.98740817820096,0.0101696724924902,431.9589188315628,0.1064336,0.0010001265218958,15.596858613854486,16.4871931329969,0.011048393630196,90.0,0.9,1.0,0.0,14:30:00,0
2026-08-04 19:34:45.388000+05:30,27.2,83.8,456,0,21.5,60.5,0,956.7,24.6,56.5,417,0,21.6,64.5,483,0,17.7,72.1,464,0,0,0,0,0,0.9,90.0,0,1,0,0,21.553561292437788,17.6,17.6,0.0,25.98740817820096,0.0101696724924902,431.9589188315628,0.1064336,0.0010001265218958,15.596858613854486,16.4871931329969,0.011048393630196,90.0,0.9,1.0,0.0,14:30:00,0
2026-08-04 19:34:50.387000+05:30,27.2,83.7,440,0,21.5,60.3,0,956.6,24.5,56.3,401,0,21.5,64.9,470,0,17.6,73.3,464,0,0,0,0,0,0.9,90.0,0,1,0,0,21.60520342837717,17.6,17.6,0.0,26.813357957759468,0.0106308467821455,452.133180253948,0.0541870418678649,0.0010001162417748,17.096858613854486,17.9871931329969,0.0121772227389162,49.0,13.9,1.0,1.0,14:30:00,0
2026-08-04 19:34:50.387000+05:30,27.2,83.7,440,0,21.5,60.3,0,956.6,24.5,56.3,401,0,21.5,64.9,470,0,17.6,73.3,464,0,0,0,0,0,0.9,90.0,0,1,0,0,21.60520342837717,17.6,17.6,0.0,26.813357957759468,0.0106308467821455,452.133180253948,0.0541870418678649,0.0010001162417748,17.096858613854486,17.9871931329969,0.0121772227389162,49.0,13.9,1.0,1.0,14:30:00,0
2026-08-04 19:34:55.387000+05:30,27.2,83.6,457,0,21.5,60.2,0,956.7,24.5,56.2,428,0,21.5,65.1,480,0,17.6,74.1,464,0,0,0,0,0,0.9,90.0,0,1,0,0,21.7367409369138,17.5,17.5,0.0,27.19998640000683,0.0117769496356061,429.71501287155326,0.02408,0.0010001266247165,18.596858613854486,19.4069718599564,0.0134088233147442,40.8,29.6,0.0,1.0,14:30:00,0
2026-08-04 19:34:55.387000+05:30,27.2,83.6,457,0,21.5,60.2,0,956.7,24.5,56.2,428,0,21.5,65.1,480,0,17.6,74.1,464,0,0,0,0,0,0.9,90.0,0,1,0,0,21.7367409369138,17.5,17.5,0.0,27.19998640000683,0.0117769496356061,429.71501287155326,0.02408,0.0010001266247165,18.596858613854486,19.4069718599564,0.0134088233147442,40.8,29.6,0.0,1.0,14:30:00,0
2026-08-04 19:35:00.388000+05:30,27.2,83.3,438,0,21.5,60.2,0,956.6,24.5,56.3,415,0,21.4,65.4,456,0,17.5,74.9,464,0,0,0,0,0,13.9,49.0,0,1,1,0,21.736736357661027,17.5,17.5,0.0,27.19998640000678,0.0118031627469462,428.6248995555212,0.02408,0.001000107279382,19.77144233070574,20.257584463159844,0.0144504183967467,40.8,29.6,0.0,1.0,14:30:00,0
2026-08-04 19:35:00.388000+05:30,27.2,83.3,438,0,21.5,60.2,0,956.6,24.5,56.3,415,0,21.4,65.4,456,0,17.5,74.9,464,0,0,0,0,0,13.9,49.0,0,1,1,0,21.736736357661027,17.5,17.5,0.0,27.19998640000678,0.0118031627469462,428.6248995555212,0.02408,0.001000107279382,19.77144233070574,20.257584463159844,0.0144504183967467,40.8,29.6,0.0,1.0,14:30:00,0
2026-08-04 19:35:05.389000+05:30,27.2,83.3,462,0,21.5,60.1,0,956.6,24.5,56.2,428,0,21.4,65.6,472,0,17.5,74.9,464,0,0,0,0,0,29.6,40.8,0,0,1,0,21.73260090685309,17.6,17.6,0.0,22.08938608232644,0.0105397127931392,426.231395197821,0.02408,0.0010001838994682,20.47153104837006,20.76321783377012,0.0151054387037787,40.8,29.6,0.0,1.0,14:30:00,0
2026-08-04 19:35:05.389000+05:30,27.2,83.3,462,0,21.5,60.1,0,956.6,24.5,56.2,428,0,21.4,65.6,472,0,17.5,74.9,464,0,0,0,0,0,29.6,40.8,0,0,1,0,21.73260090685309,17.6,17.6,0.0,22.08938608232644,0.0105397127931392,426.231395197821,0.02408,0.0010001838994682,20.47153104837006,20.76321783377012,0.0151054387037787,40.8,29.6,0.0,1.0,14:30:00,0
2026-08-04 19:35:10.389000+05:30,27.1,83.4,420,0,21.5,60.1,0,956.6,24.5,56.2,433,0,21.4,65.6,459,0,17.6,75.3,464,0,0,0,0,0,29.6,40.8,0,0,1,0,21.732660013501256,17.7,17.7,0.0,22.09422570737308,0.0105342976059915,427.01855278356174,0.02408,0.0010004380580553,20.890807117131622,21.06582207513664,0.0155104502920327,40.8,29.6,0.0,1.0,14:30:00,0
2026-08-04 19:35:10.389000+05:30,27.1,83.4,420,0,21.5,60.1,0,956.6,24.5,56.2,433,0,21.4,65.6,459,0,17.6,75.3,464,0,0,0,0,0,29.6,40.8,0,0,1,0,21.732660013501256,17.7,17.7,0.0,22.09422570737308,0.0105342976059915,427.01855278356174,0.02408,0.0010004380580553,20.890807117131622,21.06582207513664,0.0155104502920327,40.8,29.6,0.0,1.0,14:30:00,0
2026-08-04 19:35:15.389000+05:30,27.1,83.5,422,0,21.5,60.1,0,956.5,24.5,56.2,429,0,21.4,65.7,488,0,17.7,75.1,464,0,0,0,0,0,29.6,40.8,0,0,1,0,21.73263477921851,17.8,17.8,0.0,22.09587880737797,0.0105315633740706,427.3351315618437,0.02408,0.0010003295506395,21.142072966406985,21.247082990494192,0.0157578466979009,40.8,29.6,0.0,1.0,14:30:00,0
2026-08-04 19:35:15.389000+05:30,27.1,83.5,422,0,21.5,60.1,0,956.5,24.5,56.2,429,0,21.4,65.7,488,0,17.7,75.1,464,0,0,0,0,0,29.6,40.8,0,0,1,0,21.73263477921851,17.8,17.8,0.0,22.09587880737797,0.0105315633740706,427.3351315618437,0.02408,0.0010003295506395,21.142072966406985,21.247082990494192,0.0157578466979009,40.8,29.6,0.0,1.0,14:30:00,0
2026-08-04 19:35:20.389000+05:30,27.1,83.6,433,0,21.5,60.1,0,956.6,24.5,56.2,414,0,21.5,65.5,490,0,17.8,74.5,464,0,0,0,0,0,29.6,40.8,0,0,1,0,21.73263164838504,17.8,17.8,0.0,22.088929011289267,0.0105279039308218,426.0741766626023,0.02408,0.0010003160880556,21.29257145653942,21.355578963400845,0.0159077309124584,40.8,29.6,0.0,1.0,14:30:00,0
2026-08-04 19:35:20.389000+05:30,27.1,83.6,433,0,21.5,60.1,0,956.6,24.5,56.2,414,0,21.5,65.5,490,0,17.8,74.5,464,0,0,0,0,0,29.6,40.8,0,0,1,0,21.73263164838504,17.8,17.8,0.0,22.088929011289267,0.0105279039308218,426.0741766626023,0.02408,0.0010003160880556,21.29257145653942,21.355578963400845,0.0159077309124584,40.8,29.6,0.0,1.0,14:30:00,0
2026-08-04 19:35:25.389000+05:30,27.1,83.6,432,0,21.5,60.1,0,956.5,24.4,56.2,419,0,21.6,65.3,502,0,17.8,73.7,464,0,0,0,0,0,29.6,40.8,0,0,1,0,21.732626735333604,17.8,17.8,0.0,22.08662748075688,0.010525705181062,425.46154876332986,0.02408,0.0010002949619344,21.38273574930646,21.42054163994033,0.0159981437418514,40.8,29.6,0.0,1.0,14:30:00,0
2026-08-04 19:35:25.389000+05:30,27.1,83.6,432,0,21.5,60.1,0,956.5,24.4,56.2,419,0,21.6,65.3,502,0,17.8,73.7,464,0,0,0,0,0,29.6,40.8,0,0,1,0,21.732626735333604,17.8,17.8,0.0,22.08662748075688,0.010525705181062,425.46154876332986,0.02408,0.0010002949619344,21.38273574930646,21.42054163994033,0.0159981437418514,40.8,29.6,0.0,1.0,14:30:00,0
2026-08-04 19:35:30.390000+05:30,27.1,83.6,425,0,21.5,60.1,0,956.5,24.4,56.2,439,0,21.6,65.3,490,0,17.8,73.7,464,0,0,0,0,0,29.6,40.8,0,0,1,0,21.73260382182177,17.9,17.9,0.0,26.43504215800472,0.0119980010458507,429.4962010048266,0.02408,0.0010001964338336,21.440838815502616,21.463573941641016,0.0160566530224091,40.8,29.6,0.0,1.0,14:30:00,0
2026-08-04 19:35:30.390000+05:30,27.1,83.6,425,0,21.5,60.1,0,956.5,24.4,56.2,439,0,21.6,65.3,490,0,17.8,73.7,464,0,0,0,0,0,29.6,40.8,0,0,1,0,21.73260382182177,17.9,17.9,0.0,26.43504215800472,0.0119980010458507,429.4962010048266,0.02408,0.0010001964338336,21.440838815502616,21.463573941641016,0.0160566530224091,40.8,29.6,0.0,1.0,14:30:00,0
2026-08-04 19:35:35.390000+05:30,27.1,83.6,469,0,21.5,60.2,0,956.5,24.5,56.2,414,0,21.7,65.0,485,0,17.9,72.8,464,0,0,0,0,0,29.6,40.8,0,0,1,0,21.732591526767767,17.9,17.9,0.0,27.09998645000673,0.0119399547296846,428.4205941700593,0.02408,0.0010001435651013,21.47552608994335,21.48923703807943,0.0160916750288105,40.8,29.6,0.0,1.0,14:30:00,0
2026-08-04 19:35:35.390000+05:30,27.1,83.6,469,0,21.5,60.2,0,956.5,24.5,56.2,414,0,21.7,65.0,485,0,17.9,72.8,464,0,0,0,0,0,29.6,40.8,0,0,1,0,21.732591526767767,17.9,17.9,0.0,27.09998645000673,0.0119399547296846,428.4205941700593,0.02408,0.0010001435651013,21.47552608994335,21.48923703807943,0.0160916750288105,40.8,29.6,0.0,1.0,14:30:00,0
2026-08-04 19:35:40.391000+05:30,27.1,83.6,463,0,21.5,60.1,0,956.5,24.5,56.1,421,0,21.8,64.7,480,0,17.9,72.8,464,0,0,0,0,0,29.6,40.8,0,0,1,0,21.56535059368822,18.0,18.0,0.0,26.04405628674674,0.0102252806379963,436.93582541224725,0.08428,0.0010014087338259,19.97552608994335,19.98923703807943,0.0146386628588878,57.3,5.1,0.0,1.0,14:30:00,0
2026-08-04 19:35:40.391000+05:30,27.1,83.6,463,0,21.5,60.1,0,956.5,24.5,56.1,421,0,21.8,64.7,480,0,17.9,72.8,464,0,0,0,0,0,29.6,40.8,0,0,1,0,21.56535059368822,18.0,18.0,0.0,26.04405628674674,0.0102252806379963,436.93582541224725,0.08428,0.0010014087338259,19.97552608994335,19.98923703807943,0.0146386628588878,57.3,5.1,0.0,1.0,14:30:00,0
2026-08-04 19:35:45.391000+05:30,27.0,83.7,440,0,21.5,60.1,0,956.5,24.5,56.1,451,0,21.8,64.7,466,0,18.0,71.6,464,0,0,0,0,0,29.6,40.8,0,0,1,0,21.45172334517696,18.0,18.0,0.0,25.43667639514112,0.0101035677121012,430.45000921077104,0.1064336,0.0010009276056775,18.47552608994335,18.635789025460745,0.0133051845403132,90.0,0.9,0.0,1.0,14:30:00,0
2026-08-04 19:35:45.391000+05:30,27.0,83.7,440,0,21.5,60.1,0,956.5,24.5,56.1,451,0,21.8,64.7,466,0,18.0,71.6,464,0,0,0,0,0,29.6,40.8,0,0,1,0,21.45172334517696,18.0,18.0,0.0,25.43667639514112,0.0101035677121012,430.45000921077104,0.1064336,0.0010009276056775,18.47552608994335,18.635789025460745,0.0133051845403132,90.0,0.9,0.0,1.0,14:30:00,0
2026-08-04 19:35:50.393000+05:30,26.9,83.7,466,0,21.4,60.1,0,956.5,24.5,56.1,438,0,21.9,64.3,460,0,18.0,70.8,464,0,0,0,0,0,5.1,57.3,0,0,1,0,21.451709054200016,18.0,18.0,0.0,25.53683601178572,0.0101602494369131,431.738342574343,0.1064335754748568,0.001000650822351,17.327953148194013,17.78491782794685,0.0123600658666456,90.0,0.9,1.0,0.0,14:30:00,0
2026-08-04 19:35:50.393000+05:30,26.9,83.7,466,0,21.4,60.1,0,956.5,24.5,56.1,438,0,21.9,64.3,460,0,18.0,70.8,464,0,0,0,0,0,5.1,57.3,0,0,1,0,21.451709054200016,18.0,18.0,0.0,25.53683601178572,0.0101602494369131,431.738342574343,0.1064335754748568,0.001000650822351,17.327953148194013,17.78491782794685,0.0123600658666456,90.0,0.9,1.0,0.0,14:30:00,0
2026-08-04 19:35:55.394000+05:30,26.9,84.1,450,0,21.4,60.1,0,956.6,24.5,56.1,436,0,22.0,64.0,481,0,18.0,70.1,464,0,0,0,0,0,0.9,90.0,0,0,1,0,21.45170013360152,17.6,17.6,0.0,22.066939407870887,0.0101216927326687,431.1115354145658,0.1064336,0.0010004784253983,16.572511608406288,17.08420225975948,0.0117713527010487,90.0,0.9,1.0,0.0,14:30:00,0
2026-08-04 19:35:55.394000+05:30,26.9,84.1,450,0,21.4,60.1,0,956.6,24.5,56.1,436,0,22.0,64.0,481,0,18.0,70.1,464,0,0,0,0,0,0.9,90.0,0,0,1,0,21.45170013360152,17.6,17.6,0.0,22.066939407870887,0.0101216927326687,431.1115354145658,0.1064336,0.0010004784253983,16.572511608406288,17.08420225975948,0.0117713527010487,90.0,0.9,1.0,0.0,14:30:00,0
2026-08-04 19:36:00.394000+05:30,26.9,84.2,427,0,21.4,60.1,0,956.6,24.5,56.0,437,0,22.0,64.0,65384,0,17.6,70.0,464,0,0,0,0,0,0.9,90.0,0,1,0,0,21.45263376587897,17.5,17.5,0.0,25.78780541135558,0.0102016601119882,433.24703713911214,0.1064335999999999,0.0010003573542957,16.16622428007893,16.854162464336756,0.0114652801926722,90.0,0.9,1.0,0.0,14:30:00,0
2026-08-04 19:36:00.394000+05:30,26.9,84.2,427,0,21.4,60.1,0,956.6,24.5,56.0,437,0,22.0,64.0,65384,0,17.6,70.0,464,0,0,0,0,0,0.9,90.0,0,1,0,0,21.45263376587897,17.5,17.5,0.0,25.78780541135558,0.0102016601119882,433.24703713911214,0.1064335999999999,0.0010003573542957,16.16622428007893,16.854162464336756,0.0114652801926722,90.0,0.9,1.0,0.0,14:30:00,0
2026-08-04 19:36:05.394000+05:30,27.0,84.3,451,0,21.4,60.0,0,956.7,24.6,55.9,427,0,21.7,63.8,466,0,17.5,71.1,464,0,0,0,0,0,0.9,90.0,0,1,0,0,21.472771880329688,17.6,17.6,0.0,22.0577148932536,0.0104783805660457,430.4520291084797,0.0771141391850019,0.0010020965908031,16.820325048008034,17.255492016644347,0.0119616298579663,54.9,6.9,1.0,0.0,14:30:00,0
2026-08-04 19:36:05.394000+05:30,27.0,84.3,451,0,21.4,60.0,0,956.7,24.6,55.9,427,0,21.7,63.8,466,0,17.5,71.1,464,0,0,0,0,0,0.9,90.0,0,1,0,0,21.472771880329688,17.6,17.6,0.0,22.0577148932536,0.0104783805660457,430.4520291084797,0.0771141391850019,0.0010020965908031,16.820325048008034,17.255492016644347,0.0119616298579663,54.9,6.9,1.0,0.0,14:30:00,0
2026-08-04 19:36:10.394000+05:30,27.0,84.3,431,0,21.4,59.8,0,956.5,24.6,55.8,406,0,21.6,64.0,467,0,17.6,72.5,464,0,0,0,0,0,0.9,90.0,0,1,0,0,21.50520552442449,17.6,17.6,0.0,26.41387087158293,0.0110280916423895,430.6453272980948,0.0542499521465059,0.0010012973097502,18.23997707415269,18.50959256799304,0.0131060443075872,49.0,13.9,0.0,1.0,14:30:00,0
2026-08-04 19:36:10.394000+05:30,27.0,84.3,431,0,21.4,59.8,0,956.5,24.6,55.8,406,0,21.6,64.0,467,0,17.6,72.5,464,0,0,0,0,0,0.9,90.0,0,1,0,0,21.50520552442449,17.6,17.6,0.0,26.41387087158293,0.0110280916423895,430.6453272980948,0.0542499521465059,0.0010012973097502,18.23997707415269,18.50959256799304,0.0131060443075872,49.0,13.9,0.0,1.0,14:30:00,0
2026-08-04 19:36:15.394000+05:30,27.1,84.3,469,0,21.4,59.8,0,956.5,24.6,55.8,433,0,21.6,64.0,478,0,17.6,72.5,464,0,0,0,0,0,6.9,54.9,0,1,0,0,21.63689950934532,18.0,18.0,0.0,25.58724576086638,0.0128507762680008,431.1912368710173,0.02408,0.0010007965236903,19.520126617924184,19.681930059778097,0.0142216115950196,40.8,29.6,0.0,1.0,14:30:00,0
2026-08-04 19:36:15.394000+05:30,27.1,84.3,469,0,21.4,59.8,0,956.5,24.6,55.8,433,0,21.6,64.0,478,0,17.6,72.5,464,0,0,0,0,0,6.9,54.9,0,1,0,0,21.63689950934532,18.0,18.0,0.0,25.58724576086638,0.0128507762680008,431.1912368710173,0.02408,0.0010007965236903,19.520126617924184,19.681930059778097,0.0142216115950196,40.8,29.6,0.0,1.0,14:30:00,0
2026-08-04 19:36:20.395000+05:30,27.1,84.2,477,0,21.4,59.6,0,956.6,24.5,55.6,421,0,21.4,64.4,489,0,18.0,73.8,464,0,0,0,0,0,13.9,49.0,0,0,1,0,21.640984741415707,18.3,18.3,0.0,25.956470296438123,0.012829233929165,430.35338124855457,0.02408,0.0010005021678086,20.28767454672779,20.384801743993155,0.0149308713311376,40.8,29.6,0.0,1.0,14:30:00,0
2026-08-04 19:36:20.395000+05:30,27.1,84.2,477,0,21.4,59.6,0,956.6,24.5,55.6,421,0,21.4,64.4,489,0,18.0,73.8,464,0,0,0,0,0,13.9,49.0,0,0,1,0,21.640984741415707,18.3,18.3,0.0,25.956470296438123,0.012829233929165,430.35338124855457,0.02408,0.0010005021678086,20.28767454672779,20.384801743993155,0.0149308713311376,40.8,29.6,0.0,1.0,14:30:00,0
2026-08-04 19:36:25.395000+05:30,27.2,84.0,474,0,21.4,59.6,0,956.6,24.5,55.6,433,0,21.4,64.4,497,0,18.3,73.8,464,0,0,0,0,0,29.6,40.8,0,0,1,0,21.640949169111984,18.6,18.6,0.0,27.0424890529588,0.0123383291750591,430.76452835037134,0.02408,0.0010003544814166,20.74648517933681,20.80482360313799,0.0153699439987449,40.8,29.6,0.0,1.0,14:30:00,0
2026-08-04 19:36:25.395000+05:30,27.2,84.0,474,0,21.4,59.6,0,956.6,24.5,55.6,433,0,21.4,64.4,497,0,18.3,73.8,464,0,0,0,0,0,29.6,40.8,0,0,1,0,21.640949169111984,18.6,18.6,0.0,27.0424890529588,0.0123383291750591,430.76452835037134,0.02408,0.0010003544814166,20.74648517933681,20.80482360313799,0.0153699439987449,40.8,29.6,0.0,1.0,14:30:00,0
2026-08-04 19:36:30.396000+05:30,27.2,83.7,465,0,21.4,59.5,0,956.5,24.5,55.5,441,0,21.5,64.7,503,0,18.6,73.2,464,0,0,0,0,0,29.6,40.8,0,0,1,0,21.645071685597426,18.9,18.9,0.0,24.46769250116023,0.0128847337943103,429.53645702546174,0.02408,0.0010002247778281,21.02322158122277,21.058232453063063,0.0156403843302846,40.8,29.6,0.0,1.0,14:30:00,0
2026-08-04 19:36:30.396000+05:30,27.2,83.7,465,0,21.4,59.5,0,956.5,24.5,55.5,441,0,21.5,64.7,503,0,18.6,73.2,464,0,0,0,0,0,29.6,40.8,0,0,1,0,21.645071685597426,18.9,18.9,0.0,24.46769250116023,0.0128847337943103,429.53645702546174,0.02408,0.0010002247778281,21.02322158122277,21.058232453063063,0.0156403843302846,40.8,29.6,0.0,1.0,14:30:00,0
2026-08-04 19:36:35.475000+05:30,27.3,83.8,496,0,21.4,59.6,0,956.5,24.5,55.5,424,0,21.5,64.7,492,0,18.9,72.1,464,0,0,0,0,0,29.6,40.8,0,0,1,0,21.64505354092482,18.9,18.9,0.0,24.05659597408953,0.0120284096377337,431.32416370098593,0.02408,0.0010001507229609,21.1868529703478,21.20786073635483,0.0158023098740904,40.8,29.6,0.0,1.0,14:30:00,0
2026-08-04 19:36:35.475000+05:30,27.3,83.8,496,0,21.4,59.6,0,956.5,24.5,55.5,424,0,21.5,64.7,492,0,18.9,72.1,464,0,0,0,0,0,29.6,40.8,0,0,1,0,21.64505354092482,18.9,18.9,0.0,24.05659597408953,0.0120284096377337,431.32416370098593,0.02408,0.0010001507229609,21.1868529703478,21.20786073635483,0.0158023098740904,40.8,29.6,0.0,1.0,14:30:00,0
2026-08-04 19:36:40.474000+05:30,27.3,83.6,507,0,21.4,59.6,0,956.5,24.5,55.5,448,0,21.5,64.7,488,0,18.9,72.1,464,0,0,0,0,0,29.6,40.8,0,0,1,0,21.64504240805508,19.1,19.1,0.0,23.61573470817774,0.011418226613,433.6055731377857,0.02408,0.001000105285757,21.28329397784929,21.295899446180016,0.0158984541385301,40.8,29.6,0.0,1.0,14:30:00,0
2026-08-04 19:36:40.474000+05:30,27.3,83.6,507,0,21.4,59.6,0,956.5,24.5,55.5,448,0,21.5,64.7,488,0,18.9,72.1,464,0,0,0,0,0,29.6,40.8,0,0,1,0,21.64504240805508,19.1,19.1,0.0,23.61573470817774,0.011418226613,433.6055731377857,0.02408,0.001000105285757,21.28329397784929,21.295899446180016,0.0158984541385301,40.8,29.6,0.0,1.0,14:30:00,0
2026-08-04 19:36:45.521000+05:30,27.3,83.5,519,0,21.4,59.6,0,956.5,24.5,55.5,453,0,21.5,64.7,486,0,19.1,71.0,464,0,0,0,0,0,29.6,40.8,0,0,1,0,21.64088460212389,19.4,19.4,1.0,25.85570859963667,0.0130203203719357,436.9701668177932,0.02408,0.0010000864170936,21.34502111474802,21.352626680939466,0.0159602687430072,40.8,29.6,0.0,1.0,14:30:00,0
2026-08-04 19:36:45.521000+05:30,27.3,83.5,519,0,21.4,59.6,0,956.5,24.5,55.5,453,0,21.5,64.7,486,0,19.1,71.0,464,0,0,0,0,0,29.6,40.8,0,0,1,0,21.64088460212389,19.4,19.4,1.0,25.85570859963667,0.0130203203719357,436.9701668177932,0.02408,0.0010000864170936,21.34502111474802,21.352626680939466,0.0159602687430072,40.8,29.6,0.0,1.0,14:30:00,0
2026-08-04 19:36:50.521000+05:30,27.2,83.4,473,0,21.4,59.6,0,956.6,24.5,55.5,430,0,21.5,64.7,466,0,19.4,69.5,464,0,0,0,0,0,29.6,40.8,1,0,1,0,21.645033928452985,19.5,19.5,0.0,24.25838645841321,0.0128346269100202,433.5408200122748,0.02408,0.0010000706774826,21.38189086741296,21.38645950527583,0.0159972943778671,40.8,29.6,0.0,1.0,14:30:00,0
2026-08-04 19:36:50.521000+05:30,27.2,83.4,473,0,21.4,59.6,0,956.6,24.5,55.5,430,0,21.5,64.7,466,0,19.4,69.5,464,0,0,0,0,0,29.6,40.8,1,0,1,0,21.645033928452985,19.5,19.5,0.0,24.25838645841321,0.0128346269100202,433.5408200122748,0.02408,0.0010000706774826,21.38189086741296,21.38645950527583,0.0159972943778671,40.8,29.6,0.0,1.0,14:30:00,0
2026-08-04 19:36:55.572000+05:30,27.3,83.4,495,0,21.4,59.6,0,956.5,24.5,55.5,452,0,22.0,63.7,457,0,19.5,68.3,464,0,0,0,0,0,29.6,40.8,0,0,1,0,21.640961445849904,19.7,19.7,0.0,21.91737450332732,0.0104108627561869,434.85643128270175,0.02408,0.0010004054510458,21.396900528098225,21.39964488553508,0.0160123897419496,40.8,29.6,0.0,1.0,14:30:00,0
2026-08-04 19:36:55.572000+05:30,27.3,83.4,495,0,21.4,59.6,0,956.5,24.5,55.5,452,0,22.0,63.7,457,0,19.5,68.3,464,0,0,0,0,0,29.6,40.8,0,0,1,0,21.640961445849904,19.7,19.7,0.0,21.91737450332732,0.0104108627561869,434.85643128270175,0.02408,0.0010004054510458,21.396900528098225,21.39964488553508,0.0160123897419496,40.8,29.6,0.0,1.0,14:30:00,0
2026-08-04 19:37:00.573000+05:30,27.2,83.3,433,0,21.4,59.6,0,956.5,24.5,55.5,426,0,22.1,63.4,65386,0,19.7,67.0,464,0,0,0,0,0,29.6,40.8,0,0,1,0,21.64094111712028,19.7,19.7,0.0,21.36703510370526,0.0094537585294905,434.2198396734028,0.02408,0.0010003210517683,21.40342344410581,21.405071228282665,0.0160189539193124,40.8,29.6,0.0,1.0,14:30:00,0
2026-08-04 19:37:00.573000+05:30,27.2,83.3,433,0,21.4,59.6,0,956.5,24.5,55.5,426,0,22.1,63.4,65386,0,19.7,67.0,464,0,0,0,0,0,29.6,40.8,0,0,1,0,21.64094111712028,19.7,19.7,0.0,21.36703510370526,0.0094537585294905,434.2198396734028,0.02408,0.0010003210517683,21.40342344410581,21.405071228282665,0.0160189539193124,40.8,29.6,0.0,1.0,14:30:00,0
2026-08-04 19:37:05.671000+05:30,27.2,83.3,428,0,21.4,59.6,0,956.5,24.5,55.4,444,0,22.2,63.0,489,0,19.8,65.8,464,0,0,0,0,0,29.6,40.8,0,0,1,0,21.64093264102815,19.8,19.8,0.0,21.961798449027555,0.0104040258304563,434.4379491057727,0.02408,0.001000285861372,21.409891008582026,21.41088098892857,0.0160254647986177,40.8,29.6,0.0,1.0,14:30:00,0
2026-08-04 19:37:05.671000+05:30,27.2,83.3,428,0,21.4,59.6,0,956.5,24.5,55.4,444,0,22.2,63.0,489,0,19.8,65.8,464,0,0,0,0,0,29.6,40.8,0,0,1,0,21.64093264102815,19.8,19.8,0.0,21.961798449027555,0.0104040258304563,434.4379491057727,0.02408,0.001000285861372,21.409891008582026,21.41088098892857,0.0160254647986177,40.8,29.6,0.0,1.0,14:30:00,0
2026-08-04 19:37:10.671000+05:30,27.2,83.3,428,0,21.4,59.6,0,956.5,24.5,55.4,444,0,22.2,63.0,489,0,19.8,65.8,464,0,0,0,0,0,29.6,40.8,0,0,1,0,21.64507275750893,20.0,20.0,0.0,21.383762991497942,0.0094507902260191,435.2038161124546,0.02408,0.0010002291526805,21.411602958809528,21.41219793987345,0.0160271886148933,40.8,29.6,0.0,1.0,14:30:00,0
2026-08-04 19:37:10.671000+05:30,27.2,83.3,428,0,21.4,59.6,0,956.5,24.5,55.4,444,0,22.2,63.0,489,0,19.8,65.8,464,0,0,0,0,0,29.6,40.8,0,0,1,0,21.64507275750893,20.0,20.0,0.0,21.383762991497942,0.0094507902260191,435.2038161124546,0.02408,0.0010002291526805,21.411602958809528,21.41219793987345,0.0160271886148933,40.8,29.6,0.0,1.0,14:30:00,0
2026-08-04 19:37:15.671000+05:30,27.3,83.2,410,0,21.4,59.6,0,956.5,24.6,55.4,433,0,22.3,62.7,470,0,20.0,64.9,464,0,0,0,0,0,29.6,40.8,0,0,1,0,21.6450598211743,20.2,20.2,0.0,27.29998635000682,0.0131939017209643,438.2250767902681,0.02408,0.0010001763548944,21.422843234948715,21.42327598924012,0.0160385109683187,40.8,29.6,0.0,1.0,14:30:00,0
2026-08-04 19:37:15.671000+05:30,27.3,83.2,410,0,21.4,59.6,0,956.5,24.6,55.4,433,0,22.3,62.7,470,0,20.0,64.9,464,0,0,0,0,0,29.6,40.8,0,0,1,0,21.6450598211743,20.2,20.2,0.0,27.29998635000682,0.0131939017209643,438.2250767902681,0.02408,0.0010001763548944,21.422843234948715,21.42327598924012,0.0160385109683187,40.8,29.6,0.0,1.0,14:30:00,0
2026-08-04 19:37:20.672000+05:30,27.3,83.2,457,0,21.4,59.5,0,956.5,24.6,55.3,427,0,22.4,62.3,464,0,20.2,64.0,464,0,0,0,0,0,29.6,40.8,0,0,1,0,21.64504780215077,20.2,20.2,0.0,24.557453101181817,0.0127082237085843,437.4348661500763,0.02408,0.0010001273009814,21.42821349950934,21.42848531262421,0.0160439230012378,40.8,29.6,0.0,1.0,14:30:00,0
2026-08-04 19:37:20.672000+05:30,27.3,83.2,457,0,21.4,59.5,0,956.5,24.6,55.3,427,0,22.4,62.3,464,0,20.2,64.0,464,0,0,0,0,0,29.6,40.8,0,0,1,0,21.64504780215077,20.2,20.2,0.0,24.557453101181817,0.0127082237085843,437.4348661500763,0.02408,0.0010001273009814,21.42821349950934,21.42848531262421,0.0160439230012378,40.8,29.6,0.0,1.0,14:30:00,0
2026-08-04 19:37:25.673000+05:30,27.3,83.2,489,0,21.4,59.5,0,956.5,24.6,55.3,450,0,22.4,62.3,468,0,20.2,64.0,464,0,0,0,0,0,29.6,40.8,0,0,1,0,21.64919173308718,20.5,20.5,0.0,23.31247402869038,0.0124171052905339,436.36443191025023,0.02408,0.0010000894887898,21.431010206728143,21.431174127912463,0.0160467421146911,40.8,29.6,0.0,1.0,14:30:00,0
2026-08-04 19:37:25.673000+05:30,27.3,83.2,489,0,21.4,59.5,0,956.5,24.6,55.3,450,0,22.4,62.3,468,0,20.2,64.0,464,0,0,0,0,0,29.6,40.8,0,0,1,0,21.64919173308718,20.5,20.5,0.0,23.31247402869038,0.0124171052905339,436.36443191025023,0.02408,0.0010000894887898,21.431010206728143,21.431174127912463,0.0160467421146911,40.8,29.6,0.0,1.0,14:30:00,0
2026-08-04 19:37:30.718000+05:30,27.4,83.2,523,0,21.4,59.5,0,956.6,24.6,55.2,446,0,22.5,62.0,488,0,20.5,63.2,464,0,0,0,0,0,29.6,40.8,0,0,1,0,21.649187069067253,20.8,20.8,0.0,23.665579818262835,0.012173653379184,439.3804404722658,0.02408,0.0010000707705232,21.4320439923807,21.432143119484174,0.0160477842961184,40.8,29.6,0.0,1.0,14:30:00,0
2026-08-04 19:37:30.718000+05:30,27.4,83.2,523,0,21.4,59.5,0,956.6,24.6,55.2,446,0,22.5,62.0,488,0,20.5,63.2,464,0,0,0,0,0,29.6,40.8,0,0,1,0,21.649187069067253,20.8,20.8,0.0,23.665579818262835,0.012173653379184,439.3804404722658,0.02408,0.0010000707705232,21.4320439923807,21.432143119484174,0.0160477842961184,40.8,29.6,0.0,1.0,14:30:00,0
2026-08-04 19:37:35.745000+05:30,27.4,83.1,508,0,21.4,59.5,0,956.5,24.6,55.2,451,0,22.6,61.6,478,0,20.8,62.5,464,0,0,0,0,0,29.6,40.8,0,0,1,0,21.65333707231609,20.8,20.8,0.0,23.84599715211741,0.0122665780260267,440.3171770329219,0.02408,0.0010000584756346,21.43331511188148,21.433375374253583,0.016049065822818,40.8,29.6,0.0,1.0,14:30:00,0
2026-08-04 19:37:35.745000+05:30,27.4,83.1,508,0,21.4,59.5,0,956.5,24.6,55.2,451,0,22.6,61.6,478,0,20.8,62.5,464,0,0,0,0,0,29.6,40.8,0,0,1,0,21.65333707231609,20.8,20.8,0.0,23.84599715211741,0.0122665780260267,440.3171770329219,0.02408,0.0010000584756346,21.43331511188148,21.433375374253583,0.016049065822818,40.8,29.6,0.0,1.0,14:30:00,0
2026-08-04 19:37:40.746000+05:30,27.5,82.6,502,0,21.4,59.4,0,956.5,24.6,55.0,440,0,22.6,61.6,469,0,20.8,62.5,464,0,0,0,0,0,29.6,40.8,0,0,1,0,21.65333520462101,21.1,21.1,0.0,23.864257819098817,0.0123359174556131,440.8810452769205,0.02408,0.0010000511028318,21.434264016877577,21.43430096061621,0.0160500225572657,40.8,29.6,0.0,1.0,14:30:00,0
2026-08-04 19:37:40.746000+05:30,27.5,82.6,502,0,21.4,59.4,0,956.5,24.6,55.0,440,0,22.6,61.6,469,0,20.8,62.5,464,0,0,0,0,0,29.6,40.8,0,0,1,0,21.65333520462101,21.1,21.1,0.0,23.864257819098817,0.0123359174556131,440.8810452769205,0.02408,0.0010000511028318,21.434264016877577,21.43430096061621,0.0160500225572657,40.8,29.6,0.0,1.0,14:30:00,0
2026-08-04 19:37:45.746000+05:30,27.5,82.6,464,0,21.4,59.4,0,956.5,24.7,55.0,452,0,22.7,61.0,479,0,21.4,60.7,464,0,0,0,0,0,29.6,40.8,0,0,1,0,21.65337156757803,21.4,21.4,0.0,27.499986250006955,0.0121220707242025,441.95519269957873,0.02408,0.0010001946470949,21.43427426952212,21.43432677807127,0.016050032894787,40.8,29.6,0.0,1.0,14:30:00,0
2026-08-04 19:37:45.746000+05:30,27.5,82.6,464,0,21.4,59.4,0,956.5,24.7,55.0,452,0,22.7,61.0,479,0,21.4,60.7,464,0,0,0,0,0,29.6,40.8,0,0,1,0,21.65337156757803,21.4,21.4,0.0,27.499986250006955,0.0121220707242025,441.95519269957873,0.02408,0.0010001946470949,21.43427426952212,21.43432677807127,0.016050032894787,40.8,29.6,0.0,1.0,14:30:00,0
2026-08-04 19:37:50.747000+05:30,27.4,82.5,489,0,21.4,59.4,0,956.5,24.6,54.9,443,0,22.8,60.8,65342,0,21.6,60.0,464,0,0,0,0,0,29.6,40.8,0,0,1,0,21.64920301618024,21.6,21.6,0.0,24.3067923103522,0.0120981191097607,442.7140269165141,0.02408,0.0010001347716033,21.433815326048816,21.43385298045917,0.0160495701578405,40.8,29.6,1.0,0.0,14:30:00,0
2026-08-04 19:37:50.747000+05:30,27.4,82.5,489,0,21.4,59.4,0,956.5,24.6,54.9,443,0,22.8,60.8,65342,0,21.6,60.0,464,0,0,0,0,0,29.6,40.8,0,0,1,0,21.64920301618024,21.6,21.6,0.0,24.3067923103522,0.0120981191097607,442.7140269165141,0.02408,0.0010001347716033,21.433815326048816,21.43385298045917,0.0160495701578405,40.8,29.6,1.0,0.0,14:30:00,0
2026-08-04 19:37:55.747000+05:30,27.4,82.4,469,0,21.4,59.3,0,956.5,24.7,54.9,437,0,22.9,60.5,466,0,21.9,59.2,464,0,0,0,0,0,29.6,40.8,0,1,0,0,21.649197926259145,21.9,21.9,0.0,26.32392557113416,0.0124109500579902,443.614082432882,0.02408,0.0010001143440533,21.43442975032825,21.43450513637177,0.0160501896634828,40.8,29.6,1.0,0.0,14:30:00,0
2026-08-04 19:37:55.747000+05:30,27.4,82.4,469,0,21.4,59.3,0,956.5,24.7,54.9,437,0,22.9,60.5,466,0,21.9,59.2,464,0,0,0,0,0,29.6,40.8,0,1,0,0,21.649197926259145,21.9,21.9,0.0,26.32392557113416,0.0124109500579902,443.614082432882,0.02408,0.0010001143440533,21.43442975032825,21.43450513637177,0.0160501896634828,40.8,29.6,1.0,0.0,14:30:00,0
2026-08-04 19:38:00.747000+05:30,27.4,82.4,469,0,21.4,59.3,0,956.5,24.7,54.9,437,0,22.9,60.5,466,0,21.9,59.2,464,0,0,0,0,0,29.6,40.8,0,1,0,0,21.64919675896773,22.3,22.3,0.0,27.399986300006866,0.0129251006822009,443.6922434472836,0.02408,0.0010001096593238,21.436203878459903,21.43632569900709,0.0160519785852994,40.8,29.6,1.0,0.0,14:30:00,0
2026-08-04 19:38:00.747000+05:30,27.4,82.4,469,0,21.4,59.3,0,956.5,24.7,54.9,437,0,22.9,60.5,466,0,21.9,59.2,464,0,0,0,0,0,29.6,40.8,0,1,0,0,21.64919675896773,22.3,22.3,0.0,27.399986300006866,0.0129251006822009,443.6922434472836,0.02408,0.0010001096593238,21.436203878459903,21.43632569900709,0.0160519785852994,40.8,29.6,1.0,0.0,14:30:00,0
2026-08-04 19:38:05.751000+05:30,27.4,82.5,495,0,21.4,59.3,0,956.6,24.7,54.8,464,0,22.9,60.5,488,0,22.3,58.2,464,0,0,0,0,0,29.6,40.8,0,1,0,0,21.649194221730653,22.3,22.3,0.0,23.997342331477505,0.0120614324904877,442.03696113993215,0.02408,0.0010000994765456,21.43486552597477,21.434939356809,0.0160506290561605,40.8,29.6,1.0,0.0,14:30:00,0
2026-08-04 19:38:05.751000+05:30,27.4,82.5,495,0,21.4,59.3,0,956.6,24.7,54.8,464,0,22.9,60.5,488,0,22.3,58.2,464,0,0,0,0,0,29.6,40.8,0,1,0,0,21.649194221730653,22.3,22.3,0.0,23.997342331477505,0.0120614324904877,442.03696113993215,0.02408,0.0010000994765456,21.43486552597477,21.434939356809,0.0160506290561605,40.8,29.6,1.0,0.0,14:30:00,0
2026-08-04 19:38:10.751000+05:30,27.4,82.5,495,0,21.4,59.3,0,956.6,24.7,54.8,464,0,22.9,60.5,488,0,22.3,58.2,464,0,0,0,0,0,29.6,40.8,0,1,0,0,21.64932268872747,22.3,22.3,0.0,27.12767196102724,0.0115431596688913,445.5247377737766,0.02408,0.0010006150574262,21.432535480894657,21.432584212830104,0.0160482797976799,40.8,29.6,1.0,0.0,14:30:00,0
2026-08-04 19:38:10.751000+05:30,27.4,82.5,495,0,21.4,59.3,0,956.6,24.7,54.8,464,0,22.9,60.5,488,0,22.3,58.2,464,0,0,0,0,0,29.6,40.8,0,1,0,0,21.64932268872747,22.3,22.3,0.0,27.12767196102724,0.0115431596688913,445.5247377737766,0.02408,0.0010006150574262,21.432535480894657,21.432584212830104,0.0160482797976799,40.8,29.6,1.0,0.0,14:30:00,0
2026-08-04 19:38:15.752000+05:30,27.4,82.6,465,0,21.4,59.3,0,956.6,24.7,54.8,464,0,22.9,60.5,488,0,22.3,58.2,464,0,0,0,0,0,29.6,40.8,0,1,0,0,21.645122106452096,22.3,22.3,0.0,22.040018799904708,0.0103587475173898,445.3064928196765,0.02408,0.0010004305632824,21.427624371980777,21.427654644257807,0.0160433292109683,40.8,29.6,1.0,0.0,14:30:00,0
2026-08-04 19:38:15.752000+05:30,27.4,82.6,465,0,21.4,59.3,0,956.6,24.7,54.8,464,0,22.9,60.5,488,0,22.3,58.2,464,0,0,0,0,0,29.6,40.8,0,1,0,0,21.645122106452096,22.3,22.3,0.0,22.040018799904708,0.0103587475173898,445.3064928196765,0.02408,0.0010004305632824,21.427624371980777,21.427654644257807,0.0160433292109683,40.8,29.6,1.0,0.0,14:30:00,0
2026-08-04 19:38:20.751000+05:30,27.3,82.7,442,0,21.4,59.3,0,956.6,24.7,54.8,464,0,22.9,60.5,488,0,22.3,58.2,464,0,0,0,0,0,29.6,40.8,0,1,0,0,21.645096060328186,23.1,23.1,0.0,22.04353262509414,0.0103557128533981,447.5668447463512,0.02408,0.0010003242597801,21.42467175211319,21.424690993075423,0.0160403535216735,40.8,29.6,1.0,0.0,14:30:00,0
2026-08-04 19:38:20.751000+05:30,27.3,82.7,442,0,21.4,59.3,0,956.6,24.7,54.8,464,0,22.9,60.5,488,0,22.3,58.2,464,0,0,0,0,0,29.6,40.8,0,1,0,0,21.645096060328186,23.1,23.1,0.0,22.04353262509414,0.0103557128533981,447.5668447463512,0.02408,0.0010003242597801,21.42467175211319,21.424690993075423,0.0160403535216735,40.8,29.6,1.0,0.0,14:30:00,0
2026-08-04 19:38:25.752000+05:30,27.3,82.6,443,0,21.4,59.2,0,956.5,24.7,54.6,464,0,23.2,59.4,488,0,23.1,56.3,464,0,0,0,0,0,29.6,40.8,0,1,0,0,21.645069901940666,23.5,23.5,0.0,21.45931319371327,0.0093974408921851,449.8178127196736,0.02408,0.00100021749809,21.420329813584203,21.42034203183526,0.016035978565778,40.8,29.6,1.0,0.0,14:30:00,0
2026-08-04 19:38:25.752000+05:30,27.3,82.6,443,0,21.4,59.2,0,956.5,24.7,54.6,464,0,23.2,59.4,488,0,23.1,56.3,464,0,0,0,0,0,29.6,40.8,0,1,0,0,21.645069901940666,23.5,23.5,0.0,21.45931319371327,0.0093974408921851,449.8178127196736,0.02408,0.00100021749809,21.420329813584203,21.42034203183526,0.016035978565778,40.8,29.6,1.0,0.0,14:30:00,0
2026-08-04 19:38:30.753000+05:30,27.3,82.6,425,0,21.4,59.2,0,956.5,24.7,54.5,464,0,23.3,59.2,488,0,23.5,55.5,464,0,0,0,0,0,29.6,40.8,0,1,0,0,21.64505360235756,23.9,23.9,0.0,21.45521537060771,0.0093935941229921,451.9761328716669,0.02408,0.0010001509736898,21.417716787830315,21.41772483453058,0.0160333461902094,40.8,29.6,1.0,0.0,14:30:00,0
2026-08-04 19:38:30.753000+05:30,27.3,82.6,425,0,21.4,59.2,0,956.5,24.7,54.5,464,0,23.3,59.2,488,0,23.5,55.5,464,0,0,0,0,0,29.6,40.8,0,1,0,0,21.64505360235756,23.9,23.9,0.0,21.45521537060771,0.0093935941229921,451.9761328716669,0.02408,0.0010001509736898,21.417716787830315,21.41772483453058,0.0160333461902094,40.8,29.6,1.0,0.0,14:30:00,0
2026-08-04 19:38:35.753000+05:30,27.3,82.8,419,0,21.4,59.1,0,956.5,24.7,54.5,464,0,23.3,59.0,488,0,23.9,54.7,464,0,0,0,0,0,29.6,40.8,0,1,0,0,21.64505920265832,24.2,24.2,0.0,22.03312764442356,0.0103464187412435,454.0098598816141,0.02408,0.0010001738305105,21.41870228872682,21.41870836201406,0.016034338942952,40.8,29.6,1.0,0.0,14:30:00,0
2026-08-04 19:38:35.753000+05:30,27.3,82.8,419,0,21.4,59.1,0,956.5,24.7,54.5,464,0,23.3,59.0,488,0,23.9,54.7,464,0,0,0,0,0,29.6,40.8,0,1,0,0,21.64505920265832,24.2,24.2,0.0,22.03312764442356,0.0103464187412435,454.0098598816141,0.02408,0.0010001738305105,21.41870228872682,21.41870836201406,0.016034338942952,40.8,29.6,1.0,0.0,14:30:00,0
2026-08-04 19:38:40.753000+05:30,27.3,82.9,446,0,21.4,59.1,0,956.6,24.7,54.4,464,0,23.4,58.7,488,0,24.2,53.7,464,0,0,0,0,0,29.6,40.8,0,1,0,0,21.645171568848287,24.5,24.5,0.0,22.02484028624896,0.0103417338669922,455.9950175244583,0.02408,0.0010006324369265,21.419103955964008,21.419111783971392,0.0160347435818258,40.8,29.6,1.0,0.0,14:30:00,0
2026-08-04 19:38:40.753000+05:30,27.3,82.9,446,0,21.4,59.1,0,956.6,24.7,54.4,464,0,23.4,58.7,488,0,24.2,53.7,464,0,0,0,0,0,29.6,40.8,0,1,0,0,21.645171568848287,24.5,24.5,0.0,22.02484028624896,0.0103417338669922,455.9950175244583,0.02408,0.0010006324369265,21.419103955964008,21.419111783971392,0.0160347435818258,40.8,29.6,1.0,0.0,14:30:00,0
2026-08-04 19:38:45.754000+05:30,27.3,82.9,462,0,21.4,59.1,0,956.5,24.6,54.4,464,0,23.4,58.7,488,0,24.5,52.9,464,0,0,0,0,0,29.6,40.8,0,1,0,0,21.64512835680732,24.7,24.7,0.0,21.42898228762528,0.0093768764653503,457.7839922842728,0.02408,0.0010004560732068,21.41691485632267,21.416920735333186,0.0160325383986964,40.8,29.6,1.0,0.0,14:30:00,0
2026-08-04 19:38:45.754000+05:30,27.3,82.9,462,0,21.4,59.1,0,956.5,24.6,54.4,464,0,23.4,58.7,488,0,24.5,52.9,464,0,0,0,0,0,29.6,40.8,0,1,0,0,21.64512835680732,24.7,24.7,0.0,21.42898228762528,0.0093768764653503,457.7839922842728,0.02408,0.0010004560732068,21.41691485632267,21.416920735333186,0.0160325383986964,40.8,29.6,1.0,0.0,14:30:00,0
2026-08-04 19:38:50.754000+05:30,27.3,82.8,445,0,21.4,59.0,0,956.5,24.6,54.4,464,0,23.3,58.3,488,0,24.7,52.1,464,0,0,0,0,0,29.6,40.8,0,1,0,0,21.645099814317533,24.7,24.7,0.0,22.41754027200424,0.0106298522203079,459.4143879229986,0.02408,0.0010003395811468,21.419001930644427,21.41900653589085,0.0160346408008216,40.8,29.6,1.0,0.0,14:30:00,0
2026-08-04 19:38:50.754000+05:30,27.3,82.8,445,0,21.4,59.0,0,956.5,24.6,54.4,464,0,23.3,58.3,488,0,24.7,52.1,464,0,0,0,0,0,29.6,40.8,0,1,0,0,21.645099814317533,24.7,24.7,0.0,22.41754027200424,0.0106298522203079,459.4143879229986,0.02408,0.0010003395811468,21.419001930644427,21.41900653589085,0.0160346408008216,40.8,29.6,1.0,0.0,14:30:00,0
2026-08-04 19:38:55.754000+05:30,27.3,82.8,485,0,21.4,59.0,0,956.6,24.5,54.4,464,0,23.3,58.2,488,0,24.7,52.1,464,0,0,0,0,0,29.6,40.8,0,1,0,0,21.64519593479669,24.8,24.8,0.0,22.00117985286514,0.0103269556874842,460.9728784143038,0.02408,0.0010007318830346,21.41924314665054,21.41925009365103,0.0160348838044359,40.8,29.6,1.0,0.0,14:30:00,0
2026-08-04 19:38:55.754000+05:30,27.3,82.8,485,0,21.4,59.0,0,956.6,24.5,54.4,464,0,23.3,58.2,488,0,24.7,52.1,464,0,0,0,0,0,29.6,40.8,0,1,0,0,21.64519593479669,24.8,24.8,0.0,22.00117985286514,0.0103269556874842,460.9728784143038,0.02408,0.0010007318830346,21.41924314665054,21.41925009365103,0.0160348838044359,40.8,29.6,1.0,0.0,14:30:00,0
2026-08-04 19:39:00.808000+05:30,27.3,82.9,465,0,21.4,59.0,0,956.6,24.5,54.4,464,0,23.3,58.2,488,0,24.8,51.5,464,0,0,0,0,0,29.6,40.8,0,1,0,0,21.645129610950736,25.0,25.0,0.0,21.406798045248088,0.0093604461569118,462.2552909648399,0.02408,0.0010004611918124,21.416976666356607,21.41698152355324,0.016032600659089,40.8,29.6,1.0,0.0,14:30:00,0
2026-08-04 19:39:00.808000+05:30,27.3,82.9,465,0,21.4,59.0,0,956.6,24.5,54.4,464,0,23.3,58.2,488,0,24.8,51.5,464,0,0,0,0,0,29.6,40.8,0,1,0,0,21.645129610950736,25.0,25.0,0.0,21.406798045248088,0.0093604461569118,462.2552909648399,0.02408,0.0010004611918124,21.416976666356607,21.41698152355324,0.016032600659089,40.8,29.6,1.0,0.0,14:30:00,0
2026-08-04 19:39:05.808000+05:30,27.3,82.8,423,0,21.4,58.9,0,956.5,24.4,54.5,464,0,23.2,58.2,488,0,25.0,50.9,464,0,0,0,0,0,29.6,40.8,0,1,0,0,21.64925724650251,25.1,25.1,0.0,21.40278235268944,0.0093524479460883,463.4271099372213,0.02408,0.0010003524159634,21.41597084160976,21.415974952303184,0.0160315875329103,40.8,29.6,1.0,0.0,14:30:00,0
2026-08-04 19:39:05.808000+05:30,27.3,82.8,423,0,21.4,58.9,0,956.5,24.4,54.5,464,0,23.2,58.2,488,0,25.0,50.9,464,0,0,0,0,0,29.6,40.8,0,1,0,0,21.64925724650251,25.1,25.1,0.0,21.40278235268944,0.0093524479460883,463.4271099372213,0.02408,0.0010003524159634,21.41597084160976,21.415974952303184,0.0160315875329103,40.8,29.6,1.0,0.0,14:30:00,0
2026-08-04 19:39:10.991000+05:30,27.4,82.8,444,0,21.4,58.7,0,956.5,24.3,54.5,464,0,23.2,58.2,488,0,25.1,50.5,464,0,0,0,0,0,29.6,40.8,0,1,0,0,21.645131136947608,25.2,25.2,0.0,21.990552040048527,0.0102991769640412,464.4506146121422,0.02408,0.0010004674199488,21.4174547424141,21.41745978481191,0.0160330822258816,40.8,29.6,1.0,0.0,14:30:00,0
2026-08-04 19:39:10.991000+05:30,27.4,82.8,444,0,21.4,58.7,0,956.5,24.3,54.5,464,0,23.2,58.2,488,0,25.1,50.5,464,0,0,0,0,0,29.6,40.8,0,1,0,0,21.645131136947608,25.2,25.2,0.0,21.990552040048527,0.0102991769640412,464.4506146121422,0.02408,0.0010004674199488,21.4174547424141,21.41745978481191,0.0160330822258816,40.8,29.6,1.0,0.0,14:30:00,0
2026-08-04 19:39:15.991000+05:30,27.3,82.8,438,0,21.4,58.5,0,956.5,24.2,54.5,464,0,23.1,58.2,488,0,25.2,49.9,464,0,0,0,0,0,29.6,40.8,0,1,0,0,21.64509716799076,25.2,25.2,0.0,21.728762159212017,0.0098527073911997,465.3064577470561,0.02408,0.0010003287805453,21.417227479328268,21.417231398340505,0.0160328533017726,40.8,29.6,1.0,0.0,14:30:00,0
2026-08-04 19:39:15.991000+05:30,27.3,82.8,438,0,21.4,58.5,0,956.5,24.2,54.5,464,0,23.1,58.2,488,0,25.2,49.9,464,0,0,0,0,0,29.6,40.8,0,1,0,0,21.64509716799076,25.2,25.2,0.0,21.728762159212017,0.0098527073911997,465.3064577470561,0.02408,0.0010003287805453,21.417227479328268,21.417231398340505,0.0160328533017726,40.8,29.6,1.0,0.0,14:30:00,0
2026-08-04 19:39:20.991000+05:30,27.3,82.9,458,0,21.4,58.5,0,956.5,24.1,54.6,464,0,23.0,100.0,488,0,25.3,49.8,464,0,0,0,0,0,29.6,40.8,0,1,0,0,21.6451906247716,25.3,25.3,0.0,21.98827114206072,0.0102680948433887,466.0210765862112,0.02408,0.0010007102109322,21.41802698666461,21.41803344067376,0.0160336586656562,40.8,29.6,1.0,0.0,14:30:00,0
2026-08-04 19:39:20.991000+05:30,27.3,82.9,458,0,21.4,58.5,0,956.5,24.1,54.6,464,0,23.0,100.0,488,0,25.3,49.8,464,0,0,0,0,0,29.6,40.8,0,1,0,0,21.6451906247716,25.3,25.3,0.0,21.98827114206072,0.0102680948433887,466.0210765862112,0.02408,0.0010007102109322,21.41802698666461,21.41803344067376,0.0160336586656562,40.8,29.6,1.0,0.0,14:30:00,0
2026-08-04 19:39:25.991000+05:30,27.3,82.9,472,0,21.4,58.5,0,956.5,24.0,54.8,400,0,22.9,100.0,488,0,25.3,49.6,400,0,0,0,0,0,29.6,40.8,0,1,0,0,21.64512436962792,25.3,25.3,0.0,21.98789451528284,0.0102596662303225,466.6078514757665,0.02408,0.0010004398001085,21.41867438719865,21.41867908036064,0.0160343108353444,40.8,29.6,1.0,0.0,14:30:00,0
2026-08-04 19:39:25.991000+05:30,27.3,82.9,472,0,21.4,58.5,0,956.5,24.0,54.8,400,0,22.9,100.0,488,0,25.3,49.6,400,0,0,0,0,0,29.6,40.8,0,1,0,0,21.64512436962792,25.3,25.3,0.0,21.98789451528284,0.0102596662303225,466.6078514757665,0.02408,0.0010004398001085,21.41867438719865,21.41867908036064,0.0160343108353444,40.8,29.6,1.0,0.0,14:30:00,0
2026-08-04 19:39:31.006000+05:30,27.4,82.9,492,0,21.4,58.4,0,956.5,23.9,54.9,400,0,22.9,100.0,488,0,25.4,49.4,400,0,0,0,0,0,29.6,40.8,0,1,0,0,21.649237935949166,25.4,25.4,0.0,21.40589845214612,0.0092814760572888,458.63614603096505,0.02408,0.001000274916276,21.416813951617385,21.41681761894052,0.0160324367592518,40.8,29.6,1.0,0.0,14:30:00,0
2026-08-04 19:39:31.006000+05:30,27.4,82.9,492,0,21.4,58.4,0,956.5,23.9,54.9,400,0,22.9,100.0,488,0,25.4,49.4,400,0,0,0,0,0,29.6,40.8,0,1,0,0,21.649237935949166,25.4,25.4,0.0,21.40589845214612,0.0092814760572888,458.63614603096505,0.02408,0.001000274916276,21.416813951617385,21.41681761894052,0.0160324367592518,40.8,29.6,1.0,0.0,14:30:00,0
2026-08-04 19:39:36.087000+05:30,27.3,82.9,494,0,21.4,58.4,0,956.5,23.9,54.9,400,0,22.9,100.0,488,0,25.4,49.4,400,0,0,0,0,0,29.6,40.8,0,1,0,0,21.645059646131788,25.4,25.4,0.0,21.41108014203684,0.0092706880883006,451.26390888302376,0.02408,0.0010001756404836,21.4152731680964,21.415276227245467,0.0160308848289043,40.8,29.6,1.0,0.0,14:30:00,0
2026-08-04 19:39:36.087000+05:30,27.3,82.9,494,0,21.4,58.4,0,956.5,23.9,54.9,400,0,22.9,100.0,488,0,25.4,49.4,400,0,0,0,0,0,29.6,40.8,0,1,0,0,21.645059646131788,25.4,25.4,0.0,21.41108014203684,0.0092706880883006,451.26390888302376,0.02408,0.0010001756404836,21.4152731680964,21.415276227245467,0.0160308848289043,40.8,29.6,1.0,0.0,14:30:00,0
2026-08-04 19:39:41.105000+05:30,27.2,83.0,484,0,21.4,58.3,0,956.6,23.8,55.1,411,0,22.9,100.0,488,0,25.4,49.3,400,0,0,0,0,0,29.6,40.8,4,1,0,0,21.64089237816495,25.4,25.4,4.0,21.41394282513967,0.0092638543854969,444.7559555063468,0.02408,0.001000118701071,21.41393617635664,21.41393883746752,0.0160295382748156,40.8,29.6,1.0,0.0,14:30:00,0
2026-08-04 19:39:41.105000+05:30,27.2,83.0,484,0,21.4,58.3,0,956.6,23.8,55.1,411,0,22.9,100.0,488,0,25.4,49.3,400,0,0,0,0,0,29.6,40.8,4,1,0,0,21.64089237816495,25.4,25.4,4.0,21.41394282513967,0.0092638543854969,444.7559555063468,0.02408,0.001000118701071,21.41393617635664,21.41393883746752,0.0160295382748156,40.8,29.6,1.0,0.0,14:30:00,0
2026-08-04 19:39:46.121000+05:30,27.2,83.1,470,0,21.4,58.3,0,956.6,23.8,55.3,400,0,22.8,100.0,488,0,25.4,49.2,402,0,0,0,0,0,29.6,40.8,0,1,0,0,21.640884273538205,25.4,25.4,0.0,21.45077857786632,0.0092556304637747,443.7278211332318,0.02408,0.0010000850528965,21.413114561295185,21.41311697647885,0.0160287108342173,40.8,29.6,1.0,0.0,14:30:00,0
2026-08-04 19:39:46.121000+05:30,27.2,83.1,470,0,21.4,58.3,0,956.6,23.8,55.3,400,0,22.8,100.0,488,0,25.4,49.2,402,0,0,0,0,0,29.6,40.8,0,1,0,0,21.640884273538205,25.4,25.4,0.0,21.45077857786632,0.0092556304637747,443.7278211332318,0.02408,0.0010000850528965,21.413114561295185,21.41311697647885,0.0160287108342173,40.8,29.6,1.0,0.0,14:30:00,0
2026-08-04 19:39:51.137000+05:30,27.2,83.2,487,0,21.4,58.0,0,956.5,23.8,55.2,423,0,22.8,100.0,488,0,25.4,49.1,400,0,0,0,0,0,29.6,40.8,0,1,0,0,21.640879690704644,25.4,25.4,0.0,21.451138912431944,0.0092521269631769,443.44026069031815,0.02408,0.0010000660262358,21.412613745046848,21.412615996615468,0.0160282064859644,40.8,29.6,1.0,0.0,14:30:00,0
2026-08-04 19:39:51.137000+05:30,27.2,83.2,487,0,21.4,58.0,0,956.5,23.8,55.2,423,0,22.8,100.0,488,0,25.4,49.1,400,0,0,0,0,0,29.6,40.8,0,1,0,0,21.640879690704644,25.4,25.4,0.0,21.451138912431944,0.0092521269631769,443.44026069031815,0.02408,0.0010000660262358,21.412613745046848,21.412615996615468,0.0160282064859644,40.8,29.6,1.0,0.0,14:30:00,0
2026-08-04 19:39:56.153000+05:30,27.2,83.4,465,0,21.4,58.0,0,956.6,23.8,55.3,419,0,22.7,100.0,488,0,25.4,49.0,400,0,0,0,0,0,29.6,40.8,0,1,0,0,21.64087814140648,25.4,25.4,0.0,21.435959012157987,0.0092320429108792,443.47518110709046,0.02408,0.0010000595939772,21.41226260526496,21.41226468560785,0.0160278528783332,40.8,29.6,1.0,0.0,14:30:00,0
2026-08-04 19:39:56.153000+05:30,27.2,83.4,465,0,21.4,58.0,0,956.6,23.8,55.3,419,0,22.7,100.0,488,0,25.4,49.0,400,0,0,0,0,0,29.6,40.8,0,1,0,0,21.64087814140648,25.4,25.4,0.0,21.435959012157987,0.0092320429108792,443.47518110709046,0.02408,0.0010000595939772,21.41226260526496,21.41226468560785,0.0160278528783332,40.8,29.6,1.0,0.0,14:30:00,0
2026-08-04 19:40:01.154000+05:30,27.2,83.5,474,0,21.4,58.0,0,956.6,23.8,55.3,400,0,22.7,100.0,488,0,25.4,49.0,416,0,0,0,0,0,29.6,40.8,0,1,0,0,21.640875567461173,25.4,25.4,0.0,21.431638049871253,0.0092179026341252,443.3117266720175,0.02408,0.0010000489076663,21.41200988454976,21.41201196047991,0.0160275983858368,40.8,29.6,1.0,0.0,14:30:00,0
2026-08-04 19:40:01.154000+05:30,27.2,83.5,474,0,21.4,58.0,0,956.6,23.8,55.3,400,0,22.7,100.0,488,0,25.4,49.0,416,0,0,0,0,0,29.6,40.8,0,1,0,0,21.640875567461173,25.4,25.4,0.0,21.431638049871253,0.0092179026341252,443.3117266720175,0.02408,0.0010000489076663,21.41200988454976,21.41201196047991,0.0160275983858368,40.8,29.6,1.0,0.0,14:30:00,0
2026-08-04 19:40:06.153000+05:30,27.2,83.5,449,0,21.4,57.8,0,956.6,23.9,55.2,410,0,22.7,100.0,488,0,25.4,49.0,400,0,0,0,0,0,29.6,40.8,0,1,0,0,21.640876379248635,25.4,25.4,0.0,22.01015201709072,0.0101898083164338,442.6562040600051,0.02408,0.0010000522779839,21.4144910121504,21.414492942885,0.0160300970664489,40.8,29.6,1.0,0.0,14:30:00,0
2026-08-04 19:40:06.153000+05:30,27.2,83.5,449,0,21.4,57.8,0,956.6,23.9,55.2,410,0,22.7,100.0,488,0,25.4,49.0,400,0,0,0,0,0,29.6,40.8,0,1,0,0,21.640876379248635,25.4,25.4,0.0,22.01015201709072,0.0101898083164338,442.6562040600051,0.02408,0.0010000522779839,21.4144910121504,21.414492942885,0.0160300970664489,40.8,29.6,1.0,0.0,14:30:00,0
2026-08-04 19:40:11.154000+05:30,27.2,83.4,469,0,21.4,57.8,0,956.5,23.9,55.2,406,0,22.7,100.0,488,0,25.4,48.9,402,0,0,0,0,0,29.6,40.8,0,1,0,0,21.640875004538845,25.4,25.4,0.0,21.431806795395207,0.0091905633450025,442.08615343965846,0.02408,0.0010000465705681,21.41327241141777,21.41327436916869,0.0160288698005531,40.8,29.6,1.0,0.0,14:30:00,0
2026-08-04 19:40:11.154000+05:30,27.2,83.4,469,0,21.4,57.8,0,956.5,23.9,55.2,406,0,22.7,100.0,488,0,25.4,48.9,402,0,0,0,0,0,29.6,40.8,0,1,0,0,21.640875004538845,25.4,25.4,0.0,21.431806795395207,0.0091905633450025,442.08615343965846,0.02408,0.0010000465705681,21.41327241141777,21.41327436916869,0.0160288698005531,40.8,29.6,1.0,0.0,14:30:00,0
2026-08-04 19:40:16.155000+05:30,27.2,83.4,431,0,21.4,57.7,0,956.5,23.9,55.1,401,0,22.7,100.0,65535,0,25.3,48.9,410,0,0,0,0,0,29.6,40.8,0,1,0,0,21.64087935846718,25.3,25.3,0.0,27.20000089583054,0.0149999999999925,441.3170756615762,0.02408,0.0010000646468775,21.428298544538176,21.42837430290338,0.0160440087210111,40.8,29.6,1.0,0.0,14:30:00,0
2026-08-04 19:40:16.155000+05:30,27.2,83.4,431,0,21.4,57.7,0,956.5,23.9,55.1,401,0,22.7,100.0,65535,0,25.3,48.9,410,0,0,0,0,0,29.6,40.8,0,1,0,0,21.64087935846718,25.3,25.3,0.0,27.20000089583054,0.0149999999999925,441.3170756615762,0.02408,0.0010000646468775,21.428298544538176,21.42837430290338,0.0160440087210111,40.8,29.6,1.0,0.0,14:30:00,0
2026-08-04 19:40:21.155000+05:30,27.2,83.4,469,0,21.4,57.7,0,956.6,24.0,55.1,420,0,22.6,100.0,488,0,25.3,49.0,414,0,0,0,0,0,29.6,40.8,0,1,0,0,21.64087769101903,25.3,25.3,0.0,21.429915541614363,0.0091655367808318,440.2171296743997,0.02408,0.0010000577240928,21.42147755959985,21.42152375972932,0.0160371349346034,40.8,29.6,1.0,0.0,14:30:00,0
2026-08-04 19:40:21.155000+05:30,27.2,83.4,469,0,21.4,57.7,0,956.6,24.0,55.1,420,0,22.6,100.0,488,0,25.3,49.0,414,0,0,0,0,0,29.6,40.8,0,1,0,0,21.64087769101903,25.3,25.3,0.0,21.429915541614363,0.0091655367808318,440.2171296743997,0.02408,0.0010000577240928,21.42147755959985,21.42152375972932,0.0160371349346034,40.8,29.6,1.0,0.0,14:30:00,0
2026-08-04 19:40:26.167000+05:30,27.3,83.4,429,0,21.5,57.6,0,956.6,24.0,54.9,433,0,22.6,100.0,488,0,25.3,49.0,408,0,0,0,0,0,29.6,40.8,0,1,0,0,21.740999725673813,25.3,25.3,0.0,27.300001080845465,0.0149999999999924,439.7123655722559,0.02408,0.0010005643783147,21.47275740703665,21.47278930730964,0.016088877092024,40.8,29.6,1.0,0.0,14:30:00,0
2026-08-04 19:40:26.167000+05:30,27.3,83.4,429,0,21.5,57.6,0,956.6,24.0,54.9,433,0,22.6,100.0,488,0,25.3,49.0,408,0,0,0,0,0,29.6,40.8,0,1,0,0,21.740999725673813,25.3,25.3,0.0,27.300001080845465,0.0149999999999924,439.7123655722559,0.02408,0.0010005643783147,21.47275740703665,21.47278930730964,0.016088877092024,40.8,29.6,1.0,0.0,14:30:00,0
2026-08-04 19:40:31.167000+05:30,27.3,83.2,416,0,21.5,57.5,0,956.5,24.1,54.8,420,0,22.6,100.0,488,0,25.2,49.0,409,0,0,0,0,0,29.6,40.8,14,1,0,0,21.741072673523583,25.2,25.2,14.0,10.000000000076607,0.0110089493685506,463.0663079467656,0.02408,0.0010008672376634,21.492296520554746,21.49231983209001,0.0161086320678072,40.8,29.6,1.0,0.0,14:30:00,0
2026-08-04 19:40:31.167000+05:30,27.3,83.2,416,0,21.5,57.5,0,956.5,24.1,54.8,420,0,22.6,100.0,488,0,25.2,49.0,409,0,0,0,0,0,29.6,40.8,14,1,0,0,21.741072673523583,25.2,25.2,14.0,10.000000000076607,0.0110089493685506,463.0663079467656,0.02408,0.0010008672376634,21.492296520554746,21.49231983209001,0.0161086320678072,40.8,29.6,1.0,0.0,14:30:00,0
2026-08-04 19:40:36.168000+05:30,27.2,83.1,409,0,21.5,57.5,0,956.6,24.1,54.5,443,0,22.6,100.0,488,0,25.2,49.1,412,0,0,0,0,0,29.6,40.8,0,1,0,0,21.73684049737708,25.2,25.2,0.0,21.80408250234085,0.0099518529263774,553.6471135904555,0.02408,0.001000547224007,21.501270615657603,21.501285291164493,0.0161177126591431,40.8,29.6,1.0,0.0,14:30:00,0
2026-08-04 19:40:36.168000+05:30,27.2,83.1,409,0,21.5,57.5,0,956.6,24.1,54.5,443,0,22.6,100.0,488,0,25.2,49.1,412,0,0,0,0,0,29.6,40.8,0,1,0,0,21.73684049737708,25.2,25.2,0.0,21.80408250234085,0.0099518529263774,553.6471135904555,0.02408,0.001000547224007,21.501270615657603,21.501285291164493,0.0161177126591431,40.8,29.6,1.0,0.0,14:30:00,0
2026-08-04 19:40:41.231000+05:30,27.2,83.1,403,0,21.5,57.3,0,956.5,24.2,54.3,431,0,22.6,100.0,65535,0,25.2,49.1,433,0,0,0,0,0,29.6,40.8,0,1,0,0,21.73679771689334,25.2,25.2,0.0,23.87711011911137,0.0096526026599736,423.1295438440743,0.02408,0.0010003664952265,21.5058901342486,21.505899712372265,0.0161223888034765,40.8,29.6,1.0,0.0,14:30:00,0
2026-08-04 19:40:41.231000+05:30,27.2,83.1,403,0,21.5,57.3,0,956.5,24.2,54.3,431,0,22.6,100.0,65535,0,25.2,49.1,433,0,0,0,0,0,29.6,40.8,0,1,0,0,21.73679771689334,25.2,25.2,0.0,23.87711011911137,0.0096526026599736,423.1295438440743,0.02408,0.0010003664952265,21.5058901342486,21.505899712372265,0.0161223888034765,40.8,29.6,1.0,0.0,14:30:00,0
2026-08-04 19:40:46.232000+05:30,27.2,83.2,436,0,21.5,57.3,0,956.5,24.2,54.3,400,0,22.6,100.0,488,0,25.1,49.2,416,0,0,0,0,0,29.6,40.8,0,1,0,0,21.73676909400595,25.1,25.1,0.0,22.021553111741824,0.0095031473332293,425.98329689301,0.02408,0.0010002455760812,21.50820712196212,21.508213576291617,0.0161247346549099,40.8,29.6,1.0,0.0,14:30:00,0
2026-08-04 19:40:46.232000+05:30,27.2,83.2,436,0,21.5,57.3,0,956.5,24.2,54.3,400,0,22.6,100.0,488,0,25.1,49.2,416,0,0,0,0,0,29.6,40.8,0,1,0,0,21.73676909400595,25.1,25.1,0.0,22.021553111741824,0.0095031473332293,425.98329689301,0.02408,0.0010002455760812,21.50820712196212,21.508213576291617,0.0161247346549099,40.8,29.6,1.0,0.0,14:30:00,0
2026-08-04 19:40:51.247000+05:30,27.2,83.3,449,0,21.5,57.1,0,956.5,24.3,54.1,409,0,22.6,100.0,488,0,25.0,49.3,422,0,0,0,0,0,29.6,40.8,0,1,0,0,21.73675142593557,25.0,25.0,0.0,21.40503806297063,0.0093732224254669,426.07215408747214,0.02408,0.001000170936233,21.509226146697745,21.5092307603268,0.0161257664718647,40.8,29.6,1.0,0.0,14:30:00,0
2026-08-04 19:40:51.247000+05:30,27.2,83.3,449,0,21.5,57.1,0,956.5,24.3,54.1,409,0,22.6,100.0,488,0,25.0,49.3,422,0,0,0,0,0,29.6,40.8,0,1,0,0,21.73675142593557,25.0,25.0,0.0,21.40503806297063,0.0093732224254669,426.07215408747214,0.02408,0.001000170936233,21.509226146697745,21.5092307603268,0.0161257664718647,40.8,29.6,1.0,0.0,14:30:00,0
2026-08-04 19:40:56.263000+05:30,27.3,83.3,475,0,21.5,57.0,0,956.5,24.3,53.9,426,0,22.6,100.0,488,0,25.0,49.3,423,0,0,0,0,0,29.6,40.8,1,1,0,0,21.740893312409515,25.0,25.0,1.0,24.034613729672945,0.0092668450742494,427.6396191963776,0.02408,0.0010001225797967,21.51001447827301,21.510018034829265,0.0161265647406643,40.8,29.6,1.0,0.0,14:30:00,0
2026-08-04 19:40:56.263000+05:30,27.3,83.3,475,0,21.5,57.0,0,956.5,24.3,53.9,426,0,22.6,100.0,488,0,25.0,49.3,423,0,0,0,0,0,29.6,40.8,1,1,0,0,21.740893312409515,25.0,25.0,1.0,24.034613729672945,0.0092668450742494,427.6396191963776,0.02408,0.0010001225797967,21.51001447827301,21.510018034829265,0.0161265647406643,40.8,29.6,1.0,0.0,14:30:00,0
2026-08-04 19:41:01.263000+05:30,27.3,83.2,473,0,21.5,57.0,0,956.5,24.3,53.9,420,0,22.6,100.0,488,0,25.0,49.4,408,0,0,0,0,0,29.6,40.8,0,1,0,0,21.74088668814617,25.0,25.0,0.0,27.58053171267364,0.0096496215292733,423.763437269866,0.02408,0.0010000950776826,21.511604582830167,21.511688309995755,0.0161281749979071,40.8,29.6,1.0,0.0,14:30:00,0
2026-08-04 19:41:01.263000+05:30,27.3,83.2,473,0,21.5,57.0,0,956.5,24.3,53.9,420,0,22.6,100.0,488,0,25.0,49.4,408,0,0,0,0,0,29.6,40.8,0,1,0,0,21.74088668814617,25.0,25.0,0.0,27.58053171267364,0.0096496215292733,423.763437269866,0.02408,0.0010000950776826,21.511604582830167,21.511688309995755,0.0161281749979071,40.8,29.6,1.0,0.0,14:30:00,0
2026-08-04 19:41:06.294000+05:30,27.3,83.2,480,0,21.5,57.0,0,956.6,24.4,53.7,421,0,22.6,100.0,488,0,24.9,49.4,406,0,0,0,0,0,29.6,40.8,0,1,0,0,21.740881440037874,24.9,24.9,0.0,24.18482286393114,0.0095240531679741,425.27507700165495,0.02408,0.0010000732889848,21.512135724724462,21.512187421549594,0.0161287129038088,40.8,29.6,1.0,0.0,14:30:00,0
2026-08-04 19:41:06.294000+05:30,27.3,83.2,480,0,21.5,57.0,0,956.6,24.4,53.7,421,0,22.6,100.0,488,0,24.9,49.4,406,0,0,0,0,0,29.6,40.8,0,1,0,0,21.740881440037874,24.9,24.9,0.0,24.18482286393114,0.0095240531679741,425.27507700165495,0.02408,0.0010000732889848,21.512135724724462,21.512187421549594,0.0161287129038088,40.8,29.6,1.0,0.0,14:30:00,0
2026-08-04 19:41:11.294000+05:30,27.3,83.2,473,0,21.5,56.9,0,956.6,24.5,53.5,439,0,22.6,100.0,488,0,24.8,49.5,417,0,0,0,0,0,29.6,40.8,0,1,0,0,21.740880850416207,24.8,24.8,0.0,21.343075984388587,0.0093781668155852,426.618884233636,0.02408,0.0010000708410383,21.511990972241644,21.51202266650212,0.016128566306317,40.8,29.6,1.0,0.0,14:30:00,0
2026-08-04 19:41:11.294000+05:30,27.3,83.2,473,0,21.5,56.9,0,956.6,24.5,53.5,439,0,22.6,100.0,488,0,24.8,49.5,417,0,0,0,0,0,29.6,40.8,0,1,0,0,21.740880850416207,24.8,24.8,0.0,21.343075984388587,0.0093781668155852,426.618884233636,0.02408,0.0010000708410383,21.511990972241644,21.51202266650212,0.016128566306317,40.8,29.6,1.0,0.0,14:30:00,0
2026-08-04 19:41:16.295000+05:30,27.3,83.1,475,0,21.5,56.8,0,956.6,24.5,53.3,472,0,22.5,100.0,488,0,24.7,49.6,400,0,0,0,0,0,29.6,40.8,0,1,0,0,21.74100122278392,24.7,24.7,0.0,21.26294304160919,0.0092566397221005,428.3268563242368,0.02408,0.0010005705939029,21.51137255192287,21.51139573576115,0.016127940017218,40.8,29.6,1.0,0.0,14:30:00,0
2026-08-04 19:41:16.295000+05:30,27.3,83.1,475,0,21.5,56.8,0,956.6,24.5,53.3,472,0,22.5,100.0,488,0,24.7,49.6,400,0,0,0,0,0,29.6,40.8,0,1,0,0,21.74100122278392,24.7,24.7,0.0,21.26294304160919,0.0092566397221005,428.3268563242368,0.02408,0.0010005705939029,21.51137255192287,21.51139573576115,0.016127940017218,40.8,29.6,1.0,0.0,14:30:00,0
2026-08-04 19:41:21.294000+05:30,27.4,83.0,444,0,21.5,56.7,0,956.5,24.6,53.2,454,0,22.5,100.0,488,0,24.7,49.6,400,0,0,0,0,0,29.6,40.8,0,1,0,0,21.74515588542832,24.7,24.7,0.0,21.347374087147266,0.0091639329984402,431.2248895674862,0.02408,0.0010005684273074,21.51126126022785,21.51127759450159,0.0161278273117839,40.8,29.6,1.0,0.0,14:30:00,0
2026-08-04 19:41:21.294000+05:30,27.4,83.0,444,0,21.5,56.7,0,956.5,24.6,53.2,454,0,22.5,100.0,488,0,24.7,49.6,400,0,0,0,0,0,29.6,40.8,0,1,0,0,21.74515588542832,24.7,24.7,0.0,21.347374087147266,0.0091639329984402,431.2248895674862,0.02408,0.0010005684273074,21.51126126022785,21.51127759450159,0.0161278273117839,40.8,29.6,1.0,0.0,14:30:00,0
2026-08-04 19:41:26.295000+05:30,27.4,82.9,471,0,21.5,56.7,0,956.5,24.6,53.2,439,0,22.6,100.0,488,0,24.7,49.7,436,0,0,0,0,0,29.6,40.8,0,1,0,0,21.74510772448282,24.7,24.7,0.0,21.69546074335268,0.0095609604367712,434.0540877123343,0.02408,0.0010003718653468,21.51236604251467,21.5123765541228,0.0161289461597053,40.8,29.6,1.0,0.0,14:30:00,0
2026-08-04 19:41:26.295000+05:30,27.4,82.9,471,0,21.5,56.7,0,956.5,24.6,53.2,439,0,22.6,100.0,488,0,24.7,49.7,436,0,0,0,0,0,29.6,40.8,0,1,0,0,21.74510772448282,24.7,24.7,0.0,21.69546074335268,0.0095609604367712,434.0540877123343,0.02408,0.0010003718653468,21.51236604251467,21.5123765541228,0.0161289461597053,40.8,29.6,1.0,0.0,14:30:00,0
2026-08-04 19:41:31.295000+05:30,27.4,82.8,498,0,21.5,56.6,0,956.6,24.6,53.0,440,0,22.5,100.0,488,0,24.6,49.8,435,0,0,0,0,0,29.6,40.8,0,1,0,0,21.74507554771423,24.6,24.6,0.0,21.45378850886663,0.0090518135881878,436.25552290612217,0.02408,0.0010002405405014,21.511641199770608,21.51164832671079,0.0161282120806375,40.8,29.6,1.0,0.0,14:30:00,0
2026-08-04 19:41:31.295000+05:30,27.4,82.8,498,0,21.5,56.6,0,956.6,24.6,53.0,440,0,22.5,100.0,488,0,24.6,49.8,435,0,0,0,0,0,29.6,40.8,0,1,0,0,21.74507554771423,24.6,24.6,0.0,21.45378850886663,0.0090518135881878,436.25552290612217,0.02408,0.0010002405405014,21.511641199770608,21.51164832671079,0.0161282120806375,40.8,29.6,1.0,0.0,14:30:00,0
2026-08-04 19:41:36.295000+05:30,27.4,82.7,502,0,21.5,56.7,0,956.6,24.7,52.9,429,0,22.5,100.0,488,0,24.5,49.9,429,0,0,0,0,0,29.6,40.8,0,1,0,0,21.74505545009656,24.5,24.5,0.0,21.47550474143148,0.0090187407179324,438.3514899037186,0.02408,0.0010001585149703,21.51111631477016,21.51112145607894,0.0161276805261517,40.8,29.6,1.0,0.0,14:30:00,0
2026-08-04 19:41:36.295000+05:30,27.4,82.7,502,0,21.5,56.7,0,956.6,24.7,52.9,429,0,22.5,100.0,488,0,24.5,49.9,429,0,0,0,0,0,29.6,40.8,0,1,0,0,21.74505545009656,24.5,24.5,0.0,21.47550474143148,0.0090187407179324,438.3514899037186,0.02408,0.0010001585149703,21.51111631477016,21.51112145607894,0.0161276805261517,40.8,29.6,1.0,0.0,14:30:00,0
2026-08-04 19:41:41.309000+05:30,27.4,82.7,520,0,21.5,56.5,0,956.5,24.7,52.7,415,0,22.5,100.0,488,0,24.5,49.9,421,0,0,0,0,0,29.6,40.8,0,1,0,0,21.74504239649274,24.5,24.5,0.0,21.48768732081965,0.0090050293988992,439.3823812755172,0.02408,0.0010001052385669,21.51076283704196,21.510766840807285,0.0161273225658685,40.8,29.6,1.0,0.0,14:30:00,0
2026-08-04 19:41:41.309000+05:30,27.4,82.7,520,0,21.5,56.5,0,956.5,24.7,52.7,415,0,22.5,100.0,488,0,24.5,49.9,421,0,0,0,0,0,29.6,40.8,0,1,0,0,21.74504239649274,24.5,24.5,0.0,21.48768732081965,0.0090050293988992,439.3823812755172,0.02408,0.0010001052385669,21.51076283704196,21.510766840807285,0.0161273225658685,40.8,29.6,1.0,0.0,14:30:00,0
2026-08-04 19:41:46.309000+05:30,27.4,82.7,480,0,21.5,56.5,0,956.5,24.7,52.7,431,0,22.5,100.0,65535,0,24.4,50.0,405,0,0,0,0,0,29.6,40.8,0,1,0,0,21.74503701574981,24.4,24.4,0.0,21.495144672715234,0.0089844808418497,438.7619459379421,0.02408,0.0010000832778399,21.510502023755585,21.51050520548266,0.0161270584497415,40.8,29.6,1.0,0.0,14:30:00,0
2026-08-04 19:41:46.309000+05:30,27.4,82.7,480,0,21.5,56.5,0,956.5,24.7,52.7,431,0,22.5,100.0,65535,0,24.4,50.0,405,0,0,0,0,0,29.6,40.8,0,1,0,0,21.74503701574981,24.4,24.4,0.0,21.495144672715234,0.0089844808418497,438.7619459379421,0.02408,0.0010000832778399,21.510502023755585,21.51050520548266,0.0161270584497415,40.8,29.6,1.0,0.0,14:30:00,0
2026-08-04 19:41:51.309000+05:30,27.4,82.6,486,0,21.5,56.3,0,956.5,24.7,52.6,446,0,22.5,100.0,488,0,24.3,50.2,419,0,0,0,0,0,29.6,40.8,0,1,0,0,21.74503467594721,24.3,24.3,0.0,21.503691807476866,0.0089727784766591,439.3982582822737,0.02408,0.0010000737282726,21.510316995284647,21.51031962518809,0.0161268710805134,40.8,29.6,1.0,0.0,14:30:00,0
2026-08-04 19:41:51.309000+05:30,27.4,82.6,486,0,21.5,56.3,0,956.5,24.7,52.6,446,0,22.5,100.0,488,0,24.3,50.2,419,0,0,0,0,0,29.6,40.8,0,1,0,0,21.74503467594721,24.3,24.3,0.0,21.503691807476866,0.0089727784766591,439.3982582822737,0.02408,0.0010000737282726,21.510316995284647,21.51031962518809,0.0161268710805134,40.8,29.6,1.0,0.0,14:30:00,0
2026-08-04 19:41:56.310000+05:30,27.4,82.7,526,0,21.5,56.4,0,956.5,24.8,52.4,423,0,22.5,100.0,488,0,24.3,50.3,400,0,0,0,0,0,29.6,40.8,0,1,0,0,21.74502997916491,24.3,24.3,0.0,21.51361011396016,0.0089532290340539,441.4872374692961,0.02408,0.0010000545590323,21.51014500452068,21.51014749911172,0.0161266969156961,40.8,29.6,1.0,0.0,14:30:00,0
2026-08-04 19:41:56.310000+05:30,27.4,82.7,526,0,21.5,56.4,0,956.5,24.8,52.4,423,0,22.5,100.0,488,0,24.3,50.3,400,0,0,0,0,0,29.6,40.8,0,1,0,0,21.74502997916491,24.3,24.3,0.0,21.51361011396016,0.0089532290340539,441.4872374692961,0.02408,0.0010000545590323,21.51014500452068,21.51014749911172,0.0161266969156961,40.8,29.6,1.0,0.0,14:30:00,0
2026-08-04 19:42:01.310000+05:30,27.5,82.7,516,0,21.5,56.4,0,956.5,24.8,52.4,423,0,22.5,100.0,488,0,24.3,50.3,400,0,0,0,0,0,29.6,40.8,0,1,0,0,21.749180461386008,24.3,24.3,0.0,21.518619018531265,0.0089483262617859,440.6163593616463,0.02408,0.0010000442516958,21.510426939878315,21.51042933561311,0.016126982415756,40.8,29.6,1.0,0.0,14:30:00,0
2026-08-04 19:42:01.310000+05:30,27.5,82.7,516,0,21.5,56.4,0,956.5,24.8,52.4,423,0,22.5,100.0,488,0,24.3,50.3,400,0,0,0,0,0,29.6,40.8,0,1,0,0,21.749180461386008,24.3,24.3,0.0,21.518619018531265,0.0089483262617859,440.6163593616463,0.02408,0.0010000442516958,21.510426939878315,21.51042933561311,0.016126982415756,40.8,29.6,1.0,0.0,14:30:00,0
2026-08-04 19:42:06.321000+05:30,27.4,82.6,527,0,21.5,56.4,0,956.5,24.8,52.4,423,0,22.5,100.0,488,0,24.3,50.3,400,0,0,0,0,0,29.6,40.8,0,1,0,0,21.7450256217775,24.3,24.3,0.0,21.524494503288093,0.0089457628220315,439.643199768455,0.02408,0.0010000367749834,21.510190919565893,21.51019327472877,0.016126743410965,40.8,29.6,1.0,0.0,14:30:00,0
2026-08-04 19:42:06.321000+05:30,27.4,82.6,527,0,21.5,56.4,0,956.5,24.8,52.4,423,0,22.5,100.0,488,0,24.3,50.3,400,0,0,0,0,0,29.6,40.8,0,1,0,0,21.7450256217775,24.3,24.3,0.0,21.524494503288093,0.0089457628220315,439.643199768455,0.02408,0.0010000367749834,21.510190919565893,21.51019327472877,0.016126743410965,40.8,29.6,1.0,0.0,14:30:00,0
2026-08-04 19:42:11.353000+05:30,27.5,82.7,532,0,21.5,56.2,0,956.4,24.8,52.1,427,0,22.5,100.0,488,0,24.0,50.5,400,0,0,0,0,0,29.6,40.8,0,1,0,0,21.74917748985926,24.0,24.0,0.0,21.52818344032709,0.0089452009097093,438.58796340927154,0.02408,0.0010000323259685,21.510445516580216,21.510447844568816,0.0161270012274965,40.8,29.6,1.0,0.0,14:30:00,0
2026-08-04 19:42:11.353000+05:30,27.5,82.7,532,0,21.5,56.2,0,956.4,24.8,52.1,427,0,22.5,100.0,488,0,24.0,50.5,400,0,0,0,0,0,29.6,40.8,0,1,0,0,21.74917748985926,24.0,24.0,0.0,21.52818344032709,0.0089452009097093,438.58796340927154,0.02408,0.0010000323259685,21.510445516580216,21.510447844568816,0.0161270012274965,40.8,29.6,1.0,0.0,14:30:00,0
2026-08-04 19:42:16.436000+05:30,27.5,82.7,528,0,21.6,56.4,0,956.5,24.9,52.0,427,0,22.5,100.0,488,0,24.0,50.7,400,0,0,0,0,0,29.6,40.8,0,1,0,0,21.84502408200473,24.0,24.0,0.0,21.533654963510138,0.0089328880510608,438.0386627039592,0.02408,0.0010000304906227,21.54988882750192,21.54989118838411,0.0161669883984374,40.8,29.6,1.0,0.0,14:30:00,0
2026-08-04 19:42:16.436000+05:30,27.5,82.7,528,0,21.6,56.4,0,956.5,24.9,52.0,427,0,22.5,100.0,488,0,24.0,50.7,400,0,0,0,0,0,29.6,40.8,0,1,0,0,21.84502408200473,24.0,24.0,0.0,21.533654963510138,0.0089328880510608,438.0386627039592,0.02408,0.0010000304906227,21.54988882750192,21.54989118838411,0.0161669883984374,40.8,29.6,1.0,0.0,14:30:00,0
2026-08-04 19:42:21.437000+05:30,27.5,82.4,526,0,21.6,56.1,0,956.5,24.9,51.9,427,0,22.5,100.0,488,0,23.9,50.7,400,0,0,0,0,0,29.6,40.8,0,1,0,0,21.84502386529007,23.9,23.9,0.0,21.549076774083,0.0089594358452024,437.4760779131776,0.02408,0.001000029606133,21.573582529049744,21.573584907164687,0.0161910519123135,40.8,29.6,1.0,0.0,14:30:00,0
2026-08-04 19:42:21.437000+05:30,27.5,82.4,526,0,21.6,56.1,0,956.5,24.9,51.9,427,0,22.5,100.0,488,0,23.9,50.7,400,0,0,0,0,0,29.6,40.8,0,1,0,0,21.84502386529007,23.9,23.9,0.0,21.549076774083,0.0089594358452024,437.4760779131776,0.02408,0.001000029606133,21.573582529049744,21.573584907164687,0.0161910519123135,40.8,29.6,1.0,0.0,14:30:00,0
2026-08-04 19:42:26.453000+05:30,27.5,82.6,508,0,21.5,56.1,0,956.5,24.9,51.9,427,0,22.5,100.0,65535,0,23.8,50.9,400,0,0,0,0,0,29.6,40.8,0,1,0,0,21.74917711353216,23.8,23.8,0.0,21.56286996275385,0.0089582461412882,436.97174605728696,0.02408,0.0010000308156424,21.548448767777103,21.54845107185988,0.0161655269060245,40.8,29.6,1.0,0.0,14:30:00,0
2026-08-04 19:42:26.453000+05:30,27.5,82.6,508,0,21.5,56.1,0,956.5,24.9,51.9,427,0,22.5,100.0,65535,0,23.8,50.9,400,0,0,0,0,0,29.6,40.8,0,1,0,0,21.74917711353216,23.8,23.8,0.0,21.56286996275385,0.0089582461412882,436.97174605728696,0.02408,0.0010000308156424,21.548448767777103,21.54845107185988,0.0161655269060245,40.8,29.6,1.0,0.0,14:30:00,0
2026-08-04 19:42:31.453000+05:30,27.4,82.6,494,0,21.6,56.0,0,956.5,24.8,51.8,427,0,124.4,100.0,65535,0,23.7,51.0,400,0,0,0,0,0,29.6,40.8,0,1,0,0,21.840872097524954,23.7,23.7,0.0,21.56437649448774,0.0089369627708705,436.4896422311275,0.02408,0.0010000345014484,21.572265093441743,21.572267378739543,0.0161897130635868,40.8,29.6,1.0,0.0,14:30:00,0
2026-08-04 19:42:31.453000+05:30,27.4,82.6,494,0,21.6,56.0,0,956.5,24.8,51.8,427,0,124.4,100.0,65535,0,23.7,51.0,400,0,0,0,0,0,29.6,40.8,0,1,0,0,21.840872097524954,23.7,23.7,0.0,21.56437649448774,0.0089369627708705,436.4896422311275,0.02408,0.0010000345014484,21.572265093441743,21.572267378739543,0.0161897130635868,40.8,29.6,1.0,0.0,14:30:00,0
2026-08-04 19:42:36.453000+05:30,27.4,82.7,496,0,21.6,55.9,0,956.4,24.7,51.8,427,0,22.5,100.0,65535,0,23.7,51.0,400,0,0,0,0,0,29.6,40.8,0,1,0,0,21.84087252855458,23.7,23.7,0.0,21.575475659997885,0.0089388769760934,436.0512944837462,0.02408,0.0010000362909645,21.58653323341836,21.58653551302236,0.0162042184474007,40.8,29.6,1.0,0.0,14:30:00,0
2026-08-04 19:42:36.453000+05:30,27.4,82.7,496,0,21.6,55.9,0,956.4,24.7,51.8,427,0,22.5,100.0,65535,0,23.7,51.0,400,0,0,0,0,0,29.6,40.8,0,1,0,0,21.84087252855458,23.7,23.7,0.0,21.575475659997885,0.0089388769760934,436.0512944837462,0.02408,0.0010000362909645,21.58653323341836,21.58653551302236,0.0162042184474007,40.8,29.6,1.0,0.0,14:30:00,0
2026-08-04 19:42:41.453000+05:30,27.3,82.8,503,0,21.6,55.9,0,956.4,24.7,51.8,427,0,22.5,100.0,65535,0,23.6,51.2,400,0,0,0,0,0,29.6,40.8,0,1,0,0,21.836719459487828,23.6,23.6,0.0,21.585811275660003,0.0089344904122146,435.6382522673964,0.02408,0.0010000358920117,21.594668173957626,21.594670473211487,0.0162124939152967,40.8,29.6,1.0,0.0,14:30:00,0
2026-08-04 19:42:41.453000+05:30,27.3,82.8,503,0,21.6,55.9,0,956.4,24.7,51.8,427,0,22.5,100.0,65535,0,23.6,51.2,400,0,0,0,0,0,29.6,40.8,0,1,0,0,21.836719459487828,23.6,23.6,0.0,21.585811275660003,0.0089344904122146,435.6382522673964,0.02408,0.0010000358920117,21.594668173957626,21.594670473211487,0.0162124939152967,40.8,29.6,1.0,0.0,14:30:00,0
2026-08-04 19:42:46.454000+05:30,27.3,82.8,501,0,21.6,55.9,0,956.5,24.7,51.9,427,0,22.4,100.0,65535,0,23.5,51.4,400,0,0,0,0,0,29.6,40.8,0,1,0,0,21.83671948560911,23.5,23.5,0.0,21.59445800788065,0.0089320976487885,435.2474176311711,0.02408,0.0010000360023626,21.59953391652301,21.59953622303012,0.0162174455391291,40.8,29.6,1.0,0.0,14:30:00,0
2026-08-04 19:42:46.454000+05:30,27.3,82.8,501,0,21.6,55.9,0,956.5,24.7,51.9,427,0,22.4,100.0,65535,0,23.5,51.4,400,0,0,0,0,0,29.6,40.8,0,1,0,0,21.83671948560911,23.5,23.5,0.0,21.59445800788065,0.0089320976487885,435.2474176311711,0.02408,0.0010000360023626,21.59953391652301,21.59953622303012,0.0162174455391291,40.8,29.6,1.0,0.0,14:30:00,0
2026-08-04 19:42:51.454000+05:30,27.3,82.9,456,0,21.6,56.0,0,956.5,24.6,51.9,427,0,22.5,100.0,65535,0,23.4,51.6,400,0,0,0,0,0,29.6,40.8,0,1,0,0,21.836724798319988,23.4,23.4,0.0,21.60274885618427,0.0089310776215212,434.8788839077114,0.02408,0.001000058446236,21.60245183041916,21.60245399353268,0.0162204156111845,40.8,29.6,1.0,0.0,14:30:00,0
2026-08-04 19:42:51.454000+05:30,27.3,82.9,456,0,21.6,56.0,0,956.5,24.6,51.9,427,0,22.5,100.0,65535,0,23.4,51.6,400,0,0,0,0,0,29.6,40.8,0,1,0,0,21.836724798319988,23.4,23.4,0.0,21.60274885618427,0.0089310776215212,434.8788839077114,0.02408,0.001000058446236,21.60245183041916,21.60245399353268,0.0162204156111845,40.8,29.6,1.0,0.0,14:30:00,0
2026-08-04 19:42:56.507000+05:30,27.2,83.0,439,0,21.6,55.9,0,956.5,24.5,52.0,427,0,22.4,100.0,65535,0,23.3,51.7,400,0,0,0,0,0,29.6,40.8,0,1,0,0,21.83259916988744,23.3,23.3,0.0,22.16935846866252,0.0099337440894211,434.545050263125,0.02408,0.0010001764305159,21.606493508137635,21.60649651393812,0.0162245303476604,40.8,29.6,1.0,0.0,14:30:00,0
2026-08-04 19:42:56.507000+05:30,27.2,83.0,439,0,21.6,55.9,0,956.5,24.5,52.0,427,0,22.4,100.0,65535,0,23.3,51.7,400,0,0,0,0,0,29.6,40.8,0,1,0,0,21.83259916988744,23.3,23.3,0.0,22.16935846866252,0.0099337440894211,434.545050263125,0.02408,0.0010001764305159,21.606493508137635,21.60649651393812,0.0162245303476604,40.8,29.6,1.0,0.0,14:30:00,0
2026-08-04 19:43:01.507000+05:30,27.2,83.0,442,0,21.6,55.9,0,956.5,24.4,52.1,427,0,22.4,100.0,65535,0,23.2,51.8,400,0,0,0,0,0,29.6,40.8,0,1,0,0,21.83260597434468,23.2,23.2,0.0,22.174763513551003,0.0099320976441691,434.2694271029128,0.02408,0.0010002056896821,21.60892777908539,21.608930955526063,0.01622700907712,40.8,29.6,1.0,0.0,14:30:00,0
2026-08-04 19:43:01.507000+05:30,27.2,83.0,442,0,21.6,55.9,0,956.5,24.4,52.1,427,0,22.4,100.0,65535,0,23.2,51.8,400,0,0,0,0,0,29.6,40.8,0,1,0,0,21.83260597434468,23.2,23.2,0.0,22.174763513551003,0.0099320976441691,434.2694271029128,0.02408,0.0010002056896821,21.60892777908539,21.608930955526063,0.01622700907712,40.8,29.6,1.0,0.0,14:30:00,0
2026-08-04 19:43:06.506000+05:30,27.1,83.1,442,0,21.6,55.8,0,956.5,24.3,52.2,427,0,22.4,100.0,65535,0,23.1,52.1,400,0,0,0,0,0,29.6,40.8,0,1,0,0,21.82845474178793,23.1,23.1,0.0,22.17010019444248,0.0099222251748967,434.0120384921793,0.02408,0.0010002163967733,21.609966315123145,21.60996950590251,0.0162280666848405,40.8,29.6,1.0,0.0,14:30:00,0
2026-08-04 19:43:06.506000+05:30,27.1,83.1,442,0,21.6,55.8,0,956.5,24.3,52.2,427,0,22.4,100.0,65535,0,23.1,52.1,400,0,0,0,0,0,29.6,40.8,0,1,0,0,21.82845474178793,23.1,23.1,0.0,22.17010019444248,0.0099222251748967,434.0120384921793,0.02408,0.0010002163967733,21.609966315123145,21.60996950590251,0.0162280666848405,40.8,29.6,1.0,0.0,14:30:00,0
2026-08-04 19:43:11.507000+05:30,27.0,83.2,455,0,21.6,55.8,0,956.5,24.3,52.2,427,0,22.4,100.0,65535,0,23.1,52.1,400,0,0,0,0,0,29.6,40.8,0,1,0,0,21.82428904717932,23.1,23.1,0.0,21.626859066254355,0.0089280993071071,433.7903696795644,0.02408,0.0010001630103847,21.60750407266701,21.607506685867804,0.0162255593271176,40.8,29.6,1.0,0.0,14:30:00,0
2026-08-04 19:43:11.507000+05:30,27.0,83.2,455,0,21.6,55.8,0,956.5,24.3,52.2,427,0,22.4,100.0,65535,0,23.1,52.1,400,0,0,0,0,0,29.6,40.8,0,1,0,0,21.82428904717932,23.1,23.1,0.0,21.626859066254355,0.0089280993071071,433.7903696795644,0.02408,0.0010001630103847,21.60750407266701,21.607506685867804,0.0162255593271176,40.8,29.6,1.0,0.0,14:30:00,0
2026-08-04 19:43:16.508000+05:30,27.0,83.5,482,0,21.6,55.7,0,956.4,24.2,52.3,427,0,22.4,100.0,65535,0,23.0,52.3,400,0,0,0,0,0,29.6,40.8,0,1,0,0,21.82427854870157,23.0,23.0,0.0,21.630461392359614,0.0089245856410818,433.5520082326805,0.02408,0.0010001161949507,21.606011602538445,21.606014060962146,0.0162240396813726,40.8,29.6,1.0,0.0,14:30:00,0
2026-08-04 19:43:16.508000+05:30,27.0,83.5,482,0,21.6,55.7,0,956.4,24.2,52.3,427,0,22.4,100.0,65535,0,23.0,52.3,400,0,0,0,0,0,29.6,40.8,0,1,0,0,21.82427854870157,23.0,23.0,0.0,21.630461392359614,0.0089245856410818,433.5520082326805,0.02408,0.0010001161949507,21.606011602538445,21.606014060962146,0.0162240396813726,40.8,29.6,1.0,0.0,14:30:00,0
2026-08-04 19:43:21.509000+05:30,27.0,83.7,505,0,21.6,55.7,0,956.5,24.1,52.6,427,0,22.4,100.0,65535,0,22.9,52.4,400,0,0,0,0,0,29.6,40.8,0,1,0,0,21.82427110483541,22.9,22.9,0.0,21.634120424136395,0.0089166169104604,433.3166659542245,0.02408,0.0010000830008216,21.60509348881534,21.605095915852743,0.0162231049141827,40.8,29.6,1.0,0.0,14:30:00,0
2026-08-04 19:43:21.509000+05:30,27.0,83.7,505,0,21.6,55.7,0,956.5,24.1,52.6,427,0,22.4,100.0,65535,0,22.9,52.4,400,0,0,0,0,0,29.6,40.8,0,1,0,0,21.82427110483541,22.9,22.9,0.0,21.634120424136395,0.0089166169104604,433.3166659542245,0.02408,0.0010000830008216,21.60509348881534,21.605095915852743,0.0162231049141827,40.8,29.6,1.0,0.0,14:30:00,0
2026-08-04 19:43:26.509000+05:30,27.1,83.8,487,0,21.6,55.7,0,956.5,24.0,52.6,427,0,22.4,100.0,65535,0,22.9,52.5,415,0,0,0,0,0,29.6,40.8,0,1,0,0,21.828420609247008,22.9,22.9,0.0,21.63776490467564,0.0089116041919542,433.0849498377484,0.02408,0.0010000669583032,21.604929635241056,21.604931992488176,0.0162229380936295,40.8,29.6,1.0,0.0,14:30:00,0
2026-08-04 19:43:26.509000+05:30,27.1,83.8,487,0,21.6,55.7,0,956.5,24.0,52.6,427,0,22.4,100.0,65535,0,22.9,52.5,415,0,0,0,0,0,29.6,40.8,0,1,0,0,21.828420609247008,22.9,22.9,0.0,21.63776490467564,0.0089116041919542,433.0849498377484,0.02408,0.0010000669583032,21.604929635241056,21.604931992488176,0.0162229380936295,40.8,29.6,1.0,0.0,14:30:00,0
2026-08-04 19:43:31.509000+05:30,27.2,83.8,494,0,21.6,55.6,0,956.5,23.9,52.8,427,0,22.4,100.0,65535,0,22.8,52.6,402,0,0,0,0,0,29.6,40.8,0,1,0,0,21.832571127424657,22.8,22.8,0.0,21.6415343190922,0.0089089636909574,432.86381033897896,0.02408,0.001000055847926,21.6052209951323,21.605223324829,0.0162232347303947,40.8,29.6,1.0,0.0,14:30:00,0
2026-08-04 19:43:31.509000+05:30,27.2,83.8,494,0,21.6,55.6,0,956.5,23.9,52.8,427,0,22.4,100.0,65535,0,22.8,52.6,402,0,0,0,0,0,29.6,40.8,0,1,0,0,21.832571127424657,22.8,22.8,0.0,21.6415343190922,0.0089089636909574,432.86381033897896,0.02408,0.001000055847926,21.6052209951323,21.605223324829,0.0162232347303947,40.8,29.6,1.0,0.0,14:30:00,0
2026-08-04 19:43:36.509000+05:30,27.2,83.7,489,0,21.6,55.5,0,956.5,23.9,53.0,427,0,22.4,100.0,65535,0,22.8,52.6,416,0,0,0,0,0,29.6,40.8,0,1,0,0,21.832569845455968,22.8,22.8,0.0,21.645330536455106,0.0089013784018829,432.6668920825808,0.02408,0.0010000503354606,21.60537564527852,21.6053779437758,0.0162233921834331,40.8,29.6,1.0,0.0,14:30:00,0
2026-08-04 19:43:36.509000+05:30,27.2,83.7,489,0,21.6,55.5,0,956.5,23.9,53.0,427,0,22.4,100.0,65535,0,22.8,52.6,416,0,0,0,0,0,29.6,40.8,0,1,0,0,21.832569845455968,22.8,22.8,0.0,21.645330536455106,0.0089013784018829,432.6668920825808,0.02408,0.0010000503354606,21.60537564527852,21.6053779437758,0.0162233921834331,40.8,29.6,1.0,0.0,14:30:00,0
2026-08-04 19:43:41.510000+05:30,27.2,83.5,481,0,21.6,55.5,0,956.5,23.9,53.0,427,0,22.4,100.0,65535,0,22.8,52.8,405,0,0,0,0,0,29.6,40.8,0,1,0,0,21.8325695970535,22.8,22.8,0.0,21.6480487941013,0.0088908910580552,432.4897428698631,0.02408,0.00100004926733,21.60544115885208,21.60544340958097,0.0162234588847972,40.8,29.6,1.0,0.0,14:30:00,0
2026-08-04 19:43:41.510000+05:30,27.2,83.5,481,0,21.6,55.5,0,956.5,23.9,53.0,427,0,22.4,100.0,65535,0,22.8,52.8,405,0,0,0,0,0,29.6,40.8,0,1,0,0,21.8325695970535,22.8,22.8,0.0,21.6480487941013,0.0088908910580552,432.4897428698631,0.02408,0.00100004926733,21.60544115885208,21.60544340958097,0.0162234588847972,40.8,29.6,1.0,0.0,14:30:00,0
2026-08-04 19:43:46.510000+05:30,27.1,83.5,475,0,21.6,55.6,0,956.5,23.8,53.1,427,0,22.4,100.0,65535,0,22.7,52.9,408,0,0,0,0,0,29.6,40.8,0,1,0,0,21.828416861479973,22.7,22.7,0.0,21.65018859218815,0.0088843739903956,432.3249534703625,0.02408,0.0010000505498977,21.60506644085124,21.605068643041925,0.0162230773763406,40.8,29.6,1.0,0.0,14:30:00,0
2026-08-04 19:43:46.510000+05:30,27.1,83.5,475,0,21.6,55.6,0,956.5,23.8,53.1,427,0,22.4,100.0,65535,0,22.7,52.9,408,0,0,0,0,0,29.6,40.8,0,1,0,0,21.828416861479973,22.7,22.7,0.0,21.65018859218815,0.0088843739903956,432.3249534703625,0.02408,0.0010000505498977,21.60506644085124,21.605068643041925,0.0162230773763406,40.8,29.6,1.0,0.0,14:30:00,0
2026-08-04 19:43:51.527000+05:30,27.1,83.6,474,0,21.6,55.5,0,956.4,23.7,53.4,427,0,22.4,100.0,65535,0,22.7,53.0,410,0,0,0,0,0,29.6,40.8,0,1,0,0,21.828417127593767,22.7,22.7,0.0,21.6510219095263,0.008886725120294,432.1481696539737,0.02408,0.0010000517149923,21.604848675038426,21.604850842864835,0.0162228556680128,40.8,29.6,1.0,0.0,14:30:00,0
2026-08-04 19:43:51.527000+05:30,27.1,83.6,474,0,21.6,55.5,0,956.4,23.7,53.4,427,0,22.4,100.0,65535,0,22.7,53.0,410,0,0,0,0,0,29.6,40.8,0,1,0,0,21.828417127593767,22.7,22.7,0.0,21.6510219095263,0.008886725120294,432.1481696539737,0.02408,0.0010000517149923,21.604848675038426,21.604850842864835,0.0162228556680128,40.8,29.6,1.0,0.0,14:30:00,0
2026-08-04 19:43:56.527000+05:30,27.1,83.6,474,0,21.6,55.5,0,956.4,23.7,53.4,427,0,22.4,100.0,65535,0,22.7,53.0,410,0,0,0,0,0,29.6,40.8,0,1,0,0,21.828419149115305,22.6,22.6,0.0,21.651837237607428,0.0088824507387547,431.9970776130895,0.02408,0.0010000605655811,21.60471196562322,21.60471399294344,0.0162227164849595,40.8,29.6,1.0,0.0,14:30:00,0
2026-08-04 19:43:56.527000+05:30,27.1,83.6,474,0,21.6,55.5,0,956.4,23.7,53.4,427,0,22.4,100.0,65535,0,22.7,53.0,410,0,0,0,0,0,29.6,40.8,0,1,0,0,21.828419149115305,22.6,22.6,0.0,21.651837237607428,0.0088824507387547,431.9970776130895,0.02408,0.0010000605655811,21.60471196562322,21.60471399294344,0.0162227164849595,40.8,29.6,1.0,0.0,14:30:00,0
2026-08-04 19:44:01.574000+05:30,27.1,83.8,478,0,21.6,55.4,0,956.5,23.5,53.7,427,0,22.4,100.0,65280,0,22.6,53.2,410,0,0,0,0,0,29.6,40.8,0,1,0,0,21.828418157183595,22.6,22.6,0.0,21.65244683172808,0.0088800603430757,431.854258229717,0.02408,0.0010000562227238,21.604617448938374,21.60461953156157,0.0162226202587092,40.8,29.6,1.0,0.0,14:30:00,0
2026-08-04 19:44:01.574000+05:30,27.1,83.8,478,0,21.6,55.4,0,956.5,23.5,53.7,427,0,22.4,100.0,65280,0,22.6,53.2,410,0,0,0,0,0,29.6,40.8,0,1,0,0,21.828418157183595,22.6,22.6,0.0,21.65244683172808,0.0088800603430757,431.854258229717,0.02408,0.0010000562227238,21.604617448938374,21.60461953156157,0.0162226202587092,40.8,29.6,1.0,0.0,14:30:00,0
2026-08-04 19:44:06.574000+05:30,27.1,83.8,487,0,21.6,55.4,0,956.5,23.5,53.7,427,0,22.4,100.0,65280,0,22.6,53.2,411,0,0,0,0,0,29.6,40.8,0,1,0,0,21.8284169389357,22.6,22.6,0.0,21.65298003894635,0.008872648468343,431.7238796472325,0.02408,0.001000050889013,21.604539176183224,21.60454132665263,0.0162225405705909,40.8,29.6,1.0,0.0,14:30:00,0
2026-08-04 19:44:06.574000+05:30,27.1,83.8,487,0,21.6,55.4,0,956.5,23.5,53.7,427,0,22.4,100.0,65280,0,22.6,53.2,411,0,0,0,0,0,29.6,40.8,0,1,0,0,21.8284169389357,22.6,22.6,0.0,21.65298003894635,0.008872648468343,431.7238796472325,0.02408,0.001000050889013,21.604539176183224,21.60454132665263,0.0162225405705909,40.8,29.6,1.0,0.0,14:30:00,0
2026-08-04 19:44:11.589000+05:30,27.2,83.7,454,0,21.6,55.5,0,956.5,23.5,53.8,427,0,22.4,100.0,65280,0,22.5,53.3,422,0,0,0,0,0,29.6,40.8,0,1,0,0,21.83257488617801,22.5,22.5,0.0,21.65323875198436,0.0088682831291101,431.58316207045794,0.02408,0.0010000720105654,21.604881289733143,21.60488339673489,0.0162228888730018,40.8,29.6,1.0,0.0,14:30:00,0
2026-08-04 19:44:11.589000+05:30,27.2,83.7,454,0,21.6,55.5,0,956.5,23.5,53.8,427,0,22.4,100.0,65280,0,22.5,53.3,422,0,0,0,0,0,29.6,40.8,0,1,0,0,21.83257488617801,22.5,22.5,0.0,21.65323875198436,0.0088682831291101,431.58316207045794,0.02408,0.0010000720105654,21.604881289733143,21.60488339673489,0.0162228888730018,40.8,29.6,1.0,0.0,14:30:00,0
2026-08-04 19:44:16.590000+05:30,27.2,83.5,494,0,21.6,55.5,0,956.5,23.4,54.0,427,0,22.3,100.0,65280,0,22.5,53.4,427,0,0,0,0,0,29.6,40.8,0,1,0,0,21.832571831896857,22.5,22.5,0.0,21.6538589911385,0.0088718407587153,431.4410158818292,0.02408,0.0010000588771564,21.60509156862792,21.60509374805252,0.0162231029592165,40.8,29.6,1.0,0.0,14:30:00,0
2026-08-04 19:44:16.590000+05:30,27.2,83.5,494,0,21.6,55.5,0,956.5,23.4,54.0,427,0,22.3,100.0,65280,0,22.5,53.4,427,0,0,0,0,0,29.6,40.8,0,1,0,0,21.832571831896857,22.5,22.5,0.0,21.6538589911385,0.0088718407587153,431.4410158818292,0.02408,0.0010000588771564,21.60509156862792,21.60509374805252,0.0162231029592165,40.8,29.6,1.0,0.0,14:30:00,0
2026-08-04 19:44:21.590000+05:30,27.2,83.5,499,0,21.6,55.5,0,956.5,23.4,54.2,427,0,22.3,100.0,65280,0,22.4,53.5,400,0,0,0,0,0,29.6,40.8,0,1,0,0,21.832569765492423,22.4,22.4,0.0,21.65397412218584,0.0088744628995231,431.2824456078952,0.02408,0.0010000499916174,21.60522405181156,21.605226287370616,0.0162232378424601,40.8,29.6,1.0,0.0,14:30:00,0
2026-08-04 19:44:21.590000+05:30,27.2,83.5,499,0,21.6,55.5,0,956.5,23.4,54.2,427,0,22.3,100.0,65280,0,22.4,53.5,400,0,0,0,0,0,29.6,40.8,0,1,0,0,21.832569765492423,22.4,22.4,0.0,21.65397412218584,0.0088744628995231,431.2824456078952,0.02408,0.0010000499916174,21.60522405181156,21.605226287370616,0.0162232378424601,40.8,29.6,1.0,0.0,14:30:00,0
2026-08-04 19:44:26.590000+05:30,27.2,83.5,494,0,21.6,55.5,0,956.5,23.3,54.4,427,0,22.3,100.0,65280,0,22.3,53.5,425,0,0,0,0,0,29.6,40.8,0,1,0,0,21.83256875954272,22.3,22.3,0.0,21.65386153962008,0.0088763504867088,431.1326895980655,0.02408,0.0010000456660336,21.60530908311322,21.605311339687027,0.01622332441472,40.8,29.6,1.0,0.0,14:30:00,0
2026-08-04 19:44:26.590000+05:30,27.2,83.5,494,0,21.6,55.5,0,956.5,23.3,54.4,427,0,22.3,100.0,65280,0,22.3,53.5,425,0,0,0,0,0,29.6,40.8,0,1,0,0,21.83256875954272,22.3,22.3,0.0,21.65386153962008,0.0088763504867088,431.1326895980655,0.02408,0.0010000456660336,21.60530908311322,21.605311339687027,0.01622332441472,40.8,29.6,1.0,0.0,14:30:00,0
2026-08-04 19:44:31.590000+05:30,27.2,83.5,510,0,21.6,55.5,0,956.5,23.3,54.5,427,0,22.3,100.0,65280,0,22.3,53.6,417,0,0,0,0,0,29.6,40.8,0,1,0,0,21.832567500738648,22.3,22.3,0.0,21.653438198966253,0.0088779132065968,430.98845045470216,0.02408,0.0010000402531761,21.605362653811103,21.60536495838963,0.016223378956454,40.8,29.6,1.0,0.0,14:30:00,0
2026-08-04 19:44:31.590000+05:30,27.2,83.5,510,0,21.6,55.5,0,956.5,23.3,54.5,427,0,22.3,100.0,65280,0,22.3,53.6,417,0,0,0,0,0,29.6,40.8,0,1,0,0,21.832567500738648,22.3,22.3,0.0,21.653438198966253,0.0088779132065968,430.98845045470216,0.02408,0.0010000402531761,21.605362653811103,21.60536495838963,0.016223378956454,40.8,29.6,1.0,0.0,14:30:00,0
2026-08-04 19:44:36.590000+05:30,27.1,83.5,502,0,21.6,55.4,0,956.5,23.2,54.6,427,0,22.3,100.0,65535,0,22.2,53.7,409,0,0,0,0,0,29.6,40.8,0,1,0,0,21.828414019164093,22.2,22.2,0.0,21.65287651724453,0.0088791431298406,430.8444041874191,0.02408,0.001000038105722,21.605001312957214,21.6050036360804,0.016223011069059,40.8,29.6,1.0,0.0,14:30:00,0
2026-08-04 19:44:36.590000+05:30,27.1,83.5,502,0,21.6,55.4,0,956.5,23.2,54.6,427,0,22.3,100.0,65535,0,22.2,53.7,409,0,0,0,0,0,29.6,40.8,0,1,0,0,21.828414019164093,22.2,22.2,0.0,21.65287651724453,0.0088791431298406,430.8444041874191,0.02408,0.001000038105722,21.605001312957214,21.6050036360804,0.016223011069059,40.8,29.6,1.0,0.0,14:30:00,0
2026-08-04 19:44:41.590000+05:30,27.1,83.6,479,0,21.6,55.4,0,956.5,23.2,54.6,427,0,22.3,100.0,65535,0,22.2,53.7,405,0,0,0,0,0,29.6,40.8,0,1,0,0,21.82841500054889,22.2,22.2,0.0,21.651696456461007,0.0088741960641259,430.7288853538415,0.02408,0.0010000424024031,21.60477458630576,21.60477685084455,0.0162227802385748,40.8,29.6,1.0,0.0,14:30:00,0
2026-08-04 19:44:41.590000+05:30,27.1,83.6,479,0,21.6,55.4,0,956.5,23.2,54.6,427,0,22.3,100.0,65535,0,22.2,53.7,405,0,0,0,0,0,29.6,40.8,0,1,0,0,21.82841500054889,22.2,22.2,0.0,21.651696456461007,0.0088741960641259,430.7288853538415,0.02408,0.0010000424024031,21.60477458630576,21.60477685084455,0.0162227802385748,40.8,29.6,1.0,0.0,14:30:00,0
2026-08-04 19:44:46.600000+05:30,27.1,83.5,491,0,21.6,55.4,0,956.5,23.1,54.7,427,0,22.3,100.0,65535,0,22.2,53.8,420,0,0,0,0,0,29.6,40.8,0,1,0,0,21.82841481898144,22.2,22.2,0.0,21.65067257501752,0.0088711797588449,430.6240112469309,0.02408,0.0010000416074678,21.604628677606435,21.604630949503385,0.0162226316904482,40.8,29.6,1.0,0.0,14:30:00,0
2026-08-04 19:44:46.600000+05:30,27.1,83.5,491,0,21.6,55.4,0,956.5,23.1,54.7,427,0,22.3,100.0,65535,0,22.2,53.8,420,0,0,0,0,0,29.6,40.8,0,1,0,0,21.82841481898144,22.2,22.2,0.0,21.65067257501752,0.0088711797588449,430.6240112469309,0.02408,0.0010000416074678,21.604628677606435,21.604630949503385,0.0162226316904482,40.8,29.6,1.0,0.0,14:30:00,0
2026-08-04 19:44:51.634000+05:30,27.1,83.6,449,0,21.6,55.3,0,956.5,23.1,54.8,427,0,22.3,100.0,32512,0,22.1,53.9,418,0,0,0,0,0,29.6,40.8,0,1,0,0,21.828423215592405,22.1,22.1,0.0,21.64962515288788,0.0088695522538129,430.5106249733963,0.02408,0.0010000783693572,21.604536118232097,21.604538405193622,0.0162225374573517,40.8,29.6,1.0,0.0,14:30:00,0
2026-08-04 19:44:51.634000+05:30,27.1,83.6,449,0,21.6,55.3,0,956.5,23.1,54.8,427,0,22.3,100.0,32512,0,22.1,53.9,418,0,0,0,0,0,29.6,40.8,0,1,0,0,21.828423215592405,22.1,22.1,0.0,21.64962515288788,0.0088695522538129,430.5106249733963,0.02408,0.0010000783693572,21.604536118232097,21.604538405193622,0.0162225374573517,40.8,29.6,1.0,0.0,14:30:00,0
2026-08-04 19:44:56.634000+05:30,27.1,83.7,446,0,21.6,55.4,0,956.5,23.0,55.0,427,0,22.3,100.0,32512,0,22.1,54.1,426,0,0,0,0,0,29.6,40.8,0,1,0,0,21.828431046702114,22.1,22.1,0.0,21.648619987747296,0.0088626715459254,430.43519193906536,0.02408,0.0010001126553794,21.60445641077572,21.60445882468096,0.0162224563089673,40.8,29.6,1.0,0.0,14:30:00,0
2026-08-04 19:44:56.634000+05:30,27.1,83.7,446,0,21.6,55.4,0,956.5,23.0,55.0,427,0,22.3,100.0,32512,0,22.1,54.1,426,0,0,0,0,0,29.6,40.8,0,1,0,0,21.828431046702114,22.1,22.1,0.0,21.648619987747296,0.0088626715459254,430.43519193906536,0.02408,0.0010001126553794,21.60445641077572,21.60445882468096,0.0162224563089673,40.8,29.6,1.0,0.0,14:30:00,0
2026-08-04 19:45:01.633000+05:30,27.1,83.8,509,0,21.6,55.4,0,956.5,23.0,55.2,427,0,22.3,100.0,32512,0,22.0,54.2,414,0,0,0,0,0,29.6,40.8,0,1,0,0,21.828423686041564,22.0,22.0,0.0,21.64746380310228,0.0088646143683856,430.3267821884671,0.02408,0.0010000804290692,21.604418389720053,21.60442079199757,0.0162224176007076,40.8,29.6,1.0,0.0,14:30:00,0
2026-08-04 19:45:01.633000+05:30,27.1,83.8,509,0,21.6,55.4,0,956.5,23.0,55.2,427,0,22.3,100.0,32512,0,22.0,54.2,414,0,0,0,0,0,29.6,40.8,0,1,0,0,21.828423686041564,22.0,22.0,0.0,21.64746380310228,0.0088646143683856,430.3267821884671,0.02408,0.0010000804290692,21.604418389720053,21.60442079199757,0.0162224176007076,40.8,29.6,1.0,0.0,14:30:00,0
2026-08-04 19:45:06.691000+05:30,27.1,83.8,522,0,21.6,55.4,0,956.5,23.0,55.2,427,0,22.3,100.0,32512,0,22.0,54.2,433,0,0,0,0,0,29.6,40.8,0,1,0,0,21.828379902296096,22.0,22.0,0.0,21.79951365242107,0.0091501333181538,430.1960780702239,0.0240841106180045,0.0010000594236051,21.605157636613303,21.605160052497816,0.0162231702239599,40.8,29.6,1.0,0.0,14:30:00,0
2026-08-04 19:45:06.691000+05:30,27.1,83.8,522,0,21.6,55.4,0,956.5,23.0,55.2,427,0,22.3,100.0,32512,0,22.0,54.2,433,0,0,0,0,0,29.6,40.8,0,1,0,0,21.828379902296096,22.0,22.0,0.0,21.79951365242107,0.0091501333181538,430.1960780702239,0.0240841106180045,0.0010000594236051,21.605157636613303,21.605160052497816,0.0162231702239599,40.8,29.6,1.0,0.0,14:30:00,0
2026-08-04 19:45:11.692000+05:30,27.1,83.8,497,0,21.6,55.4,0,956.5,23.0,55.2,427,0,22.3,100.0,32512,0,21.9,54.2,420,0,0,0,0,0,29.6,40.8,0,1,0,0,21.66531497347498,21.9,21.9,0.0,21.645171685587883,0.0088671565206625,430.0756740790554,0.0842841106180045,0.0010009117180685,20.105157636613303,20.105160052497816,0.0147593805356552,57.3,5.1,1.0,0.0,14:30:00,0
2026-08-04 19:45:11.692000+05:30,27.1,83.8,497,0,21.6,55.4,0,956.5,23.0,55.2,427,0,22.3,100.0,32512,0,21.9,54.2,420,0,0,0,0,0,29.6,40.8,0,1,0,0,21.66531497347498,21.9,21.9,0.0,21.645171685587883,0.0088671565206625,430.0756740790554,0.0842841106180045,0.0010009117180685,20.105157636613303,20.105160052497816,0.0147593805356552,57.3,5.1,1.0,0.0,14:30:00,0
2026-08-04 19:45:16.692000+05:30,27.1,83.9,502,0,21.6,55.4,0,956.6,22.9,55.4,427,0,22.3,100.0,32512,0,21.9,54.4,426,0,0,0,0,0,5.1,57.3,0,1,0,0,21.703252170598343,21.9,21.9,0.0,21.64392473249454,0.0088681673722354,429.96089339735136,0.0532973062411267,0.0010005568284438,19.98018659970481,19.982032964054333,0.0146429873977853,48.8,14.2,1.0,0.0,14:30:00,0
2026-08-04 19:45:16.692000+05:30,27.1,83.9,502,0,21.6,55.4,0,956.6,22.9,55.4,427,0,22.3,100.0,32512,0,21.9,54.4,426,0,0,0,0,0,5.1,57.3,0,1,0,0,21.703252170598343,21.9,21.9,0.0,21.64392473249454,0.0088681673722354,429.96089339735136,0.0532973062411267,0.0010005568284438,19.98018659970481,19.982032964054333,0.0146429873977853,48.8,14.2,1.0,0.0,14:30:00,0
2026-08-04 19:45:21.692000+05:30,27.1,83.9,492,0,21.6,55.4,0,956.5,22.9,55.5,427,0,22.3,100.0,32512,0,21.7,54.5,413,0,0,0,0,0,14.2,48.8,0,1,0,0,21.651702061812944,21.7,21.7,0.0,21.64264375343524,0.0088690220981773,429.8474645060687,0.1064336,0.0010005157393043,18.48018659970481,18.482032964054333,0.0133091520401556,90.0,0.9,1.0,0.0,14:30:00,0
2026-08-04 19:45:21.692000+05:30,27.1,83.9,492,0,21.6,55.4,0,956.5,22.9,55.5,427,0,22.3,100.0,32512,0,21.7,54.5,413,0,0,0,0,0,14.2,48.8,0,1,0,0,21.651702061812944,21.7,21.7,0.0,21.64264375343524,0.0088690220981773,429.8474645060687,0.1064336,0.0010005157393043,18.48018659970481,18.482032964054333,0.0133091520401556,90.0,0.9,1.0,0.0,14:30:00,0
2026-08-04 19:45:26.699000+05:30,27.0,84.0,506,0,21.6,55.4,0,956.5,22.9,55.6,427,0,22.2,100.0,32512,0,21.3,55.0,439,0,0,0,0,0,0.9,90.0,0,1,0,0,21.65075230900529,21.3,21.3,0.0,22.27795533389249,0.0100625145783256,429.71994055044144,0.1064336,0.001000324251064,17.28481518788289,17.5209028153345,0.0123257484534901,90.0,0.9,1.0,0.0,14:30:00,0
2026-08-04 19:45:26.699000+05:30,27.0,84.0,506,0,21.6,55.4,0,956.5,22.9,55.6,427,0,22.2,100.0,32512,0,21.3,55.0,439,0,0,0,0,0,0.9,90.0,0,1,0,0,21.65075230900529,21.3,21.3,0.0,22.27795533389249,0.0100625145783256,429.71994055044144,0.1064336,0.001000324251064,17.28481518788289,17.5209028153345,0.0123257484534901,90.0,0.9,1.0,0.0,14:30:00,0
2026-08-04 19:45:31.699000+05:30,27.0,84.0,513,0,21.6,55.3,0,956.6,22.8,55.7,427,0,22.1,100.0,32512,0,20.6,56.3,435,0,0,0,0,0,0.9,90.0,0,1,0,0,21.650749797551423,20.6,20.6,0.0,21.971123874112948,0.0094911385689936,429.6236550344044,0.1064336,0.0010002747504942,16.279777091497873,16.680910926274947,0.011550094970104,90.0,0.9,1.0,0.0,14:30:00,0
2026-08-04 19:45:31.699000+05:30,27.0,84.0,513,0,21.6,55.3,0,956.6,22.8,55.7,427,0,22.1,100.0,32512,0,20.6,56.3,435,0,0,0,0,0,0.9,90.0,0,1,0,0,21.650749797551423,20.6,20.6,0.0,21.971123874112948,0.0094911385689936,429.6236550344044,0.1064336,0.0010002747504942,16.279777091497873,16.680910926274947,0.011550094970104,90.0,0.9,1.0,0.0,14:30:00,0
2026-08-04 19:45:36.700000+05:30,27.0,84.0,520,0,21.6,55.3,0,956.6,22.8,55.7,427,0,22.1,100.0,32512,0,20.6,56.3,447,0,0,0,0,0,0.9,90.0,0,1,0,0,21.65074642985753,20.6,20.6,0.0,22.66167664207804,0.0105380759872414,429.5119266795347,0.1064336,0.0010002083734971,16.13839614288748,16.619301883994197,0.0114445804610798,90.0,0.9,1.0,0.0,14:30:00,0
2026-08-04 19:45:36.700000+05:30,27.0,84.0,520,0,21.6,55.3,0,956.6,22.8,55.7,427,0,22.1,100.0,32512,0,20.6,56.3,447,0,0,0,0,0,0.9,90.0,0,1,0,0,21.65074642985753,20.6,20.6,0.0,22.66167664207804,0.0105380759872414,429.5119266795347,0.1064336,0.0010002083734971,16.13839614288748,16.619301883994197,0.0114445804610798,90.0,0.9,1.0,0.0,14:30:00,0
2026-08-04 19:45:41.700000+05:30,27.0,84.1,518,0,21.6,55.1,0,956.6,22.8,55.7,427,0,22.1,100.0,32512,0,20.0,59.3,472,0,0,0,0,0,0.9,90.0,10,1,0,0,21.716256392712925,20.0,20.0,10.0,32.20230597773065,0.0124168743809042,429.2022885473966,0.0464559154617257,0.0010001476206956,17.63839614288748,18.1193018839942,0.012609579881627,47.1,16.9,1.0,0.0,14:30:00,0
2026-08-04 19:45:41.700000+05:30,27.0,84.1,518,0,21.6,55.1,0,956.6,22.8,55.7,427,0,22.1,100.0,32512,0,20.0,59.3,472,0,0,0,0,0,0.9,90.0,10,1,0,0,21.716256392712925,20.0,20.0,10.0,32.20230597773065,0.0124168743809042,429.2022885473966,0.0464559154617257,0.0010001476206956,17.63839614288748,18.1193018839942,0.012609579881627,47.1,16.9,1.0,0.0,14:30:00,0
2026-08-04 19:45:46.701000+05:30,27.0,84.2,489,0,21.6,55.0,0,956.6,22.7,55.8,427,0,21.9,100.0,32512,0,19.7,61.5,476,0,0,0,0,0,16.9,47.1,0,1,0,0,21.824276103101376,19.7,19.7,0.0,21.69683321222311,0.0109757364958835,471.7025236006543,0.02408,0.0010001052893853,19.13839614288748,19.52244330516296,0.0138803210652161,40.8,29.6,1.0,0.0,14:30:00,0
2026-08-04 19:45:46.701000+05:30,27.0,84.2,489,0,21.6,55.0,0,956.6,22.7,55.8,427,0,21.9,100.0,32512,0,19.7,61.5,476,0,0,0,0,0,16.9,47.1,0,1,0,0,21.824276103101376,19.7,19.7,0.0,21.69683321222311,0.0109757364958835,471.7025236006543,0.02408,0.0010001052893853,19.13839614288748,19.52244330516296,0.0138803210652161,40.8,29.6,1.0,0.0,14:30:00,0
2026-08-04 19:45:51.700000+05:30,26.9,84.3,539,0,21.6,55.0,0,956.6,22.7,55.8,427,0,21.9,100.0,32512,0,19.7,61.5,505,0,0,0,0,0,29.6,40.8,0,1,0,0,21.82011562179284,19.7,19.7,0.0,23.99934941958498,0.0109277435031948,474.29138791676553,0.02408,0.0010000724854285,20.13193239073022,20.36236169624477,0.0147844259142166,40.8,29.6,0.0,1.0,14:30:00,0
2026-08-04 19:45:51.700000+05:30,26.9,84.3,539,0,21.6,55.0,0,956.6,22.7,55.8,427,0,21.9,100.0,32512,0,19.7,61.5,505,0,0,0,0,0,29.6,40.8,0,1,0,0,21.82011562179284,19.7,19.7,0.0,23.99934941958498,0.0109277435031948,474.29138791676553,0.02408,0.0010000724854285,20.13193239073022,20.36236169624477,0.0147844259142166,40.8,29.6,0.0,1.0,14:30:00,0
2026-08-04 19:45:56.701000+05:30,26.9,84.4,528,0,21.6,55.3,0,956.4,22.7,56.1,427,0,21.8,100.0,32512,0,19.7,64.0,474,0,0,0,0,0,29.6,40.8,0,0,1,0,21.820111494432467,19.7,19.7,0.0,21.60959605566469,0.0089362865667775,472.3251867111657,0.02408,0.001000053733195,20.722043972420806,20.86030254665973,0.0153462632375582,40.8,29.6,0.0,1.0,14:30:00,0
2026-08-04 19:45:56.701000+05:30,26.9,84.4,528,0,21.6,55.3,0,956.4,22.7,56.1,427,0,21.8,100.0,32512,0,19.7,64.0,474,0,0,0,0,0,29.6,40.8,0,0,1,0,21.820111494432467,19.7,19.7,0.0,21.60959605566469,0.0089362865667775,472.3251867111657,0.02408,0.001000053733195,20.722043972420806,20.86030254665973,0.0153462632375582,40.8,29.6,0.0,1.0,14:30:00,0
2026-08-04 19:46:01.702000+05:30,26.9,84.4,525,0,21.6,55.4,0,956.5,22.6,56.4,427,0,21.8,100.0,32512,0,19.8,64.6,466,0,0,0,0,0,29.6,40.8,0,0,1,0,21.82010908163347,19.8,19.8,0.0,21.55654257011528,0.0087247413073101,472.30157189523135,0.02408,0.0010000427708931,21.074846248289163,21.15780237911944,0.0156913080354923,40.8,29.6,0.0,1.0,14:30:00,0
2026-08-04 19:46:01.702000+05:30,26.9,84.4,525,0,21.6,55.4,0,956.5,22.6,56.4,427,0,21.8,100.0,32512,0,19.8,64.6,466,0,0,0,0,0,29.6,40.8,0,0,1,0,21.82010908163347,19.8,19.8,0.0,21.55654257011528,0.0087247413073101,472.30157189523135,0.02408,0.0010000427708931,21.074846248289163,21.15780237911944,0.0156913080354923,40.8,29.6,0.0,1.0,14:30:00,0
2026-08-04 19:46:06.701000+05:30,26.9,84.4,525,0,21.6,55.4,0,956.5,22.6,56.4,427,0,21.8,100.0,32512,0,19.8,64.6,466,0,0,0,0,0,29.6,40.8,0,0,1,0,21.815955002049307,19.8,19.8,0.0,22.351565133106345,0.0102271676280489,472.11343172711753,0.02408,0.0010000377787206,21.28968351079549,21.33945816674252,0.0159048426613529,40.8,29.6,0.0,1.0,14:30:00,0
2026-08-04 19:46:06.701000+05:30,26.9,84.4,525,0,21.6,55.4,0,956.5,22.6,56.4,427,0,21.8,100.0,32512,0,19.8,64.6,466,0,0,0,0,0,29.6,40.8,0,0,1,0,21.815955002049307,19.8,19.8,0.0,22.351565133106345,0.0102271676280489,472.11343172711753,0.02408,0.0010000377787206,21.28968351079549,21.33945816674252,0.0159048426613529,40.8,29.6,0.0,1.0,14:30:00,0
2026-08-04 19:46:11.702000+05:30,26.8,84.5,511,0,21.6,55.4,0,956.5,22.6,56.4,427,0,21.8,100.0,32512,0,19.8,64.6,478,0,0,0,0,0,29.6,40.8,0,0,1,0,21.815953910206485,19.9,19.9,0.0,21.602953143037844,0.00880175372587,471.6657780604819,0.02408,0.0010000327226484,21.41455394456148,21.44441973105141,0.0160301604486651,40.8,29.6,0.0,1.0,14:30:00,0
2026-08-04 19:46:11.702000+05:30,26.8,84.5,511,0,21.6,55.4,0,956.5,22.6,56.4,427,0,21.8,100.0,32512,0,19.8,64.6,478,0,0,0,0,0,29.6,40.8,0,0,1,0,21.815953910206485,19.9,19.9,0.0,21.602953143037844,0.00880175372587,471.6657780604819,0.02408,0.0010000327226484,21.41455394456148,21.44441973105141,0.0160301604486651,40.8,29.6,0.0,1.0,14:30:00,0
2026-08-04 19:46:16.702000+05:30,26.8,84.6,528,0,21.6,55.5,0,956.5,22.6,56.6,427,0,21.8,100.0,400,0,19.9,64.6,450,0,0,0,0,0,29.6,40.8,0,0,1,0,21.82010606955228,20.0,20.0,0.0,21.60745493723136,0.0088271961080455,471.0521644855068,0.02408,0.0010000290858148,21.48979602981901,21.507716497575863,0.0161061027283251,40.8,29.6,0.0,1.0,14:30:00,0
2026-08-04 19:46:16.702000+05:30,26.8,84.6,528,0,21.6,55.5,0,956.5,22.6,56.6,427,0,21.8,100.0,400,0,19.9,64.6,450,0,0,0,0,0,29.6,40.8,0,0,1,0,21.82010606955228,20.0,20.0,0.0,21.60745493723136,0.0088271961080455,471.0521644855068,0.02408,0.0010000290858148,21.48979602981901,21.507716497575863,0.0161061027283251,40.8,29.6,0.0,1.0,14:30:00,0
2026-08-04 19:46:21.776000+05:30,26.9,84.7,536,0,21.6,55.6,0,956.5,22.6,56.7,427,0,21.8,100.0,430,0,20.0,64.3,429,0,0,0,0,0,29.6,40.8,0,0,1,0,21.82010679350796,20.1,20.1,0.0,21.609984465116906,0.0088504244951046,470.2226875869529,0.02408,0.0010000323750323,21.53491994837393,21.54567316517821,0.0161518025710086,40.8,29.6,0.0,1.0,14:30:00,0
2026-08-04 19:46:21.776000+05:30,26.9,84.7,536,0,21.6,55.6,0,956.5,22.6,56.7,427,0,21.8,100.0,430,0,20.0,64.3,429,0,0,0,0,0,29.6,40.8,0,0,1,0,21.82010679350796,20.1,20.1,0.0,21.609984465116906,0.0088504244951046,470.2226875869529,0.02408,0.0010000323750323,21.53491994837393,21.54567316517821,0.0161518025710086,40.8,29.6,0.0,1.0,14:30:00,0
2026-08-04 19:46:26.776000+05:30,26.9,84.6,497,0,21.5,55.7,0,956.5,22.5,57.0,427,0,21.9,100.0,406,0,20.2,63.3,440,0,0,0,0,0,29.6,40.8,0,0,1,0,21.72425997361685,20.2,20.2,0.0,21.610405685113857,0.0088659250926495,469.2000693878149,0.02408,0.0010000333638321,21.52266138552164,21.529114201800702,0.0161393759562552,40.8,29.6,0.0,1.0,14:30:00,0
2026-08-04 19:46:26.776000+05:30,26.9,84.6,497,0,21.5,55.7,0,956.5,22.5,57.0,427,0,21.9,100.0,406,0,20.2,63.3,440,0,0,0,0,0,29.6,40.8,0,0,1,0,21.72425997361685,20.2,20.2,0.0,21.610405685113857,0.0088659250926495,469.2000693878149,0.02408,0.0010000333638321,21.52266138552164,21.529114201800702,0.0161393759562552,40.8,29.6,0.0,1.0,14:30:00,0
2026-08-04 19:46:31.824000+05:30,26.9,84.6,495,0,21.6,55.7,0,956.5,22.5,57.0,427,0,21.9,100.0,400,0,20.2,62.6,411,0,0,0,0,0,29.6,40.8,0,0,1,0,21.82010735833824,20.2,20.2,0.0,21.603043995974392,0.008861734280142,467.97810349512537,0.02408,0.0010000349412801,21.554631888478937,21.55850451439777,0.0161718028968103,40.8,29.6,0.0,1.0,14:30:00,0
2026-08-04 19:46:31.824000+05:30,26.9,84.6,495,0,21.6,55.7,0,956.5,22.5,57.0,427,0,21.9,100.0,400,0,20.2,62.6,411,0,0,0,0,0,29.6,40.8,0,0,1,0,21.82010735833824,20.2,20.2,0.0,21.603043995974392,0.008861734280142,467.97810349512537,0.02408,0.0010000349412801,21.554631888478937,21.55850451439777,0.0161718028968103,40.8,29.6,0.0,1.0,14:30:00,0
2026-08-04 19:46:36.824000+05:30,26.9,84.5,483,0,21.6,55.7,0,956.5,22.5,57.0,427,0,21.9,100.0,400,0,20.2,62.6,413,0,0,0,0,0,29.6,40.8,0,0,1,0,21.820108220132585,20.2,20.2,0.0,21.60319801640544,0.0088797278395661,466.56594379656576,0.02408,0.0010000388567533,21.57382801553734,21.57615249231621,0.0161913013999235,40.8,29.6,0.0,1.0,14:30:00,0
2026-08-04 19:46:36.824000+05:30,26.9,84.5,483,0,21.6,55.7,0,956.5,22.5,57.0,427,0,21.9,100.0,400,0,20.2,62.6,413,0,0,0,0,0,29.6,40.8,0,0,1,0,21.820108220132585,20.2,20.2,0.0,21.60319801640544,0.0088797278395661,466.56594379656576,0.02408,0.0010000388567533,21.57382801553734,21.57615249231621,0.0161913013999235,40.8,29.6,0.0,1.0,14:30:00,0
2026-08-04 19:46:41.856000+05:30,27.0,84.5,436,0,21.6,55.7,0,956.5,22.5,57.2,427,0,22.1,100.0,407,0,20.3,61.8,417,0,0,0,0,0,29.6,40.8,0,0,1,0,21.82429723737896,20.3,20.3,0.0,26.999986500006763,0.0108004330064086,467.7341228152552,0.02408,0.0010001995326083,21.591009875158747,21.59242727614544,0.0162087719479381,40.8,29.6,0.0,1.0,14:30:00,0
2026-08-04 19:46:41.856000+05:30,27.0,84.5,436,0,21.6,55.7,0,956.5,22.5,57.2,427,0,22.1,100.0,407,0,20.3,61.8,417,0,0,0,0,0,29.6,40.8,0,0,1,0,21.82429723737896,20.3,20.3,0.0,26.999986500006763,0.0108004330064086,467.7341228152552,0.02408,0.0010001995326083,21.591009875158747,21.59242727614544,0.0162087719479381,40.8,29.6,0.0,1.0,14:30:00,0
2026-08-04 19:46:46.857000+05:30,27.0,84.5,436,0,21.6,55.7,0,956.5,22.5,57.2,427,0,22.1,100.0,407,0,20.3,61.8,417,0,0,0,0,0,29.6,40.8,0,0,1,0,21.728435839905472,20.3,20.3,0.0,21.605199856279064,0.0088996183406836,463.3579575160578,0.02408,0.0010001336408952,21.5567418753055,21.557593198760628,0.0161739450800468,40.8,29.6,0.0,1.0,14:30:00,0
2026-08-04 19:46:46.857000+05:30,27.0,84.5,436,0,21.6,55.7,0,956.5,22.5,57.2,427,0,22.1,100.0,407,0,20.3,61.8,417,0,0,0,0,0,29.6,40.8,0,0,1,0,21.728435839905472,20.3,20.3,0.0,21.605199856279064,0.0088996183406836,463.3579575160578,0.02408,0.0010001336408952,21.5567418753055,21.557593198760628,0.0161739450800468,40.8,29.6,0.0,1.0,14:30:00,0
2026-08-04 19:46:51.889000+05:30,27.1,84.2,485,0,21.5,55.8,0,956.5,22.5,57.4,427,0,22.3,100.0,402,0,20.3,61.0,415,0,0,0,0,0,29.6,40.8,0,0,1,0,21.73258072669532,20.3,20.3,0.0,21.60142949319404,0.0088907000416642,461.63734286214464,0.02408,0.0010000971247898,21.53659368091163,21.53710531516268,0.0161534999202456,40.8,29.6,0.0,1.0,14:30:00,0
2026-08-04 19:46:51.889000+05:30,27.1,84.2,485,0,21.5,55.8,0,956.5,22.5,57.4,427,0,22.3,100.0,402,0,20.3,61.0,415,0,0,0,0,0,29.6,40.8,0,0,1,0,21.73258072669532,20.3,20.3,0.0,21.60142949319404,0.0088907000416642,461.63734286214464,0.02408,0.0010000971247898,21.53659368091163,21.53710531516268,0.0161534999202456,40.8,29.6,0.0,1.0,14:30:00,0
2026-08-04 19:46:56.904000+05:30,27.1,84.1,460,0,21.5,55.8,0,956.5,22.4,57.5,427,0,22.4,100.0,400,0,20.3,60.6,409,0,0,0,0,0,29.6,40.8,0,0,1,0,21.73257807204264,20.3,20.3,0.0,22.14929638452521,0.0099015941482474,459.8601769846399,0.02408,0.0010000857097833,21.527282923795863,21.52759059282837,0.0161440598345713,40.8,29.6,0.0,1.0,14:30:00,0
2026-08-04 19:46:56.904000+05:30,27.1,84.1,460,0,21.5,55.8,0,956.5,22.4,57.5,427,0,22.4,100.0,400,0,20.3,60.6,409,0,0,0,0,0,29.6,40.8,0,0,1,0,21.73257807204264,20.3,20.3,0.0,22.14929638452521,0.0099015941482474,459.8601769846399,0.02408,0.0010000857097833,21.527282923795863,21.52759059282837,0.0161440598345713,40.8,29.6,0.0,1.0,14:30:00,0
2026-08-04 19:47:01.920000+05:30,27.1,84.0,437,0,21.5,55.8,0,956.5,22.4,57.5,427,0,22.5,100.0,417,0,20.3,60.4,417,0,0,0,0,0,29.6,40.8,0,0,1,0,21.7326077905202,20.3,20.3,0.0,27.09998645000672,0.0106961247185092,460.6014474264323,0.02408,0.0010002134992368,21.523914579985288,21.52412637576286,0.0161406459335594,40.8,29.6,0.0,1.0,14:30:00,0
2026-08-04 19:47:01.920000+05:30,27.1,84.0,437,0,21.5,55.8,0,956.5,22.4,57.5,427,0,22.5,100.0,417,0,20.3,60.4,417,0,0,0,0,0,29.6,40.8,0,0,1,0,21.7326077905202,20.3,20.3,0.0,27.09998645000672,0.0106961247185092,460.6014474264323,0.02408,0.0010002134992368,21.523914579985288,21.52412637576286,0.0161406459335594,40.8,29.6,0.0,1.0,14:30:00,0
2026-08-04 19:47:06.920000+05:30,27.1,83.9,412,0,21.5,55.8,0,956.5,22.4,57.5,427,0,22.5,100.0,405,0,20.3,60.4,433,0,0,0,0,0,29.6,40.8,0,0,1,0,21.73260991237712,20.3,20.3,0.0,24.505076663108657,0.0106883350244984,458.55771313692094,0.02408,0.0010002226232216,21.521848392944285,21.521976766160712,0.0161385521243996,40.8,29.6,0.0,1.0,14:30:00,0
2026-08-04 19:47:06.920000+05:30,27.1,83.9,412,0,21.5,55.8,0,956.5,22.4,57.5,427,0,22.5,100.0,405,0,20.3,60.4,433,0,0,0,0,0,29.6,40.8,0,0,1,0,21.73260991237712,20.3,20.3,0.0,24.505076663108657,0.0106883350244984,458.55771313692094,0.02408,0.0010002226232216,21.521848392944285,21.521976766160712,0.0161385521243996,40.8,29.6,0.0,1.0,14:30:00,0
2026-08-04 19:47:11.919000+05:30,27.1,83.7,496,0,21.5,55.8,0,956.5,22.4,57.5,427,0,22.5,100.0,427,0,20.3,60.1,410,0,0,0,0,0,29.6,40.8,0,0,1,0,21.732592565920616,20.3,20.3,0.0,21.58991498244935,0.0088803786374815,454.5580339817244,0.02408,0.0010001480334586,21.515666564628333,21.51574446093325,0.0161322891210673,40.8,29.6,0.0,1.0,14:30:00,0
2026-08-04 19:47:11.919000+05:30,27.1,83.7,496,0,21.5,55.8,0,956.5,22.4,57.5,427,0,22.5,100.0,427,0,20.3,60.1,410,0,0,0,0,0,29.6,40.8,0,0,1,0,21.732592565920616,20.3,20.3,0.0,21.58991498244935,0.0088803786374815,454.5580339817244,0.02408,0.0010001480334586,21.515666564628333,21.51574446093325,0.0161322891210673,40.8,29.6,0.0,1.0,14:30:00,0
2026-08-04 19:47:16.920000+05:30,27.2,83.7,511,0,21.5,55.8,0,956.5,22.4,57.6,427,0,22.6,100.0,420,0,20.3,59.8,408,0,0,0,0,0,29.6,40.8,0,0,1,0,21.57782692947425,20.3,20.3,0.0,21.58623622216524,0.0088803792519556,452.8273713923439,0.0732250034493735,0.0009998030138957,20.015666564628333,20.01574446093325,0.0146759474936033,53.8,7.9,1.0,0.0,14:30:00,0
2026-08-04 19:47:16.920000+05:30,27.2,83.7,511,0,21.5,55.8,0,956.5,22.4,57.6,427,0,22.6,100.0,420,0,20.3,59.8,408,0,0,0,0,0,29.6,40.8,0,0,1,0,21.57782692947425,20.3,20.3,0.0,21.58623622216524,0.0088803792519556,452.8273713923439,0.0732250034493735,0.0009998030138957,20.015666564628333,20.01574446093325,0.0146759474936033,53.8,7.9,1.0,0.0,14:30:00,0
2026-08-04 19:47:22.003000+05:30,27.1,83.6,499,0,21.5,55.8,0,956.5,22.4,57.6,427,0,22.7,100.0,407,0,20.2,59.7,409,0,0,0,0,0,7.9,53.8,0,1,0,0,21.55262405419073,20.2,20.2,0.0,21.58343072181057,0.0088807424261201,451.1517790897575,0.1064336,0.0010001727739489,18.515666564628333,18.51574446093325,0.0133393911745445,90.0,0.9,1.0,0.0,14:30:00,0
2026-08-04 19:47:22.003000+05:30,27.1,83.6,499,0,21.5,55.8,0,956.5,22.4,57.6,427,0,22.7,100.0,407,0,20.2,59.7,409,0,0,0,0,0,7.9,53.8,0,1,0,0,21.55262405419073,20.2,20.2,0.0,21.58343072181057,0.0088807424261201,451.1517790897575,0.1064336,0.0010001727739489,18.515666564628333,18.51574446093325,0.0133393911745445,90.0,0.9,1.0,0.0,14:30:00,0
2026-08-04 19:47:27.002000+05:30,27.1,83.7,509,0,21.5,55.9,0,956.5,22.4,57.6,427,0,22.8,100.0,409,0,20.1,59.6,417,0,0,0,0,0,0.9,90.0,0,1,0,0,21.55261780572184,20.1,20.1,0.0,21.57870426112304,0.008881210312694,449.5366277954852,0.1064336,0.0010000540155493,17.015666564628333,17.074063247777637,0.0121135634974478,90.0,0.9,1.0,0.0,14:30:00,0
2026-08-04 19:47:27.002000+05:30,27.1,83.7,509,0,21.5,55.9,0,956.5,22.4,57.6,427,0,22.8,100.0,409,0,20.1,59.6,417,0,0,0,0,0,0.9,90.0,0,1,0,0,21.55261780572184,20.1,20.1,0.0,21.57870426112304,0.008881210312694,449.5366277954852,0.1064336,0.0010000540155493,17.015666564628333,17.074063247777637,0.0121135634974478,90.0,0.9,1.0,0.0,14:30:00,0
2026-08-04 19:47:32.004000+05:30,27.0,83.7,513,0,21.5,55.7,0,956.5,22.3,57.5,427,0,22.6,100.0,430,0,19.4,60.1,446,0,0,0,0,0,0.9,90.0,0,1,0,0,21.551678274697725,19.4,19.4,0.0,21.574198498865588,0.0088877809778761,447.9896246050649,0.1064335999999999,0.0010000554214304,15.8382272145292,16.14810269683352,0.0112234287424054,90.0,0.9,1.0,0.0,14:30:00,0
2026-08-04 19:47:32.004000+05:30,27.0,83.7,513,0,21.5,55.7,0,956.5,22.3,57.5,427,0,22.6,100.0,430,0,19.4,60.1,446,0,0,0,0,0,0.9,90.0,0,1,0,0,21.551678274697725,19.4,19.4,0.0,21.574198498865588,0.0088877809778761,447.9896246050649,0.1064335999999999,0.0010000554214304,15.8382272145292,16.14810269683352,0.0112234287424054,90.0,0.9,1.0,0.0,14:30:00,0
2026-08-04 19:47:37.003000+05:30,27.0,83.8,506,0,21.5,55.6,0,956.6,22.3,57.6,427,0,22.4,100.0,423,0,19.0,62.0,469,0,0,0,0,0,0.9,90.0,0,1,0,0,21.55167973894197,19.0,19.0,0.0,23.60752259159442,0.0099269929518575,448.1107419378308,0.1064336,0.0010000837568463,15.598264674391208,16.093076915869858,0.0110494061274693,90.0,0.9,1.0,0.0,14:30:00,0
2026-08-04 19:47:37.003000+05:30,27.0,83.8,506,0,21.5,55.6,0,956.6,22.3,57.6,427,0,22.4,100.0,423,0,19.0,62.0,469,0,0,0,0,0,0.9,90.0,0,1,0,0,21.55167973894197,19.0,19.0,0.0,23.60752259159442,0.0099269929518575,448.1107419378308,0.1064336,0.0010000837568463,15.598264674391208,16.093076915869858,0.0110494061274693,90.0,0.9,1.0,0.0,14:30:00,0
2026-08-04 19:47:42.004000+05:30,27.0,83.8,468,0,21.5,55.6,0,956.5,22.3,57.6,427,0,22.2,100.0,433,0,19.0,62.0,494,0,0,0,0,0,0.9,90.0,0,1,0,0,21.551679119444792,19.0,19.0,0.0,26.99998650000673,0.0099321404540386,446.9727543698421,0.1064336,0.0010000717686071,15.479655688910114,16.21830105735031,0.010964288964148,90.0,0.9,1.0,0.0,14:30:00,0
2026-08-04 19:47:42.004000+05:30,27.0,83.8,468,0,21.5,55.6,0,956.5,22.3,57.6,427,0,22.2,100.0,433,0,19.0,62.0,494,0,0,0,0,0,0.9,90.0,0,1,0,0,21.551679119444792,19.0,19.0,0.0,26.99998650000673,0.0099321404540386,446.9727543698421,0.1064336,0.0010000717686071,15.479655688910114,16.21830105735031,0.010964288964148,90.0,0.9,1.0,0.0,14:30:00,0
2026-08-04 19:47:47.004000+05:30,27.1,83.9,476,0,21.5,55.6,0,956.5,22.3,57.6,427,0,22.2,100.0,446,0,18.7,64.3,472,0,0,0,0,0,0.9,90.0,0,1,0,0,21.55632244796387,18.7,18.7,0.0,26.40593695985055,0.0099363212634924,446.2906688352904,0.0994346708136841,0.0010000721558407,15.550375419322869,16.29415372819163,0.0110149682209068,65.7,2.0,1.0,0.0,14:30:00,0
2026-08-04 19:47:47.004000+05:30,27.1,83.9,476,0,21.5,55.6,0,956.5,22.3,57.6,427,0,22.2,100.0,446,0,18.7,64.3,472,0,0,0,0,0,0.9,90.0,0,1,0,0,21.55632244796387,18.7,18.7,0.0,26.40593695985055,0.0099363212634924,446.2906688352904,0.0994346708136841,0.0010000721558407,15.550375419322869,16.29415372819163,0.0110149682209068,65.7,2.0,1.0,0.0,14:30:00,0
2026-08-04 19:47:52.005000+05:30,27.0,83.8,473,0,21.5,55.4,0,956.5,22.3,57.6,427,0,22.1,100.0,422,0,18.5,66.5,471,0,0,0,0,0,2.0,65.7,0,1,0,0,21.640192952668595,18.5,18.5,0.0,26.639074872352943,0.0102583289283933,444.9252677246078,0.0392346708136841,0.0010000771542455,17.05037541932287,17.79415372819163,0.0121407404921402,45.3,20.1,1.0,0.0,14:30:00,0
2026-08-04 19:47:52.005000+05:30,27.0,83.8,473,0,21.5,55.4,0,956.5,22.3,57.6,427,0,22.1,100.0,422,0,18.5,66.5,471,0,0,0,0,0,2.0,65.7,0,1,0,0,21.640192952668595,18.5,18.5,0.0,26.639074872352943,0.0102583289283933,444.9252677246078,0.0392346708136841,0.0010000771542455,17.05037541932287,17.79415372819163,0.0121407404921402,45.3,20.1,1.0,0.0,14:30:00,0
2026-08-04 19:47:57.017000+05:30,27.0,83.9,460,0,21.5,55.5,0,956.5,22.3,57.6,427,0,22.0,100.0,443,0,18.4,68.1,489,0,0,0,0,0,20.1,45.3,0,1,0,0,21.72842307683903,18.4,18.4,0.0,26.99998650000673,0.0106008991042276,443.9979836101178,0.02408,0.0010000777618697,18.55037541932287,19.28794394493128,0.0133690330160372,40.8,29.6,0.0,1.0,14:30:00,0
2026-08-04 19:47:57.017000+05:30,27.0,83.9,460,0,21.5,55.5,0,956.5,22.3,57.6,427,0,22.0,100.0,443,0,18.4,68.1,489,0,0,0,0,0,20.1,45.3,0,1,0,0,21.72842307683903,18.4,18.4,0.0,26.99998650000673,0.0106008991042276,443.9979836101178,0.02408,0.0010000777618697,18.55037541932287,19.28794394493128,0.0133690330160372,40.8,29.6,0.0,1.0,14:30:00,0
2026-08-04 19:48:02.016000+05:30,27.0,83.9,462,0,21.5,55.6,0,956.5,22.2,57.8,427,0,22.0,100.0,443,0,18.4,69.2,462,0,0,0,0,0,29.6,40.8,0,0,1,0,21.72842279109688,18.4,18.4,0.0,26.999986500006752,0.0105813048406138,442.89184459952367,0.02408,0.0010000765108387,19.739999107966028,20.182608857633127,0.0144216106559772,40.8,29.6,0.0,1.0,14:30:00,0
2026-08-04 19:48:02.016000+05:30,27.0,83.9,462,0,21.5,55.6,0,956.5,22.2,57.8,427,0,22.0,100.0,443,0,18.4,69.2,462,0,0,0,0,0,29.6,40.8,0,0,1,0,21.72842279109688,18.4,18.4,0.0,26.999986500006752,0.0105813048406138,442.89184459952367,0.02408,0.0010000765108387,19.739999107966028,20.182608857633127,0.0144216106559772,40.8,29.6,0.0,1.0,14:30:00,0
2026-08-04 19:48:07.046000+05:30,27.0,83.9,464,0,21.5,55.7,0,956.5,22.2,57.8,427,0,22.0,100.0,433,0,18.5,69.5,468,0,0,0,0,0,29.6,40.8,0,0,1,0,21.72842228292481,18.5,18.5,0.0,26.999986500006752,0.0105567115475224,441.973321968712,0.02408,0.001000074285969,20.452500340161464,20.71813449189504,0.0150872843307651,40.8,29.6,0.0,1.0,14:30:00,0
2026-08-04 19:48:07.046000+05:30,27.0,83.9,464,0,21.5,55.7,0,956.5,22.2,57.8,427,0,22.0,100.0,433,0,18.5,69.5,468,0,0,0,0,0,29.6,40.8,0,0,1,0,21.72842228292481,18.5,18.5,0.0,26.999986500006752,0.0105567115475224,441.973321968712,0.02408,0.001000074285969,20.452500340161464,20.71813449189504,0.0150872843307651,40.8,29.6,0.0,1.0,14:30:00,0
2026-08-04 19:48:12.062000+05:30,27.0,83.9,449,0,21.5,55.7,0,956.5,22.2,57.8,427,0,22.0,100.0,450,0,18.5,69.5,457,0,0,0,0,0,29.6,40.8,0,0,1,0,21.72842753616271,18.5,18.5,0.0,26.999986500006752,0.0105490444171322,441.0816049072333,0.02408,0.0010000972855996,20.87927741720423,21.03871853764163,0.0154991828916694,40.8,29.6,0.0,1.0,14:30:00,0
2026-08-04 19:48:12.062000+05:30,27.0,83.9,449,0,21.5,55.7,0,956.5,22.2,57.8,427,0,22.0,100.0,450,0,18.5,69.5,457,0,0,0,0,0,29.6,40.8,0,0,1,0,21.72842753616271,18.5,18.5,0.0,26.999986500006752,0.0105490444171322,441.0816049072333,0.02408,0.0010000972855996,20.87927741720423,21.03871853764163,0.0154991828916694,40.8,29.6,0.0,1.0,14:30:00,0
2026-08-04 19:48:17.110000+05:30,27.0,84.0,479,0,21.5,55.8,0,956.5,22.2,58.0,427,0,22.1,100.0,433,0,18.6,69.5,443,0,0,0,0,0,29.6,40.8,0,0,1,0,21.728422901663983,18.6,18.6,0.0,22.231201202709503,0.0101369223790809,437.5090607489535,0.02408,0.0010000769949216,21.133753602959843,21.22941910390509,0.0157495986700674,40.8,29.6,0.0,1.0,14:30:00,0
2026-08-04 19:48:17.110000+05:30,27.0,84.0,479,0,21.5,55.8,0,956.5,22.2,58.0,427,0,22.1,100.0,433,0,18.6,69.5,443,0,0,0,0,0,29.6,40.8,0,0,1,0,21.728422901663983,18.6,18.6,0.0,22.231201202709503,0.0101369223790809,437.5090607489535,0.02408,0.0010000769949216,21.133753602959843,21.22941910390509,0.0157495986700674,40.8,29.6,0.0,1.0,14:30:00,0
2026-08-04 19:48:22.111000+05:30,27.0,84.0,450,0,21.5,56.0,0,956.5,22.2,58.1,427,0,22.1,100.0,446,0,18.8,69.0,436,0,0,0,0,0,29.6,40.8,0,0,1,0,21.72842675331909,18.8,18.8,0.0,21.53447556934801,0.008870403523936,436.72339777305547,0.02408,0.0010000938581679,21.282823413063475,21.34022355725599,0.0158979837399196,40.8,29.6,0.0,1.0,14:30:00,0
2026-08-04 19:48:22.111000+05:30,27.0,84.0,450,0,21.5,56.0,0,956.5,22.2,58.1,427,0,22.1,100.0,446,0,18.8,69.0,436,0,0,0,0,0,29.6,40.8,0,0,1,0,21.72842675331909,18.8,18.8,0.0,21.53447556934801,0.008870403523936,436.72339777305547,0.02408,0.0010000938581679,21.282823413063475,21.34022355725599,0.0158979837399196,40.8,29.6,0.0,1.0,14:30:00,0
2026-08-04 19:48:27.114000+05:30,27.0,84.0,450,0,21.5,56.0,0,956.5,22.2,58.1,427,0,22.1,100.0,446,0,18.8,69.0,436,0,0,0,0,0,29.6,40.8,0,0,1,0,21.728431583260235,18.9,18.9,0.0,26.999986500006752,0.0105094803465227,438.60267120414375,0.02408,0.0010001150045284,21.37659780545384,21.411095844960684,0.0159919741645978,40.8,29.6,0.0,1.0,14:30:00,0
2026-08-04 19:48:27.114000+05:30,27.0,84.0,450,0,21.5,56.0,0,956.5,22.2,58.1,427,0,22.1,100.0,446,0,18.8,69.0,436,0,0,0,0,0,29.6,40.8,0,0,1,0,21.728431583260235,18.9,18.9,0.0,26.999986500006752,0.0105094803465227,438.60267120414375,0.02408,0.0010001150045284,21.37659780545384,21.411095844960684,0.0159919741645978,40.8,29.6,0.0,1.0,14:30:00,0
2026-08-04 19:48:32.142000+05:30,27.0,84.0,436,0,21.5,55.9,0,956.5,22.2,58.3,427,0,22.3,100.0,424,0,18.9,68.4,431,0,0,0,0,0,29.6,40.8,0,0,1,0,21.72846616616976,18.9,18.9,0.0,22.07637319878761,0.009896041612114,435.25329094389,0.02408,0.0010002664147941,21.43095822900934,21.451659069281448,0.016046689716458,40.8,29.6,0.0,1.0,14:30:00,0
2026-08-04 19:48:32.142000+05:30,27.0,84.0,436,0,21.5,55.9,0,956.5,22.2,58.3,427,0,22.3,100.0,424,0,18.9,68.4,431,0,0,0,0,0,29.6,40.8,0,0,1,0,21.72846616616976,18.9,18.9,0.0,22.07637319878761,0.009896041612114,435.25329094389,0.02408,0.0010002664147941,21.43095822900934,21.451659069281448,0.016046689716458,40.8,29.6,0.0,1.0,14:30:00,0
2026-08-04 19:48:37.143000+05:30,27.0,84.0,438,0,21.5,55.9,0,956.5,22.2,58.3,427,0,22.4,100.0,449,0,19.0,67.6,441,0,0,0,0,0,29.6,40.8,0,0,1,0,21.72847440199385,19.0,19.0,0.0,22.074297159544084,0.0098995013145209,434.6081165088746,0.02408,0.0010003024727294,21.463551695219376,21.47597383734484,0.0160795772774433,40.8,29.6,0.0,1.0,14:30:00,0
2026-08-04 19:48:37.143000+05:30,27.0,84.0,438,0,21.5,55.9,0,956.5,22.2,58.3,427,0,22.4,100.0,449,0,19.0,67.6,441,0,0,0,0,0,29.6,40.8,0,0,1,0,21.72847440199385,19.0,19.0,0.0,22.074297159544084,0.0098995013145209,434.6081165088746,0.02408,0.0010003024727294,21.463551695219376,21.47597383734484,0.0160795772774433,40.8,29.6,0.0,1.0,14:30:00,0
2026-08-04 19:48:42.144000+05:30,27.1,84.0,440,0,21.4,56.0,0,956.5,22.2,58.3,427,0,22.5,100.0,65369,0,19.1,67.2,441,0,0,0,0,0,29.6,40.8,0,0,1,0,21.63678236616863,19.1,19.1,0.0,22.082392956635523,0.0099132569814117,434.0145527684016,0.02408,0.0010003016451474,21.444190167174465,21.45164495659109,0.0160600337023083,40.8,29.6,0.0,1.0,14:30:00,0
2026-08-04 19:48:42.144000+05:30,27.1,84.0,440,0,21.4,56.0,0,956.5,22.2,58.3,427,0,22.5,100.0,65369,0,19.1,67.2,441,0,0,0,0,0,29.6,40.8,0,0,1,0,21.63678236616863,19.1,19.1,0.0,22.082392956635523,0.0099132569814117,434.0145527684016,0.02408,0.0010003016451474,21.444190167174465,21.45164495659109,0.0160600337023083,40.8,29.6,0.0,1.0,14:30:00,0
2026-08-04 19:48:47.143000+05:30,27.1,83.8,421,0,21.4,56.0,0,956.5,22.2,58.4,427,0,22.6,100.0,439,0,19.4,66.8,444,0,0,0,0,0,29.6,40.8,0,0,1,0,21.636856972669023,19.4,19.4,0.0,21.51291734829705,0.0088882665288541,433.492871638124,0.02408,0.0010006168248894,21.42970077157773,21.434177141070005,0.0160454221330155,40.8,29.6,0.0,1.0,14:30:00,0
2026-08-04 19:48:47.143000+05:30,27.1,83.8,421,0,21.4,56.0,0,956.5,22.2,58.4,427,0,22.6,100.0,439,0,19.4,66.8,444,0,0,0,0,0,29.6,40.8,0,0,1,0,21.636856972669023,19.4,19.4,0.0,21.51291734829705,0.0088882665288541,433.492871638124,0.02408,0.0010006168248894,21.42970077157773,21.434177141070005,0.0160454221330155,40.8,29.6,0.0,1.0,14:30:00,0
2026-08-04 19:48:52.144000+05:30,27.1,83.8,421,0,21.4,56.0,0,956.5,22.2,58.4,427,0,22.6,100.0,439,0,19.4,66.8,444,0,0,0,0,0,29.6,40.8,0,0,1,0,21.636807399943567,19.7,19.7,0.0,27.099986450006742,0.0104775101462658,435.64739359304536,0.02408,0.0010004074018668,21.425592292545,21.428351156683533,0.0160412812008985,40.8,29.6,0.0,1.0,14:30:00,0
2026-08-04 19:48:52.144000+05:30,27.1,83.8,421,0,21.4,56.0,0,956.5,22.2,58.4,427,0,22.6,100.0,439,0,19.4,66.8,444,0,0,0,0,0,29.6,40.8,0,0,1,0,21.636807399943567,19.7,19.7,0.0,27.099986450006742,0.0104775101462658,435.64739359304536,0.02408,0.0010004074018668,21.425592292545,21.428351156683533,0.0160412812008985,40.8,29.6,0.0,1.0,14:30:00,0
2026-08-04 19:48:57.157000+05:30,27.2,83.6,454,0,21.4,56.0,0,956.5,22.1,58.4,427,0,22.7,100.0,444,0,19.7,66.4,435,0,0,0,0,0,29.6,40.8,0,0,1,0,21.640932923770688,19.7,19.7,0.0,22.09265210903035,0.0099469113534448,432.5155782239119,0.02408,0.001000287035241,21.42197165543825,21.42362778894925,0.0160376327657249,40.8,29.6,0.0,1.0,14:30:00,0
2026-08-04 19:48:57.157000+05:30,27.2,83.6,454,0,21.4,56.0,0,956.5,22.1,58.4,427,0,22.7,100.0,444,0,19.7,66.4,435,0,0,0,0,0,29.6,40.8,0,0,1,0,21.640932923770688,19.7,19.7,0.0,22.09265210903035,0.0099469113534448,432.5155782239119,0.02408,0.001000287035241,21.42197165543825,21.42362778894925,0.0160376327657249,40.8,29.6,0.0,1.0,14:30:00,0
2026-08-04 19:49:02.156000+05:30,27.2,83.5,460,0,21.4,56.0,0,956.5,22.1,58.4,427,0,22.8,100.0,444,0,20.1,65.4,433,0,0,0,0,0,29.6,40.8,0,0,1,0,21.640911385874983,20.1,20.1,0.0,21.618994709462136,0.0091140526657043,432.1081738605532,0.02408,0.0010001976158396,21.41756030881313,21.418554602986404,0.0160331885648515,40.8,29.6,0.0,1.0,14:30:00,0
2026-08-04 19:49:02.156000+05:30,27.2,83.5,460,0,21.4,56.0,0,956.5,22.1,58.4,427,0,22.8,100.0,444,0,20.1,65.4,433,0,0,0,0,0,29.6,40.8,0,0,1,0,21.640911385874983,20.1,20.1,0.0,21.618994709462136,0.0091140526657043,432.1081738605532,0.02408,0.0010001976158396,21.41756030881313,21.418554602986404,0.0160331885648515,40.8,29.6,0.0,1.0,14:30:00,0
2026-08-04 19:49:07.157000+05:30,27.2,83.4,438,0,21.4,56.0,0,956.5,22.1,58.5,427,0,22.8,100.0,444,0,20.3,64.7,450,0,0,0,0,0,29.6,40.8,0,0,1,0,21.64093322209641,20.3,20.3,0.0,22.047003782672835,0.0098827038147723,431.7084379656539,0.02408,0.0010002882738071,21.416929876486314,21.41752837472741,0.0160325535282794,40.8,29.6,0.0,1.0,14:30:00,0
2026-08-04 19:49:07.157000+05:30,27.2,83.4,438,0,21.4,56.0,0,956.5,22.1,58.5,427,0,22.8,100.0,444,0,20.3,64.7,450,0,0,0,0,0,29.6,40.8,0,0,1,0,21.64093322209641,20.3,20.3,0.0,22.047003782672835,0.0098827038147723,431.7084379656539,0.02408,0.0010002882738071,21.416929876486314,21.41752837472741,0.0160325535282794,40.8,29.6,0.0,1.0,14:30:00,0
2026-08-04 19:49:12.158000+05:30,27.2,83.3,447,0,21.4,56.0,0,956.5,22.1,58.4,427,0,22.9,100.0,444,0,20.6,63.8,426,0,0,0,0,0,29.6,40.8,0,0,1,0,21.64092143478537,20.6,20.6,0.0,21.46690549700872,0.0088685749334634,431.3595611032946,0.02408,0.0010002393361434,21.41385646796196,21.41421662778328,0.016029457999568,40.8,29.6,0.0,1.0,14:30:00,0
2026-08-04 19:49:12.158000+05:30,27.2,83.3,447,0,21.4,56.0,0,956.5,22.1,58.4,427,0,22.9,100.0,444,0,20.6,63.8,426,0,0,0,0,0,29.6,40.8,0,0,1,0,21.64092143478537,20.6,20.6,0.0,21.46690549700872,0.0088685749334634,431.3595611032946,0.02408,0.0010002393361434,21.41385646796196,21.41421662778328,0.016029457999568,40.8,29.6,0.0,1.0,14:30:00,0
2026-08-04 19:49:17.195000+05:30,27.2,83.3,455,0,21.4,56.1,0,956.4,22.1,58.5,427,0,22.9,100.0,444,0,20.9,62.8,438,0,0,0,0,0,29.6,40.8,0,0,1,0,21.64090767412893,20.9,20.9,0.0,23.09061091000396,0.0105254443414158,432.61665859390433,0.02408,0.0010001822056939,21.41652398522234,21.41674085174857,0.0160321446847064,40.8,29.6,0.0,1.0,14:30:00,0
2026-08-04 19:49:17.195000+05:30,27.2,83.3,455,0,21.4,56.1,0,956.4,22.1,58.5,427,0,22.9,100.0,444,0,20.9,62.8,438,0,0,0,0,0,29.6,40.8,0,0,1,0,21.64090767412893,20.9,20.9,0.0,23.09061091000396,0.0105254443414158,432.61665859390433,0.02408,0.0010001822056939,21.41652398522234,21.41674085174857,0.0160321446847064,40.8,29.6,0.0,1.0,14:30:00,0
2026-08-04 19:49:22.169000+05:30,27.2,83.3,434,0,21.4,56.1,0,956.5,22.1,58.5,427,0,22.9,100.0,444,0,20.9,62.8,408,0,0,0,0,0,29.6,40.8,0,0,1,0,21.64097752210891,20.9,20.9,0.0,22.028506070094128,0.0098834350354887,430.70385928749806,0.02408,0.0010004721952383,21.416236408439524,21.41636970162646,0.0160318550219014,40.8,29.6,0.0,1.0,14:30:00,0
2026-08-04 19:49:22.169000+05:30,27.2,83.3,434,0,21.4,56.1,0,956.5,22.1,58.5,427,0,22.9,100.0,444,0,20.9,62.8,408,0,0,0,0,0,29.6,40.8,0,0,1,0,21.64097752210891,20.9,20.9,0.0,22.028506070094128,0.0098834350354887,430.70385928749806,0.02408,0.0010004721952383,21.416236408439524,21.41636970162646,0.0160318550219014,40.8,29.6,0.0,1.0,14:30:00,0
2026-08-04 19:49:27.237000+05:30,27.2,83.3,447,0,21.4,56.1,0,956.5,22.1,58.5,427,0,22.9,100.0,444,0,21.2,61.8,431,0,0,0,0,0,29.6,40.8,0,0,1,0,21.64094801641669,21.2,21.2,0.0,21.56876551650552,0.0090881229731249,430.42738550568254,0.02408,0.0010003496957437,21.414033774765024,21.414114811661094,0.0160296365677987,40.8,29.6,0.0,1.0,14:30:00,0
2026-08-04 19:49:27.237000+05:30,27.2,83.3,447,0,21.4,56.1,0,956.5,22.1,58.5,427,0,22.9,100.0,444,0,21.2,61.8,431,0,0,0,0,0,29.6,40.8,0,0,1,0,21.64094801641669,21.2,21.2,0.0,21.56876551650552,0.0090881229731249,430.42738550568254,0.02408,0.0010003496957437,21.414033774765024,21.414114811661094,0.0160296365677987,40.8,29.6,0.0,1.0,14:30:00,0
2026-08-04 19:49:32.238000+05:30,27.3,83.2,442,0,21.4,56.0,0,956.5,22.1,58.5,427,0,22.9,100.0,188,0,21.5,60.7,423,0,0,0,0,0,29.6,40.8,0,0,1,0,21.64509511894679,21.5,21.5,0.0,21.44348152326947,0.0088790812378635,430.1676332567838,0.02408,0.0010003204176675,21.41252523851855,21.412575350678416,0.0160281173567371,40.8,29.6,1.0,0.0,14:30:00,0
2026-08-04 19:49:32.238000+05:30,27.3,83.2,442,0,21.4,56.0,0,956.5,22.1,58.5,427,0,22.9,100.0,188,0,21.5,60.7,423,0,0,0,0,0,29.6,40.8,0,0,1,0,21.64509511894679,21.5,21.5,0.0,21.44348152326947,0.0088790812378635,430.1676332567838,0.02408,0.0010003204176675,21.41252523851855,21.412575350678416,0.0160281173567371,40.8,29.6,1.0,0.0,14:30:00,0
2026-08-04 19:49:37.238000+05:30,27.3,83.2,442,0,21.4,56.0,0,956.5,22.1,58.5,427,0,22.9,100.0,188,0,21.5,60.7,423,0,0,0,0,0,29.6,40.8,0,0,1,0,21.645066615953453,21.9,21.9,0.0,21.44021806089096,0.0088746851144373,429.9262333344526,0.02408,0.0010002040868066,21.411642070027103,21.411672978787003,0.0160272279991627,40.8,29.6,1.0,0.0,14:30:00,0
2026-08-04 19:49:37.238000+05:30,27.3,83.2,442,0,21.4,56.0,0,956.5,22.1,58.5,427,0,22.9,100.0,188,0,21.5,60.7,423,0,0,0,0,0,29.6,40.8,0,0,1,0,21.645066615953453,21.9,21.9,0.0,21.44021806089096,0.0088746851144373,429.9262333344526,0.02408,0.0010002040868066,21.411642070027103,21.411672978787003,0.0160272279991627,40.8,29.6,1.0,0.0,14:30:00,0
2026-08-04 19:49:42.238000+05:30,27.3,83.0,516,0,21.4,56.0,0,956.4,22.1,58.5,427,0,22.8,100.0,444,0,22.2,58.5,439,0,0,0,0,0,29.6,40.8,0,1,0,0,21.645049376112944,22.2,22.2,0.0,22.05311215022896,0.0099440223116213,429.709156368591,0.02408,0.0010001337248813,21.41400149714305,21.41402089572218,0.0160296040604075,40.8,29.6,1.0,0.0,14:30:00,0
2026-08-04 19:49:42.238000+05:30,27.3,83.0,516,0,21.4,56.0,0,956.4,22.1,58.5,427,0,22.8,100.0,444,0,22.2,58.5,439,0,0,0,0,0,29.6,40.8,0,1,0,0,21.645049376112944,22.2,22.2,0.0,22.05311215022896,0.0099440223116213,429.709156368591,0.02408,0.0010001337248813,21.41400149714305,21.41402089572218,0.0160296040604075,40.8,29.6,1.0,0.0,14:30:00,0
2026-08-04 19:49:47.239000+05:30,27.3,83.0,516,0,21.4,56.0,0,956.4,22.1,58.5,427,0,22.8,100.0,444,0,22.2,58.5,439,0,0,0,0,0,29.6,40.8,0,1,0,0,21.645038406606364,22.2,22.2,0.0,22.68862155670387,0.0104854546967454,429.88982748514064,0.02408,0.0010000889544205,21.41688500350443,21.416897527748013,0.0160325083284436,40.8,29.6,1.0,0.0,14:30:00,0
2026-08-04 19:49:47.239000+05:30,27.3,83.0,516,0,21.4,56.0,0,956.4,22.1,58.5,427,0,22.8,100.0,444,0,22.2,58.5,439,0,0,0,0,0,29.6,40.8,0,1,0,0,21.645038406606364,22.2,22.2,0.0,22.68862155670387,0.0104854546967454,429.88982748514064,0.02408,0.0010000889544205,21.41688500350443,21.416897527748013,0.0160325083284436,40.8,29.6,1.0,0.0,14:30:00,0
2026-08-04 19:49:52.318000+05:30,27.3,83.1,506,0,21.4,56.0,0,956.5,22.1,58.5,427,0,22.8,100.0,444,0,22.6,57.5,453,0,0,0,0,0,29.6,40.8,0,1,0,0,21.64503277277523,22.6,22.6,0.0,23.227263476373764,0.0105118026387136,431.2623524114322,0.02408,0.0010000659607504,21.41870006535376,21.418708416874445,0.0160343367031556,40.8,29.6,1.0,0.0,14:30:00,0
2026-08-04 19:49:52.318000+05:30,27.3,83.1,506,0,21.4,56.0,0,956.5,22.1,58.5,427,0,22.8,100.0,444,0,22.6,57.5,453,0,0,0,0,0,29.6,40.8,0,1,0,0,21.64503277277523,22.6,22.6,0.0,23.227263476373764,0.0105118026387136,431.2623524114322,0.02408,0.0010000659607504,21.41870006535376,21.418708416874445,0.0160343367031556,40.8,29.6,1.0,0.0,14:30:00,0
2026-08-04 19:49:57.319000+05:30,27.3,83.1,513,0,21.4,56.1,0,956.5,22.1,58.6,427,0,22.8,100.0,65535,0,22.9,56.4,461,0,0,0,0,0,29.6,40.8,2,1,0,0,21.6450291583958,22.9,22.9,2.0,23.644729652570383,0.0099749105720041,430.9254370035658,0.02408,0.0010000512091814,21.41835540493794,21.41836126426954,0.016033989500263,40.8,29.6,1.0,0.0,14:30:00,0
2026-08-04 19:49:57.319000+05:30,27.3,83.1,513,0,21.4,56.1,0,956.5,22.1,58.6,427,0,22.8,100.0,65535,0,22.9,56.4,461,0,0,0,0,0,29.6,40.8,2,1,0,0,21.6450291583958,22.9,22.9,2.0,23.644729652570383,0.0099749105720041,430.9254370035658,0.02408,0.0010000512091814,21.41835540493794,21.41836126426954,0.016033989500263,40.8,29.6,1.0,0.0,14:30:00,0
2026-08-04 19:50:02.319000+05:30,27.4,83.1,506,0,21.4,56.1,0,956.5,22.1,58.6,427,0,22.8,100.0,444,0,23.3,55.4,480,0,0,0,0,0,29.6,40.8,0,1,0,0,21.649180024082163,23.3,23.3,0.0,24.65035593537203,0.0101112115094496,462.595818758702,0.02408,0.0010000424966497,21.4189374092602,21.418953201055544,0.0160345758018458,40.8,29.6,1.0,0.0,14:30:00,0
2026-08-04 19:50:02.319000+05:30,27.4,83.1,506,0,21.4,56.1,0,956.5,22.1,58.6,427,0,22.8,100.0,444,0,23.3,55.4,480,0,0,0,0,0,29.6,40.8,0,1,0,0,21.649180024082163,23.3,23.3,0.0,24.65035593537203,0.0101112115094496,462.595818758702,0.02408,0.0010000424966497,21.4189374092602,21.418953201055544,0.0160345758018458,40.8,29.6,1.0,0.0,14:30:00,0
2026-08-04 19:50:07.319000+05:30,27.4,83.0,515,0,21.4,56.0,0,956.5,22.1,58.5,427,0,22.8,100.0,444,0,23.3,55.4,440,0,0,0,0,0,29.6,40.8,0,1,0,0,21.6491786550696,23.3,23.3,0.0,21.625722468092583,0.0095778876079096,460.6388354468819,0.02408,0.0010000370023459,21.41777416455595,21.41778448547641,0.0160334039876192,40.8,29.6,1.0,0.0,14:30:00,0
2026-08-04 19:50:07.319000+05:30,27.4,83.0,515,0,21.4,56.0,0,956.5,22.1,58.5,427,0,22.8,100.0,444,0,23.3,55.4,440,0,0,0,0,0,29.6,40.8,0,1,0,0,21.6491786550696,23.3,23.3,0.0,21.625722468092583,0.0095778876079096,460.6388354468819,0.02408,0.0010000370023459,21.41777416455595,21.41778448547641,0.0160334039876192,40.8,29.6,1.0,0.0,14:30:00,0
2026-08-04 19:50:12.381000+05:30,27.5,82.9,491,0,21.4,56.0,0,956.5,22.1,58.5,427,0,22.8,100.0,444,0,23.8,54.1,422,0,0,0,0,0,29.6,40.8,0,1,0,0,21.65333178684813,23.8,23.8,0.0,21.42076602870397,0.0093662360932993,460.4415793891324,0.02408,0.0010000376110332,21.41690309673448,21.41691007336533,0.0160325265534505,40.8,29.6,1.0,0.0,14:30:00,0
2026-08-04 19:50:12.381000+05:30,27.5,82.9,491,0,21.4,56.0,0,956.5,22.1,58.5,427,0,22.8,100.0,444,0,23.8,54.1,422,0,0,0,0,0,29.6,40.8,0,1,0,0,21.65333178684813,23.8,23.8,0.0,21.42076602870397,0.0093662360932993,460.4415793891324,0.02408,0.0010000376110332,21.41690309673448,21.41691007336533,0.0160325265534505,40.8,29.6,1.0,0.0,14:30:00,0
2026-08-04 19:50:17.382000+05:30,27.3,82.7,444,0,21.4,56.0,0,956.5,22.1,58.5,427,0,22.8,100.0,444,0,24.1,53.1,425,0,0,0,0,0,29.6,40.8,0,1,0,0,21.645043057379425,24.1,24.1,0.0,27.29998635000682,0.0104760572090943,462.6335284285642,0.02408,0.0010001079358807,21.41868838102173,21.41874561517201,0.0160343249325197,40.8,29.6,1.0,0.0,14:30:00,0
2026-08-04 19:50:17.382000+05:30,27.3,82.7,444,0,21.4,56.0,0,956.5,22.1,58.5,427,0,22.8,100.0,444,0,24.1,53.1,425,0,0,0,0,0,29.6,40.8,0,1,0,0,21.645043057379425,24.1,24.1,0.0,27.29998635000682,0.0104760572090943,462.6335284285642,0.02408,0.0010001079358807,21.41868838102173,21.41874561517201,0.0160343249325197,40.8,29.6,1.0,0.0,14:30:00,0
2026-08-04 19:50:22.415000+05:30,27.4,82.8,485,0,21.4,56.0,0,956.5,22.1,58.6,427,0,22.7,100.0,444,0,24.3,52.1,437,0,0,0,0,0,29.6,40.8,0,1,0,0,21.64918971512468,24.3,24.3,0.0,21.36339920439432,0.0090686110098102,459.7344925115694,0.02408,0.0010000813900337,21.416252743180618,21.416287852806825,0.0160318714750044,40.8,29.6,1.0,0.0,14:30:00,0
2026-08-04 19:50:22.415000+05:30,27.4,82.8,485,0,21.4,56.0,0,956.5,22.1,58.6,427,0,22.7,100.0,444,0,24.3,52.1,437,0,0,0,0,0,29.6,40.8,0,1,0,0,21.64918971512468,24.3,24.3,0.0,21.36339920439432,0.0090686110098102,459.7344925115694,0.02408,0.0010000813900337,21.416252743180618,21.416287852806825,0.0160318714750044,40.8,29.6,1.0,0.0,14:30:00,0
2026-08-04 19:50:27.415000+05:30,27.4,82.8,472,0,21.4,56.1,0,956.4,22.1,58.5,427,0,22.7,100.0,444,0,24.5,51.4,442,0,0,0,0,0,29.6,40.8,0,1,0,0,21.649186723146208,24.5,24.5,0.0,21.37158998643252,0.0089858245701631,459.21733338190825,0.02408,0.0010000693822267,21.41457445046988,21.414596222495028,0.016030181101187,40.8,29.6,1.0,0.0,14:30:00,0
2026-08-04 19:50:27.415000+05:30,27.4,82.8,472,0,21.4,56.1,0,956.4,22.1,58.5,427,0,22.7,100.0,444,0,24.5,51.4,442,0,0,0,0,0,29.6,40.8,0,1,0,0,21.649186723146208,24.5,24.5,0.0,21.37158998643252,0.0089858245701631,459.21733338190825,0.02408,0.0010000693822267,21.41457445046988,21.414596222495028,0.016030181101187,40.8,29.6,1.0,0.0,14:30:00,0
2026-08-04 19:50:32.447000+05:30,27.5,82.7,494,0,21.4,56.0,0,956.5,22.1,58.5,427,0,22.7,100.0,444,0,24.5,51.4,435,0,0,0,0,0,29.6,40.8,0,1,0,0,21.653336549069632,24.5,24.5,0.0,21.37938470758469,0.0089383359497735,458.6031915512122,0.02408,0.0010000564100978,21.4138354339998,21.413849289092965,0.0160294368160817,40.8,29.6,1.0,0.0,14:30:00,0
2026-08-04 19:50:32.447000+05:30,27.5,82.7,494,0,21.4,56.0,0,956.5,22.1,58.5,427,0,22.7,100.0,444,0,24.5,51.4,435,0,0,0,0,0,29.6,40.8,0,1,0,0,21.653336549069632,24.5,24.5,0.0,21.37938470758469,0.0089383359497735,458.6031915512122,0.02408,0.0010000564100978,21.4138354339998,21.413849289092965,0.0160294368160817,40.8,29.6,1.0,0.0,14:30:00,0
2026-08-04 19:50:37.446000+05:30,27.4,82.6,461,0,21.4,56.0,0,956.5,22.1,58.5,427,0,22.7,100.0,444,0,24.6,50.8,425,0,0,0,0,0,29.6,40.8,0,1,0,0,21.64918449361715,24.6,24.6,0.0,21.98826547108344,0.00991579601858,457.8565566802652,0.02408,0.0010000604343835,21.415643998458243,21.415652960234222,0.0160312583296251,40.8,29.6,1.0,0.0,14:30:00,0
2026-08-04 19:50:37.446000+05:30,27.4,82.6,461,0,21.4,56.0,0,956.5,22.1,58.5,427,0,22.7,100.0,444,0,24.6,50.8,425,0,0,0,0,0,29.6,40.8,0,1,0,0,21.64918449361715,24.6,24.6,0.0,21.98826547108344,0.00991579601858,457.8565566802652,0.02408,0.0010000604343835,21.415643998458243,21.415652960234222,0.0160312583296251,40.8,29.6,1.0,0.0,14:30:00,0
2026-08-04 19:50:42.447000+05:30,27.4,82.6,461,0,21.4,56.0,0,956.5,22.1,58.5,427,0,22.7,100.0,444,0,24.6,50.8,425,0,0,0,0,0,29.6,40.8,0,1,0,0,21.64502965948133,24.8,24.8,0.0,21.390979130654745,0.0088793193564975,457.0672427003362,0.02408,0.0010000532542899,21.41352427819709,21.413530423076388,0.0160291234513241,40.8,29.6,1.0,0.0,14:30:00,0
2026-08-04 19:50:42.447000+05:30,27.4,82.6,461,0,21.4,56.0,0,956.5,22.1,58.5,427,0,22.7,100.0,444,0,24.6,50.8,425,0,0,0,0,0,29.6,40.8,0,1,0,0,21.64502965948133,24.8,24.8,0.0,21.390979130654745,0.0088793193564975,457.0672427003362,0.02408,0.0010000532542899,21.41352427819709,21.413530423076388,0.0160291234513241,40.8,29.6,1.0,0.0,14:30:00,0
2026-08-04 19:50:47.511000+05:30,27.3,82.7,490,0,21.4,55.9,0,956.5,22.1,58.4,427,0,22.7,100.0,444,0,24.8,50.0,416,0,0,0,0,0,29.6,40.8,0,1,0,0,21.64502819536372,24.8,24.8,0.0,21.39378106208204,0.0088584310227293,456.1482825967076,0.02408,0.0010000472787048,21.41219765307862,21.41220213206864,0.0160277874704293,40.8,29.6,1.0,0.0,14:30:00,0
2026-08-04 19:50:47.511000+05:30,27.3,82.7,490,0,21.4,55.9,0,956.5,22.1,58.4,427,0,22.7,100.0,444,0,24.8,50.0,416,0,0,0,0,0,29.6,40.8,0,1,0,0,21.64502819536372,24.8,24.8,0.0,21.39378106208204,0.0088584310227293,456.1482825967076,0.02408,0.0010000472787048,21.41219765307862,21.41220213206864,0.0160277874704293,40.8,29.6,1.0,0.0,14:30:00,0
2026-08-04 19:50:52.511000+05:30,27.2,82.9,494,0,21.4,55.9,0,956.5,22.1,58.4,427,0,22.7,100.0,444,0,24.9,49.6,428,0,0,0,0,0,29.6,40.8,0,1,0,0,21.64087408081904,24.9,24.9,0.0,21.3969088904674,0.0088463248715351,455.1513085440862,0.02408,0.0010000427355383,21.41097265935912,21.41097615635673,0.0160265539271337,40.8,29.6,1.0,0.0,14:30:00,0
2026-08-04 19:50:52.511000+05:30,27.2,82.9,494,0,21.4,55.9,0,956.5,22.1,58.4,427,0,22.7,100.0,444,0,24.9,49.6,428,0,0,0,0,0,29.6,40.8,0,1,0,0,21.64087408081904,24.9,24.9,0.0,21.3969088904674,0.0088463248715351,455.1513085440862,0.02408,0.0010000427355383,21.41097265935912,21.41097615635673,0.0160265539271337,40.8,29.6,1.0,0.0,14:30:00,0
2026-08-04 19:50:57.511000+05:30,27.2,82.9,494,0,21.4,55.9,0,956.5,22.1,58.4,427,0,22.7,100.0,444,0,24.9,49.6,428,0,0,0,0,0,29.6,40.8,0,1,0,0,21.640873899394308,25.0,25.0,0.0,21.398682008714104,0.008838912608363,454.0891367756603,0.02408,0.0010000419823129,21.41022035684815,21.410223236994604,0.0160257964166649,40.8,29.6,1.0,0.0,14:30:00,0
2026-08-04 19:50:57.511000+05:30,27.2,82.9,494,0,21.4,55.9,0,956.5,22.1,58.4,427,0,22.7,100.0,444,0,24.9,49.6,428,0,0,0,0,0,29.6,40.8,0,1,0,0,21.640873899394308,25.0,25.0,0.0,21.398682008714104,0.008838912608363,454.0891367756603,0.02408,0.0010000419823129,21.41022035684815,21.410223236994604,0.0160257964166649,40.8,29.6,1.0,0.0,14:30:00,0
2026-08-04 19:51:02.545000+05:30,27.2,83.1,483,0,21.4,55.8,0,956.5,22.1,58.4,438,0,22.7,100.0,438,0,25.0,49.2,32981,0,0,0,0,0,29.6,40.8,0,1,0,0,21.64087391367936,25.0,25.0,0.0,21.40129859139476,0.0088282977819464,452.9760100685926,0.02408,0.0010000420416204,21.40974168109369,21.4097441837606,0.0160253144440495,40.8,29.6,1.0,0.0,14:30:00,0
2026-08-04 19:51:02.545000+05:30,27.2,83.1,483,0,21.4,55.8,0,956.5,22.1,58.4,438,0,22.7,100.0,438,0,25.0,49.2,32981,0,0,0,0,0,29.6,40.8,0,1,0,0,21.64087391367936,25.0,25.0,0.0,21.40129859139476,0.0088282977819464,452.9760100685926,0.02408,0.0010000420416204,21.40974168109369,21.4097441837606,0.0160253144440495,40.8,29.6,1.0,0.0,14:30:00,0
2026-08-04 19:51:07.545000+05:30,27.3,83.1,501,0,21.4,55.9,0,956.4,22.1,58.3,426,0,22.7,100.0,426,0,25.0,49.0,436,0,0,0,0,0,29.6,40.8,0,1,0,0,21.64502604315815,25.0,25.0,0.0,21.403922691144764,0.0088216045564642,451.82013630050426,0.02408,0.0010000384947878,21.409832317717573,21.409834640365595,0.0160254057039231,40.8,29.6,1.0,0.0,14:30:00,0
2026-08-04 19:51:07.545000+05:30,27.3,83.1,501,0,21.4,55.9,0,956.4,22.1,58.3,426,0,22.7,100.0,426,0,25.0,49.0,436,0,0,0,0,0,29.6,40.8,0,1,0,0,21.64502604315815,25.0,25.0,0.0,21.403922691144764,0.0088216045564642,451.82013630050426,0.02408,0.0010000384947878,21.409832317717573,21.409834640365595,0.0160254057039231,40.8,29.6,1.0,0.0,14:30:00,0
2026-08-04 19:51:12.545000+05:30,27.3,83.1,531,0,21.4,55.8,0,956.5,22.0,58.3,440,0,22.7,100.0,440,0,25.0,49.0,436,0,0,0,0,0,29.6,40.8,0,1,0,0,21.645024644163566,25.0,25.0,0.0,21.407516319690068,0.0088236304581121,450.62810680565866,0.02408,0.001000032784993,21.409889997287472,21.40989226048636,0.0160254637803632,40.8,29.6,1.0,0.0,14:30:00,0
2026-08-04 19:51:12.545000+05:30,27.3,83.1,531,0,21.4,55.8,0,956.5,22.0,58.3,440,0,22.7,100.0,440,0,25.0,49.0,436,0,0,0,0,0,29.6,40.8,0,1,0,0,21.645024644163566,25.0,25.0,0.0,21.407516319690068,0.0088236304581121,450.62810680565866,0.02408,0.001000032784993,21.409889997287472,21.40989226048636,0.0160254637803632,40.8,29.6,1.0,0.0,14:30:00,0
2026-08-04 19:51:17.545000+05:30,27.3,83.1,494,0,21.4,55.7,0,956.5,22.1,58.2,432,0,22.7,100.0,432,0,25.0,49.0,436,0,0,0,0,0,29.6,40.8,0,1,0,0,21.645024985579347,25.0,25.0,0.0,21.4100767701162,0.0088191876858303,449.404840495929,0.02408,0.0010000341784323,21.409915582045592,21.409917743548544,0.0160254895412207,40.8,29.6,1.0,0.0,14:30:00,0
2026-08-04 19:51:17.545000+05:30,27.3,83.1,494,0,21.4,55.7,0,956.5,22.1,58.2,432,0,22.7,100.0,432,0,25.0,49.0,436,0,0,0,0,0,29.6,40.8,0,1,0,0,21.645024985579347,25.0,25.0,0.0,21.4100767701162,0.0088191876858303,449.404840495929,0.02408,0.0010000341784323,21.409915582045592,21.409917743548544,0.0160254895412207,40.8,29.6,1.0,0.0,14:30:00,0
2026-08-04 19:51:22.546000+05:30,27.3,83.0,485,0,21.4,55.7,0,956.5,22.1,58.2,443,0,22.7,100.0,443,0,25.0,48.8,436,0,0,0,0,0,29.6,40.8,0,1,0,0,21.64502567351079,25.0,25.0,0.0,21.41216557969032,0.0088106467179345,448.1958191947306,0.02408,0.0010000369861254,21.409909266512933,21.40991133857355,0.0160254831822149,40.8,29.6,1.0,0.0,14:30:00,0
2026-08-04 19:51:22.546000+05:30,27.3,83.0,485,0,21.4,55.7,0,956.5,22.1,58.2,443,0,22.7,100.0,443,0,25.0,48.8,436,0,0,0,0,0,29.6,40.8,0,1,0,0,21.64502567351079,25.0,25.0,0.0,21.41216557969032,0.0088106467179345,448.1958191947306,0.02408,0.0010000369861254,21.409909266512933,21.40991133857355,0.0160254831822149,40.8,29.6,1.0,0.0,14:30:00,0
2026-08-04 19:51:27.546000+05:30,27.4,82.9,518,0,21.4,55.6,0,956.5,22.0,58.1,430,0,22.6,100.0,430,0,25.0,48.7,436,0,0,0,0,0,29.6,40.8,0,1,0,0,21.64917773739236,25.0,25.0,0.0,21.41400407403749,0.0088050536039182,446.993519600652,0.02408,0.0010000333194013,21.410284586182737,21.410286677797064,0.0160258610893745,40.8,29.6,1.0,0.0,14:30:00,0
2026-08-04 19:51:27.546000+05:30,27.4,82.9,518,0,21.4,55.6,0,956.5,22.0,58.1,430,0,22.6,100.0,430,0,25.0,48.7,436,0,0,0,0,0,29.6,40.8,0,1,0,0,21.64917773739236,25.0,25.0,0.0,21.41400407403749,0.0088050536039182,446.993519600652,0.02408,0.0010000333194013,21.410284586182737,21.410286677797064,0.0160258610893745,40.8,29.6,1.0,0.0,14:30:00,0
2026-08-04 19:51:32.546000+05:30,27.4,82.9,518,0,21.4,55.6,0,956.5,22.0,58.1,430,0,22.6,100.0,430,0,25.0,48.7,436,0,0,0,0,0,29.6,40.8,0,1,0,0,21.64917775592951,25.0,25.0,0.0,21.41666426198989,0.0087963331619089,445.7998385611908,0.02408,0.001000033393797,21.4104874310784,21.41048950149142,0.0160260653360586,40.8,29.6,1.0,0.0,14:30:00,0
2026-08-04 19:51:32.546000+05:30,27.4,82.9,518,0,21.4,55.6,0,956.5,22.0,58.1,430,0,22.6,100.0,430,0,25.0,48.7,436,0,0,0,0,0,29.6,40.8,0,1,0,0,21.64917775592951,25.0,25.0,0.0,21.41666426198989,0.0087963331619089,445.7998385611908,0.02408,0.001000033393797,21.4104874310784,21.41048950149142,0.0160260653360586,40.8,29.6,1.0,0.0,14:30:00,0
2026-08-04 19:51:37.546000+05:30,27.3,82.8,485,0,21.4,55.3,0,956.5,22.1,57.9,435,0,22.7,100.0,435,0,25.0,48.7,436,0,0,0,0,0,29.6,40.8,0,1,0,0,21.64502555767281,25.0,25.0,0.0,21.418357829851743,0.0087786585573706,444.6348115624197,0.02408,0.0010000365133493,21.41016599196117,21.41016800927372,0.0160257416766817,40.8,29.6,1.0,0.0,14:30:00,0
2026-08-04 19:51:37.546000+05:30,27.3,82.8,485,0,21.4,55.3,0,956.5,22.1,57.9,435,0,22.7,100.0,435,0,25.0,48.7,436,0,0,0,0,0,29.6,40.8,0,1,0,0,21.64502555767281,25.0,25.0,0.0,21.418357829851743,0.0087786585573706,444.6348115624197,0.02408,0.0010000365133493,21.41016599196117,21.41016800927372,0.0160257416766817,40.8,29.6,1.0,0.0,14:30:00,0
2026-08-04 19:51:42.547000+05:30,27.3,82.8,450,0,21.4,55.2,0,956.5,22.1,57.8,425,0,22.7,100.0,425,0,25.0,48.6,436,0,0,0,0,0,29.6,40.8,0,1,0,0,21.645036102531023,25.0,25.0,0.0,22.006383438404857,0.0097827453622993,443.49684914357977,0.02408,0.0010000795506689,21.41267592497064,21.412678128330363,0.0160282691036312,40.8,29.6,1.0,0.0,14:30:00,0
2026-08-04 19:51:42.547000+05:30,27.3,82.8,450,0,21.4,55.2,0,956.5,22.1,57.8,425,0,22.7,100.0,425,0,25.0,48.6,436,0,0,0,0,0,29.6,40.8,0,1,0,0,21.645036102531023,25.0,25.0,0.0,22.006383438404857,0.0097827453622993,443.49684914357977,0.02408,0.0010000795506689,21.41267592497064,21.412678128330363,0.0160282691036312,40.8,29.6,1.0,0.0,14:30:00,0
2026-08-04 19:51:47.547000+05:30,27.2,82.9,454,0,21.4,55.2,0,956.4,22.1,57.8,440,0,22.7,100.0,440,0,24.9,48.7,436,0,0,0,0,0,29.6,40.8,0,1,0,0,21.640885538965097,24.9,24.9,0.0,21.41871820593725,0.0087450005396485,442.4433136412087,0.02408,0.0010000903065999,21.410987026167323,21.4109891628584,0.0160265683937141,40.8,29.6,1.0,0.0,14:30:00,0
2026-08-04 19:51:47.547000+05:30,27.2,82.9,454,0,21.4,55.2,0,956.4,22.1,57.8,440,0,22.7,100.0,440,0,24.9,48.7,436,0,0,0,0,0,29.6,40.8,0,1,0,0,21.640885538965097,24.9,24.9,0.0,21.41871820593725,0.0087450005396485,442.4433136412087,0.02408,0.0010000903065999,21.410987026167323,21.4109891628584,0.0160265683937141,40.8,29.6,1.0,0.0,14:30:00,0
2026-08-04 19:51:52.547000+05:30,27.3,82.8,469,0,21.4,55.1,0,956.5,22.1,57.7,445,0,22.7,100.0,445,0,24.9,49.0,436,0,0,0,0,0,29.6,40.8,0,1,0,0,21.6450352034313,24.9,24.9,0.0,22.13814995992773,0.0099880451838931,441.39962388369537,0.02408,0.001000075881123,21.4137363699092,21.413738349785003,0.0160293370481147,40.8,29.6,1.0,0.0,14:30:00,0
2026-08-04 19:51:52.547000+05:30,27.3,82.8,469,0,21.4,55.1,0,956.5,22.1,57.7,445,0,22.7,100.0,445,0,24.9,49.0,436,0,0,0,0,0,29.6,40.8,0,1,0,0,21.6450352034313,24.9,24.9,0.0,22.13814995992773,0.0099880451838931,441.39962388369537,0.02408,0.001000075881123,21.4137363699092,21.413738349785003,0.0160293370481147,40.8,29.6,1.0,0.0,14:30:00,0
2026-08-04 19:51:57.548000+05:30,27.4,82.8,447,0,21.4,55.0,0,956.4,22.1,57.7,449,0,22.7,100.0,449,0,24.9,49.2,436,0,0,0,0,0,29.6,40.8,0,1,0,0,21.6491996455022,24.9,24.9,0.0,22.01749839559494,0.009758738337404,440.41901809840056,0.02408,0.0010001212439488,21.41513789146136,21.41514027598594,0.0160307485800987,40.8,29.6,1.0,0.0,14:30:00,0
2026-08-04 19:51:57.548000+05:30,27.4,82.8,447,0,21.4,55.0,0,956.4,22.1,57.7,449,0,22.7,100.0,449,0,24.9,49.2,436,0,0,0,0,0,29.6,40.8,0,1,0,0,21.6491996455022,24.9,24.9,0.0,22.01749839559494,0.009758738337404,440.41901809840056,0.02408,0.0010001212439488,21.41513789146136,21.41514027598594,0.0160307485800987,40.8,29.6,1.0,0.0,14:30:00,0
2026-08-04 19:52:02.549000+05:30,27.4,82.8,417,0,21.4,55.0,0,956.4,22.1,57.7,446,0,22.7,100.0,446,0,24.9,49.2,436,0,0,0,0,0,29.6,40.8,0,1,0,0,21.64924514456284,24.9,24.9,0.0,21.421355317580463,0.0087087956749688,439.50860613652543,0.02408,0.0010003038468455,21.413071448396607,21.413075339877388,0.0160286674167003,40.8,29.6,1.0,0.0,14:30:00,0
2026-08-04 19:52:02.549000+05:30,27.4,82.8,417,0,21.4,55.0,0,956.4,22.1,57.7,446,0,22.7,100.0,446,0,24.9,49.2,436,0,0,0,0,0,29.6,40.8,0,1,0,0,21.64924514456284,24.9,24.9,0.0,21.421355317580463,0.0087087956749688,439.50860613652543,0.02408,0.0010003038468455,21.413071448396607,21.413075339877388,0.0160286674167003,40.8,29.6,1.0,0.0,14:30:00,0
2026-08-04 19:52:07.586000+05:30,27.4,82.8,505,0,21.4,57.4,0,956.5,22.1,58.9,422,0,22.7,100.0,422,0,24.9,49.5,436,0,0,0,0,0,29.6,40.8,0,1,0,0,21.64921804540906,24.9,24.9,0.0,21.42200944101365,0.0087001168258607,438.6465697687251,0.02408,0.0010001950889083,21.411897756253367,21.411900915202587,0.0160274854725992,40.8,29.6,1.0,0.0,14:30:00,0
2026-08-04 19:52:07.586000+05:30,27.4,82.8,505,0,21.4,57.4,0,956.5,22.1,58.9,422,0,22.7,100.0,422,0,24.9,49.5,436,0,0,0,0,0,29.6,40.8,0,1,0,0,21.64921804540906,24.9,24.9,0.0,21.42200944101365,0.0087001168258607,438.6465697687251,0.02408,0.0010001950889083,21.411897756253367,21.411900915202587,0.0160274854725992,40.8,29.6,1.0,0.0,14:30:00,0
2026-08-04 19:52:12.586000+05:30,27.5,82.7,493,0,21.5,58.0,0,956.5,22.1,60.0,447,0,22.7,100.0,447,0,24.8,49.7,436,0,0,0,0,0,29.6,40.8,0,1,0,0,21.74920253001662,24.8,24.8,0.0,22.408695048605114,0.01043402662437,437.8202898232752,0.02408,0.0010001328204667,21.455604503068955,21.455607243127268,0.0160715527596088,40.8,29.6,1.0,0.0,14:30:00,0
2026-08-04 19:52:12.586000+05:30,27.5,82.7,493,0,21.5,58.0,0,956.5,22.1,60.0,447,0,22.7,100.0,447,0,24.8,49.7,436,0,0,0,0,0,29.6,40.8,0,1,0,0,21.74920253001662,24.8,24.8,0.0,22.408695048605114,0.01043402662437,437.8202898232752,0.02408,0.0010001328204667,21.455604503068955,21.455607243127268,0.0160715527596088,40.8,29.6,1.0,0.0,14:30:00,0
2026-08-04 19:52:17.635000+05:30,27.4,82.6,415,0,21.4,58.5,0,956.4,22.1,60.7,452,0,22.8,100.0,452,0,24.8,50.0,436,0,0,0,0,0,29.6,40.8,0,1,0,0,21.649231782780845,24.8,24.8,0.0,21.43249987221025,0.0089841292031846,437.1267900060691,0.02408,0.0010002502215604,21.43807380358445,21.438077461356293,0.0160538642981954,40.8,29.6,1.0,0.0,14:30:00,0
2026-08-04 19:52:17.635000+05:30,27.4,82.6,415,0,21.4,58.5,0,956.4,22.1,60.7,452,0,22.8,100.0,452,0,24.8,50.0,436,0,0,0,0,0,29.6,40.8,0,1,0,0,21.649231782780845,24.8,24.8,0.0,21.43249987221025,0.0089841292031846,437.1267900060691,0.02408,0.0010002502215604,21.43807380358445,21.438077461356293,0.0160538642981954,40.8,29.6,1.0,0.0,14:30:00,0
2026-08-04 19:52:22.635000+05:30,27.3,82.5,425,0,21.5,58.9,0,956.5,22.1,61.3,449,0,22.8,100.0,449,0,24.7,50.4,436,0,0,0,0,0,29.6,40.8,0,1,0,0,21.74102720294708,24.7,24.7,0.0,21.430572838522146,0.009085308566271,436.4343069827556,0.02408,0.0010006784563733,21.4666439059959,21.46665026953184,0.0160827005548191,40.8,29.6,1.0,0.0,14:30:00,0
2026-08-04 19:52:22.635000+05:30,27.3,82.5,425,0,21.5,58.9,0,956.5,22.1,61.3,449,0,22.8,100.0,449,0,24.7,50.4,436,0,0,0,0,0,29.6,40.8,0,1,0,0,21.74102720294708,24.7,24.7,0.0,21.430572838522146,0.009085308566271,436.4343069827556,0.02408,0.0010006784563733,21.4666439059959,21.46665026953184,0.0160827005548191,40.8,29.6,1.0,0.0,14:30:00,0
2026-08-04 19:52:27.636000+05:30,27.3,82.5,437,0,21.5,59.2,0,956.4,22.1,61.9,469,0,22.9,100.0,469,0,24.7,50.7,436,0,0,0,0,0,29.6,40.8,0,1,0,0,21.74101234376445,24.7,24.7,0.0,22.024068457716574,0.0101659836881479,435.7646243324537,0.02408,0.0010006167651461,21.48680273893721,21.48680881325707,0.0161030753757258,40.8,29.6,1.0,0.0,14:30:00,0
2026-08-04 19:52:27.636000+05:30,27.3,82.5,437,0,21.5,59.2,0,956.4,22.1,61.9,469,0,22.9,100.0,469,0,24.7,50.7,436,0,0,0,0,0,29.6,40.8,0,1,0,0,21.74101234376445,24.7,24.7,0.0,22.024068457716574,0.0101659836881479,435.7646243324537,0.02408,0.0010006167651461,21.48680273893721,21.48680881325707,0.0161030753757258,40.8,29.6,1.0,0.0,14:30:00,0
2026-08-04 19:52:32.636000+05:30,27.2,82.4,455,0,21.5,59.7,0,956.5,22.1,62.3,475,0,22.9,100.0,475,0,24.7,51.1,436,0,0,0,0,0,29.6,40.8,0,1,0,0,21.73680847656054,24.7,24.7,0.0,27.19998640000681,0.0102454860575448,437.9027606691745,0.02408,0.0010004119501013,21.498902176933363,21.498975898111205,0.0161153156641947,40.8,29.6,1.0,0.0,14:30:00,0
2026-08-04 19:52:32.636000+05:30,27.2,82.4,455,0,21.5,59.7,0,956.5,22.1,62.3,475,0,22.9,100.0,475,0,24.7,51.1,436,0,0,0,0,0,29.6,40.8,0,1,0,0,21.73680847656054,24.7,24.7,0.0,27.19998640000681,0.0102454860575448,437.9027606691745,0.02408,0.0010004119501013,21.498902176933363,21.498975898111205,0.0161153156641947,40.8,29.6,1.0,0.0,14:30:00,0
2026-08-04 19:52:37.636000+05:30,27.1,82.7,475,0,21.5,59.7,0,956.5,22.1,62.3,465,0,22.9,100.0,465,0,24.7,51.1,436,0,0,0,0,0,29.6,40.8,0,1,0,0,21.73262056893378,24.7,24.7,0.0,25.69356114753136,0.0101994234079884,437.11317649354703,0.02408,0.0010002684464152,21.505591950875854,21.505670631927543,0.0161220869279339,40.8,29.6,1.0,0.0,14:30:00,0
2026-08-04 19:52:37.636000+05:30,27.1,82.7,475,0,21.5,59.7,0,956.5,22.1,62.3,465,0,22.9,100.0,465,0,24.7,51.1,436,0,0,0,0,0,29.6,40.8,0,1,0,0,21.73262056893378,24.7,24.7,0.0,25.69356114753136,0.0101994234079884,437.11317649354703,0.02408,0.0010002684464152,21.505591950875854,21.505670631927543,0.0161220869279339,40.8,29.6,1.0,0.0,14:30:00,0
2026-08-04 19:52:42.637000+05:30,27.0,82.9,436,0,21.5,60.2,0,956.5,22.2,62.9,442,0,22.9,100.0,442,0,24.6,51.4,436,0,0,0,0,0,29.6,40.8,0,1,0,0,21.72848715352521,24.6,24.6,0.0,22.01099077962824,0.010099486658479,434.2975304734435,0.02408,0.0010003583012522,21.508778083474454,21.50882730700565,0.0161253127765679,40.8,29.6,1.0,0.0,14:30:00,0
2026-08-04 19:52:42.637000+05:30,27.0,82.9,436,0,21.5,60.2,0,956.5,22.2,62.9,442,0,22.9,100.0,442,0,24.6,51.4,436,0,0,0,0,0,29.6,40.8,0,1,0,0,21.72848715352521,24.6,24.6,0.0,22.01099077962824,0.010099486658479,434.2975304734435,0.02408,0.0010003583012522,21.508778083474454,21.50882730700565,0.0161253127765679,40.8,29.6,1.0,0.0,14:30:00,0
2026-08-04 19:52:47.637000+05:30,26.9,83.2,442,0,21.5,60.7,0,956.4,22.2,63.3,462,0,22.9,100.0,462,0,24.5,51.6,436,0,0,0,0,0,29.6,40.8,0,1,0,0,21.7243190784834,24.5,24.5,0.0,22.00530986061105,0.0100573357626565,433.9947712740209,0.02408,0.0010002969277555,21.51022179994068,21.510252467793453,0.0161267746816401,40.8,29.6,1.0,0.0,14:30:00,0
2026-08-04 19:52:47.637000+05:30,26.9,83.2,442,0,21.5,60.7,0,956.4,22.2,63.3,462,0,22.9,100.0,462,0,24.5,51.6,436,0,0,0,0,0,29.6,40.8,0,1,0,0,21.7243190784834,24.5,24.5,0.0,22.00530986061105,0.0100573357626565,433.9947712740209,0.02408,0.0010002969277555,21.51022179994068,21.510252467793453,0.0161267746816401,40.8,29.6,1.0,0.0,14:30:00,0
2026-08-04 19:52:52.649000+05:30,27.0,83.5,488,0,21.5,61.6,0,956.5,22.2,64.2,460,0,23.0,100.0,460,0,24.5,52.0,32900,0,0,0,0,0,29.6,40.8,0,1,0,0,21.728449681061097,24.5,24.5,0.0,24.1641047694658,0.0100027216227177,435.0649552074437,0.02408,0.0010001942399911,21.51140712096641,21.511426381850423,0.0161279750255373,40.8,29.6,1.0,0.0,14:30:00,0
2026-08-04 19:52:52.649000+05:30,27.0,83.5,488,0,21.5,61.6,0,956.5,22.2,64.2,460,0,23.0,100.0,460,0,24.5,52.0,32900,0,0,0,0,0,29.6,40.8,0,1,0,0,21.728449681061097,24.5,24.5,0.0,24.1641047694658,0.0100027216227177,435.0649552074437,0.02408,0.0010001942399911,21.51140712096641,21.511426381850423,0.0161279750255373,40.8,29.6,1.0,0.0,14:30:00,0
2026-08-04 19:52:57.664000+05:30,27.1,83.5,473,0,21.6,61.6,0,956.5,22.2,64.7,485,0,23.0,100.0,485,0,24.5,52.0,436,0,0,0,0,0,29.6,40.8,0,1,0,0,21.82843744395795,24.5,24.5,0.0,27.09998645000676,0.0099289780788283,435.1264985062944,0.02408,0.0010001406637286,21.55171165304517,21.55178896962129,0.0161688385249102,40.8,29.6,1.0,0.0,14:30:00,0
2026-08-04 19:52:57.664000+05:30,27.1,83.5,473,0,21.6,61.6,0,956.5,22.2,64.7,485,0,23.0,100.0,485,0,24.5,52.0,436,0,0,0,0,0,29.6,40.8,0,1,0,0,21.82843744395795,24.5,24.5,0.0,27.09998645000676,0.0099289780788283,435.1264985062944,0.02408,0.0010001406637286,21.55171165304517,21.55178896962129,0.0161688385249102,40.8,29.6,1.0,0.0,14:30:00,0
2026-08-04 19:53:02.742000+05:30,27.2,83.4,474,0,21.6,61.6,0,956.5,22.2,64.7,481,0,23.0,100.0,481,0,24.4,52.3,436,0,0,0,0,0,29.6,40.8,0,1,0,0,21.83258335066009,24.4,24.4,0.0,27.1999864000068,0.009874226631537,434.3464374483111,0.02408,0.0010001084078384,21.57610645579997,21.576221183185403,0.0161936171419041,40.8,29.6,1.0,0.0,14:30:00,0
2026-08-04 19:53:02.742000+05:30,27.2,83.4,474,0,21.6,61.6,0,956.5,22.2,64.7,481,0,23.0,100.0,481,0,24.4,52.3,436,0,0,0,0,0,29.6,40.8,0,1,0,0,21.83258335066009,24.4,24.4,0.0,27.1999864000068,0.009874226631537,434.3464374483111,0.02408,0.0010001084078384,21.57610645579997,21.576221183185403,0.0161936171419041,40.8,29.6,1.0,0.0,14:30:00,0
2026-08-04 19:53:07.742000+05:30,27.2,83.3,449,0,21.6,61.4,0,956.5,22.2,64.7,459,0,23.0,100.0,459,0,24.3,52.4,436,0,0,0,0,0,29.6,40.8,0,1,0,0,21.83258675101742,24.3,24.3,0.0,27.1999864000068,0.0098567147680061,433.7515767551458,0.02408,0.0010001230293749,21.59066395713094,21.59079234861364,0.0162084200496171,40.8,29.6,1.0,0.0,14:30:00,0
2026-08-04 19:53:07.742000+05:30,27.2,83.3,449,0,21.6,61.4,0,956.5,22.2,64.7,459,0,23.0,100.0,459,0,24.3,52.4,436,0,0,0,0,0,29.6,40.8,0,1,0,0,21.83258675101742,24.3,24.3,0.0,27.1999864000068,0.0098567147680061,433.7515767551458,0.02408,0.0010001230293749,21.59066395713094,21.59079234861364,0.0162084200496171,40.8,29.6,1.0,0.0,14:30:00,0
2026-08-04 19:53:12.743000+05:30,27.2,83.3,477,0,21.6,61.6,0,956.5,22.2,64.8,473,0,23.0,100.0,473,0,24.3,52.6,436,0,0,0,0,0,29.6,40.8,0,1,0,0,21.83258047020802,24.3,24.3,0.0,26.69603487584683,0.0098270566158989,433.8560335096694,0.02408,0.0010000960218944,21.599298364783124,21.59943071763276,0.0162172057983362,40.8,29.6,1.0,0.0,14:30:00,0
2026-08-04 19:53:12.743000+05:30,27.2,83.3,477,0,21.6,61.6,0,956.5,22.2,64.8,473,0,23.0,100.0,473,0,24.3,52.6,436,0,0,0,0,0,29.6,40.8,0,1,0,0,21.83258047020802,24.3,24.3,0.0,26.69603487584683,0.0098270566158989,433.8560335096694,0.02408,0.0010000960218944,21.599298364783124,21.59943071763276,0.0162172057983362,40.8,29.6,1.0,0.0,14:30:00,0
2026-08-04 19:53:17.742000+05:30,27.1,83.3,463,0,21.6,62.4,0,956.5,22.2,65.2,477,0,23.1,100.0,477,0,24.2,52.7,436,0,0,0,0,0,29.6,40.8,0,1,0,0,21.6652649787544,24.2,24.2,0.0,26.60537623968701,0.0098262898080141,432.332464410694,0.08428,0.0010000968017128,20.099298364783124,20.09943071763276,0.0147539048259817,57.3,5.1,1.0,0.0,14:30:00,0
2026-08-04 19:53:17.742000+05:30,27.1,83.3,463,0,21.6,62.4,0,956.5,22.2,65.2,477,0,23.1,100.0,477,0,24.2,52.7,436,0,0,0,0,0,29.6,40.8,0,1,0,0,21.6652649787544,24.2,24.2,0.0,26.60537623968701,0.0098262898080141,432.332464410694,0.08428,0.0010000968017128,20.099298364783124,20.09943071763276,0.0147539048259817,57.3,5.1,1.0,0.0,14:30:00,0
2026-08-04 19:53:22.744000+05:30,27.0,83.3,436,0,21.6,62.7,0,956.5,22.3,65.6,466,0,23.1,100.0,466,0,24.2,52.9,436,0,0,0,0,0,5.1,57.3,0,1,0,0,21.65074281543567,24.2,24.2,0.0,22.086478309768,0.0096414072537103,432.7883605235752,0.1064336,0.0010001371335099,18.599298364783124,18.59943071763276,0.0134109147232655,90.0,0.9,1.0,0.0,14:30:00,0
2026-08-04 19:53:22.744000+05:30,27.0,83.3,436,0,21.6,62.7,0,956.5,22.3,65.6,466,0,23.1,100.0,466,0,24.2,52.9,436,0,0,0,0,0,5.1,57.3,0,1,0,0,21.65074281543567,24.2,24.2,0.0,22.086478309768,0.0096414072537103,432.7883605235752,0.1064336,0.0010001371335099,18.599298364783124,18.59943071763276,0.0134109147232655,90.0,0.9,1.0,0.0,14:30:00,0
2026-08-04 19:53:27.745000+05:30,27.1,83.2,434,0,21.6,62.6,0,956.5,22.3,65.9,491,0,23.1,100.0,491,0,23.9,53.2,436,0,0,0,0,0,0.9,90.0,0,1,0,0,21.651685053784163,23.9,23.9,0.0,22.10436665664552,0.0094331894112596,430.7875430262895,0.1064335999999999,0.001000186607353,17.102075772721864,17.362309253645357,0.0121813235687187,90.0,0.9,1.0,0.0,14:30:00,0
2026-08-04 19:53:27.745000+05:30,27.1,83.2,434,0,21.6,62.6,0,956.5,22.3,65.9,491,0,23.1,100.0,491,0,23.9,53.2,436,0,0,0,0,0,0.9,90.0,0,1,0,0,21.651685053784163,23.9,23.9,0.0,22.10436665664552,0.0094331894112596,430.7875430262895,0.1064335999999999,0.001000186607353,17.102075772721864,17.362309253645357,0.0121813235687187,90.0,0.9,1.0,0.0,14:30:00,0
2026-08-04 19:53:32.746000+05:30,27.0,83.3,445,0,21.6,62.6,0,956.5,22.3,65.9,568,0,23.1,100.0,568,0,23.9,53.2,436,0,0,0,0,0,0.9,90.0,0,1,0,0,21.650745522520964,23.9,23.9,0.0,25.59705492343341,0.0097118839506539,434.6986470639774,0.1064336,0.0010001904899605,16.28030853447312,16.83036871812881,0.0115504932380857,90.0,0.9,1.0,0.0,14:30:00,0
2026-08-04 19:53:32.746000+05:30,27.0,83.3,445,0,21.6,62.6,0,956.5,22.3,65.9,568,0,23.1,100.0,568,0,23.9,53.2,436,0,0,0,0,0,0.9,90.0,0,1,0,0,21.650745522520964,23.9,23.9,0.0,25.59705492343341,0.0097118839506539,434.6986470639774,0.1064336,0.0010001904899605,16.28030853447312,16.83036871812881,0.0115504932380857,90.0,0.9,1.0,0.0,14:30:00,0
2026-08-04 19:53:37.745000+05:30,27.0,83.3,424,0,21.6,62.6,0,956.5,22.3,66.0,594,0,23.0,100.0,594,0,22.9,54.7,436,0,0,0,0,0,0.9,90.0,0,1,0,0,21.65074782096472,22.9,22.9,0.0,22.110541156805137,0.0093579456534342,430.2814571381482,0.1064336,0.0010002357921166,15.599310558862346,16.208239612857067,0.0110501593178185,90.0,0.9,1.0,0.0,14:30:00,0
2026-08-04 19:53:37.745000+05:30,27.0,83.3,424,0,21.6,62.6,0,956.5,22.3,66.0,594,0,23.0,100.0,594,0,22.9,54.7,436,0,0,0,0,0,0.9,90.0,0,1,0,0,21.65074782096472,22.9,22.9,0.0,22.110541156805137,0.0093579456534342,430.2814571381482,0.1064336,0.0010002357921166,15.599310558862346,16.208239612857067,0.0110501593178185,90.0,0.9,1.0,0.0,14:30:00,0
2026-08-04 19:53:42.745000+05:30,27.1,83.4,425,0,21.6,62.3,0,956.5,22.3,66.1,577,0,23.0,100.0,577,0,22.5,57.0,436,0,0,0,0,0,0.9,90.0,0,1,0,0,21.651688991820805,22.5,22.5,0.0,22.1275481048092,0.009381980486567,430.0361615783423,0.1064336,0.0010002628145197,15.200956235021655,15.84617063315309,0.0107666007084088,90.0,0.9,1.0,0.0,14:30:00,0
2026-08-04 19:53:42.745000+05:30,27.1,83.4,425,0,21.6,62.3,0,956.5,22.3,66.1,577,0,23.0,100.0,577,0,22.5,57.0,436,0,0,0,0,0,0.9,90.0,0,1,0,0,21.651688991820805,22.5,22.5,0.0,22.1275481048092,0.009381980486567,430.0361615783423,0.1064336,0.0010002628145197,15.200956235021655,15.84617063315309,0.0107666007084088,90.0,0.9,1.0,0.0,14:30:00,0
2026-08-04 19:53:47.745000+05:30,27.1,83.3,430,0,21.6,61.9,0,956.5,22.3,65.7,572,0,22.9,100.0,572,0,22.5,57.0,436,0,0,0,0,0,0.9,90.0,0,1,0,0,21.65168996377181,22.5,22.5,0.0,22.1353605438418,0.0097106094069588,430.5829893198759,0.1064335999999999,0.0010002816232914,15.1225398954077,15.773681471844858,0.0107115585181068,90.0,0.9,1.0,0.0,14:30:00,0
2026-08-04 19:53:47.745000+05:30,27.1,83.3,430,0,21.6,61.9,0,956.5,22.3,65.7,572,0,22.9,100.0,572,0,22.5,57.0,436,0,0,0,0,0,0.9,90.0,0,1,0,0,21.65168996377181,22.5,22.5,0.0,22.1353605438418,0.0097106094069588,430.5829893198759,0.1064335999999999,0.0010002816232914,15.1225398954077,15.773681471844858,0.0107115585181068,90.0,0.9,1.0,0.0,14:30:00,0
2026-08-04 19:53:52.746000+05:30,27.1,83.3,422,0,21.6,61.9,0,956.5,22.3,65.7,592,0,22.9,100.0,592,0,22.0,60.2,436,0,0,0,0,0,0.9,90.0,0,1,0,0,21.651690087480223,22.0,22.0,0.0,22.144308248058483,0.0090601754077335,429.5850419128751,0.1064336,0.0010002840172427,14.767382816031144,15.454912226699925,0.0104654175102676,90.0,0.9,1.0,0.0,14:30:00,0
2026-08-04 19:53:52.746000+05:30,27.1,83.3,422,0,21.6,61.9,0,956.5,22.3,65.7,592,0,22.9,100.0,592,0,22.0,60.2,436,0,0,0,0,0,0.9,90.0,0,1,0,0,21.651690087480223,22.0,22.0,0.0,22.144308248058483,0.0090601754077335,429.5850419128751,0.1064336,0.0010002840172427,14.767382816031144,15.454912226699925,0.0104654175102676,90.0,0.9,1.0,0.0,14:30:00,0
2026-08-04 19:53:57.746000+05:30,27.1,83.4,420,0,21.7,61.7,0,956.5,22.3,65.4,578,0,22.8,100.0,578,0,21.7,62.1,436,0,0,0,0,0,0.9,90.0,0,1,0,0,21.81683656293745,21.7,21.7,0.0,22.14718373671792,0.0089280796860418,429.38703966582574,0.0462336,0.0010003286881897,16.267382816031144,16.954912226699925,0.0115408100945129,47.1,17.0,1.0,0.0,14:30:00,0
2026-08-04 19:53:57.746000+05:30,27.1,83.4,420,0,21.7,61.7,0,956.5,22.3,65.4,578,0,22.8,100.0,578,0,21.7,62.1,436,0,0,0,0,0,0.9,90.0,0,1,0,0,21.81683656293745,21.7,21.7,0.0,22.14718373671792,0.0089280796860418,429.38703966582574,0.0462336,0.0010003286881897,16.267382816031144,16.954912226699925,0.0115408100945129,47.1,17.0,1.0,0.0,14:30:00,0
2026-08-04 19:54:02.790000+05:30,27.1,83.4,421,0,21.7,61.8,0,956.5,22.3,65.2,565,0,22.9,100.0,565,0,21.5,63.4,436,0,0,0,0,0,17.0,47.1,0,1,0,0,21.92438836367222,21.5,21.5,0.0,22.161249751045144,0.0079652778437148,429.2028522915711,0.02408,0.0010006058883753,17.767382816031144,18.454912226699925,0.0127145780503589,40.8,29.6,1.0,0.0,14:30:00,0
2026-08-04 19:54:02.790000+05:30,27.1,83.4,421,0,21.7,61.8,0,956.5,22.3,65.2,565,0,22.9,100.0,565,0,21.5,63.4,436,0,0,0,0,0,17.0,47.1,0,1,0,0,21.92438836367222,21.5,21.5,0.0,22.161249751045144,0.0079652778437148,429.2028522915711,0.02408,0.0010006058883753,17.767382816031144,18.454912226699925,0.0127145780503589,40.8,29.6,1.0,0.0,14:30:00,0
2026-08-04 19:54:07.790000+05:30,27.2,83.2,477,0,21.7,61.6,0,956.4,22.3,65.1,581,0,22.9,100.0,581,0,21.3,64.4,436,0,0,0,0,0,29.6,40.8,0,1,0,0,21.92849366621368,21.3,21.3,0.0,27.199986400006505,0.0082169069261878,428.5879688031108,0.02408,0.0010003868149864,19.267382816031144,19.75806940711912,0.0139948072519711,40.8,29.6,1.0,0.0,14:30:00,0
2026-08-04 19:54:07.790000+05:30,27.2,83.2,477,0,21.7,61.6,0,956.4,22.3,65.1,581,0,22.9,100.0,581,0,21.3,64.4,436,0,0,0,0,0,29.6,40.8,0,1,0,0,21.92849366621368,21.3,21.3,0.0,27.199986400006505,0.0082169069261878,428.5879688031108,0.02408,0.0010003868149864,19.267382816031144,19.75806940711912,0.0139948072519711,40.8,29.6,1.0,0.0,14:30:00,0
2026-08-04 19:54:12.791000+05:30,27.2,83.3,492,0,21.7,61.5,0,956.5,22.3,65.0,569,0,22.8,100.0,569,0,21.4,64.8,436,0,0,0,0,0,29.6,40.8,0,1,0,0,21.92846245055781,21.4,21.4,0.0,27.199986400006505,0.0083791601339417,428.473621175723,0.02408,0.0010002501471694,20.243789422113256,20.538264075005927,0.014889473831942,40.8,29.6,1.0,0.0,14:30:00,0
2026-08-04 19:54:12.791000+05:30,27.2,83.3,492,0,21.7,61.5,0,956.5,22.3,65.0,569,0,22.8,100.0,569,0,21.4,64.8,436,0,0,0,0,0,29.6,40.8,0,1,0,0,21.92846245055781,21.4,21.4,0.0,27.199986400006505,0.0083791601339417,428.473621175723,0.02408,0.0010002501471694,20.243789422113256,20.538264075005927,0.014889473831942,40.8,29.6,1.0,0.0,14:30:00,0
2026-08-04 19:54:17.791000+05:30,27.3,83.2,477,0,21.7,61.5,0,956.5,22.3,65.0,550,0,22.8,100.0,550,0,21.4,64.8,436,0,0,0,0,0,29.6,40.8,0,1,0,0,21.9325985251622,21.4,21.4,0.0,27.29998635000653,0.0085154494114822,428.37602517202697,0.02408,0.0010001736581974,20.829061916906543,21.00581346784689,0.015450196036379,40.8,29.6,1.0,0.0,14:30:00,0
2026-08-04 19:54:17.791000+05:30,27.3,83.2,477,0,21.7,61.5,0,956.5,22.3,65.0,550,0,22.8,100.0,550,0,21.4,64.8,436,0,0,0,0,0,29.6,40.8,0,1,0,0,21.9325985251622,21.4,21.4,0.0,27.29998635000653,0.0085154494114822,428.37602517202697,0.02408,0.0010001736581974,20.829061916906543,21.00581346784689,0.015450196036379,40.8,29.6,1.0,0.0,14:30:00,0
2026-08-04 19:54:22.803000+05:30,27.3,83.0,433,0,21.7,61.4,0,956.5,22.3,64.9,546,0,22.8,100.0,546,0,21.5,64.7,436,0,0,0,0,0,29.6,40.8,0,1,0,0,21.93269192663963,21.5,21.5,0.0,22.228990430306663,0.0085764442028076,428.7172328577684,0.02408,0.0010005752845504,21.179330064955096,21.28538482723271,0.0157948322738051,40.8,29.6,1.0,0.0,14:30:00,0
2026-08-04 19:54:22.803000+05:30,27.3,83.0,433,0,21.7,61.4,0,956.5,22.3,64.9,546,0,22.8,100.0,546,0,21.5,64.7,436,0,0,0,0,0,29.6,40.8,0,1,0,0,21.93269192663963,21.5,21.5,0.0,22.228990430306663,0.0085764442028076,428.7172328577684,0.02408,0.0010005752845504,21.179330064955096,21.28538482723271,0.0157948322738051,40.8,29.6,1.0,0.0,14:30:00,0
2026-08-04 19:54:27.803000+05:30,27.3,82.8,448,0,21.7,61.7,0,956.5,22.3,64.9,531,0,22.8,100.0,531,0,21.6,64.3,436,0,0,0,0,0,29.6,40.8,0,1,0,0,21.932653370668337,21.6,21.6,0.0,27.29998635000653,0.0085218670877356,428.1414175820656,0.02408,0.0010004094938738,21.389189619732583,21.45287863638747,0.0160046331962939,40.8,29.6,1.0,0.0,14:30:00,0
2026-08-04 19:54:27.803000+05:30,27.3,82.8,448,0,21.7,61.7,0,956.5,22.3,64.9,531,0,22.8,100.0,531,0,21.6,64.3,436,0,0,0,0,0,29.6,40.8,0,1,0,0,21.932653370668337,21.6,21.6,0.0,27.29998635000653,0.0085218670877356,428.1414175820656,0.02408,0.0010004094938738,21.389189619732583,21.45287863638747,0.0160046331962939,40.8,29.6,1.0,0.0,14:30:00,0
2026-08-04 19:54:32.870000+05:30,27.3,82.7,434,0,21.7,61.7,0,956.4,22.3,65.0,538,0,22.9,100.0,538,0,21.7,63.7,32917,0,0,0,0,0,29.6,40.8,0,1,0,0,21.93269931380212,21.7,21.7,0.0,22.24683893647757,0.0082643672505129,428.4796786334454,0.02408,0.0010006070493491,21.513908705270712,21.55212532656868,0.0161305085805194,40.8,29.6,1.0,0.0,14:30:00,0
2026-08-04 19:54:32.870000+05:30,27.3,82.7,434,0,21.7,61.7,0,956.4,22.3,65.0,538,0,22.9,100.0,538,0,21.7,63.7,32917,0,0,0,0,0,29.6,40.8,0,1,0,0,21.93269931380212,21.7,21.7,0.0,22.24683893647757,0.0082643672505129,428.4796786334454,0.02408,0.0010006070493491,21.513908705270712,21.55212532656868,0.0161305085805194,40.8,29.6,1.0,0.0,14:30:00,0
2026-08-04 19:54:37.870000+05:30,27.3,82.8,450,0,21.7,61.8,0,956.4,22.3,65.1,507,0,86.5,50.0,507,0,21.8,63.1,436,0,0,0,0,0,29.6,40.8,0,1,0,0,21.93265626229574,21.8,21.8,0.0,27.29998635000653,0.0082178454746486,427.9247409783406,0.02408,0.0010004219278716,21.58870417509252,21.61169353864661,0.0162064265170543,40.8,29.6,1.0,0.0,14:30:00,0
2026-08-04 19:54:37.870000+05:30,27.3,82.8,450,0,21.7,61.8,0,956.4,22.3,65.1,507,0,86.5,50.0,507,0,21.8,63.1,436,0,0,0,0,0,29.6,40.8,0,1,0,0,21.93265626229574,21.8,21.8,0.0,27.29998635000653,0.0082178454746486,427.9247409783406,0.02408,0.0010004219278716,21.58870417509252,21.61169353864661,0.0162064265170543,40.8,29.6,1.0,0.0,14:30:00,0
2026-08-04 19:54:42.934000+05:30,27.3,82.8,452,0,21.7,62.1,0,956.4,22.3,65.4,502,0,22.9,100.0,502,0,21.8,63.1,436,0,0,0,0,0,29.6,40.8,0,1,0,0,21.93262918263989,21.8,21.8,0.0,27.29998635000653,0.0078407000675824,427.834532248153,0.02408,0.0010003054853515,21.63246648641525,21.64632218537082,0.0162509953714679,40.8,29.6,1.0,0.0,14:30:00,0
2026-08-04 19:54:42.934000+05:30,27.3,82.8,452,0,21.7,62.1,0,956.4,22.3,65.4,502,0,22.9,100.0,502,0,21.8,63.1,436,0,0,0,0,0,29.6,40.8,0,1,0,0,21.93262918263989,21.8,21.8,0.0,27.29998635000653,0.0078407000675824,427.834532248153,0.02408,0.0010003054853515,21.63246648641525,21.64632218537082,0.0162509953714679,40.8,29.6,1.0,0.0,14:30:00,0
2026-08-04 19:54:47.934000+05:30,27.3,82.7,450,0,21.7,62.1,0,956.4,22.3,65.4,517,0,22.9,100.0,517,0,21.8,62.4,436,0,0,0,0,0,29.6,40.8,0,1,0,0,21.93261417089577,21.8,21.8,0.0,27.29998635000683,0.007652240816481,431.5424116120773,0.02408,0.0010002409348518,21.65815032300755,21.66652327477864,0.0162772041892561,40.8,29.6,1.0,0.0,14:30:00,0
2026-08-04 19:54:47.934000+05:30,27.3,82.7,450,0,21.7,62.1,0,956.4,22.3,65.4,517,0,22.9,100.0,517,0,21.8,62.4,436,0,0,0,0,0,29.6,40.8,0,1,0,0,21.93261417089577,21.8,21.8,0.0,27.29998635000683,0.007652240816481,431.5424116120773,0.02408,0.0010002409348518,21.65815032300755,21.66652327477864,0.0162772041892561,40.8,29.6,1.0,0.0,14:30:00,0
2026-08-04 19:54:52.951000+05:30,27.4,82.6,451,0,21.7,62.7,0,956.5,22.4,65.8,489,0,22.9,100.0,489,0,21.9,61.8,436,0,0,0,0,0,29.6,40.8,0,1,0,0,21.936758879827195,21.9,21.9,0.0,27.39998630000656,0.0076180628355009,427.6791582908788,0.02408,0.0010002024256559,21.67383149547652,21.678916450427828,0.0162932246895622,40.8,29.6,1.0,0.0,14:30:00,0
2026-08-04 19:54:52.951000+05:30,27.4,82.6,451,0,21.7,62.7,0,956.5,22.4,65.8,489,0,22.9,100.0,489,0,21.9,61.8,436,0,0,0,0,0,29.6,40.8,0,1,0,0,21.936758879827195,21.9,21.9,0.0,27.39998630000656,0.0076180628355009,427.6791582908788,0.02408,0.0010002024256559,21.67383149547652,21.678916450427828,0.0162932246895622,40.8,29.6,1.0,0.0,14:30:00,0
2026-08-04 19:54:57.952000+05:30,27.4,82.6,451,0,21.7,62.7,0,956.5,22.4,65.8,489,0,22.9,100.0,489,0,21.9,61.8,436,0,0,0,0,0,29.6,40.8,0,1,0,0,21.76772691215163,21.9,21.9,0.0,25.41879778383339,0.0092865726730421,432.9000258930248,0.08428,0.0010014077466911,20.17383149547652,20.178916450427828,0.0148236958069122,57.3,5.1,1.0,0.0,14:30:00,0
2026-08-04 19:54:57.952000+05:30,27.4,82.6,451,0,21.7,62.7,0,956.5,22.4,65.8,489,0,22.9,100.0,489,0,21.9,61.8,436,0,0,0,0,0,29.6,40.8,0,1,0,0,21.76772691215163,21.9,21.9,0.0,25.41879778383339,0.0092865726730421,432.9000258930248,0.08428,0.0010014077466911,20.17383149547652,20.178916450427828,0.0148236958069122,57.3,5.1,1.0,0.0,14:30:00,0
2026-08-04 19:55:03.001000+05:30,27.5,82.2,451,0,21.8,62.8,0,956.5,22.4,66.1,515,0,22.9,100.0,515,0,21.9,60.8,436,0,0,0,0,0,5.1,57.3,0,1,0,0,21.85360186398665,21.9,21.9,0.0,24.89275072633955,0.0093894927320555,433.1354546315221,0.1064335999999999,0.0010008840966333,18.67383149547652,18.678916450427828,0.0134749480700959,90.0,0.9,1.0,0.0,14:30:00,0
2026-08-04 19:55:03.001000+05:30,27.5,82.2,451,0,21.8,62.8,0,956.5,22.4,66.1,515,0,22.9,100.0,515,0,21.9,60.8,436,0,0,0,0,0,5.1,57.3,0,1,0,0,21.85360186398665,21.9,21.9,0.0,24.89275072633955,0.0093894927320555,433.1354546315221,0.1064335999999999,0.0010008840966333,18.67383149547652,18.678916450427828,0.0134749480700959,90.0,0.9,1.0,0.0,14:30:00,0
2026-08-04 19:55:08.001000+05:30,27.5,82.2,438,0,21.7,62.8,0,956.4,22.4,66.2,505,0,22.9,100.0,505,0,21.9,60.4,436,0,0,0,0,0,0.9,90.0,0,1,0,0,21.754527594510364,21.9,21.9,0.0,22.31774601165028,0.0090297277181717,427.9363093525513,0.1064336,0.001000615203979,17.17383149547652,17.278626187981462,0.0122378517927082,90.0,0.9,1.0,0.0,14:30:00,0
2026-08-04 19:55:08.001000+05:30,27.5,82.2,438,0,21.7,62.8,0,956.4,22.4,66.2,505,0,22.9,100.0,505,0,21.9,60.4,436,0,0,0,0,0,0.9,90.0,0,1,0,0,21.754527594510364,21.9,21.9,0.0,22.31774601165028,0.0090297277181717,427.9363093525513,0.1064336,0.001000615203979,17.17383149547652,17.278626187981462,0.0122378517927082,90.0,0.9,1.0,0.0,14:30:00,0
2026-08-04 19:55:13.048000+05:30,27.4,82.2,448,0,21.8,63.0,0,956.5,22.4,66.4,549,0,22.8,100.0,549,0,21.3,60.3,436,0,0,0,0,0,0.9,90.0,0,1,0,0,21.85263791965529,21.3,21.3,0.0,24.80077932513739,0.0092311624194694,433.1931640266495,0.1064335999999999,0.0010004363009684,16.120187899753766,16.567412921800937,0.0114310546035119,90.0,0.9,1.0,0.0,14:30:00,0
2026-08-04 19:55:13.048000+05:30,27.4,82.2,448,0,21.8,63.0,0,956.5,22.4,66.4,549,0,22.8,100.0,549,0,21.3,60.3,436,0,0,0,0,0,0.9,90.0,0,1,0,0,21.85263791965529,21.3,21.3,0.0,24.80077932513739,0.0092311624194694,433.1931640266495,0.1064335999999999,0.0010004363009684,16.120187899753766,16.567412921800937,0.0114310546035119,90.0,0.9,1.0,0.0,14:30:00,0
2026-08-04 19:55:18.048000+05:30,27.4,82.0,413,0,21.8,63.2,0,956.5,22.4,66.6,567,0,22.8,100.0,567,0,20.7,61.7,436,0,0,0,0,0,0.9,90.0,0,1,0,0,21.852632115655343,20.7,20.7,0.0,21.756383961378503,0.0088521766281814,427.8479754570784,0.1064336,0.0010003259901454,15.279482824596824,15.836121719686428,0.0108219748186825,90.0,0.9,1.0,0.0,14:30:00,0
2026-08-04 19:55:18.048000+05:30,27.4,82.0,413,0,21.8,63.2,0,956.5,22.4,66.6,567,0,22.8,100.0,567,0,20.7,61.7,436,0,0,0,0,0,0.9,90.0,0,1,0,0,21.852632115655343,20.7,20.7,0.0,21.756383961378503,0.0088521766281814,427.8479754570784,0.1064336,0.0010003259901454,15.279482824596824,15.836121719686428,0.0108219748186825,90.0,0.9,1.0,0.0,14:30:00,0
2026-08-04 19:55:23.047000+05:30,27.4,82.0,438,0,21.8,63.5,0,956.4,22.4,66.8,588,0,22.7,100.0,588,0,20.4,63.7,436,0,0,0,0,0,0.9,90.0,0,1,0,0,21.8526292737134,20.4,20.4,0.0,22.33046267756315,0.0087499507726789,427.7415318052709,0.1064335999999999,0.0010002719761967,14.726083653336532,15.378129384182795,0.0104371275182496,90.0,0.9,1.0,0.0,14:30:00,0
2026-08-04 19:55:23.047000+05:30,27.4,82.0,438,0,21.8,63.5,0,956.4,22.4,66.8,588,0,22.7,100.0,588,0,20.4,63.7,436,0,0,0,0,0,0.9,90.0,0,1,0,0,21.8526292737134,20.4,20.4,0.0,22.33046267756315,0.0087499507726789,427.7415318052709,0.1064335999999999,0.0010002719761967,14.726083653336532,15.378129384182795,0.0104371275182496,90.0,0.9,1.0,0.0,14:30:00,0
2026-08-04 19:55:28.048000+05:30,27.5,82.2,431,0,21.8,63.3,0,956.5,22.4,66.8,604,0,22.6,100.0,604,0,20.3,65.5,436,0,0,0,0,0,0.9,90.0,0,1,0,0,21.8535692016542,20.3,20.3,0.0,22.3495143677232,0.0087263607745003,427.69348595436014,0.1064335999999999,0.0010002742072249,14.388279623343696,15.100012042970478,0.0102082969464791,90.0,0.9,1.0,0.0,14:30:00,0
2026-08-04 19:55:28.048000+05:30,27.5,82.2,431,0,21.8,63.3,0,956.5,22.4,66.8,604,0,22.6,100.0,604,0,20.3,65.5,436,0,0,0,0,0,0.9,90.0,0,1,0,0,21.8535692016542,20.3,20.3,0.0,22.3495143677232,0.0087263607745003,427.69348595436014,0.1064335999999999,0.0010002742072249,14.388279623343696,15.100012042970478,0.0102082969464791,90.0,0.9,1.0,0.0,14:30:00,0
2026-08-04 19:55:33.048000+05:30,27.5,82.2,431,0,21.8,63.3,0,956.5,22.4,66.8,604,0,22.6,100.0,604,0,20.3,65.5,436,0,0,0,0,0,0.9,90.0,0,1,0,0,21.854506990392533,20.1,20.1,0.0,24.60976152422501,0.0091291404441259,432.6256716534807,0.1064336,0.001000237105628,14.404570966884927,15.220313607627183,0.0102192285356517,90.0,0.9,1.0,0.0,14:30:00,0
2026-08-04 19:55:33.048000+05:30,27.5,82.2,431,0,21.8,63.3,0,956.5,22.4,66.8,604,0,22.6,100.0,604,0,20.3,65.5,436,0,0,0,0,0,0.9,90.0,0,1,0,0,21.854506990392533,20.1,20.1,0.0,24.60976152422501,0.0091291404441259,432.6256716534807,0.1064336,0.001000237105628,14.404570966884927,15.220313607627183,0.0102192285356517,90.0,0.9,1.0,0.0,14:30:00,0
2026-08-04 19:55:38.048000+05:30,27.7,81.8,423,0,21.8,63.0,0,956.4,22.4,66.6,602,0,22.6,100.0,602,0,20.1,67.1,436,0,0,0,0,0,0.9,90.0,0,1,0,0,21.85544752312002,20.1,20.1,0.0,22.388675011950788,0.0086271021678103,427.5875090611511,0.1064336,0.0010002507621604,14.153471715360048,14.96979594268808,0.0100519013058429,90.0,0.9,1.0,0.0,14:30:00,0
2026-08-04 19:55:38.048000+05:30,27.7,81.8,423,0,21.8,63.0,0,956.4,22.4,66.6,602,0,22.6,100.0,602,0,20.1,67.1,436,0,0,0,0,0,0.9,90.0,0,1,0,0,21.85544752312002,20.1,20.1,0.0,22.388675011950788,0.0086271021678103,427.5875090611511,0.1064336,0.0010002507621604,14.153471715360048,14.96979594268808,0.0100519013058429,90.0,0.9,1.0,0.0,14:30:00,0
2026-08-04 19:55:43.128000+05:30,27.7,81.8,427,0,21.8,63.0,0,956.4,22.4,66.5,607,0,22.5,100.0,607,0,19.9,68.2,436,0,0,0,0,0,0.9,90.0,0,1,0,0,21.85544805487816,19.9,19.9,0.0,22.39654300023384,0.0087660355511296,427.5226739487069,0.1064335999999999,0.0010002603548609,14.07780340349752,14.887270803932832,0.0100019621261834,90.0,0.9,1.0,0.0,14:30:00,0
2026-08-04 19:55:43.128000+05:30,27.7,81.8,427,0,21.8,63.0,0,956.4,22.4,66.5,607,0,22.5,100.0,607,0,19.9,68.2,436,0,0,0,0,0,0.9,90.0,0,1,0,0,21.85544805487816,19.9,19.9,0.0,22.39654300023384,0.0087660355511296,427.5226739487069,0.1064335999999999,0.0010002603548609,14.07780340349752,14.887270803932832,0.0100019621261834,90.0,0.9,1.0,0.0,14:30:00,0
2026-08-04 19:55:48.128000+05:30,27.7,81.7,420,0,21.8,62.9,0,956.5,22.4,66.5,611,0,22.5,100.0,611,0,19.8,69.3,436,0,0,0,0,0,0.9,90.0,0,1,0,0,21.85544781101645,19.8,19.8,0.0,22.403237961132977,0.0088161899200893,427.46624584987865,0.1064336,0.001000255955695,14.059686455896705,14.86250218249489,0.0099900384935003,90.0,0.9,1.0,0.0,14:30:00,0
2026-08-04 19:55:48.128000+05:30,27.7,81.7,420,0,21.8,62.9,0,956.5,22.4,66.5,611,0,22.5,100.0,611,0,19.8,69.3,436,0,0,0,0,0,0.9,90.0,0,1,0,0,21.85544781101645,19.8,19.8,0.0,22.403237961132977,0.0088161899200893,427.46624584987865,0.1064336,0.001000255955695,14.059686455896705,14.86250218249489,0.0099900384935003,90.0,0.9,1.0,0.0,14:30:00,0
2026-08-04 19:55:53.129000+05:30,27.7,81.5,428,0,21.8,62.9,0,956.4,22.4,66.5,598,0,22.4,100.0,598,0,19.6,70.2,32981,0,0,0,0,0,0.9,90.0,0,1,0,0,21.85544808816933,19.6,19.6,0.0,22.40900910631624,0.0086897255017038,427.4051599707343,0.1064336,0.0010002609554201,13.986689305392373,14.792282477880471,0.0099421247376822,90.0,0.9,1.0,0.0,14:30:00,0
2026-08-04 19:55:53.129000+05:30,27.7,81.5,428,0,21.8,62.9,0,956.4,22.4,66.5,598,0,22.4,100.0,598,0,19.6,70.2,32981,0,0,0,0,0,0.9,90.0,0,1,0,0,21.85544808816933,19.6,19.6,0.0,22.40900910631624,0.0086897255017038,427.4051599707343,0.1064336,0.0010002609554201,13.986689305392373,14.792282477880471,0.0099421247376822,90.0,0.9,1.0,0.0,14:30:00,0
2026-08-04 19:55:58.129000+05:30,27.6,81.4,473,0,21.8,62.9,0,956.4,22.4,66.5,611,0,22.4,100.0,611,0,19.5,71.2,436,0,0,0,0,0,0.9,90.0,0,1,0,0,21.85450392174407,19.5,19.5,0.0,24.73886085179853,0.009055622831797,432.6158437400789,0.1064335999999999,0.001000180794024,14.142976165475671,15.02246481780314,0.0100449611637373,90.0,0.9,1.0,0.0,14:30:00,0
2026-08-04 19:55:58.129000+05:30,27.6,81.4,473,0,21.8,62.9,0,956.4,22.4,66.5,611,0,22.4,100.0,611,0,19.5,71.2,436,0,0,0,0,0,0.9,90.0,0,1,0,0,21.85450392174407,19.5,19.5,0.0,24.73886085179853,0.009055622831797,432.6158437400789,0.1064335999999999,0.001000180794024,14.142976165475671,15.02246481780314,0.0100449611637373,90.0,0.9,1.0,0.0,14:30:00,0
2026-08-04 19:56:03.129000+05:30,27.6,81.4,444,0,21.8,63.0,0,956.5,22.4,66.5,617,0,86.2,100.0,617,0,19.4,71.9,436,0,0,0,0,0,0.9,90.0,0,1,0,0,21.854504022240327,19.4,19.4,0.0,24.73657541554814,0.0090649340856869,432.2914471852391,0.1064336,0.0010001826381926,14.235273929735662,15.15957596795815,0.0101061404021456,90.0,0.9,1.0,0.0,14:30:00,0
2026-08-04 19:56:03.129000+05:30,27.6,81.4,444,0,21.8,63.0,0,956.5,22.4,66.5,617,0,86.2,100.0,617,0,19.4,71.9,436,0,0,0,0,0,0.9,90.0,0,1,0,0,21.854504022240327,19.4,19.4,0.0,24.73657541554814,0.0090649340856869,432.2914471852391,0.1064336,0.0010001826381926,14.235273929735662,15.15957596795815,0.0101061404021456,90.0,0.9,1.0,0.0,14:30:00,0
2026-08-04 19:56:08.537000+05:30,27.6,81.4,468,0,21.8,63.1,0,956.4,22.4,66.6,636,0,22.3,100.0,636,0,19.3,72.6,436,0,0,0,0,0,0.9,90.0,0,1,0,0,21.854501575081635,19.3,19.3,0.0,24.773412694562268,0.0090411192007416,432.8840070300597,0.1064336,0.0010001377313118,14.275679570846446,15.229073174924473,0.0101330282525357,90.0,0.9,1.0,0.0,14:30:00,0
2026-08-04 19:56:08.537000+05:30,27.6,81.4,468,0,21.8,63.1,0,956.4,22.4,66.6,636,0,22.3,100.0,636,0,19.3,72.6,436,0,0,0,0,0,0.9,90.0,0,1,0,0,21.854501575081635,19.3,19.3,0.0,24.773412694562268,0.0090411192007416,432.8840070300597,0.1064336,0.0010001377313118,14.275679570846446,15.229073174924473,0.0101330282525357,90.0,0.9,1.0,0.0,14:30:00,0
2026-08-04 19:56:13.599000+05:30,27.5,81.4,468,0,21.8,63.1,0,956.4,22.4,66.6,622,0,22.3,100.0,622,0,19.3,72.6,436,0,0,0,0,0,0.9,90.0,0,1,0,0,21.85356041986564,19.3,19.3,0.0,24.809469260713968,0.0090300552476916,432.7493554106841,0.1064336,0.0010001102287388,14.293250793309948,15.26617893229557,0.0101447410107873,90.0,0.9,1.0,0.0,14:30:00,0
2026-08-04 19:56:13.599000+05:30,27.5,81.4,468,0,21.8,63.1,0,956.4,22.4,66.6,622,0,22.3,100.0,622,0,19.3,72.6,436,0,0,0,0,0,0.9,90.0,0,1,0,0,21.85356041986564,19.3,19.3,0.0,24.809469260713968,0.0090300552476916,432.7493554106841,0.1064336,0.0010001102287388,14.293250793309948,15.26617893229557,0.0101447410107873,90.0,0.9,1.0,0.0,14:30:00,0
2026-08-04 19:56:18.644000+05:30,27.5,81.5,493,0,21.8,63.1,0,956.4,22.4,66.6,646,0,22.2,100.0,646,0,19.2,73.2,436,0,0,0,0,0,0.9,90.0,0,1,0,0,21.853558599499014,19.2,19.2,0.0,24.85285036557276,0.0090122343676997,432.9754120517607,0.1064336,0.0010000762378312,14.294715220416135,15.281993916183271,0.010145717728202,90.0,0.9,1.0,0.0,14:30:00,0
2026-08-04 19:56:18.644000+05:30,27.5,81.5,493,0,21.8,63.1,0,956.4,22.4,66.6,646,0,22.2,100.0,646,0,19.2,73.2,436,0,0,0,0,0,0.9,90.0,0,1,0,0,21.853558599499014,19.2,19.2,0.0,24.85285036557276,0.0090122343676997,432.9754120517607,0.1064336,0.0010000762378312,14.294715220416135,15.281993916183271,0.010145717728202,90.0,0.9,1.0,0.0,14:30:00,0
2026-08-04 19:56:23.723000+05:30,27.4,81.6,514,0,21.8,63.1,0,956.4,22.4,66.6,619,0,22.2,100.0,619,0,19.1,73.7,436,0,0,0,0,0,0.9,90.0,0,1,0,0,21.85261816246421,19.1,19.1,0.0,24.86383275873908,0.0090312752450517,432.7026734258742,0.1064336,0.0010000607957948,14.304916195871098,15.300224924253868,0.0101525237352378,90.0,0.9,1.0,0.0,14:30:00,0
2026-08-04 19:56:23.723000+05:30,27.4,81.6,514,0,21.8,63.1,0,956.4,22.4,66.6,619,0,22.2,100.0,619,0,19.1,73.7,436,0,0,0,0,0,0.9,90.0,0,1,0,0,21.85261816246421,19.1,19.1,0.0,24.86383275873908,0.0090312752450517,432.7026734258742,0.1064336,0.0010000607957948,14.304916195871098,15.300224924253868,0.0101525237352378,90.0,0.9,1.0,0.0,14:30:00,0
2026-08-04 19:56:29.722000+05:30,27.4,81.8,507,0,21.8,63.1,0,956.5,22.4,66.6,648,0,22.1,100.0,648,0,19.1,74.1,436,0,0,0,0,0,0.9,90.0,0,1,0,0,21.852617598940167,19.1,19.1,0.0,24.95298254638247,0.0089825065941912,433.2151511715821,0.1064336,0.0010000500854567,14.287303844233216,15.293541755266167,0.0101407754884459,90.0,0.9,1.0,0.0,14:30:00,0
2026-08-04 19:56:29.722000+05:30,27.4,81.8,507,0,21.8,63.1,0,956.5,22.4,66.6,648,0,22.1,100.0,648,0,19.1,74.1,436,0,0,0,0,0,0.9,90.0,0,1,0,0,21.852617598940167,19.1,19.1,0.0,24.95298254638247,0.0089825065941912,433.2151511715821,0.1064336,0.0010000500854567,14.287303844233216,15.293541755266167,0.0101407754884459,90.0,0.9,1.0,0.0,14:30:00,0
2026-08-04 19:56:34.722000+05:30,27.3,82.0,486,0,21.8,63.1,0,956.5,22.4,66.7,626,0,22.1,100.0,626,0,19.0,74.5,436,0,0,0,0,0,0.9,90.0,0,1,0,0,21.851677615384705,19.0,19.0,0.0,24.965668299966865,0.009006534044899,433.3441526173957,0.1064336,0.0010000426626926,14.28915406837887,15.301195832674823,0.0101420090988244,90.0,0.9,1.0,0.0,14:30:00,0
2026-08-04 19:56:34.722000+05:30,27.3,82.0,486,0,21.8,63.1,0,956.5,22.4,66.7,626,0,22.1,100.0,626,0,19.0,74.5,436,0,0,0,0,0,0.9,90.0,0,1,0,0,21.851677615384705,19.0,19.0,0.0,24.965668299966865,0.009006534044899,433.3441526173957,0.1064336,0.0010000426626926,14.28915406837887,15.301195832674823,0.0101420090988244,90.0,0.9,1.0,0.0,14:30:00,0
2026-08-04 19:56:39.916000+05:30,27.3,82.1,452,0,21.8,63.5,0,956.5,22.4,67.0,632,0,22.0,100.0,632,0,18.9,75.0,436,0,0,0,0,0,0.9,90.0,0,1,0,0,21.85167945736323,18.9,18.9,0.0,25.01840889389356,0.0089557219473147,433.3708382535307,0.1064335999999999,0.0010000783078572,14.265614049968292,15.28634286848673,0.0101263241725158,90.0,0.9,1.0,0.0,14:30:00,0
2026-08-04 19:56:39.916000+05:30,27.3,82.1,452,0,21.8,63.5,0,956.5,22.4,67.0,632,0,22.0,100.0,632,0,18.9,75.0,436,0,0,0,0,0,0.9,90.0,0,1,0,0,21.85167945736323,18.9,18.9,0.0,25.01840889389356,0.0089557219473147,433.3708382535307,0.1064335999999999,0.0010000783078572,14.265614049968292,15.28634286848673,0.0101263241725158,90.0,0.9,1.0,0.0,14:30:00,0
2026-08-04 19:56:44.936000+05:30,27.3,82.3,441,0,21.8,63.5,0,956.4,22.4,67.1,631,0,22.0,100.0,631,0,18.9,75.3,436,0,0,0,0,0,0.9,90.0,0,1,0,0,21.85168193654697,18.9,18.9,0.0,25.03900470451237,0.008951246110615,433.3267620720645,0.1064335999999999,0.0010001262839393,14.250228427824648,15.27747773130566,0.0101160843662476,90.0,0.9,1.0,0.0,14:30:00,0
2026-08-04 19:56:44.936000+05:30,27.3,82.3,441,0,21.8,63.5,0,956.4,22.4,67.1,631,0,22.0,100.0,631,0,18.9,75.3,436,0,0,0,0,0,0.9,90.0,0,1,0,0,21.85168193654697,18.9,18.9,0.0,25.03900470451237,0.008951246110615,433.3267620720645,0.1064335999999999,0.0010001262839393,14.250228427824648,15.27747773130566,0.0101160843662476,90.0,0.9,1.0,0.0,14:30:00,0
2026-08-04 19:56:49.936000+05:30,27.3,82.3,441,0,21.8,63.5,0,956.4,22.4,67.1,631,0,22.0,100.0,631,0,18.9,75.3,436,0,0,0,0,0,0.9,90.0,0,1,0,0,21.850743545362963,18.9,18.9,0.0,22.379291631328712,0.0085660366832003,427.3766390913045,0.1064336,0.0010001515203228,14.03400138721319,14.97963896960556,0.0099731557854819,90.0,0.9,1.0,0.0,14:30:00,0
2026-08-04 19:56:49.936000+05:30,27.3,82.3,441,0,21.8,63.5,0,956.4,22.4,67.1,631,0,22.0,100.0,631,0,18.9,75.3,436,0,0,0,0,0,0.9,90.0,0,1,0,0,21.850743545362963,18.9,18.9,0.0,22.379291631328712,0.0085660366832003,427.3766390913045,0.1064336,0.0010001515203228,14.03400138721319,14.97963896960556,0.0099731557854819,90.0,0.9,1.0,0.0,14:30:00,0
2026-08-04 19:56:55.002000+05:30,27.3,82.5,492,0,21.8,63.4,0,956.4,22.4,67.1,638,0,22.0,100.0,638,0,18.8,75.6,436,0,0,0,0,0,0.9,90.0,0,1,0,0,21.85188360694107,18.8,18.8,0.0,25.16016230206112,0.008538631663455,426.8943300824913,0.1060179627010898,0.0010001080555411,13.9260913970171,14.924992272077844,0.0099025063816233,90.0,0.9,1.0,0.0,14:30:00,0
2026-08-04 19:56:55.002000+05:30,27.3,82.5,492,0,21.8,63.4,0,956.4,22.4,67.1,638,0,22.0,100.0,638,0,18.8,75.6,436,0,0,0,0,0,0.9,90.0,0,1,0,0,21.85188360694107,18.8,18.8,0.0,25.16016230206112,0.008538631663455,426.8943300824913,0.1060179627010898,0.0010001080555411,13.9260913970171,14.924992272077844,0.0099025063816233,90.0,0.9,1.0,0.0,14:30:00,0
2026-08-04 19:57:00.090000+05:30,27.3,82.6,490,0,21.8,63.4,0,956.4,22.4,67.1,633,0,22.0,100.0,633,0,18.7,75.9,436,0,0,0,0,0,0.9,90.0,0,1,0,0,21.85176485701219,18.7,18.7,0.0,25.185366347562024,0.0085664683686948,426.9127423743369,0.1062583835926293,0.0010000818241851,13.87260385809316,14.907772512026916,0.009867654522129,90.0,0.9,1.0,0.0,14:30:00,0
2026-08-04 19:57:00.090000+05:30,27.3,82.6,490,0,21.8,63.4,0,956.4,22.4,67.1,633,0,22.0,100.0,633,0,18.7,75.9,436,0,0,0,0,0,0.9,90.0,0,1,0,0,21.85176485701219,18.7,18.7,0.0,25.185366347562024,0.0085664683686948,426.9127423743369,0.1062583835926293,0.0010000818241851,13.87260385809316,14.907772512026916,0.009867654522129,90.0,0.9,1.0,0.0,14:30:00,0
2026-08-04 19:57:05.109000+05:30,27.3,82.5,460,0,21.8,63.5,0,956.4,22.3,67.1,618,0,21.9,100.0,618,0,18.6,76.3,436,0,0,0,0,0,0.9,90.0,0,1,0,0,21.852437043189,18.6,18.6,0.0,25.2374172025599,0.0089326994980352,433.7945097816252,0.1048962859000048,0.0010000820134734,14.060216012876785,15.073502405697797,0.0099903868392472,76.5,1.1,1.0,0.0,14:30:00,0
2026-08-04 19:57:05.109000+05:30,27.3,82.5,460,0,21.8,63.5,0,956.4,22.3,67.1,618,0,21.9,100.0,618,0,18.6,76.3,436,0,0,0,0,0,0.9,90.0,0,1,0,0,21.852437043189,18.6,18.6,0.0,25.2374172025599,0.0089326994980352,433.7945097816252,0.1048962859000048,0.0010000820134734,14.060216012876785,15.073502405697797,0.0099903868392472,76.5,1.1,1.0,0.0,14:30:00,0
2026-08-04 19:57:10.156000+05:30,27.2,82.6,458,0,21.8,63.5,0,956.5,22.4,67.1,618,0,21.9,100.0,618,0,18.6,76.5,436,0,0,0,0,0,1.1,76.5,0,1,0,0,21.85073998832785,18.6,18.6,0.0,25.37914577528269,0.0084243869243444,426.9176473065938,0.1064335999999999,0.0010000814114241,13.87492037368564,14.93792004015246,0.0098691616529377,90.0,0.9,1.0,0.0,14:30:00,0
2026-08-04 19:57:10.156000+05:30,27.2,82.6,458,0,21.8,63.5,0,956.5,22.4,67.1,618,0,21.9,100.0,618,0,18.6,76.5,436,0,0,0,0,0,1.1,76.5,0,1,0,0,21.85073998832785,18.6,18.6,0.0,25.37914577528269,0.0084243869243444,426.9176473065938,0.1064335999999999,0.0010000814114241,13.87492037368564,14.93792004015246,0.0098691616529377,90.0,0.9,1.0,0.0,14:30:00,0
2026-08-04 19:57:16.156000+05:30,27.3,82.6,462,0,21.8,63.5,0,956.5,22.4,67.1,629,0,21.9,100.0,629,0,18.6,76.5,436,0,0,0,0,0,0.9,90.0,0,1,0,0,21.85262192697621,18.5,18.5,0.0,22.40007130984669,0.0084797879999448,427.3215372195591,0.1064336,0.0010001323441098,13.740947807407425,14.727226562486624,0.0097823374892687,90.0,0.9,1.0,0.0,14:30:00,0
2026-08-04 19:57:16.156000+05:30,27.3,82.6,462,0,21.8,63.5,0,956.5,22.4,67.1,629,0,21.9,100.0,629,0,18.6,76.5,436,0,0,0,0,0,0.9,90.0,0,1,0,0,21.85262192697621,18.5,18.5,0.0,22.40007130984669,0.0084797879999448,427.3215372195591,0.1064336,0.0010001323441098,13.740947807407425,14.727226562486624,0.0097823374892687,90.0,0.9,1.0,0.0,14:30:00,0
2026-08-04 19:57:21.155000+05:30,27.4,82.6,434,0,21.8,63.5,0,956.4,22.4,67.1,621,0,21.9,100.0,621,0,18.5,76.7,436,0,0,0,0,0,0.9,90.0,0,1,0,0,21.852284519299094,18.5,18.5,0.0,25.515865680265247,0.0084881345581044,426.8559108933629,0.1052093822815116,0.0010001494506079,13.760186801273932,14.782816609191205,0.0097947634796804,78.3,1.0,1.0,0.0,14:30:00,0
2026-08-04 19:57:21.155000+05:30,27.4,82.6,434,0,21.8,63.5,0,956.4,22.4,67.1,621,0,21.9,100.0,621,0,18.5,76.7,436,0,0,0,0,0,0.9,90.0,0,1,0,0,21.852284519299094,18.5,18.5,0.0,25.515865680265247,0.0084881345581044,426.8559108933629,0.1052093822815116,0.0010001494506079,13.760186801273932,14.782816609191205,0.0097947634796804,78.3,1.0,1.0,0.0,14:30:00,0
2026-08-04 19:57:26.363000+05:30,27.3,82.5,440,0,21.8,63.5,0,956.5,22.4,67.1,620,0,21.8,100.0,620,0,18.5,76.9,436,0,0,0,0,0,0.9,90.0,0,1,0,0,21.853198863546776,18.4,18.4,0.0,25.63763360990391,0.008450597662938,426.8276658521536,0.1033976317075208,0.0010001157273214,13.805831236587856,14.818838414812902,0.0098243007821923,71.5,1.3,1.0,0.0,14:30:00,0
2026-08-04 19:57:26.363000+05:30,27.3,82.5,440,0,21.8,63.5,0,956.5,22.4,67.1,620,0,21.8,100.0,620,0,18.5,76.9,436,0,0,0,0,0,0.9,90.0,0,1,0,0,21.853198863546776,18.4,18.4,0.0,25.63763360990391,0.008450597662938,426.8276658521536,0.1033976317075208,0.0010001157273214,13.805831236587856,14.818838414812902,0.0098243007821923,71.5,1.3,1.0,0.0,14:30:00,0
2026-08-04 19:57:32.304000+05:30,27.3,82.5,463,0,21.8,63.4,0,956.4,22.4,67.1,623,0,21.8,100.0,623,0,18.4,77.1,436,0,0,0,0,0,1.0,78.3,0,1,0,0,21.852905489555308,18.4,18.4,0.0,25.69651795910225,0.0084452300030791,426.8187844271961,0.1039670940671854,0.0010000781835031,13.81212317660788,14.833371670871054,0.0098283786684005,73.0,1.2,1.0,0.0,14:30:00,0
2026-08-04 19:57:32.304000+05:30,27.3,82.5,463,0,21.8,63.4,0,956.4,22.4,67.1,623,0,21.8,100.0,623,0,18.4,77.1,436,0,0,0,0,0,1.0,78.3,0,1,0,0,21.852905489555308,18.4,18.4,0.0,25.69651795910225,0.0084452300030791,426.8187844271961,0.1039670940671854,0.0010000781835031,13.81212317660788,14.833371670871054,0.0098283786684005,73.0,1.2,1.0,0.0,14:30:00,0
2026-08-04 19:57:38.304000+05:30,27.3,82.6,512,0,21.8,63.5,0,956.4,22.4,67.2,626,0,21.8,100.0,626,0,18.4,77.3,436,0,0,0,0,0,1.3,71.5,0,1,0,0,21.856147370048213,18.3,18.3,0.0,25.90358238950609,0.0083822674268723,426.8589041050252,0.0979629915034426,0.0010000662427225,13.986090312217184,14.908129216107062,0.0099417324262452,64.4,2.2,1.0,0.0,14:30:00,0
2026-08-04 19:57:38.304000+05:30,27.3,82.6,512,0,21.8,63.5,0,956.4,22.4,67.2,626,0,21.8,100.0,626,0,18.4,77.3,436,0,0,0,0,0,1.3,71.5,0,1,0,0,21.856147370048213,18.3,18.3,0.0,25.90358238950609,0.0083822674268723,426.8589041050252,0.0979629915034426,0.0010000662427225,13.986090312217184,14.908129216107062,0.0099417324262452,64.4,2.2,1.0,0.0,14:30:00,0
2026-08-04 19:57:43.305000+05:30,27.3,82.7,489,0,21.8,63.5,0,956.5,22.4,67.2,633,0,21.7,100.0,633,0,18.3,77.6,436,0,0,0,0,0,2.2,64.4,0,1,0,0,21.85178777387865,18.3,18.3,0.0,25.83071416670924,0.0083807776223107,426.86326893545873,0.1062087375203635,0.0010000571059347,13.82002504604114,14.843283617085966,0.009833502122217,90.0,0.9,1.0,0.0,14:30:00,0
2026-08-04 19:57:43.305000+05:30,27.3,82.7,489,0,21.8,63.5,0,956.5,22.4,67.2,633,0,21.7,100.0,633,0,18.3,77.6,436,0,0,0,0,0,2.2,64.4,0,1,0,0,21.85178777387865,18.3,18.3,0.0,25.83071416670924,0.0083807776223107,426.86326893545873,0.1062087375203635,0.0010000571059347,13.82002504604114,14.843283617085966,0.009833502122217,90.0,0.9,1.0,0.0,14:30:00,0
2026-08-04 19:57:48.305000+05:30,27.2,82.7,492,0,21.8,63.6,0,956.5,22.3,67.3,651,0,21.7,100.0,651,0,18.3,77.7,436,0,0,0,0,0,0.9,90.0,0,1,0,0,21.85450653561364,18.3,18.3,0.0,26.05010829164821,0.0083464920139237,426.87549339760574,0.0990754724692609,0.0010000482904785,13.934135751968556,14.882357188495789,0.0099077575367323,65.4,2.0,1.0,0.0,14:30:00,0
2026-08-04 19:57:48.305000+05:30,27.2,82.7,492,0,21.8,63.6,0,956.5,22.3,67.3,651,0,21.7,100.0,651,0,18.3,77.7,436,0,0,0,0,0,0.9,90.0,0,1,0,0,21.85450653561364,18.3,18.3,0.0,26.05010829164821,0.0083464920139237,426.87549339760574,0.0990754724692609,0.0010000482904785,13.934135751968556,14.882357188495789,0.0099077575367323,65.4,2.0,1.0,0.0,14:30:00,0
2026-08-04 19:57:53.333000+05:30,27.2,82.7,444,0,21.8,63.6,0,956.4,22.4,67.3,648,0,21.7,100.0,648,0,18.3,77.7,436,0,0,0,0,0,2.0,65.4,0,1,0,0,21.85317657177346,18.3,18.3,0.0,26.075654435964104,0.0083299749537606,426.8965932725645,0.1015567890301187,0.001000081829804,13.905059225010136,14.857358983650316,0.0098887889037755,68.2,1.6,1.0,0.0,14:30:00,0
2026-08-04 19:57:53.333000+05:30,27.2,82.7,444,0,21.8,63.6,0,956.4,22.4,67.3,648,0,21.7,100.0,648,0,18.3,77.7,436,0,0,0,0,0,2.0,65.4,0,1,0,0,21.85317657177346,18.3,18.3,0.0,26.075654435964104,0.0083299749537606,426.8965932725645,0.1015567890301187,0.001000081829804,13.905059225010136,14.857358983650316,0.0098887889037755,68.2,1.6,1.0,0.0,14:30:00,0
2026-08-04 19:57:58.334000+05:30,27.1,82.8,400,0,21.8,63.6,0,956.4,22.4,67.3,634,0,21.7,100.0,634,0,18.2,77.8,436,0,0,0,0,0,1.6,68.2,0,1,0,0,21.85415504456026,18.2,18.2,0.0,21.83569753355376,0.0082508335054699,427.3302166149756,0.0979779727965436,0.0010011323552303,13.944624052060092,14.690100130085147,0.009914607792258,64.4,2.2,1.0,0.0,14:30:00,0
2026-08-04 19:57:58.334000+05:30,27.1,82.8,400,0,21.8,63.6,0,956.4,22.4,67.3,634,0,21.7,100.0,634,0,18.2,77.8,436,0,0,0,0,0,1.6,68.2,0,1,0,0,21.85415504456026,18.2,18.2,0.0,21.83569753355376,0.0082508335054699,427.3302166149756,0.0979779727965436,0.0010011323552303,13.944624052060092,14.690100130085147,0.009914607792258,64.4,2.2,1.0,0.0,14:30:00,0
2026-08-04 19:58:03.357000+05:30,27.2,82.9,406,0,21.8,63.6,0,956.5,22.3,67.3,636,0,21.7,100.0,636,0,18.2,78.0,436,0,0,0,0,0,2.2,64.4,0,1,0,0,21.85596003235089,18.2,18.2,0.0,21.8329737921272,0.008247048539204,427.2669617678911,0.0966708271264722,0.0010017967802563,14.015857889011077,14.62613825277468,0.0099612455658639,63.4,2.5,1.0,0.0,14:30:00,0
2026-08-04 19:58:03.357000+05:30,27.2,82.9,406,0,21.8,63.6,0,956.5,22.3,67.3,636,0,21.7,100.0,636,0,18.2,78.0,436,0,0,0,0,0,2.2,64.4,0,1,0,0,21.85596003235089,18.2,18.2,0.0,21.8329737921272,0.008247048539204,427.2669617678911,0.0966708271264722,0.0010017967802563,14.015857889011077,14.62613825277468,0.0099612455658639,63.4,2.5,1.0,0.0,14:30:00,0
2026-08-04 19:58:08.357000+05:30,27.2,82.9,400,0,21.8,63.7,0,956.4,22.3,67.4,628,0,21.7,100.0,628,0,18.1,78.1,32981,0,0,0,0,0,2.5,63.4,0,1,0,0,21.871486132072064,18.1,18.1,0.0,21.832644431054486,0.0081552105116904,427.2125990835166,0.0757937187501331,0.0010033703312601,15.167666412303918,15.56272982434911,0.010743202868985,54.5,7.3,1.0,0.0,14:30:00,0
2026-08-04 19:58:08.357000+05:30,27.2,82.9,400,0,21.8,63.7,0,956.4,22.3,67.4,628,0,21.7,100.0,628,0,18.1,78.1,32981,0,0,0,0,0,2.5,63.4,0,1,0,0,21.871486132072064,18.1,18.1,0.0,21.832644431054486,0.0081552105116904,427.2125990835166,0.0757937187501331,0.0010033703312601,15.167666412303918,15.56272982434911,0.010743202868985,54.5,7.3,1.0,0.0,14:30:00,0
2026-08-04 19:58:13.376000+05:30,27.3,82.8,400,0,21.8,63.6,0,956.4,22.3,67.5,627,0,21.7,100.0,627,0,18.1,78.2,436,0,0,0,0,0,7.3,54.5,0,1,0,0,21.851781412256283,18.1,18.1,0.0,21.832131205173177,0.0077625358182272,427.15286202038425,0.1064335999999999,0.0010020512944582,14.186715593011884,14.771241537818833,0.0100739121123705,90.0,1.0,1.0,0.0,14:30:00,0
2026-08-04 19:58:13.376000+05:30,27.3,82.8,400,0,21.8,63.6,0,956.4,22.3,67.5,627,0,21.7,100.0,627,0,18.1,78.2,436,0,0,0,0,0,7.3,54.5,0,1,0,0,21.851781412256283,18.1,18.1,0.0,21.832131205173177,0.0077625358182272,427.15286202038425,0.1064335999999999,0.0010020512944582,14.186715593011884,14.771241537818833,0.0100739121123705,90.0,1.0,1.0,0.0,14:30:00,0
2026-08-04 19:58:18.375000+05:30,27.3,82.8,400,0,21.8,63.6,0,956.4,22.3,67.5,627,0,21.7,100.0,627,0,18.1,78.2,436,0,0,0,0,0,7.3,54.5,0,1,0,0,21.89604654304292,18.1,18.1,0.0,21.83148734055301,0.0081601207899561,427.1065790129066,0.0588189149420348,0.0010088131153067,15.686715593011884,16.27124153781883,0.0111132670916171,50.1,12.4,1.0,0.0,14:30:00,0
2026-08-04 19:58:18.375000+05:30,27.3,82.8,400,0,21.8,63.6,0,956.4,22.3,67.5,627,0,21.7,100.0,627,0,18.1,78.2,436,0,0,0,0,0,7.3,54.5,0,1,0,0,21.89604654304292,18.1,18.1,0.0,21.83148734055301,0.0081601207899561,427.1065790129066,0.0588189149420348,0.0010088131153067,15.686715593011884,16.27124153781883,0.0111132670916171,50.1,12.4,1.0,0.0,14:30:00,0
2026-08-04 19:58:23.385000+05:30,27.4,82.3,400,0,21.8,63.6,0,956.4,22.3,67.5,627,0,21.7,100.0,627,0,18.1,78.2,436,0,0,0,0,0,12.4,50.1,0,1,0,0,21.85289478363353,18.1,18.1,0.0,21.83342571664355,0.0076180628355009,427.05304754738665,0.1064336,0.0010053182577388,14.440700105743764,15.144406833578527,0.0102435089158969,90.0,1.0,1.0,0.0,14:30:00,0
2026-08-04 19:58:23.385000+05:30,27.4,82.3,400,0,21.8,63.6,0,956.4,22.3,67.5,627,0,21.7,100.0,627,0,18.1,78.2,436,0,0,0,0,0,12.4,50.1,0,1,0,0,21.85289478363353,18.1,18.1,0.0,21.83342571664355,0.0076180628355009,427.05304754738665,0.1064336,0.0010053182577388,14.440700105743764,15.144406833578527,0.0102435089158969,90.0,1.0,1.0,0.0,14:30:00,0
2026-08-04 19:58:28.385000+05:30,27.3,82.1,400,0,21.8,63.6,0,956.4,22.3,67.5,627,0,21.7,100.0,627,0,18.1,78.2,436,0,0,0,0,0,1.0,50.1,0,1,0,0,21.857491631208955,18.1,18.1,0.0,21.83087250226584,0.008166598560389,427.0236150430093,0.0960749657892212,0.0010042739093758,14.278375181929748,14.859076822633003,0.0101348243245365,63.0,2.6,1.0,0.0,14:30:00,0
2026-08-04 19:58:28.385000+05:30,27.3,82.1,400,0,21.8,63.6,0,956.4,22.3,67.5,627,0,21.7,100.0,627,0,18.1,78.2,436,0,0,0,0,0,1.0,50.1,0,1,0,0,21.857491631208955,18.1,18.1,0.0,21.83087250226584,0.008166598560389,427.0236150430093,0.0960749657892212,0.0010042739093758,14.278375181929748,14.859076822633003,0.0101348243245365,63.0,2.6,1.0,0.0,14:30:00,0
2026-08-04 19:58:33.578000+05:30,27.4,82.2,411,0,21.8,63.7,0,956.4,22.3,67.5,404,0,21.6,100.0,404,0,17.9,78.2,436,0,0,0,0,0,2.6,63.0,0,1,0,0,21.86231236208712,17.9,17.9,0.0,24.31118635416896,0.0080380224406828,426.6767658498938,0.0902520362915311,0.0010042531365174,14.408812100807426,14.914879607826746,0.0102220760857256,59.7,3.8,1.0,0.0,14:30:00,0
2026-08-04 19:58:33.578000+05:30,27.4,82.2,411,0,21.8,63.7,0,956.4,22.3,67.5,404,0,21.6,100.0,404,0,17.9,78.2,436,0,0,0,0,0,2.6,63.0,0,1,0,0,21.86231236208712,17.9,17.9,0.0,24.31118635416896,0.0080380224406828,426.6767658498938,0.0902520362915311,0.0010042531365174,14.408812100807426,14.914879607826746,0.0102220760857256,59.7,3.8,1.0,0.0,14:30:00,0
2026-08-04 19:58:38.578000+05:30,27.4,82.1,437,0,21.8,63.7,0,956.4,22.3,67.5,415,0,21.6,100.0,415,0,18.0,78.3,436,0,0,0,0,0,3.8,59.7,0,1,0,0,21.86026936117232,18.0,18.0,0.0,22.38475959781948,0.0080733268363627,426.9239819066354,0.093310417285075,0.0010042427215167,14.34046728179981,14.79583943616828,0.010176275176762,61.3,3.2,1.0,0.0,14:30:00,0
2026-08-04 19:58:38.578000+05:30,27.4,82.1,437,0,21.8,63.7,0,956.4,22.3,67.5,415,0,21.6,100.0,415,0,18.0,78.3,436,0,0,0,0,0,3.8,59.7,0,1,0,0,21.86026936117232,18.0,18.0,0.0,22.38475959781948,0.0080733268363627,426.9239819066354,0.093310417285075,0.0010042427215167,14.34046728179981,14.79583943616828,0.010176275176762,61.3,3.2,1.0,0.0,14:30:00,0
2026-08-04 19:58:43.597000+05:30,27.5,82.0,455,0,21.8,63.8,0,956.5,22.3,67.5,406,0,21.7,100.0,406,0,18.0,78.0,436,0,0,0,0,0,3.2,61.3,0,1,0,0,21.86116106775444,18.0,18.0,0.0,21.826187218877795,0.0080416979534948,426.94896470736575,0.093534779808379,0.0010036292991678,14.275342624949918,14.688155227335642,0.0101328037672869,61.4,3.1,1.0,0.0,14:30:00,0
2026-08-04 19:58:43.597000+05:30,27.5,82.0,455,0,21.8,63.8,0,956.5,22.3,67.5,406,0,21.7,100.0,406,0,18.0,78.0,436,0,0,0,0,0,3.2,61.3,0,1,0,0,21.86116106775444,18.0,18.0,0.0,21.826187218877795,0.0080416979534948,426.94896470736575,0.093534779808379,0.0010036292991678,14.275342624949918,14.688155227335642,0.0101328037672869,61.4,3.1,1.0,0.0,14:30:00,0
2026-08-04 19:58:48.598000+05:30,27.5,81.9,448,0,21.8,63.9,0,956.5,22.3,67.6,430,0,21.7,100.0,430,0,17.9,77.9,436,0,0,0,0,0,3.1,61.4,0,1,0,0,21.866366139434376,17.9,17.9,0.0,22.586539502934773,0.0079342249429052,426.9161377693136,0.0862052142116648,0.0010037030291827,14.572619580531338,14.916774800833917,0.010332605161956,58.0,4.7,1.0,0.0,14:30:00,0
2026-08-04 19:58:48.598000+05:30,27.5,81.9,448,0,21.8,63.9,0,956.5,22.3,67.6,430,0,21.7,100.0,430,0,17.9,77.9,436,0,0,0,0,0,3.1,61.4,0,1,0,0,21.866366139434376,17.9,17.9,0.0,22.586539502934773,0.0079342249429052,426.9161377693136,0.0862052142116648,0.0010037030291827,14.572619580531338,14.916774800833917,0.010332605161956,58.0,4.7,1.0,0.0,14:30:00,0
2026-08-04 19:58:53.610000+05:30,27.5,81.8,443,0,21.8,63.9,0,956.5,22.3,67.6,420,0,21.7,100.0,420,0,17.9,77.9,436,0,0,0,0,0,4.7,58.0,0,1,0,0,21.8614311178084,17.9,17.9,0.0,21.82470842012152,0.0079020319248211,426.9667678850296,0.0931112164657082,0.001003495808419,14.3641972407117,14.71257839017423,0.0101921567550126,61.1,3.2,1.0,0.0,14:30:00,0
2026-08-04 19:58:53.610000+05:30,27.5,81.8,443,0,21.8,63.9,0,956.5,22.3,67.6,420,0,21.7,100.0,420,0,17.9,77.9,436,0,0,0,0,0,4.7,58.0,0,1,0,0,21.8614311178084,17.9,17.9,0.0,21.82470842012152,0.0079020319248211,426.9667678850296,0.0931112164657082,0.001003495808419,14.3641972407117,14.71257839017423,0.0101921567550126,61.1,3.2,1.0,0.0,14:30:00,0
2026-08-04 19:58:58.610000+05:30,27.5,81.8,439,0,21.8,63.9,0,956.4,22.3,67.6,420,0,21.6,100.0,420,0,17.8,78.0,436,0,0,0,0,0,3.2,61.1,0,1,0,0,21.865226652365763,17.8,17.8,0.0,21.823039027139,0.0078155080586388,426.9665013130164,0.0877192045094258,0.0010037947470767,14.486117138844689,14.795207999037505,0.0102741046539264,58.6,4.4,1.0,0.0,14:30:00,0
2026-08-04 19:58:58.610000+05:30,27.5,81.8,439,0,21.8,63.9,0,956.4,22.3,67.6,420,0,21.6,100.0,420,0,17.8,78.0,436,0,0,0,0,0,3.2,61.1,0,1,0,0,21.865226652365763,17.8,17.8,0.0,21.823039027139,0.0078155080586388,426.9665013130164,0.0877192045094258,0.0010037947470767,14.486117138844689,14.795207999037505,0.0102741046539264,58.6,4.4,1.0,0.0,14:30:00,0
2026-08-04 19:59:03.610000+05:30,27.5,81.6,425,0,21.8,63.9,0,956.5,22.3,67.6,420,0,21.7,100.0,420,0,17.8,78.1,436,0,0,0,0,0,4.4,58.6,0,1,0,0,21.866564511462453,17.8,17.8,0.0,22.389180375249985,0.0078013428656024,426.9324049762403,0.0860541372605996,0.0010049388782586,14.643353534160273,14.926795437574048,0.0103806637599483,57.9,4.8,1.0,0.0,14:30:00,0
2026-08-04 19:59:03.610000+05:30,27.5,81.6,425,0,21.8,63.9,0,956.5,22.3,67.6,420,0,21.7,100.0,420,0,17.8,78.1,436,0,0,0,0,0,4.4,58.6,0,1,0,0,21.866564511462453,17.8,17.8,0.0,22.389180375249985,0.0078013428656024,426.9324049762403,0.0860541372605996,0.0010049388782586,14.643353534160273,14.926795437574048,0.0103806637599483,57.9,4.8,1.0,0.0,14:30:00,0
2026-08-04 19:59:08.630000+05:30,27.5,81.8,428,0,21.8,63.9,0,956.4,22.3,67.6,411,0,21.6,100.0,411,0,17.8,78.1,436,0,0,0,0,0,4.8,57.9,0,1,0,0,21.86529152232753,17.8,17.8,0.0,22.387634294802933,0.007790170798002,426.9162610894698,0.0877793271472845,0.0010054817365495,14.626938868198442,14.90856354682321,0.0103694933320146,58.6,4.4,1.0,0.0,14:30:00,0
2026-08-04 19:59:08.630000+05:30,27.5,81.8,428,0,21.8,63.9,0,956.4,22.3,67.6,411,0,21.6,100.0,411,0,17.8,78.1,436,0,0,0,0,0,4.8,57.9,0,1,0,0,21.86529152232753,17.8,17.8,0.0,22.387634294802933,0.007790170798002,426.9162610894698,0.0877793271472845,0.0010054817365495,14.626938868198442,14.90856354682321,0.0103694933320146,58.6,4.4,1.0,0.0,14:30:00,0
2026-08-04 19:59:13.630000+05:30,27.5,81.8,422,0,21.8,63.9,0,956.4,22.3,67.6,421,0,21.6,100.0,421,0,17.8,78.1,32854,0,0,0,0,0,4.4,58.6,0,1,0,0,21.86675695311325,17.8,17.8,0.0,22.38611790243527,0.0077809448877605,426.9037182941572,0.085890053353032,0.0010059225025583,14.720478241792836,14.986675051400285,0.0104332931009834,57.9,4.8,1.0,0.0,14:30:00,0
2026-08-04 19:59:13.630000+05:30,27.5,81.8,422,0,21.8,63.9,0,956.4,22.3,67.6,421,0,21.6,100.0,421,0,17.8,78.1,32854,0,0,0,0,0,4.4,58.6,0,1,0,0,21.86675695311325,17.8,17.8,0.0,22.38611790243527,0.0077809448877605,426.9037182941572,0.085890053353032,0.0010059225025583,14.720478241792836,14.986675051400285,0.0104332931009834,57.9,4.8,1.0,0.0,14:30:00,0
2026-08-04 19:59:18.666000+05:30,27.5,81.8,412,0,21.8,63.9,0,956.4,22.3,67.6,434,0,21.6,100.0,434,0,17.7,77.9,32885,0,0,0,0,0,4.8,57.9,0,1,0,0,21.86719315450239,17.7,17.7,0.0,21.81629552078637,0.0077078300748714,426.917294384949,0.0852660131945389,0.0010051390172602,14.776505230510288,15.020501080543884,0.0104716756574266,57.6,4.9,1.0,0.0,14:30:00,0
2026-08-04 19:59:18.666000+05:30,27.5,81.8,412,0,21.8,63.9,0,956.4,22.3,67.6,434,0,21.6,100.0,434,0,17.7,77.9,32885,0,0,0,0,0,4.8,57.9,0,1,0,0,21.86719315450239,17.7,17.7,0.0,21.81629552078637,0.0077078300748714,426.917294384949,0.0852660131945389,0.0010051390172602,14.776505230510288,15.020501080543884,0.0104716756574266,57.6,4.9,1.0,0.0,14:30:00,0
2026-08-04 19:59:23.667000+05:30,27.5,81.7,400,0,21.8,63.8,0,956.5,22.3,67.5,415,0,85.8,100.0,415,0,17.7,77.9,32885,0,0,0,0,0,4.9,57.6,0,1,0,0,21.867079956919746,17.7,17.7,0.0,23.311563195911056,0.0077335200185363,426.7741106695691,0.0853538398604257,0.0010044792808372,14.817607075383172,15.066965391659055,0.0104999140027312,57.7,4.9,1.0,0.0,14:30:00,0
2026-08-04 19:59:23.667000+05:30,27.5,81.7,400,0,21.8,63.8,0,956.5,22.3,67.5,415,0,85.8,100.0,415,0,17.7,77.9,32885,0,0,0,0,0,4.9,57.6,0,1,0,0,21.867079956919746,17.7,17.7,0.0,23.311563195911056,0.0077335200185363,426.7741106695691,0.0853538398604257,0.0010044792808372,14.817607075383172,15.066965391659055,0.0104999140027312,57.7,4.9,1.0,0.0,14:30:00,0
2026-08-04 19:59:28.702000+05:30,27.5,81.6,400,0,21.8,63.8,0,956.4,22.3,67.5,408,0,21.6,100.0,408,0,17.7,77.8,32885,0,0,0,0,0,4.9,57.7,0,1,0,0,21.869695001012897,17.7,17.7,0.0,23.305405985971355,0.0077446950059959,426.74242057675946,0.0821358226448745,0.0010042905688473,15.039137394120589,15.26835631125864,0.0106532939857888,56.5,5.7,1.0,0.0,14:30:00,0
2026-08-04 19:59:28.702000+05:30,27.5,81.6,400,0,21.8,63.8,0,956.4,22.3,67.5,408,0,21.6,100.0,408,0,17.7,77.8,32885,0,0,0,0,0,4.9,57.7,0,1,0,0,21.869695001012897,17.7,17.7,0.0,23.305405985971355,0.0077446950059959,426.74242057675946,0.0821358226448745,0.0010042905688473,15.039137394120589,15.26835631125864,0.0106532939857888,56.5,5.7,1.0,0.0,14:30:00,0
2026-08-04 19:59:33.849000+05:30,27.5,81.6,419,0,21.8,63.8,0,956.4,22.3,67.5,413,0,21.6,100.0,413,0,17.7,77.7,32885,0,0,0,0,0,5.7,56.5,0,1,0,0,21.86545862031324,17.7,17.7,0.0,22.38094467337311,0.007750107980098,426.7988804806868,0.0874796331705018,0.0010046133496227,14.843650588323053,15.090544149297417,0.0105178421499057,58.5,4.4,1.0,0.0,14:30:00,0
2026-08-04 19:59:33.849000+05:30,27.5,81.6,419,0,21.8,63.8,0,956.4,22.3,67.5,413,0,21.6,100.0,413,0,17.7,77.7,32885,0,0,0,0,0,5.7,56.5,0,1,0,0,21.86545862031324,17.7,17.7,0.0,22.38094467337311,0.007750107980098,426.7988804806868,0.0874796331705018,0.0010046133496227,14.843650588323053,15.090544149297417,0.0105178421499057,58.5,4.4,1.0,0.0,14:30:00,0
2026-08-04 19:59:38.945000+05:30,27.4,81.5,418,0,21.8,63.7,0,956.5,22.3,67.5,411,0,21.6,100.0,411,0,17.7,77.7,32981,0,0,0,0,0,4.4,58.5,0,1,0,0,21.86529173966853,17.7,17.7,0.0,22.369937833127658,0.0077737477566079,426.7873899789089,0.0861801102922142,0.001004794522465,14.817412865338085,15.063960028919444,0.010499780413253,58.0,4.7,1.0,0.0,14:30:00,0
2026-08-04 19:59:38.945000+05:30,27.4,81.5,418,0,21.8,63.7,0,956.5,22.3,67.5,411,0,21.6,100.0,411,0,17.7,77.7,32981,0,0,0,0,0,4.4,58.5,0,1,0,0,21.86529173966853,17.7,17.7,0.0,22.369937833127658,0.0077737477566079,426.7873899789089,0.0861801102922142,0.001004794522465,14.817412865338085,15.063960028919444,0.010499780413253,58.0,4.7,1.0,0.0,14:30:00,0
2026-08-04 19:59:43.945000+05:30,27.4,81.6,411,0,21.8,63.7,0,956.5,22.3,67.5,411,0,21.6,100.0,411,0,17.7,77.7,32981,0,0,0,0,0,4.4,58.5,0,1,0,0,21.87306984503024,17.7,17.7,0.0,24.26623919532227,0.0077972773418948,426.51559913044696,0.0770612957125822,0.001005510167062,15.39802944919271,15.605423458733448,0.010906054466727,54.9,7.0,1.0,0.0,14:30:00,0
2026-08-04 19:59:43.945000+05:30,27.4,81.6,411,0,21.8,63.7,0,956.5,22.3,67.5,411,0,21.6,100.0,411,0,17.7,77.7,32981,0,0,0,0,0,4.4,58.5,0,1,0,0,21.87306984503024,17.7,17.7,0.0,24.26623919532227,0.0077972773418948,426.51559913044696,0.0770612957125822,0.001005510167062,15.39802944919271,15.605423458733448,0.010906054466727,54.9,7.0,1.0,0.0,14:30:00,0
2026-08-04 19:59:48.945000+05:30,27.4,81.6,411,0,21.8,63.7,0,956.5,22.3,67.5,411,0,21.6,100.0,411,0,17.7,77.7,32981,0,0,0,0,0,4.4,58.5,0,1,0,0,21.8785487627092,17.7,17.7,0.0,23.67862528519408,0.0077832006242942,426.6148592633269,0.0719167678402781,0.0010087452021246,16.0607503145612,16.217797606304543,0.0113870018252709,53.4,8.4,1.0,0.0,14:30:00,0
2026-08-04 19:59:48.945000+05:30,27.4,81.6,411,0,21.8,63.7,0,956.5,22.3,67.5,411,0,21.6,100.0,411,0,17.7,77.7,32981,0,0,0,0,0,4.4,58.5,0,1,0,0,21.8785487627092,17.7,17.7,0.0,23.67862528519408,0.0077832006242942,426.6148592633269,0.0719167678402781,0.0010087452021246,16.0607503145612,16.217797606304543,0.0113870018252709,53.4,8.4,1.0,0.0,14:30:00,0
2026-08-04 19:59:53.945000+05:30,27.4,81.4,406,0,21.8,63.8,0,956.5,22.3,67.5,405,0,21.5,100.0,405,0,17.7,77.6,32840,0,0,0,0,0,4.7,58.0,0,1,0,0,21.883433271049626,17.6,17.6,0.0,22.990618778843288,0.0077429403605946,424.9167426499533,0.0691522042715219,0.0010122095794148,16.59928122509764,16.713610587710505,0.0117917750327461,52.7,9.2,1.0,0.0,14:30:00,0
2026-08-04 19:59:53.945000+05:30,27.4,81.4,406,0,21.8,63.8,0,956.5,22.3,67.5,405,0,21.5,100.0,405,0,17.7,77.6,32840,0,0,0,0,0,4.7,58.0,0,1,0,0,21.883433271049626,17.6,17.6,0.0,22.990618778843288,0.0077429403605946,424.9167426499533,0.0691522042715219,0.0010122095794148,16.59928122509764,16.713610587710505,0.0117917750327461,52.7,9.2,1.0,0.0,14:30:00,0
2026-08-04 19:59:58.946000+05:30,27.5,81.6,400,0,21.8,63.7,0,956.4,22.3,67.4,413,0,21.5,100.0,413,0,17.6,77.4,32840,0,0,0,0,0,7.0,54.9,0,1,0,0,21.88408591420257,17.6,17.6,0.0,21.808584327611776,0.0077222488852906,423.3032101357719,0.0686968706839253,0.0010134103814585,16.910495598140994,16.9935966014478,0.0120315487138397,52.6,9.4,1.0,0.0,14:30:00,0
2026-08-04 19:59:58.946000+05:30,27.5,81.6,400,0,21.8,63.7,0,956.4,22.3,67.4,413,0,21.5,100.0,413,0,17.6,77.4,32840,0,0,0,0,0,7.0,54.9,0,1,0,0,21.88408591420257,17.6,17.6,0.0,21.808584327611776,0.0077222488852906,423.3032101357719,0.0686968706839253,0.0010134103814585,16.910495598140994,16.9935966014478,0.0120315487138397,52.6,9.4,1.0,0.0,14:30:00,0
2026-08-04 20:00:03.982000+05:30,27.5,81.5,400,0,21.8,63.8,0,956.4,22.3,67.4,400,0,21.5,100.0,65280,0,17.6,77.4,425,0,0,0,0,0,8.4,53.4,0,1,0,0,21.88408591420257,17.6,17.6,0.0,21.808584327611776,0.0077222488852906,423.3032101357719,0.0686968706839253,0.0010134103814585,16.910495598140994,16.9935966014478,0.0120315487138397,52.6,9.4,1.0,0.0,14:30:00,0
2026-08-04 20:00:03.982000+05:30,27.5,81.5,400,0,21.8,63.8,0,956.4,22.3,67.4,400,0,21.5,100.0,65280,0,17.6,77.4,425,0,0,0,0,0,8.4,53.4,0,1,0,0,21.88408591420257,17.6,17.6,0.0,21.808584327611776,0.0077222488852906,423.3032101357719,0.0686968706839253,0.0010134103814585,16.910495598140994,16.9935966014478,0.0120315487138397,52.6,9.4,1.0,0.0,14:30:00,0
2026-08-04 20:00:08.999000+05:30,27.5,81.5,410,0,21.8,63.8,0,956.5,22.4,67.4,400,0,21.5,100.0,65535,0,17.5,77.4,440,0,0,0,0,0,9.2,52.7,0,1,0,0,21.884981952456933,17.5,17.5,0.0,21.809321055445075,0.0076495838079629,421.7064617668294,0.0678246756822906,0.0010112058533753,17.126558015673016,17.191165102556596,0.0122005838901337,52.3,9.6,1.0,0.0,14:30:00,0
2026-08-04 20:00:08.999000+05:30,27.5,81.5,410,0,21.8,63.8,0,956.5,22.4,67.4,400,0,21.5,100.0,65535,0,17.5,77.4,440,0,0,0,0,0,9.2,52.7,0,1,0,0,21.884981952456933,17.5,17.5,0.0,21.809321055445075,0.0076495838079629,421.7064617668294,0.0678246756822906,0.0010112058533753,17.126558015673016,17.191165102556596,0.0122005838901337,52.3,9.6,1.0,0.0,14:30:00,0
2026-08-04 20:00:14.053000+05:30,27.5,81.5,410,0,21.8,63.8,0,956.5,22.4,67.4,400,0,21.5,100.0,65535,0,17.5,77.4,440,0,0,0,0,0,9.2,52.7,0,1,0,0,21.88976105695416,17.5,17.5,0.0,21.809659049153804,0.0076713060143027,420.2165505443817,0.0645220447625385,0.0010160643745137,17.492386348476508,17.5376188775273,0.0124916672517845,51.5,10.6,1.0,1.0,14:30:00,0
2026-08-04 20:00:14.053000+05:30,27.5,81.5,410,0,21.8,63.8,0,956.5,22.4,67.4,400,0,21.5,100.0,65535,0,17.5,77.4,440,0,0,0,0,0,9.2,52.7,0,1,0,0,21.88976105695416,17.5,17.5,0.0,21.809659049153804,0.0076713060143027,420.2165505443817,0.0645220447625385,0.0010160643745137,17.492386348476508,17.5376188775273,0.0124916672517845,51.5,10.6,1.0,1.0,14:30:00,0
2026-08-04 20:00:19.178000+05:30,27.5,81.4,400,0,21.8,63.8,0,956.5,22.5,67.3,400,0,21.5,100.0,65535,0,17.5,77.4,455,0,0,0,0,0,9.4,52.6,0,1,0,0,21.8832494286293,17.5,17.5,0.0,21.80983281131549,0.0076396835903804,420.0,0.0693307262814908,0.0010125865525242,17.326518113329588,17.372383567406516,0.0123589228759218,52.7,9.2,1.0,0.0,14:30:00,0
2026-08-04 20:00:19.178000+05:30,27.5,81.4,400,0,21.8,63.8,0,956.5,22.5,67.3,400,0,21.5,100.0,65535,0,17.5,77.4,455,0,0,0,0,0,9.4,52.6,0,1,0,0,21.8832494286293,17.5,17.5,0.0,21.80983281131549,0.0076396835903804,420.0,0.0693307262814908,0.0010125865525242,17.326518113329588,17.372383567406516,0.0123589228759218,52.7,9.2,1.0,0.0,14:30:00,0
2026-08-04 20:00:24.213000+05:30,27.5,81.3,425,0,21.8,63.8,0,956.5,22.6,67.1,402,0,21.6,100.0,65535,0,17.5,76.9,432,0,0,0,0,0,9.6,52.3,0,1,0,0,21.8882186185274,17.5,17.5,0.0,27.599986200006605,0.0076311957706421,420.0,0.0663047219008428,0.0010085018910234,16.676205112878677,16.747908302845566,0.0118506371904202,52.0,10.0,1.0,0.0,14:30:00,0
2026-08-04 20:00:24.213000+05:30,27.5,81.3,425,0,21.8,63.8,0,956.5,22.6,67.1,402,0,21.6,100.0,65535,0,17.5,76.9,432,0,0,0,0,0,9.6,52.3,0,1,0,0,21.8882186185274,17.5,17.5,0.0,27.599986200006605,0.0076311957706421,420.0,0.0663047219008428,0.0010085018910234,16.676205112878677,16.747908302845566,0.0118506371904202,52.0,10.0,1.0,0.0,14:30:00,0
2026-08-04 20:00:29.269000+05:30,27.6,81.3,430,0,21.8,63.9,0,956.4,22.7,67.0,400,0,21.6,100.0,65535,0,17.5,76.9,468,0,0,0,0,0,10.6,51.5,0,1,1,0,21.88927376321236,17.5,17.5,0.0,27.0894515440604,0.0076964851731368,420.0,0.0655502174358525,0.0010089507913598,17.192274643101506,17.26315975248713,0.0122524191563433,51.8,10.2,1.0,0.0,14:30:00,0
2026-08-04 20:00:29.269000+05:30,27.6,81.3,430,0,21.8,63.9,0,956.4,22.7,67.0,400,0,21.6,100.0,65535,0,17.5,76.9,468,0,0,0,0,0,10.6,51.5,0,1,1,0,21.88927376321236,17.5,17.5,0.0,27.0894515440604,0.0076964851731368,420.0,0.0655502174358525,0.0010089507913598,17.192274643101506,17.26315975248713,0.0122524191563433,51.8,10.2,1.0,0.0,14:30:00,0
2026-08-04 20:00:34.304000+05:30,27.6,81.2,427,0,21.8,63.9,0,956.4,22.7,67.0,400,0,21.6,100.0,65535,0,17.5,76.7,426,0,0,0,0,0,1.0,90.0,0,1,0,0,21.88927376321236,17.5,17.5,0.0,27.0894515440604,0.0076964851731368,420.0,0.0655502174358525,0.0010089507913598,17.192274643101506,17.26315975248713,0.0122524191563433,51.8,10.2,1.0,0.0,14:30:00,0
2026-08-04 20:00:34.304000+05:30,27.6,81.2,427,0,21.8,63.9,0,956.4,22.7,67.0,400,0,21.6,100.0,65535,0,17.5,76.7,426,0,0,0,0,0,1.0,90.0,0,1,0,0,21.88927376321236,17.5,17.5,0.0,27.0894515440604,0.0076964851731368,420.0,0.0655502174358525,0.0010089507913598,17.192274643101506,17.26315975248713,0.0122524191563433,51.8,10.2,1.0,0.0,14:30:00,0
2026-08-04 20:00:39.513000+05:30,27.6,81.2,481,0,21.8,63.9,0,956.4,22.9,66.8,400,0,21.6,100.0,65535,0,17.5,76.5,426,0,0,0,0,0,10.0,52.0,0,1,0,0,21.89009394007882,17.5,17.5,0.0,22.801657053480287,0.0076180628355009,420.0,0.064781534845879,0.0010062799514859,17.498619777654753,17.55086666093208,0.0124966807995857,51.6,10.4,1.0,1.0,14:30:00,0
2026-08-04 20:00:39.513000+05:30,27.6,81.2,481,0,21.8,63.9,0,956.4,22.9,66.8,400,0,21.6,100.0,65535,0,17.5,76.5,426,0,0,0,0,0,10.0,52.0,0,1,0,0,21.89009394007882,17.5,17.5,0.0,22.801657053480287,0.0076180628355009,420.0,0.064781534845879,0.0010062799514859,17.498619777654753,17.55086666093208,0.0124966807995857,51.6,10.4,1.0,1.0,14:30:00,0
2026-08-04 20:00:45.503000+05:30,27.6,81.1,487,0,21.8,64.4,0,956.5,23.0,66.8,400,0,21.6,100.0,65535,0,17.5,76.5,425,0,0,0,0,0,10.2,51.8,0,1,0,0,21.89064611616656,17.5,17.5,0.0,22.69979675056406,0.0076180628355009,420.0,0.0643003399019974,0.0010049269103974,17.699160601042415,17.73920031498642,0.0126589458842931,51.4,10.6,0.0,1.0,14:30:00,0
2026-08-04 20:00:45.503000+05:30,27.6,81.1,487,0,21.8,64.4,0,956.5,23.0,66.8,400,0,21.6,100.0,65535,0,17.5,76.5,425,0,0,0,0,0,10.2,51.8,0,1,0,0,21.89064611616656,17.5,17.5,0.0,22.69979675056406,0.0076180628355009,420.0,0.0643003399019974,0.0010049269103974,17.699160601042415,17.73920031498642,0.0126589458842931,51.4,10.6,0.0,1.0,14:30:00,0
2026-08-04 20:00:50.765000+05:30,27.5,81.2,506,0,21.8,64.8,0,956.4,23.2,66.9,411,0,21.6,100.0,65535,0,17.5,78.1,453,0,0,0,0,0,10.4,51.6,0,1,1,0,21.85370499729562,17.5,17.5,0.0,24.28595933922132,0.0076180628355009,652.9036413998638,0.1064336,0.0010028098596776,16.202563287667004,16.237446931647135,0.0114923613518367,90.0,1.0,1.0,0.0,14:30:00,0
2026-08-04 20:00:50.765000+05:30,27.5,81.2,506,0,21.8,64.8,0,956.4,23.2,66.9,411,0,21.6,100.0,65535,0,17.5,78.1,453,0,0,0,0,0,10.4,51.6,0,1,1,0,21.85370499729562,17.5,17.5,0.0,24.28595933922132,0.0076180628355009,652.9036413998638,0.1064336,0.0010028098596776,16.202563287667004,16.237446931647135,0.0114923613518367,90.0,1.0,1.0,0.0,14:30:00,0
2026-08-04 20:00:55.766000+05:30,27.5,81.2,506,0,21.8,64.8,0,956.4,23.2,66.9,411,0,21.6,100.0,65535,0,17.5,78.1,453,0,0,0,0,0,10.4,51.6,0,1,1,0,21.89191768030136,17.5,17.5,0.0,23.55160778509561,0.0076180628355009,421.6325243037369,0.0623255791061828,0.0010050566061191,17.154035667372113,17.18248615314233,0.0122222333602082,51.0,11.2,1.0,0.0,14:30:00,0
2026-08-04 20:00:55.766000+05:30,27.5,81.2,506,0,21.8,64.8,0,956.4,23.2,66.9,411,0,21.6,100.0,65535,0,17.5,78.1,453,0,0,0,0,0,10.4,51.6,0,1,1,0,21.89191768030136,17.5,17.5,0.0,23.55160778509561,0.0076180628355009,421.6325243037369,0.0623255791061828,0.0010050566061191,17.154035667372113,17.18248615314233,0.0122222333602082,51.0,11.2,1.0,0.0,14:30:00,0
2026-08-04 20:01:00.766000+05:30,27.5,81.3,464,0,21.8,66.1,0,956.6,23.3,67.5,422,0,21.6,100.0,65535,0,17.5,78.3,428,0,0,0,0,0,10.6,51.4,0,0,1,0,21.89393945419545,17.5,17.5,0.0,22.50646170282188,0.0076180628355009,495.454586201859,0.0599157065148956,0.0010050801370971,17.833110086818177,17.852795687367212,0.0127683838775159,50.4,12.0,0.0,1.0,14:30:00,0
2026-08-04 20:01:00.766000+05:30,27.5,81.3,464,0,21.8,66.1,0,956.6,23.3,67.5,422,0,21.6,100.0,65535,0,17.5,78.3,428,0,0,0,0,0,10.6,51.4,0,0,1,0,21.89393945419545,17.5,17.5,0.0,22.50646170282188,0.0076180628355009,495.454586201859,0.0599157065148956,0.0010050801370971,17.833110086818177,17.852795687367212,0.0127683838775159,50.4,12.0,0.0,1.0,14:30:00,0
2026-08-04 20:01:05.766000+05:30,27.4,81.4,470,0,21.8,66.1,0,956.6,23.3,67.5,417,0,21.6,100.0,65535,0,17.5,78.3,420,0,0,0,0,0,1.0,90.0,0,1,0,0,21.88931084157327,17.5,17.5,0.0,22.671154346848347,0.0076180628355009,456.1533353718042,0.0619973211845428,0.0010067332600508,18.050961426081404,18.068865367453668,0.0129481916963675,50.9,11.3,0.0,1.0,14:30:00,0
2026-08-04 20:01:05.766000+05:30,27.4,81.4,470,0,21.8,66.1,0,956.6,23.3,67.5,417,0,21.6,100.0,65535,0,17.5,78.3,420,0,0,0,0,0,1.0,90.0,0,1,0,0,21.88931084157327,17.5,17.5,0.0,22.671154346848347,0.0076180628355009,456.1533353718042,0.0619973211845428,0.0010067332600508,18.050961426081404,18.068865367453668,0.0129481916963675,50.9,11.3,0.0,1.0,14:30:00,0
2026-08-04 20:01:10.766000+05:30,27.3,81.5,456,0,21.8,67.3,0,956.6,23.5,68.5,428,0,21.6,100.0,65535,0,17.5,78.0,406,0,0,0,0,0,11.2,51.0,0,1,0,0,21.88931084157327,17.5,17.5,0.0,22.671154346848347,0.0076180628355009,456.1533353718042,0.0619973211845428,0.0010067332600508,18.050961426081404,18.068865367453668,0.0129481916963675,50.9,11.3,0.0,1.0,14:30:00,0
2026-08-04 20:01:10.766000+05:30,27.3,81.5,456,0,21.8,67.3,0,956.6,23.5,68.5,428,0,21.6,100.0,65535,0,17.5,78.0,406,0,0,0,0,0,11.2,51.0,0,1,0,0,21.88931084157327,17.5,17.5,0.0,22.671154346848347,0.0076180628355009,456.1533353718042,0.0619973211845428,0.0010067332600508,18.050961426081404,18.068865367453668,0.0129481916963675,50.9,11.3,0.0,1.0,14:30:00,0
2026-08-04 20:01:15.766000+05:30,27.3,81.5,456,0,21.8,67.3,0,956.6,23.5,68.5,428,0,21.6,100.0,65535,0,17.5,78.0,406,0,0,0,0,0,11.2,51.0,0,1,0,0,21.918180716553465,17.5,17.5,0.0,23.20299576847273,0.0076180628355009,577.075273650481,0.0458842089281664,0.0010041904980777,19.147008718632105,19.158898886083502,0.0138879390207546,47.0,17.2,0.0,1.0,14:30:00,0
2026-08-04 20:01:15.766000+05:30,27.3,81.5,456,0,21.8,67.3,0,956.6,23.5,68.5,428,0,21.6,100.0,65535,0,17.5,78.0,406,0,0,0,0,0,11.2,51.0,0,1,0,0,21.918180716553465,17.5,17.5,0.0,23.20299576847273,0.0076180628355009,577.075273650481,0.0458842089281664,0.0010041904980777,19.147008718632105,19.158898886083502,0.0138879390207546,47.0,17.2,0.0,1.0,14:30:00,0
2026-08-04 20:01:20.812000+05:30,27.2,82.1,435,0,21.9,66.8,0,956.4,23.7,68.1,428,0,21.6,100.0,400,0,17.4,78.4,420,0,0,0,0,0,11.3,50.9,0,0,1,0,21.949876393103747,17.4,17.4,0.0,22.83610073611716,0.0076180628355009,623.5755618087483,0.1064336,0.0010016083156692,16.147008718632105,16.158898886083502,0.0114509832609906,90.0,1.0,1.0,0.0,14:30:00,0
2026-08-04 20:01:20.812000+05:30,27.2,82.1,435,0,21.9,66.8,0,956.4,23.7,68.1,428,0,21.6,100.0,400,0,17.4,78.4,420,0,0,0,0,0,11.3,50.9,0,0,1,0,21.949876393103747,17.4,17.4,0.0,22.83610073611716,0.0076180628355009,623.5755618087483,0.1064336,0.0010016083156692,16.147008718632105,16.158898886083502,0.0114509832609906,90.0,1.0,1.0,0.0,14:30:00,0
2026-08-04 20:01:25.813000+05:30,27.2,82.1,435,0,21.9,66.8,0,956.4,23.7,68.1,428,0,21.6,100.0,400,0,17.4,78.4,420,0,0,0,0,0,11.3,50.9,0,0,1,0,21.96769920298089,17.4,17.4,0.0,22.32062783208023,0.0076180628355009,436.8290206900903,0.078495555105847,0.0010026578336242,15.959808569811688,16.018227110607974,0.0113125374554007,55.3,6.6,1.0,0.0,14:30:00,0
2026-08-04 20:01:25.813000+05:30,27.2,82.1,435,0,21.9,66.8,0,956.4,23.7,68.1,428,0,21.6,100.0,400,0,17.4,78.4,420,0,0,0,0,0,11.3,50.9,0,0,1,0,21.96769920298089,17.4,17.4,0.0,22.32062783208023,0.0076180628355009,436.8290206900903,0.078495555105847,0.0010026578336242,15.959808569811688,16.018227110607974,0.0113125374554007,55.3,6.6,1.0,0.0,14:30:00,0
2026-08-04 20:01:30.854000+05:30,27.2,82.3,447,0,21.9,66.6,0,956.4,23.8,67.5,428,0,85.8,100.0,400,0,17.4,78.6,420,0,0,0,0,0,17.2,47.0,0,0,1,0,21.959798881800708,17.5,17.5,0.0,22.104669302592,0.0076180628355009,425.362013121608,0.0871811551984083,0.001002564537492,15.333919082203831,15.468170803663662,0.0108605113440428,58.4,4.5,1.0,0.0,14:30:00,0
2026-08-04 20:01:30.854000+05:30,27.2,82.3,447,0,21.9,66.6,0,956.4,23.8,67.5,428,0,85.8,100.0,400,0,17.4,78.6,420,0,0,0,0,0,17.2,47.0,0,0,1,0,21.959798881800708,17.5,17.5,0.0,22.104669302592,0.0076180628355009,425.362013121608,0.0871811551984083,0.001002564537492,15.333919082203831,15.468170803663662,0.0108605113440428,58.4,4.5,1.0,0.0,14:30:00,0
2026-08-04 20:01:35.853000+05:30,27.1,82.3,455,0,21.9,67.1,0,956.4,23.8,67.5,428,0,85.8,100.0,478,0,17.5,78.5,420,0,0,0,0,0,1.0,90.0,0,1,0,0,21.95685746574488,17.5,17.5,0.0,22.08970504370341,0.0076180628355009,424.3174289290131,0.0917077660926772,0.0010027444556065,14.752278127282974,14.972385107474045,0.0104550627964001,60.4,3.5,1.0,0.0,14:30:00,0
2026-08-04 20:01:35.853000+05:30,27.1,82.3,455,0,21.9,67.1,0,956.4,23.8,67.5,428,0,85.8,100.0,478,0,17.5,78.5,420,0,0,0,0,0,1.0,90.0,0,1,0,0,21.95685746574488,17.5,17.5,0.0,22.08970504370341,0.0076180628355009,424.3174289290131,0.0917077660926772,0.0010027444556065,14.752278127282974,14.972385107474045,0.0104550627964001,60.4,3.5,1.0,0.0,14:30:00,0
2026-08-04 20:01:40.859000+05:30,27.1,82.3,442,0,21.9,67.4,0,956.4,23.9,67.6,428,0,21.6,100.0,433,0,17.5,78.1,420,0,0,0,0,0,6.6,55.3,0,1,0,0,21.95685746574488,17.5,17.5,0.0,22.08970504370341,0.0076180628355009,424.3174289290131,0.0917077660926772,0.0010027444556065,14.752278127282974,14.972385107474045,0.0104550627964001,60.4,3.5,1.0,0.0,14:30:00,0
2026-08-04 20:01:40.859000+05:30,27.1,82.3,442,0,21.9,67.4,0,956.4,23.9,67.6,428,0,21.6,100.0,433,0,17.5,78.1,420,0,0,0,0,0,6.6,55.3,0,1,0,0,21.95685746574488,17.5,17.5,0.0,22.08970504370341,0.0076180628355009,424.3174289290131,0.0917077660926772,0.0010027444556065,14.752278127282974,14.972385107474045,0.0104550627964001,60.4,3.5,1.0,0.0,14:30:00,0
2026-08-04 20:01:45.859000+05:30,27.2,82.5,490,0,21.9,67.3,0,956.6,23.9,67.3,428,0,21.6,100.0,400,0,17.5,78.1,420,0,0,0,0,0,4.5,58.4,0,1,0,0,21.956483968120555,17.5,17.5,0.0,21.86312604734208,0.0076180628355009,424.8472670615181,0.0938699770508146,0.0010004054323048,14.319712121142238,14.605086794562784,0.0101624027398837,61.6,3.0,1.0,0.0,14:30:00,0
2026-08-04 20:01:45.859000+05:30,27.2,82.5,490,0,21.9,67.3,0,956.6,23.9,67.3,428,0,21.6,100.0,400,0,17.5,78.1,420,0,0,0,0,0,4.5,58.4,0,1,0,0,21.956483968120555,17.5,17.5,0.0,21.86312604734208,0.0076180628355009,424.8472670615181,0.0938699770508146,0.0010004054323048,14.319712121142238,14.605086794562784,0.0101624027398837,61.6,3.0,1.0,0.0,14:30:00,0
2026-08-04 20:01:51.009000+05:30,27.3,82.3,486,0,21.9,67.2,0,956.6,23.9,67.1,428,0,21.6,100.0,400,0,17.6,78.6,420,0,0,0,0,0,3.5,60.4,0,1,0,0,21.95077583963961,17.6,17.6,0.0,21.855048748801508,0.0076180628355009,420.9213917971103,0.1064336,0.0010007880381234,13.382696979848976,13.954746311398644,0.0095535215016089,90.0,0.9,1.0,0.0,14:30:00,0
2026-08-04 20:01:51.009000+05:30,27.3,82.3,486,0,21.9,67.2,0,956.6,23.9,67.1,428,0,21.6,100.0,400,0,17.6,78.6,420,0,0,0,0,0,3.5,60.4,0,1,0,0,21.95077583963961,17.6,17.6,0.0,21.855048748801508,0.0076180628355009,420.9213917971103,0.1064336,0.0010007880381234,13.382696979848976,13.954746311398644,0.0095535215016089,90.0,0.9,1.0,0.0,14:30:00,0
2026-08-04 20:01:56.049000+05:30,27.3,82.3,486,0,21.9,67.2,0,956.6,23.9,67.1,428,0,21.6,100.0,400,0,17.6,78.6,420,0,0,0,0,0,3.5,60.4,0,1,0,0,21.962661959031337,17.6,17.6,0.0,21.859541275709272,0.0076180628355009,421.35015954939104,0.086204077688296,0.00100031784897,13.998001071257931,14.42845293669614,0.0099495360044767,58.0,4.7,1.0,0.0,14:30:00,0
2026-08-04 20:01:56.049000+05:30,27.3,82.3,486,0,21.9,67.2,0,956.6,23.9,67.1,428,0,21.6,100.0,400,0,17.6,78.6,420,0,0,0,0,0,3.5,60.4,0,1,0,0,21.962661959031337,17.6,17.6,0.0,21.859541275709272,0.0076180628355009,421.35015954939104,0.086204077688296,0.00100031784897,13.998001071257931,14.42845293669614,0.0099495360044767,58.0,4.7,1.0,0.0,14:30:00,0
2026-08-04 20:02:01.049000+05:30,27.3,82.3,485,0,21.9,67.2,0,956.6,23.9,67.1,428,0,21.6,100.0,400,0,17.6,78.6,420,0,0,0,0,0,3.0,61.6,0,1,0,0,21.96944932948783,18.1,18.1,0.0,21.867850396745627,0.0076180628355009,422.03147876574445,0.0793566955572626,0.0010020489630585,14.769461460286484,15.076292729139643,0.0104668432035669,55.6,6.3,1.0,0.0,14:30:00,0
2026-08-04 20:02:01.049000+05:30,27.3,82.3,485,0,21.9,67.2,0,956.6,23.9,67.1,428,0,21.6,100.0,400,0,17.6,78.6,420,0,0,0,0,0,3.0,61.6,0,1,0,0,21.96944932948783,18.1,18.1,0.0,21.867850396745627,0.0076180628355009,422.03147876574445,0.0793566955572626,0.0010020489630585,14.769461460286484,15.076292729139643,0.0104668432035669,55.6,6.3,1.0,0.0,14:30:00,0
2026-08-04 20:02:06.049000+05:30,27.4,82.2,452,0,21.9,66.9,0,956.5,23.8,66.7,428,0,21.7,100.0,400,0,18.1,78.7,420,0,0,0,0,0,0.9,90.0,0,1,0,0,21.96111028749132,18.5,18.5,0.0,22.61865212908817,0.0076180628355009,422.529721336342,0.0885745567518069,0.0010023734495405,14.597822579569907,14.901924454400856,0.010349705811659,59.0,4.2,1.0,0.0,14:30:00,0
2026-08-04 20:02:06.049000+05:30,27.4,82.2,452,0,21.9,66.9,0,956.5,23.8,66.7,428,0,21.7,100.0,400,0,18.1,78.7,420,0,0,0,0,0,0.9,90.0,0,1,0,0,21.96111028749132,18.5,18.5,0.0,22.61865212908817,0.0076180628355009,422.529721336342,0.0885745567518069,0.0010023734495405,14.597822579569907,14.901924454400856,0.010349705811659,59.0,4.2,1.0,0.0,14:30:00,0
2026-08-04 20:02:11.050000+05:30,27.3,82.0,402,0,21.9,66.9,0,956.4,23.7,66.6,428,0,21.7,100.0,412,0,18.5,78.2,420,0,0,0,0,0,4.7,58.0,0,1,0,0,21.96111028749132,18.5,18.5,0.0,22.61865212908817,0.0076180628355009,422.529721336342,0.0885745567518069,0.0010023734495405,14.597822579569907,14.901924454400856,0.010349705811659,59.0,4.2,1.0,0.0,14:30:00,0
2026-08-04 20:02:11.050000+05:30,27.3,82.0,402,0,21.9,66.9,0,956.4,23.7,66.6,428,0,21.7,100.0,412,0,18.5,78.2,420,0,0,0,0,0,4.7,58.0,0,1,0,0,21.96111028749132,18.5,18.5,0.0,22.61865212908817,0.0076180628355009,422.529721336342,0.0885745567518069,0.0010023734495405,14.597822579569907,14.901924454400856,0.010349705811659,59.0,4.2,1.0,0.0,14:30:00,0
2026-08-04 20:02:16.050000+05:30,27.3,81.7,411,0,21.9,66.8,0,956.5,23.7,66.6,428,0,21.7,100.0,425,0,18.8,77.7,420,0,0,0,0,0,6.3,55.6,0,1,0,0,21.956319446892945,18.8,18.8,0.0,23.33721403768195,0.0076180628355009,422.8989904586366,0.0961411333535382,0.00100270656558,14.141602669311675,14.53734277884196,0.0100440532630388,63.0,2.6,1.0,0.0,14:30:00,0
2026-08-04 20:02:16.050000+05:30,27.3,81.7,411,0,21.9,66.8,0,956.5,23.7,66.6,428,0,21.7,100.0,425,0,18.8,77.7,420,0,0,0,0,0,6.3,55.6,0,1,0,0,21.956319446892945,18.8,18.8,0.0,23.33721403768195,0.0076180628355009,422.8989904586366,0.0961411333535382,0.00100270656558,14.141602669311675,14.53734277884196,0.0100440532630388,63.0,2.6,1.0,0.0,14:30:00,0
2026-08-04 20:02:21.049000+05:30,27.3,81.9,454,0,21.9,66.5,0,956.4,23.6,66.4,428,0,21.8,100.0,423,0,19.5,76.4,420,0,0,0,0,0,4.2,59.0,0,1,0,0,21.95078749854435,19.5,19.5,0.0,21.89036357452233,0.0076180628355009,423.9037996451729,0.1064336,0.0010010178342722,13.176700870626954,13.899859683240392,0.0094241366917631,90.0,0.9,1.0,0.0,14:30:00,0
2026-08-04 20:02:21.049000+05:30,27.3,81.9,454,0,21.9,66.5,0,956.4,23.6,66.4,428,0,21.8,100.0,423,0,19.5,76.4,420,0,0,0,0,0,4.2,59.0,0,1,0,0,21.95078749854435,19.5,19.5,0.0,21.89036357452233,0.0076180628355009,423.9037996451729,0.1064336,0.0010010178342722,13.176700870626954,13.899859683240392,0.0094241366917631,90.0,0.9,1.0,0.0,14:30:00,0
2026-08-04 20:02:26.050000+05:30,27.3,81.9,454,0,21.9,66.5,0,956.4,23.6,66.4,428,0,21.8,100.0,423,0,19.5,76.4,420,0,0,0,0,0,4.2,59.0,0,1,0,0,21.951707431009115,19.5,19.5,0.0,21.891293920585444,0.0076180628355009,424.1196427020288,0.1064336,0.0010006196416458,12.947547983514651,13.737604157478565,0.0092820560178295,90.0,0.9,1.0,0.0,14:30:00,0
2026-08-04 20:02:26.050000+05:30,27.3,81.9,454,0,21.9,66.5,0,956.4,23.6,66.4,428,0,21.8,100.0,423,0,19.5,76.4,420,0,0,0,0,0,4.2,59.0,0,1,0,0,21.951707431009115,19.5,19.5,0.0,21.891293920585444,0.0076180628355009,424.1196427020288,0.1064336,0.0010006196416458,12.947547983514651,13.737604157478565,0.0092820560178295,90.0,0.9,1.0,0.0,14:30:00,0
2026-08-04 20:02:31.066000+05:30,27.4,81.8,470,0,21.9,66.3,0,956.4,23.5,66.4,400,0,85.9,50.0,415,0,19.5,76.4,420,0,0,0,0,0,2.6,63.0,0,1,0,0,22.019006490963463,20.1,20.1,0.0,21.896805351123,0.0076180628355009,1000.0,0.0462336,0.0010003815455651,14.447547983514651,15.237604157478565,0.0102481168279868,47.1,17.0,1.0,0.0,14:30:00,0
2026-08-04 20:02:31.066000+05:30,27.4,81.8,470,0,21.9,66.3,0,956.4,23.5,66.4,400,0,85.9,50.0,415,0,19.5,76.4,420,0,0,0,0,0,2.6,63.0,0,1,0,0,22.019006490963463,20.1,20.1,0.0,21.896805351123,0.0076180628355009,1000.0,0.0462336,0.0010003815455651,14.447547983514651,15.237604157478565,0.0102481168279868,47.1,17.0,1.0,0.0,14:30:00,0
2026-08-04 20:02:36.067000+05:30,27.4,81.8,485,0,21.9,66.3,0,956.4,23.5,66.4,400,0,85.9,50.0,432,0,20.1,74.8,420,0,0,0,0,0,0.9,90.0,0,1,0,0,22.036769210765325,20.4,20.4,0.0,22.131927911281007,0.0076180628355009,1000.0,0.02408,0.0010002460693384,15.947547983514651,16.737604157478565,0.0113035227490243,40.8,29.6,1.0,0.0,14:30:00,0
2026-08-04 20:02:36.067000+05:30,27.4,81.8,485,0,21.9,66.3,0,956.4,23.5,66.4,400,0,85.9,50.0,432,0,20.1,74.8,420,0,0,0,0,0,0.9,90.0,0,1,0,0,22.036769210765325,20.4,20.4,0.0,22.131927911281007,0.0076180628355009,1000.0,0.02408,0.0010002460693384,15.947547983514651,16.737604157478565,0.0113035227490243,40.8,29.6,1.0,0.0,14:30:00,0
2026-08-04 20:02:41.067000+05:30,27.5,81.7,470,0,21.8,66.2,0,956.4,23.4,66.4,400,0,85.9,50.0,408,0,20.4,73.6,420,0,0,0,0,0,0.9,90.0,0,1,0,0,22.036769210765325,20.4,20.4,0.0,22.131927911281007,0.0076180628355009,1000.0,0.02408,0.0010002460693384,15.947547983514651,16.737604157478565,0.0113035227490243,40.8,29.6,1.0,0.0,14:30:00,0
2026-08-04 20:02:41.067000+05:30,27.5,81.7,470,0,21.8,66.2,0,956.4,23.4,66.4,400,0,85.9,50.0,408,0,20.4,73.6,420,0,0,0,0,0,0.9,90.0,0,1,0,0,22.036769210765325,20.4,20.4,0.0,22.131927911281007,0.0076180628355009,1000.0,0.02408,0.0010002460693384,15.947547983514651,16.737604157478565,0.0113035227490243,40.8,29.6,1.0,0.0,14:30:00,0
2026-08-04 20:02:46.067000+05:30,27.5,81.5,465,0,21.9,66.1,0,956.4,23.3,66.4,401,0,86.0,100.0,435,0,20.9,72.2,420,0,0,0,0,0,17.0,47.1,0,1,0,0,22.132596970735744,20.9,20.9,0.0,21.942782020121854,0.0076180628355009,1000.0,0.02408,0.0010001669741637,17.447547983514653,18.237604157478565,0.0124556570858018,40.8,29.6,1.0,0.0,14:30:00,0
2026-08-04 20:02:46.067000+05:30,27.5,81.5,465,0,21.9,66.1,0,956.4,23.3,66.4,401,0,86.0,100.0,435,0,20.9,72.2,420,0,0,0,0,0,17.0,47.1,0,1,0,0,22.132596970735744,20.9,20.9,0.0,21.942782020121854,0.0076180628355009,1000.0,0.02408,0.0010001669741637,17.447547983514653,18.237604157478565,0.0124556570858018,40.8,29.6,1.0,0.0,14:30:00,0
2026-08-04 20:02:51.067000+05:30,27.5,81.5,473,0,21.9,65.8,0,956.4,23.3,66.2,400,0,22.1,100.0,497,0,21.2,71.4,420,0,0,0,0,0,29.6,40.8,0,1,0,0,22.132578548714395,21.2,21.2,0.0,22.11664725596928,0.0076180628355009,634.3337973941489,0.02408,0.0010000877594719,20.130396680629367,20.58564345700878,0.0147829883582841,40.8,29.6,1.0,0.0,14:30:00,0
2026-08-04 20:02:51.067000+05:30,27.5,81.5,473,0,21.9,65.8,0,956.4,23.3,66.2,400,0,22.1,100.0,497,0,21.2,71.4,420,0,0,0,0,0,29.6,40.8,0,1,0,0,22.132578548714395,21.2,21.2,0.0,22.11664725596928,0.0076180628355009,634.3337973941489,0.02408,0.0010000877594719,20.130396680629367,20.58564345700878,0.0147829883582841,40.8,29.6,1.0,0.0,14:30:00,0
2026-08-04 20:02:56.067000+05:30,27.5,81.5,473,0,21.9,65.8,0,956.4,23.3,66.2,400,0,22.1,100.0,497,0,21.2,71.4,420,0,0,0,0,0,29.6,40.8,0,1,0,0,22.132575759855843,21.6,21.6,0.0,22.42361000710408,0.0076180628355009,1000.0,0.02408,0.0010000757673801,20.8383324292356,21.11148150667514,0.0154592291739561,40.8,29.6,1.0,0.0,14:30:00,0
2026-08-04 20:02:56.067000+05:30,27.5,81.5,473,0,21.9,65.8,0,956.4,23.3,66.2,400,0,22.1,100.0,497,0,21.2,71.4,420,0,0,0,0,0,29.6,40.8,0,1,0,0,22.132575759855843,21.6,21.6,0.0,22.42361000710408,0.0076180628355009,1000.0,0.02408,0.0010000757673801,20.8383324292356,21.11148150667514,0.0154592291739561,40.8,29.6,1.0,0.0,14:30:00,0
2026-08-04 20:03:01.070000+05:30,27.5,81.4,452,0,21.9,65.8,0,956.4,23.3,66.2,400,0,22.1,100.0,410,0,21.6,70.5,420,0,0,0,0,0,29.6,40.8,0,1,0,0,22.03672639285708,21.9,21.9,0.0,22.46715801666135,0.0076180628355009,1000.0,0.02408,0.0010000651824558,21.22269956273829,21.38658998951904,0.0158379845854269,40.8,29.6,1.0,0.0,14:30:00,0
2026-08-04 20:03:01.070000+05:30,27.5,81.4,452,0,21.9,65.8,0,956.4,23.3,66.2,400,0,22.1,100.0,410,0,21.6,70.5,420,0,0,0,0,0,29.6,40.8,0,1,0,0,22.03672639285708,21.9,21.9,0.0,22.46715801666135,0.0076180628355009,1000.0,0.02408,0.0010000651824558,21.22269956273829,21.38658998951904,0.0158379845854269,40.8,29.6,1.0,0.0,14:30:00,0
2026-08-04 20:03:06.083000+05:30,27.5,81.2,475,0,21.8,65.5,0,956.4,23.4,66.1,416,0,22.1,100.0,483,0,21.9,69.1,420,0,0,0,0,0,29.6,40.8,0,1,0,0,22.0367261454718,22.1,22.1,0.0,22.968029253869656,0.0076180628355009,1000.0,0.02408,0.0010000641373615,21.45278731441681,21.5511224793372,0.0160687090299,40.8,29.6,1.0,0.0,14:30:00,0
2026-08-04 20:03:06.083000+05:30,27.5,81.2,475,0,21.8,65.5,0,956.4,23.4,66.1,416,0,22.1,100.0,483,0,21.9,69.1,420,0,0,0,0,0,29.6,40.8,0,1,0,0,22.0367261454718,22.1,22.1,0.0,22.968029253869656,0.0076180628355009,1000.0,0.02408,0.0010000641373615,21.45278731441681,21.5511224793372,0.0160687090299,40.8,29.6,1.0,0.0,14:30:00,0
2026-08-04 20:03:11.078000+05:30,27.5,81.2,456,0,21.8,65.5,0,956.4,23.4,66.0,411,0,22.4,100.0,490,0,22.1,67.9,420,0,0,0,0,0,29.6,40.8,0,1,0,0,22.0367261454718,22.1,22.1,0.0,22.968029253869656,0.0076180628355009,1000.0,0.02408,0.0010000641373615,21.45278731441681,21.5511224793372,0.0160687090299,40.8,29.6,1.0,0.0,14:30:00,0
2026-08-04 20:03:11.078000+05:30,27.5,81.2,456,0,21.8,65.5,0,956.4,23.4,66.0,411,0,22.4,100.0,490,0,22.1,67.9,420,0,0,0,0,0,29.6,40.8,0,1,0,0,22.0367261454718,22.1,22.1,0.0,22.968029253869656,0.0076180628355009,1000.0,0.02408,0.0010000641373615,21.45278731441681,21.5511224793372,0.0160687090299,40.8,29.6,1.0,0.0,14:30:00,0
2026-08-04 20:03:16.079000+05:30,27.5,81.2,456,0,21.8,65.5,0,956.4,23.4,66.0,411,0,22.4,100.0,490,0,22.1,67.9,420,0,0,0,0,0,29.6,40.8,0,1,0,0,22.032655489033555,22.4,22.4,0.0,24.25048144359253,0.0076180628355009,420.0,0.02408,0.0010004186028442,21.59001350721936,21.649017998036843,0.0162077583733334,40.8,29.6,1.0,0.0,14:30:00,0
2026-08-04 20:03:16.079000+05:30,27.5,81.2,456,0,21.8,65.5,0,956.4,23.4,66.0,411,0,22.4,100.0,490,0,22.1,67.9,420,0,0,0,0,0,29.6,40.8,0,1,0,0,22.032655489033555,22.4,22.4,0.0,24.25048144359253,0.0076180628355009,420.0,0.02408,0.0010004186028442,21.59001350721936,21.649017998036843,0.0162077583733334,40.8,29.6,1.0,0.0,14:30:00,0
2026-08-04 20:03:21.078000+05:30,27.3,81.3,441,0,21.9,65.5,0,956.4,23.6,65.7,400,0,22.7,100.0,471,0,22.6,65.1,420,0,0,0,0,0,29.6,40.8,0,1,0,0,22.12429522018572,22.6,22.6,0.0,22.66821286447884,0.0076180628355009,657.01678901676,0.02408,0.0010001905374207,21.76039886621189,21.781642033145584,0.0163819224558691,40.8,29.6,1.0,0.0,14:30:00,0
2026-08-04 20:03:21.078000+05:30,27.3,81.3,441,0,21.9,65.5,0,956.4,23.6,65.7,400,0,22.7,100.0,471,0,22.6,65.1,420,0,0,0,0,0,29.6,40.8,0,1,0,0,22.12429522018572,22.6,22.6,0.0,22.66821286447884,0.0076180628355009,657.01678901676,0.02408,0.0010001905374207,21.76039886621189,21.781642033145584,0.0163819224558691,40.8,29.6,1.0,0.0,14:30:00,0
2026-08-04 20:03:26.079000+05:30,27.3,81.3,441,0,21.9,65.5,0,956.4,23.6,65.7,400,0,22.7,100.0,471,0,22.6,65.1,420,0,0,0,0,0,29.6,40.8,0,1,0,0,22.124283374750608,22.8,22.8,0.0,23.448946239225524,0.0076180628355009,1000.0,0.02408,0.0010001377155545,21.81318827572149,21.82593519248692,0.0164362252947949,40.8,29.6,1.0,0.0,14:30:00,0
2026-08-04 20:03:26.079000+05:30,27.3,81.3,441,0,21.9,65.5,0,956.4,23.6,65.7,400,0,22.7,100.0,471,0,22.6,65.1,420,0,0,0,0,0,29.6,40.8,0,1,0,0,22.124283374750608,22.8,22.8,0.0,23.448946239225524,0.0076180628355009,1000.0,0.02408,0.0010001377155545,21.81318827572149,21.82593519248692,0.0164362252947949,40.8,29.6,1.0,0.0,14:30:00,0
2026-08-04 20:03:31.079000+05:30,27.3,81.4,451,0,21.9,65.4,0,956.4,23.6,65.6,401,0,22.8,100.0,490,0,22.8,63.9,420,0,0,0,0,0,29.6,40.8,0,1,0,0,22.02842852282037,23.2,23.2,0.0,23.70352459760753,0.0076180628355009,1000.0,0.02408,0.0010001016053662,21.8054787796896,21.8131279272778,0.0164282846265133,40.8,29.6,1.0,0.0,14:30:00,0
2026-08-04 20:03:31.079000+05:30,27.3,81.4,451,0,21.9,65.4,0,956.4,23.6,65.6,401,0,22.8,100.0,490,0,22.8,63.9,420,0,0,0,0,0,29.6,40.8,0,1,0,0,22.02842852282037,23.2,23.2,0.0,23.70352459760753,0.0076180628355009,1000.0,0.02408,0.0010001016053662,21.8054787796896,21.8131279272778,0.0164282846265133,40.8,29.6,1.0,0.0,14:30:00,0
2026-08-04 20:03:36.079000+05:30,27.3,81.4,460,0,21.8,65.4,0,956.4,23.7,65.4,400,0,22.8,100.0,469,0,23.2,62.2,420,0,0,0,0,0,29.6,40.8,0,1,0,0,22.02842817369922,23.2,23.2,0.0,24.48279343179136,0.0076180628355009,1000.0,0.02408,0.0010001000768503,21.80089214470334,21.805482639436622,0.016423562107303,40.8,29.6,1.0,0.0,14:30:00,0
2026-08-04 20:03:36.079000+05:30,27.3,81.4,460,0,21.8,65.4,0,956.4,23.7,65.4,400,0,22.8,100.0,469,0,23.2,62.2,420,0,0,0,0,0,29.6,40.8,0,1,0,0,22.02842817369922,23.2,23.2,0.0,24.48279343179136,0.0076180628355009,1000.0,0.02408,0.0010001000768503,21.80089214470334,21.805482639436622,0.016423562107303,40.8,29.6,1.0,0.0,14:30:00,0
2026-08-04 20:03:41.081000+05:30,27.3,81.5,442,0,21.8,65.3,0,956.4,23.8,65.1,414,0,23.1,100.0,499,0,23.2,62.2,420,0,0,0,0,0,29.6,40.8,0,1,0,0,22.02842817369922,23.2,23.2,0.0,24.48279343179136,0.0076180628355009,1000.0,0.02408,0.0010001000768503,21.80089214470334,21.805482639436622,0.016423562107303,40.8,29.6,1.0,0.0,14:30:00,0
2026-08-04 20:03:41.081000+05:30,27.3,81.5,442,0,21.8,65.3,0,956.4,23.8,65.1,414,0,23.1,100.0,499,0,23.2,62.2,420,0,0,0,0,0,29.6,40.8,0,1,0,0,22.02842817369922,23.2,23.2,0.0,24.48279343179136,0.0076180628355009,1000.0,0.02408,0.0010001000768503,21.80089214470334,21.805482639436622,0.016423562107303,40.8,29.6,1.0,0.0,14:30:00,0
2026-08-04 20:03:46.079000+05:30,27.4,81.2,454,0,21.8,65.3,0,956.4,23.8,65.1,402,0,23.1,100.0,494,0,23.4,60.9,420,0,0,0,0,0,29.6,40.8,0,1,0,0,22.032577180896894,23.4,23.4,0.0,24.39613855358317,0.0076180628355009,1000.0,0.02408,0.0010000818778566,21.798535413002107,21.801290666635737,0.0164211360327592,40.8,29.6,1.0,0.0,14:30:00,0
2026-08-04 20:03:46.079000+05:30,27.4,81.2,454,0,21.8,65.3,0,956.4,23.8,65.1,402,0,23.1,100.0,494,0,23.4,60.9,420,0,0,0,0,0,29.6,40.8,0,1,0,0,22.032577180896894,23.4,23.4,0.0,24.39613855358317,0.0076180628355009,1000.0,0.02408,0.0010000818778566,21.798535413002107,21.801290666635737,0.0164211360327592,40.8,29.6,1.0,0.0,14:30:00,0
2026-08-04 20:03:51.082000+05:30,27.4,81.4,431,0,21.8,65.2,0,956.4,24.0,64.6,440,0,23.3,100.0,473,0,24.0,58.6,420,0,0,0,0,0,29.6,40.8,0,1,0,0,22.03262618437408,24.0,24.0,0.0,24.111849593882194,0.0076180628355009,661.5008733294405,0.02408,0.0010002925928085,21.79619356806621,21.79719230375472,0.0164187256043572,40.8,29.6,1.0,0.0,14:30:00,0
2026-08-04 20:03:51.082000+05:30,27.4,81.4,431,0,21.8,65.2,0,956.4,24.0,64.6,440,0,23.3,100.0,473,0,24.0,58.6,420,0,0,0,0,0,29.6,40.8,0,1,0,0,22.03262618437408,24.0,24.0,0.0,24.111849593882194,0.0076180628355009,661.5008733294405,0.02408,0.0010002925928085,21.79619356806621,21.79719230375472,0.0164187256043572,40.8,29.6,1.0,0.0,14:30:00,0
2026-08-04 20:03:56.082000+05:30,27.4,81.4,431,0,21.8,65.2,0,956.4,24.0,64.6,440,0,23.3,100.0,473,0,24.0,58.6,420,0,0,0,0,0,29.6,40.8,0,1,0,0,22.02848647086833,24.2,24.2,0.0,26.86898204638076,0.0076180628355009,420.0,0.02408,0.0010003553124562,21.79532535193741,21.795939381230447,0.0164178320429672,40.8,29.6,1.0,0.0,14:30:00,0
2026-08-04 20:03:56.082000+05:30,27.4,81.4,431,0,21.8,65.2,0,956.4,24.0,64.6,440,0,23.3,100.0,473,0,24.0,58.6,420,0,0,0,0,0,29.6,40.8,0,1,0,0,22.02848647086833,24.2,24.2,0.0,26.86898204638076,0.0076180628355009,420.0,0.02408,0.0010003553124562,21.79532535193741,21.795939381230447,0.0164178320429672,40.8,29.6,1.0,0.0,14:30:00,0
2026-08-04 20:04:01.082000+05:30,27.3,81.3,425,0,21.8,65.1,0,956.3,24.0,64.4,435,0,21.8,100.0,496,0,24.2,57.6,420,0,0,0,0,0,29.6,40.8,0,1,0,0,22.02853385940193,24.5,24.5,0.0,24.94763149646166,0.0076180628355009,420.0,0.02408,0.0010005627880724,21.79470015560557,21.79507169967333,0.0164171886229549,40.8,29.6,1.0,0.0,14:30:00,0
2026-08-04 20:04:01.082000+05:30,27.3,81.3,425,0,21.8,65.1,0,956.3,24.0,64.4,435,0,21.8,100.0,496,0,24.2,57.6,420,0,0,0,0,0,29.6,40.8,0,1,0,0,22.02853385940193,24.5,24.5,0.0,24.94763149646166,0.0076180628355009,420.0,0.02408,0.0010005627880724,21.79470015560557,21.79507169967333,0.0164171886229549,40.8,29.6,1.0,0.0,14:30:00,0
2026-08-04 20:04:06.083000+05:30,27.3,81.3,423,0,21.8,65.1,0,956.3,24.1,64.1,430,0,23.5,100.0,488,0,24.5,56.4,420,0,0,0,0,0,29.6,40.8,0,1,0,0,22.12018219776856,24.8,24.8,0.0,24.2286974075268,0.0076180628355009,420.0,0.02408,0.0010003749664654,21.833352557831446,21.833576326040152,0.0164570106420306,40.8,29.6,1.0,0.0,14:30:00,0
2026-08-04 20:04:06.083000+05:30,27.3,81.3,423,0,21.8,65.1,0,956.3,24.1,64.1,430,0,23.5,100.0,488,0,24.5,56.4,420,0,0,0,0,0,29.6,40.8,0,1,0,0,22.12018219776856,24.8,24.8,0.0,24.2286974075268,0.0076180628355009,420.0,0.02408,0.0010003749664654,21.833352557831446,21.833576326040152,0.0164570106420306,40.8,29.6,1.0,0.0,14:30:00,0
2026-08-04 20:04:11.144000+05:30,27.2,81.3,400,0,21.9,65.0,0,956.4,24.2,63.9,429,0,23.6,100.0,473,0,24.8,55.5,420,0,0,0,0,0,29.6,40.8,0,1,0,0,22.12018219776856,24.8,24.8,0.0,24.2286974075268,0.0076180628355009,420.0,0.02408,0.0010003749664654,21.833352557831446,21.833576326040152,0.0164570106420306,40.8,29.6,1.0,0.0,14:30:00,0
2026-08-04 20:04:11.144000+05:30,27.2,81.3,400,0,21.9,65.0,0,956.4,24.2,63.9,429,0,23.6,100.0,473,0,24.8,55.5,420,0,0,0,0,0,29.6,40.8,0,1,0,0,22.12018219776856,24.8,24.8,0.0,24.2286974075268,0.0076180628355009,420.0,0.02408,0.0010003749664654,21.833352557831446,21.833576326040152,0.0164570106420306,40.8,29.6,1.0,0.0,14:30:00,0
2026-08-04 20:04:16.144000+05:30,27.2,81.4,436,0,21.9,65.0,0,956.4,24.2,63.9,440,0,23.6,100.0,466,0,24.8,55.5,420,0,0,0,0,0,29.6,40.8,0,1,0,0,22.120258419999622,24.8,24.8,0.0,24.80925196880566,0.0076180628355009,420.0,0.02408,0.0010007212742624,21.85633748273317,21.856475546406003,0.0164807325282716,40.8,29.6,1.0,0.0,14:30:00,0
2026-08-04 20:04:16.144000+05:30,27.2,81.4,436,0,21.9,65.0,0,956.4,24.2,63.9,440,0,23.6,100.0,466,0,24.8,55.5,420,0,0,0,0,0,29.6,40.8,0,1,0,0,22.120258419999622,24.8,24.8,0.0,24.80925196880566,0.0076180628355009,420.0,0.02408,0.0010007212742624,21.85633748273317,21.856475546406003,0.0164807325282716,40.8,29.6,1.0,0.0,14:30:00,0
2026-08-04 20:04:21.144000+05:30,27.2,81.6,409,0,21.9,65.0,0,956.3,24.3,63.4,438,0,23.8,100.0,457,0,25.4,53.7,420,0,0,0,0,0,29.6,40.8,0,1,0,0,22.120175484700056,25.4,25.4,0.0,21.857794590096248,0.0076180628355009,645.7769418976934,0.02408,0.0010003444663353,21.87850287998901,21.878554145790147,0.0165036379266724,40.8,29.6,1.0,0.0,14:30:00,0
2026-08-04 20:04:21.144000+05:30,27.2,81.6,409,0,21.9,65.0,0,956.3,24.3,63.4,438,0,23.8,100.0,457,0,25.4,53.7,420,0,0,0,0,0,29.6,40.8,0,1,0,0,22.120175484700056,25.4,25.4,0.0,21.857794590096248,0.0076180628355009,645.7769418976934,0.02408,0.0010003444663353,21.87850287998901,21.878554145790147,0.0165036379266724,40.8,29.6,1.0,0.0,14:30:00,0
2026-08-04 20:04:26.145000+05:30,27.2,81.6,409,0,21.9,65.0,0,956.3,24.3,63.4,438,0,23.8,100.0,457,0,25.4,53.7,420,0,0,0,0,0,29.6,40.8,0,1,0,0,22.12432165232218,25.6,25.6,0.0,23.43920490195015,0.0076180628355009,420.0,0.02408,0.00100030840517,21.88386467871445,21.88389686495861,0.016509183058695,40.8,29.6,1.0,0.0,14:30:00,0
2026-08-04 20:04:26.145000+05:30,27.2,81.6,409,0,21.9,65.0,0,956.3,24.3,63.4,438,0,23.8,100.0,457,0,25.4,53.7,420,0,0,0,0,0,29.6,40.8,0,1,0,0,22.12432165232218,25.6,25.6,0.0,23.43920490195015,0.0076180628355009,420.0,0.02408,0.00100030840517,21.88386467871445,21.88389686495861,0.016509183058695,40.8,29.6,1.0,0.0,14:30:00,0
2026-08-04 20:04:31.145000+05:30,27.3,81.6,408,0,21.9,64.9,0,956.3,24.4,63.1,423,0,24.0,100.0,493,0,25.6,53.0,420,0,0,0,0,0,29.6,40.8,0,1,0,0,22.032729767516297,25.9,25.9,0.0,23.590591586645044,0.0076180628355009,420.0,0.02408,0.00100073800032,21.84798426245481,21.848007919132304,0.0164721079018578,40.8,29.6,1.0,0.0,14:30:00,0
2026-08-04 20:04:31.145000+05:30,27.3,81.6,408,0,21.9,64.9,0,956.3,24.4,63.1,423,0,24.0,100.0,493,0,25.6,53.0,420,0,0,0,0,0,29.6,40.8,0,1,0,0,22.032729767516297,25.9,25.9,0.0,23.590591586645044,0.0076180628355009,420.0,0.02408,0.00100073800032,21.84798426245481,21.848007919132304,0.0164721079018578,40.8,29.6,1.0,0.0,14:30:00,0
2026-08-04 20:04:36.145000+05:30,27.4,81.5,462,0,21.8,64.9,0,956.3,24.4,62.9,457,0,24.1,100.0,438,0,25.9,52.3,420,0,0,0,0,0,29.6,40.8,0,1,0,0,22.03695358017519,25.9,25.9,0.0,21.861972846141924,0.0076180628355009,450.1482503764998,0.02408,0.0010010249492313,21.82683722793513,21.82685603549567,0.0164502920375872,40.8,29.6,1.0,0.0,14:30:00,0
2026-08-04 20:04:36.145000+05:30,27.4,81.5,462,0,21.8,64.9,0,956.3,24.4,62.9,457,0,24.1,100.0,438,0,25.9,52.3,420,0,0,0,0,0,29.6,40.8,0,1,0,0,22.03695358017519,25.9,25.9,0.0,21.861972846141924,0.0076180628355009,450.1482503764998,0.02408,0.0010010249492313,21.82683722793513,21.82685603549567,0.0164502920375872,40.8,29.6,1.0,0.0,14:30:00,0
2026-08-04 20:04:41.145000+05:30,27.5,81.5,453,0,21.8,64.9,0,956.3,24.4,62.9,457,0,24.1,100.0,438,0,25.9,52.3,420,0,0,0,0,0,29.6,40.8,0,1,0,0,22.13695874400004,26.5,26.5,7.0,23.05182961998029,0.0076180628355009,420.0,0.02408,0.0010010467641264,21.85397412644135,21.85398927044272,0.01647829196909,40.8,29.6,1.0,0.0,14:30:00,0
2026-08-04 20:04:41.145000+05:30,27.5,81.5,453,0,21.8,64.9,0,956.3,24.4,62.9,457,0,24.1,100.0,438,0,25.9,52.3,420,0,0,0,0,0,29.6,40.8,0,1,0,0,22.13695874400004,26.5,26.5,7.0,23.05182961998029,0.0076180628355009,420.0,0.02408,0.0010010467641264,21.85397412644135,21.85398927044272,0.01647829196909,40.8,29.6,1.0,0.0,14:30:00,0
2026-08-04 20:04:46.145000+05:30,27.6,81.3,450,0,21.9,64.8,0,956.3,24.6,62.4,457,0,24.3,100.0,400,0,26.5,50.8,420,0,0,0,0,0,29.6,40.8,7,1,0,0,22.13695874400004,26.5,26.5,7.0,23.05182961998029,0.0076180628355009,420.0,0.02408,0.0010010467641264,21.85397412644135,21.85398927044272,0.01647829196909,40.8,29.6,1.0,0.0,14:30:00,0
2026-08-04 20:04:46.145000+05:30,27.6,81.3,450,0,21.9,64.8,0,956.3,24.6,62.4,457,0,24.3,100.0,400,0,26.5,50.8,420,0,0,0,0,0,29.6,40.8,7,1,0,0,22.13695874400004,26.5,26.5,7.0,23.05182961998029,0.0076180628355009,420.0,0.02408,0.0010010467641264,21.85397412644135,21.85398927044272,0.01647829196909,40.8,29.6,1.0,0.0,14:30:00,0
2026-08-04 20:04:51.145000+05:30,27.7,80.8,471,0,21.9,64.6,0,956.3,24.6,62.1,457,0,24.4,100.0,425,0,26.8,50.2,420,0,0,0,0,0,29.6,40.8,7,1,0,0,22.141040581831565,26.8,26.8,7.0,10.000000000000025,0.0076180628355009,601.12394313039,0.02408,0.001000734001811,21.8799179084764,21.87992733907284,0.0165051011747107,40.8,29.6,1.0,0.0,14:30:00,0
2026-08-04 20:04:51.145000+05:30,27.7,80.8,471,0,21.9,64.6,0,956.3,24.6,62.1,457,0,24.4,100.0,425,0,26.8,50.2,420,0,0,0,0,0,29.6,40.8,7,1,0,0,22.141040581831565,26.8,26.8,7.0,10.000000000000025,0.0076180628355009,601.12394313039,0.02408,0.001000734001811,21.8799179084764,21.87992733907284,0.0165051011747107,40.8,29.6,1.0,0.0,14:30:00,0
2026-08-04 20:04:56.146000+05:30,27.7,80.8,471,0,21.9,64.6,0,956.3,24.6,62.1,457,0,24.4,100.0,425,0,26.8,50.2,420,0,0,0,0,0,29.6,40.8,7,1,0,0,21.968970183276603,27.0,27.0,0.0,29.72879383102656,0.0076180628355009,609.1483504322212,0.08428,0.0010022081114745,20.3799179084764,20.37992733907284,0.0150182250462291,57.3,5.1,1.0,0.0,14:30:00,0
2026-08-04 20:04:56.146000+05:30,27.7,80.8,471,0,21.9,64.6,0,956.3,24.6,62.1,457,0,24.4,100.0,425,0,26.8,50.2,420,0,0,0,0,0,29.6,40.8,7,1,0,0,21.968970183276603,27.0,27.0,0.0,29.72879383102656,0.0076180628355009,609.1483504322212,0.08428,0.0010022081114745,20.3799179084764,20.37992733907284,0.0150182250462291,57.3,5.1,1.0,0.0,14:30:00,0
2026-08-04 20:05:01.146000+05:30,27.7,80.8,449,0,21.9,64.4,0,956.3,24.7,61.8,457,0,24.5,100.0,414,0,27.0,49.6,420,0,0,0,0,0,29.6,40.8,0,1,0,0,22.137044641026435,27.3,27.3,0.0,40.0,0.0076180628355009,420.0,0.02408,0.0010014096413888,20.988501151768464,20.988878954687458,0.0156062194402351,40.8,29.6,1.0,0.0,14:30:00,0
2026-08-04 20:05:01.146000+05:30,27.7,80.8,449,0,21.9,64.4,0,956.3,24.7,61.8,457,0,24.5,100.0,414,0,27.0,49.6,420,0,0,0,0,0,29.6,40.8,0,1,0,0,22.137044641026435,27.3,27.3,0.0,40.0,0.0076180628355009,420.0,0.02408,0.0010014096413888,20.988501151768464,20.988878954687458,0.0156062194402351,40.8,29.6,1.0,0.0,14:30:00,0
2026-08-04 20:05:06.160000+05:30,27.6,80.6,433,0,21.9,64.2,0,956.2,24.7,61.5,457,0,24.6,100.0,400,0,27.3,49.2,420,0,0,0,0,0,29.6,40.8,0,1,0,0,22.137046479195792,27.6,27.6,0.0,33.46422840836637,0.0076180628355009,1000.0,0.02408,0.0010014174068482,21.35236548182022,21.352640554244243,0.0159676379719301,40.8,29.6,1.0,0.0,14:30:00,0
2026-08-04 20:05:06.160000+05:30,27.6,80.6,433,0,21.9,64.2,0,956.2,24.7,61.5,457,0,24.6,100.0,400,0,27.3,49.2,420,0,0,0,0,0,29.6,40.8,0,1,0,0,22.137046479195792,27.6,27.6,0.0,33.46422840836637,0.0076180628355009,1000.0,0.02408,0.0010014174068482,21.35236548182022,21.352640554244243,0.0159676379719301,40.8,29.6,1.0,0.0,14:30:00,0
2026-08-04 20:05:11.159000+05:30,27.6,80.3,458,0,21.9,64.1,0,956.4,24.7,61.2,457,0,24.7,100.0,418,0,27.6,48.6,420,0,0,0,0,0,5.1,57.3,0,1,0,0,22.137046479195792,27.6,27.6,0.0,33.46422840836637,0.0076180628355009,1000.0,0.02408,0.0010014174068482,21.35236548182022,21.352640554244243,0.0159676379719301,40.8,29.6,1.0,0.0,14:30:00,0
2026-08-04 20:05:11.159000+05:30,27.6,80.3,458,0,21.9,64.1,0,956.4,24.7,61.2,457,0,24.7,100.0,418,0,27.6,48.6,420,0,0,0,0,0,5.1,57.3,0,1,0,0,22.137046479195792,27.6,27.6,0.0,33.46422840836637,0.0076180628355009,1000.0,0.02408,0.0010014174068482,21.35236548182022,21.352640554244243,0.0159676379719301,40.8,29.6,1.0,0.0,14:30:00,0
2026-08-04 20:05:16.220000+05:30,27.6,80.4,439,0,21.9,63.9,0,956.3,24.6,60.9,457,0,24.9,100.0,400,0,28.4,47.6,420,0,0,0,0,0,29.6,40.8,0,1,0,0,22.136933407663825,28.4,28.4,0.0,27.6256490887559,0.0076180628355009,420.0,0.02408,0.0010009397292184,21.570218252279865,21.570429551472863,0.0161876331525606,40.8,29.6,1.0,0.0,14:30:00,0
2026-08-04 20:05:16.220000+05:30,27.6,80.4,439,0,21.9,63.9,0,956.3,24.6,60.9,457,0,24.9,100.0,400,0,28.4,47.6,420,0,0,0,0,0,29.6,40.8,0,1,0,0,22.136933407663825,28.4,28.4,0.0,27.6256490887559,0.0076180628355009,420.0,0.02408,0.0010009397292184,21.570218252279865,21.570429551472863,0.0161876331525606,40.8,29.6,1.0,0.0,14:30:00,0
2026-08-04 20:05:21.163000+05:30,27.7,80.3,446,0,21.9,63.9,0,956.3,24.6,60.9,457,0,24.9,100.0,164,0,28.4,47.6,420,0,0,0,0,0,29.6,40.8,16,1,0,0,22.14100270089303,28.4,28.4,16.0,21.83142945347901,0.0076180628355009,422.10805899951686,0.02408,0.0010005767306041,21.77885285810656,21.778940861040844,0.0164008870172243,40.8,29.6,1.0,0.0,14:30:00,0
2026-08-04 20:05:21.163000+05:30,27.7,80.3,446,0,21.9,63.9,0,956.3,24.6,60.9,457,0,24.9,100.0,164,0,28.4,47.6,420,0,0,0,0,0,29.6,40.8,16,1,0,0,22.14100270089303,28.4,28.4,16.0,21.83142945347901,0.0076180628355009,422.10805899951686,0.02408,0.0010005767306041,21.77885285810656,21.778940861040844,0.0164008870172243,40.8,29.6,1.0,0.0,14:30:00,0
2026-08-04 20:05:26.179000+05:30,27.7,80.3,446,0,21.9,63.9,0,956.3,24.6,60.9,457,0,24.9,100.0,164,0,28.4,47.6,420,0,0,0,0,0,29.6,40.8,16,1,0,0,22.140971705472914,29.2,29.2,0.0,22.1222834808699,0.0076180628355009,422.91514981733405,0.02408,0.0010004480461703,21.8257607274098,21.825815084443583,0.0164491821899257,40.8,29.6,1.0,0.0,14:30:00,0
2026-08-04 20:05:26.179000+05:30,27.7,80.3,446,0,21.9,63.9,0,956.3,24.6,60.9,457,0,24.9,100.0,164,0,28.4,47.6,420,0,0,0,0,0,29.6,40.8,16,1,0,0,22.140971705472914,29.2,29.2,0.0,22.1222834808699,0.0076180628355009,422.91514981733405,0.02408,0.0010004480461703,21.8257607274098,21.825815084443583,0.0164491821899257,40.8,29.6,1.0,0.0,14:30:00,0
2026-08-04 20:05:31.369000+05:30,27.7,80.2,439,0,21.9,63.7,0,956.3,24.5,60.8,457,0,24.8,100.0,439,0,29.2,46.5,420,0,0,0,0,0,29.6,40.8,0,1,0,0,22.1451052660532,29.4,29.4,0.0,21.96618497217379,0.0076180628355009,423.074508272234,0.02408,0.0010003618316204,21.85423565472009,21.854269766055182,0.0164785620245155,40.8,29.6,1.0,0.0,14:30:00,0
2026-08-04 20:05:31.369000+05:30,27.7,80.2,439,0,21.9,63.7,0,956.3,24.5,60.8,457,0,24.8,100.0,439,0,29.2,46.5,420,0,0,0,0,0,29.6,40.8,0,1,0,0,22.1451052660532,29.4,29.4,0.0,21.96618497217379,0.0076180628355009,423.074508272234,0.02408,0.0010003618316204,21.85423565472009,21.854269766055182,0.0164785620245155,40.8,29.6,1.0,0.0,14:30:00,0
2026-08-04 20:05:36.370000+05:30,27.8,80.1,477,0,21.9,63.5,0,956.3,24.4,60.7,457,0,24.8,100.0,144,0,29.4,45.6,420,0,0,0,0,0,29.6,40.8,0,1,0,0,22.145092584499075,29.6,29.6,0.0,21.91344167032271,0.0076180628355009,423.33681467075365,0.02408,0.0010003100736843,21.871279383924,21.871301347400085,0.0164961701073276,40.8,29.6,1.0,0.0,14:30:00,0
2026-08-04 20:05:36.370000+05:30,27.8,80.1,477,0,21.9,63.5,0,956.3,24.4,60.7,457,0,24.8,100.0,144,0,29.4,45.6,420,0,0,0,0,0,29.6,40.8,0,1,0,0,22.145092584499075,29.6,29.6,0.0,21.91344167032271,0.0076180628355009,423.33681467075365,0.02408,0.0010003100736843,21.871279383924,21.871301347400085,0.0164961701073276,40.8,29.6,1.0,0.0,14:30:00,0
2026-08-04 20:05:41.369000+05:30,27.8,79.9,437,0,21.9,63.2,0,956.3,24.4,60.6,457,0,24.8,100.0,412,0,29.6,45.0,420,0,0,0,0,0,29.6,40.8,0,1,0,0,22.145074337450083,29.9,29.9,0.0,22.482576571654644,0.0076180628355009,424.3523874387504,0.02408,0.0010002356009827,21.881520358623977,21.881534565689783,0.0165067583729489,40.8,29.6,1.0,0.0,14:30:00,0
2026-08-04 20:05:41.369000+05:30,27.8,79.9,437,0,21.9,63.2,0,956.3,24.4,60.6,457,0,24.8,100.0,412,0,29.6,45.0,420,0,0,0,0,0,29.6,40.8,0,1,0,0,22.145074337450083,29.9,29.9,0.0,22.482576571654644,0.0076180628355009,424.3523874387504,0.02408,0.0010002356009827,21.881520358623977,21.881534565689783,0.0165067583729489,40.8,29.6,1.0,0.0,14:30:00,0
2026-08-04 20:05:46.369000+05:30,27.8,79.8,428,0,21.9,62.6,0,956.3,24.2,60.3,457,0,24.9,100.0,426,0,29.9,44.5,420,0,0,0,0,0,29.6,40.8,0,1,0,0,22.145074337450083,29.9,29.9,0.0,22.482576571654644,0.0076180628355009,424.3523874387504,0.02408,0.0010002356009827,21.881520358623977,21.881534565689783,0.0165067583729489,40.8,29.6,1.0,0.0,14:30:00,0
2026-08-04 20:05:46.369000+05:30,27.8,79.8,428,0,21.9,62.6,0,956.3,24.2,60.3,457,0,24.9,100.0,426,0,29.9,44.5,420,0,0,0,0,0,29.6,40.8,0,1,0,0,22.145074337450083,29.9,29.9,0.0,22.482576571654644,0.0076180628355009,424.3523874387504,0.02408,0.0010002356009827,21.881520358623977,21.881534565689783,0.0165067583729489,40.8,29.6,1.0,0.0,14:30:00,0
2026-08-04 20:05:51.369000+05:30,27.6,79.8,444,0,21.9,62.6,0,956.3,24.2,60.3,457,0,24.9,100.0,400,0,29.9,44.5,420,0,0,0,0,0,29.6,40.8,0,1,0,0,22.1368398223542,29.9,29.9,0.0,21.883492788311845,0.0076180628355009,423.5422922021389,0.02408,0.0010005443723314,21.890326656936185,21.89033645770904,0.0165158682295637,40.8,29.6,1.0,0.0,14:30:00,0
2026-08-04 20:05:51.369000+05:30,27.6,79.8,444,0,21.9,62.6,0,956.3,24.2,60.3,457,0,24.9,100.0,400,0,29.9,44.5,420,0,0,0,0,0,29.6,40.8,0,1,0,0,22.1368398223542,29.9,29.9,0.0,21.883492788311845,0.0076180628355009,423.5422922021389,0.02408,0.0010005443723314,21.890326656936185,21.89033645770904,0.0165158682295637,40.8,29.6,1.0,0.0,14:30:00,0
2026-08-04 20:05:56.370000+05:30,27.6,79.9,421,0,21.9,62.5,0,956.3,24.1,60.4,400,0,25.1,100.0,423,0,30.1,44.3,400,0,0,0,0,0,29.6,40.8,0,1,0,0,22.13680629592656,30.1,30.1,0.0,22.456184092644072,0.0076180628355009,425.3596369347152,0.02408,0.0010004027378792,21.892115156849545,21.89212231315473,0.0165177189361276,40.8,29.6,1.0,0.0,14:30:00,0
2026-08-04 20:05:56.370000+05:30,27.6,79.9,421,0,21.9,62.5,0,956.3,24.1,60.4,400,0,25.1,100.0,423,0,30.1,44.3,400,0,0,0,0,0,29.6,40.8,0,1,0,0,22.13680629592656,30.1,30.1,0.0,22.456184092644072,0.0076180628355009,425.3596369347152,0.02408,0.0010004027378792,21.892115156849545,21.89212231315473,0.0165177189361276,40.8,29.6,1.0,0.0,14:30:00,0
2026-08-04 20:06:01.370000+05:30,27.6,79.9,421,0,21.9,62.5,0,956.3,24.1,60.4,400,0,25.1,100.0,423,0,30.1,44.3,400,0,0,0,0,0,29.6,40.8,0,1,0,0,22.13274944817768,30.3,30.3,0.0,22.92977982117292,0.0076180628355009,425.7104002315639,0.02408,0.001000822627164,21.89260085752914,21.89260973575688,0.0165182215626066,40.8,29.6,1.0,0.0,14:30:00,0
2026-08-04 20:06:01.370000+05:30,27.6,79.9,421,0,21.9,62.5,0,956.3,24.1,60.4,400,0,25.1,100.0,423,0,30.1,44.3,400,0,0,0,0,0,29.6,40.8,0,1,0,0,22.13274944817768,30.3,30.3,0.0,22.92977982117292,0.0076180628355009,425.7104002315639,0.02408,0.001000822627164,21.89260085752914,21.89260973575688,0.0165182215626066,40.8,29.6,1.0,0.0,14:30:00,0
2026-08-04 20:06:06.370000+05:30,27.5,80.0,403,0,21.9,62.5,0,956.3,24.0,60.5,400,0,25.1,100.0,65535,0,30.3,44.1,400,0,0,0,0,0,29.6,40.8,0,1,0,0,22.13267889126276,30.5,30.5,0.0,21.89394367312392,0.0076180628355009,423.9914615666863,0.02408,0.0010005192324298,21.893079208684355,21.89308551067186,0.0165187165969781,40.8,29.6,1.0,0.0,14:30:00,0
2026-08-04 20:06:06.370000+05:30,27.5,80.0,403,0,21.9,62.5,0,956.3,24.0,60.5,400,0,25.1,100.0,65535,0,30.3,44.1,400,0,0,0,0,0,29.6,40.8,0,1,0,0,22.13267889126276,30.5,30.5,0.0,21.89394367312392,0.0076180628355009,423.9914615666863,0.02408,0.0010005192324298,21.893079208684355,21.89308551067186,0.0165187165969781,40.8,29.6,1.0,0.0,14:30:00,0
2026-08-04 20:06:11.371000+05:30,27.5,80.1,446,0,21.9,62.3,0,956.3,24.0,60.6,400,0,25.2,100.0,427,0,30.5,44.0,400,0,0,0,0,0,29.6,40.8,0,1,0,0,22.13265132942949,30.9,30.9,0.0,22.460142915615165,0.0076180628355009,425.7612515004979,0.02408,0.0010004007165467,21.89336082540122,21.89336598231008,0.0165190080417832,40.8,29.6,1.0,0.0,14:30:00,0
2026-08-04 20:06:11.371000+05:30,27.5,80.1,446,0,21.9,62.3,0,956.3,24.0,60.6,400,0,25.2,100.0,427,0,30.5,44.0,400,0,0,0,0,0,29.6,40.8,0,1,0,0,22.13265132942949,30.9,30.9,0.0,22.460142915615165,0.0076180628355009,425.7612515004979,0.02408,0.0010004007165467,21.89336082540122,21.89336598231008,0.0165190080417832,40.8,29.6,1.0,0.0,14:30:00,0
2026-08-04 20:06:16.370000+05:30,27.5,80.2,422,0,21.9,62.1,0,956.3,24.0,60.7,404,0,25.3,100.0,414,0,30.9,43.4,430,0,0,0,0,0,29.6,40.8,0,1,0,0,22.13265132942949,30.9,30.9,0.0,22.460142915615165,0.0076180628355009,425.7612515004979,0.02408,0.0010004007165467,21.89336082540122,21.89336598231008,0.0165190080417832,40.8,29.6,1.0,0.0,14:30:00,0
2026-08-04 20:06:16.370000+05:30,27.5,80.2,422,0,21.9,62.1,0,956.3,24.0,60.7,404,0,25.3,100.0,414,0,30.9,43.4,430,0,0,0,0,0,29.6,40.8,0,1,0,0,22.13265132942949,30.9,30.9,0.0,22.460142915615165,0.0076180628355009,425.7612515004979,0.02408,0.0010004007165467,21.89336082540122,21.89336598231008,0.0165190080417832,40.8,29.6,1.0,0.0,14:30:00,0
2026-08-04 20:06:21.370000+05:30,27.6,80.0,409,0,21.9,61.9,0,956.3,24.1,60.7,400,0,25.4,100.0,424,0,30.9,43.4,402,0,0,0,0,0,29.6,40.8,0,1,0,0,22.13682028738291,30.9,30.9,0.0,22.84418325082113,0.0076180628355009,421.8575104629839,0.02408,0.0010004618456457,21.89395979030389,21.89396520282328,0.0165196279253288,40.8,29.6,1.0,0.0,14:30:00,0
2026-08-04 20:06:21.370000+05:30,27.6,80.0,409,0,21.9,61.9,0,956.3,24.1,60.7,400,0,25.4,100.0,424,0,30.9,43.4,402,0,0,0,0,0,29.6,40.8,0,1,0,0,22.13682028738291,30.9,30.9,0.0,22.84418325082113,0.0076180628355009,421.8575104629839,0.02408,0.0010004618456457,21.89395979030389,21.89396520282328,0.0165196279253288,40.8,29.6,1.0,0.0,14:30:00,0
2026-08-04 20:06:26.371000+05:30,27.7,80.2,435,0,21.9,61.9,0,956.3,24.1,60.7,400,0,25.4,100.0,432,0,31.1,43.2,429,0,0,0,0,0,29.6,40.8,0,1,0,0,22.14093751943484,31.1,31.1,0.0,25.105199924887827,0.0076180628355009,421.43382663985903,0.02408,0.0010003061151708,21.89477554034901,21.89478897945917,0.0165204721990366,40.8,29.6,1.0,0.0,14:30:00,0
2026-08-04 20:06:26.371000+05:30,27.7,80.2,435,0,21.9,61.9,0,956.3,24.1,60.7,400,0,25.4,100.0,432,0,31.1,43.2,429,0,0,0,0,0,29.6,40.8,0,1,0,0,22.14093751943484,31.1,31.1,0.0,25.105199924887827,0.0076180628355009,421.43382663985903,0.02408,0.0010003061151708,21.89477554034901,21.89478897945917,0.0165204721990366,40.8,29.6,1.0,0.0,14:30:00,0
2026-08-04 20:06:31.371000+05:30,27.7,80.2,435,0,21.9,61.9,0,956.3,24.1,60.7,400,0,25.4,100.0,432,0,31.1,43.2,429,0,0,0,0,0,29.6,40.8,0,1,0,0,22.141062788358056,31.3,31.3,0.0,22.49624870542946,0.0076180628355009,420.7939509517045,0.02408,0.0010008261971831,21.894935461317843,21.894948677403107,0.0165206377164106,40.8,29.6,1.0,0.0,14:30:00,0
2026-08-04 20:06:31.371000+05:30,27.7,80.2,435,0,21.9,61.9,0,956.3,24.1,60.7,400,0,25.4,100.0,432,0,31.1,43.2,429,0,0,0,0,0,29.6,40.8,0,1,0,0,22.141062788358056,31.3,31.3,0.0,22.49624870542946,0.0076180628355009,420.7939509517045,0.02408,0.0010008261971831,21.894935461317843,21.894948677403107,0.0165206377164106,40.8,29.6,1.0,0.0,14:30:00,0
2026-08-04 20:06:36.371000+05:30,27.7,80.0,415,0,21.9,61.8,0,956.2,24.1,60.6,419,0,25.4,100.0,433,0,31.3,43.0,416,0,0,0,0,0,29.6,40.8,0,1,0,0,22.24113647393896,31.4,31.4,0.0,22.512330376680072,0.0076180628355009,420.7498998444297,0.02408,0.0010011321193879,21.93473823836552,21.934751389030016,0.016561880106344,40.8,29.6,1.0,0.0,14:30:00,0
2026-08-04 20:06:36.371000+05:30,27.7,80.0,415,0,21.9,61.8,0,956.2,24.1,60.6,419,0,25.4,100.0,433,0,31.3,43.0,416,0,0,0,0,0,29.6,40.8,0,1,0,0,22.24113647393896,31.4,31.4,0.0,22.512330376680072,0.0076180628355009,420.7498998444297,0.02408,0.0010011321193879,21.93473823836552,21.934751389030016,0.016561880106344,40.8,29.6,1.0,0.0,14:30:00,0
2026-08-04 20:06:41.371000+05:30,27.8,80.0,425,0,22.0,61.8,0,956.3,24.2,60.5,419,0,25.5,100.0,449,0,31.4,42.7,455,0,0,0,0,0,29.6,40.8,0,1,0,0,22.24104952585953,32.0,32.0,0.0,22.52938668929905,0.0076180628355009,420.7225819984504,0.02408,0.0010007711349478,21.958798398232496,21.95880778021754,0.0165868556737944,40.8,29.6,1.0,0.0,14:30:00,0
2026-08-04 20:06:41.371000+05:30,27.8,80.0,425,0,22.0,61.8,0,956.3,24.2,60.5,419,0,25.5,100.0,449,0,31.4,42.7,455,0,0,0,0,0,29.6,40.8,0,1,0,0,22.24104952585953,32.0,32.0,0.0,22.52938668929905,0.0076180628355009,420.7225819984504,0.02408,0.0010007711349478,21.958798398232496,21.95880778021754,0.0165868556737944,40.8,29.6,1.0,0.0,14:30:00,0
2026-08-04 20:06:46.371000+05:30,27.8,79.8,424,0,22.0,61.5,0,956.3,24.3,60.1,404,0,25.6,100.0,440,0,32.0,42.0,410,0,0,0,0,0,29.6,40.8,0,1,0,0,22.24104952585953,32.0,32.0,0.0,22.52938668929905,0.0076180628355009,420.7225819984504,0.02408,0.0010007711349478,21.958798398232496,21.95880778021754,0.0165868556737944,40.8,29.6,1.0,0.0,14:30:00,0
2026-08-04 20:06:46.371000+05:30,27.8,79.8,424,0,22.0,61.5,0,956.3,24.3,60.1,404,0,25.6,100.0,440,0,32.0,42.0,410,0,0,0,0,0,29.6,40.8,0,1,0,0,22.24104952585953,32.0,32.0,0.0,22.52938668929905,0.0076180628355009,420.7225819984504,0.02408,0.0010007711349478,21.958798398232496,21.95880778021754,0.0165868556737944,40.8,29.6,1.0,0.0,14:30:00,0
2026-08-04 20:06:51.371000+05:30,27.8,79.5,412,0,22.0,61.4,0,956.2,24.4,59.9,400,0,25.6,100.0,451,0,32.2,41.8,417,0,0,0,0,0,29.6,40.8,0,1,0,0,22.24099077219621,32.2,32.2,0.0,22.55674024947853,0.0076180628355009,420.83660167185474,0.02408,0.0010005272059456,21.98177274609936,21.9817793927304,0.0166107359416926,40.8,29.6,1.0,0.0,14:30:00,0
2026-08-04 20:06:51.371000+05:30,27.8,79.5,412,0,22.0,61.4,0,956.2,24.4,59.9,400,0,25.6,100.0,451,0,32.2,41.8,417,0,0,0,0,0,29.6,40.8,0,1,0,0,22.24099077219621,32.2,32.2,0.0,22.55674024947853,0.0076180628355009,420.83660167185474,0.02408,0.0010005272059456,21.98177274609936,21.9817793927304,0.0166107359416926,40.8,29.6,1.0,0.0,14:30:00,0
2026-08-04 20:06:56.371000+05:30,27.7,79.4,428,0,22.0,61.4,0,956.2,24.4,59.7,421,0,25.6,100.0,455,0,32.2,41.8,460,0,0,0,0,0,29.6,40.8,0,1,0,0,22.23689311009518,32.2,32.2,0.0,22.54857112627573,0.0076180628355009,466.9197497478843,0.02408,0.0010007694896652,21.986401204815543,21.986409258645825,0.0166155506748426,40.8,29.6,1.0,0.0,14:30:00,0
2026-08-04 20:06:56.371000+05:30,27.7,79.4,428,0,22.0,61.4,0,956.2,24.4,59.7,421,0,25.6,100.0,455,0,32.2,41.8,460,0,0,0,0,0,29.6,40.8,0,1,0,0,22.23689311009518,32.2,32.2,0.0,22.54857112627573,0.0076180628355009,466.9197497478843,0.02408,0.0010007694896652,21.986401204815543,21.986409258645825,0.0166155506748426,40.8,29.6,1.0,0.0,14:30:00,0
2026-08-04 20:07:01.391000+05:30,27.7,79.4,428,0,22.0,61.4,0,956.2,24.4,59.7,421,0,25.6,100.0,455,0,32.2,41.8,460,0,0,0,0,0,29.6,40.8,0,1,0,0,22.23279165541799,32.4,32.4,0.0,26.09159823950985,0.0076180628355009,420.0,0.02408,0.0010010041182973,21.98884213348731,21.98885143575093,0.016618090348722,40.8,29.6,1.0,0.0,14:30:00,0
2026-08-04 20:07:01.391000+05:30,27.7,79.4,428,0,22.0,61.4,0,956.2,24.4,59.7,421,0,25.6,100.0,455,0,32.2,41.8,460,0,0,0,0,0,29.6,40.8,0,1,0,0,22.23279165541799,32.4,32.4,0.0,26.09159823950985,0.0076180628355009,420.0,0.02408,0.0010010041182973,21.98884213348731,21.98885143575093,0.016618090348722,40.8,29.6,1.0,0.0,14:30:00,0
2026-08-04 20:07:06.390000+05:30,27.6,79.5,438,0,22.0,61.4,0,956.2,24.4,59.7,444,0,25.7,100.0,446,0,32.4,41.5,433,0,0,0,0,0,29.6,40.8,0,1,0,0,22.232707031257647,32.6,32.6,0.0,27.599986200006764,0.0076180628355009,420.32373615033134,0.02408,0.0010006402344078,21.99054400579661,21.990615144138616,0.0166198612764587,40.8,29.6,1.0,0.0,14:30:00,0
2026-08-04 20:07:06.390000+05:30,27.6,79.5,438,0,22.0,61.4,0,956.2,24.4,59.7,444,0,25.7,100.0,446,0,32.4,41.5,433,0,0,0,0,0,29.6,40.8,0,1,0,0,22.232707031257647,32.6,32.6,0.0,27.599986200006764,0.0076180628355009,420.32373615033134,0.02408,0.0010006402344078,21.99054400579661,21.990615144138616,0.0166198612764587,40.8,29.6,1.0,0.0,14:30:00,0
2026-08-04 20:07:11.393000+05:30,27.6,79.5,449,0,22.0,61.3,0,956.2,24.5,59.5,483,0,25.7,100.0,435,0,32.6,41.3,452,0,0,0,0,0,29.6,40.8,0,1,0,0,22.232789239413773,33.0,33.0,0.0,27.599986200006605,0.0076180628355009,421.934003739198,0.02408,0.0010009937294792,21.99133728915239,21.991384802667987,0.0166206868065899,40.8,29.6,1.0,0.0,14:30:00,0
2026-08-04 20:07:11.393000+05:30,27.6,79.5,449,0,22.0,61.3,0,956.2,24.5,59.5,483,0,25.7,100.0,435,0,32.6,41.3,452,0,0,0,0,0,29.6,40.8,0,1,0,0,22.232789239413773,33.0,33.0,0.0,27.599986200006605,0.0076180628355009,421.934003739198,0.02408,0.0010009937294792,21.99133728915239,21.991384802667987,0.0166206868065899,40.8,29.6,1.0,0.0,14:30:00,0
2026-08-04 20:07:16.406000+05:30,27.6,79.8,461,0,22.0,61.0,0,956.3,24.7,59.1,466,0,25.8,100.0,419,0,33.0,40.7,461,0,0,0,0,0,29.6,40.8,0,1,0,0,22.232789239413773,33.0,33.0,0.0,27.599986200006605,0.0076180628355009,421.934003739198,0.02408,0.0010009937294792,21.99133728915239,21.991384802667987,0.0166206868065899,40.8,29.6,1.0,0.0,14:30:00,0
2026-08-04 20:07:16.406000+05:30,27.6,79.8,461,0,22.0,61.0,0,956.3,24.7,59.1,466,0,25.8,100.0,419,0,33.0,40.7,461,0,0,0,0,0,29.6,40.8,0,1,0,0,22.232789239413773,33.0,33.0,0.0,27.599986200006605,0.0076180628355009,421.934003739198,0.02408,0.0010009937294792,21.99133728915239,21.991384802667987,0.0166206868065899,40.8,29.6,1.0,0.0,14:30:00,0
2026-08-04 20:07:21.407000+05:30,27.6,80.0,470,0,22.0,61.0,0,956.3,24.7,59.0,475,0,97.3,50.0,400,0,33.3,40.5,459,0,0,0,0,0,29.6,40.8,0,1,0,0,22.232805146023992,33.3,33.3,0.0,26.20968076666019,0.0076180628355009,425.2773969379123,0.02408,0.0010010621279031,21.992157896717607,21.992194418327173,0.0166215408107236,40.8,29.6,1.0,0.0,14:30:00,0
2026-08-04 20:07:21.407000+05:30,27.6,80.0,470,0,22.0,61.0,0,956.3,24.7,59.0,475,0,97.3,50.0,400,0,33.3,40.5,459,0,0,0,0,0,29.6,40.8,0,1,0,0,22.232805146023992,33.3,33.3,0.0,26.20968076666019,0.0076180628355009,425.2773969379123,0.02408,0.0010010621279031,21.992157896717607,21.992194418327173,0.0166215408107236,40.8,29.6,1.0,0.0,14:30:00,0
2026-08-04 20:07:26.406000+05:30,27.6,80.1,446,0,22.0,60.8,0,956.3,24.8,58.7,494,0,97.3,50.0,405,0,33.3,40.5,480,0,0,0,0,0,29.6,40.8,0,1,0,0,22.23271286440945,33.3,33.3,0.0,27.599986200006605,0.0076180628355009,427.1277234091313,0.02408,0.0010006653169606,21.99252311894611,21.99260772479268,0.0166219209093129,40.8,29.6,1.0,0.0,14:30:00,0
2026-08-04 20:07:26.406000+05:30,27.6,80.1,446,0,22.0,60.8,0,956.3,24.8,58.7,494,0,97.3,50.0,405,0,33.3,40.5,480,0,0,0,0,0,29.6,40.8,0,1,0,0,22.23271286440945,33.3,33.3,0.0,27.599986200006605,0.0076180628355009,427.1277234091313,0.02408,0.0010006653169606,21.99252311894611,21.99260772479268,0.0166219209093129,40.8,29.6,1.0,0.0,14:30:00,0
2026-08-04 20:07:31.471000+05:30,27.6,80.1,446,0,22.0,60.8,0,956.3,24.8,58.7,494,0,97.3,50.0,405,0,33.3,40.5,480,0,0,0,0,0,29.6,40.8,0,1,0,0,22.23265725843093,33.5,33.5,0.0,27.599986200006605,0.0076180628355009,429.7462096581312,0.02408,0.0010004262112529,21.992741187015184,21.992854367704545,0.0166221478635603,40.8,29.6,1.0,0.0,14:30:00,0
2026-08-04 20:07:31.471000+05:30,27.6,80.1,446,0,22.0,60.8,0,956.3,24.8,58.7,494,0,97.3,50.0,405,0,33.3,40.5,480,0,0,0,0,0,29.6,40.8,0,1,0,0,22.23265725843093,33.5,33.5,0.0,27.599986200006605,0.0076180628355009,429.7462096581312,0.02408,0.0010004262112529,21.992741187015184,21.992854367704545,0.0166221478635603,40.8,29.6,1.0,0.0,14:30:00,0
2026-08-04 20:07:36.471000+05:30,27.6,80.1,459,0,22.0,60.8,0,956.3,24.8,58.7,509,0,97.3,50.0,563,0,33.5,40.2,466,0,0,0,0,0,29.6,40.8,0,1,0,0,22.23692325959239,33.8,33.8,0.0,26.70454325256715,0.0076180628355009,482.3630342182624,0.02408,0.0010008968580675,21.9930047692269,21.993077799665144,0.0166224221903773,40.8,29.6,1.0,0.0,14:30:00,0
2026-08-04 20:07:36.471000+05:30,27.6,80.1,459,0,22.0,60.8,0,956.3,24.8,58.7,509,0,97.3,50.0,563,0,33.5,40.2,466,0,0,0,0,0,29.6,40.8,0,1,0,0,22.23692325959239,33.8,33.8,0.0,26.70454325256715,0.0076180628355009,482.3630342182624,0.02408,0.0010008968580675,21.9930047692269,21.993077799665144,0.0166224221903773,40.8,29.6,1.0,0.0,14:30:00,0
2026-08-04 20:07:41.537000+05:30,27.7,80.1,479,0,22.0,60.6,0,956.3,24.9,58.3,475,0,25.9,100.0,473,0,33.8,40.0,471,0,0,0,0,0,29.6,40.8,0,1,0,0,22.23684403197146,34.5,34.5,0.0,22.630211934281995,0.0076180628355009,459.5980465616985,0.02408,0.001000562156118,21.99330302886912,21.99334790675089,0.0166227326131518,40.8,29.6,1.0,0.0,14:30:00,0
2026-08-04 20:07:41.537000+05:30,27.7,80.1,479,0,22.0,60.6,0,956.3,24.9,58.3,475,0,25.9,100.0,473,0,33.8,40.0,471,0,0,0,0,0,29.6,40.8,0,1,0,0,22.23684403197146,34.5,34.5,0.0,22.630211934281995,0.0076180628355009,459.5980465616985,0.02408,0.001000562156118,21.99330302886912,21.99334790675089,0.0166227326131518,40.8,29.6,1.0,0.0,14:30:00,0
2026-08-04 20:07:46.537000+05:30,27.7,80.0,444,0,22.0,60.4,0,956.3,25.0,57.8,497,0,26.0,100.0,467,0,34.5,39.1,400,0,0,0,0,0,29.6,40.8,0,1,0,0,22.23684403197146,34.5,34.5,0.0,22.630211934281995,0.0076180628355009,459.5980465616985,0.02408,0.001000562156118,21.99330302886912,21.99334790675089,0.0166227326131518,40.8,29.6,1.0,0.0,14:30:00,0
2026-08-04 20:07:46.537000+05:30,27.7,80.0,444,0,22.0,60.4,0,956.3,25.0,57.8,497,0,26.0,100.0,467,0,34.5,39.1,400,0,0,0,0,0,29.6,40.8,0,1,0,0,22.23684403197146,34.5,34.5,0.0,22.630211934281995,0.0076180628355009,459.5980465616985,0.02408,0.001000562156118,21.99330302886912,21.99334790675089,0.0166227326131518,40.8,29.6,1.0,0.0,14:30:00,0
2026-08-04 20:07:51.603000+05:30,27.7,79.8,431,0,22.1,60.4,0,956.3,25.0,57.7,482,0,97.4,50.0,426,0,34.9,38.6,400,0,0,0,0,0,29.6,40.8,0,1,0,0,22.332615193019887,34.9,34.9,0.0,22.6449081861947,0.0076180628355009,440.37623605557167,0.02408,0.0010002453299855,22.03288995936284,22.03290783270081,0.0166639805296226,40.8,29.6,1.0,0.0,14:30:00,0
2026-08-04 20:07:51.603000+05:30,27.7,79.8,431,0,22.1,60.4,0,956.3,25.0,57.7,482,0,97.4,50.0,426,0,34.9,38.6,400,0,0,0,0,0,29.6,40.8,0,1,0,0,22.332615193019887,34.9,34.9,0.0,22.6449081861947,0.0076180628355009,440.37623605557167,0.02408,0.0010002453299855,22.03288995936284,22.03290783270081,0.0166639805296226,40.8,29.6,1.0,0.0,14:30:00,0
2026-08-04 20:07:56.603000+05:30,27.7,79.8,448,0,22.1,60.3,0,956.3,25.1,57.4,467,0,26.1,50.0,407,0,35.1,38.1,400,0,0,0,0,0,29.6,40.8,0,1,0,0,22.332613667503225,35.1,35.1,0.0,22.65002060512697,0.0076180628355009,442.11256880353153,0.02408,0.0010002387702638,22.056467624841417,22.056479814362355,0.0166885914839784,40.8,29.6,1.0,0.0,14:30:00,0
2026-08-04 20:07:56.603000+05:30,27.7,79.8,448,0,22.1,60.3,0,956.3,25.1,57.4,467,0,26.1,50.0,407,0,35.1,38.1,400,0,0,0,0,0,29.6,40.8,0,1,0,0,22.332613667503225,35.1,35.1,0.0,22.65002060512697,0.0076180628355009,442.11256880353153,0.02408,0.0010002387702638,22.056467624841417,22.056479814362355,0.0166885914839784,40.8,29.6,1.0,0.0,14:30:00,0
2026-08-04 20:08:01.685000+05:30,27.7,79.8,448,0,22.1,60.3,0,956.3,25.1,57.4,467,0,26.1,50.0,407,0,35.1,38.1,400,0,0,0,0,0,29.6,40.8,0,1,0,0,22.332595301589546,35.1,35.1,0.0,25.91681570109553,0.0076180628355009,443.0485097533524,0.02408,0.001000159796835,22.070676830312728,22.07070129392003,0.016703439297736,40.8,29.6,1.0,0.0,14:30:00,0
2026-08-04 20:08:01.685000+05:30,27.7,79.8,448,0,22.1,60.3,0,956.3,25.1,57.4,467,0,26.1,50.0,407,0,35.1,38.1,400,0,0,0,0,0,29.6,40.8,0,1,0,0,22.332595301589546,35.1,35.1,0.0,25.91681570109553,0.0076180628355009,443.0485097533524,0.02408,0.001000159796835,22.070676830312728,22.07070129392003,0.016703439297736,40.8,29.6,1.0,0.0,14:30:00,0
2026-08-04 20:08:06.685000+05:30,27.7,79.8,409,0,22.1,60.2,0,956.4,25.1,57.2,485,0,26.1,100.0,446,0,35.1,38.1,400,0,0,0,0,0,29.6,40.8,0,1,0,0,22.336746177898394,35.3,35.3,0.0,22.687601360238133,0.0076180628355009,445.1206310116461,0.02408,0.0010001487655777,22.07950219696677,22.07951796080352,0.016712667326918,40.8,29.6,1.0,0.0,14:30:00,0
2026-08-04 20:08:06.685000+05:30,27.7,79.8,409,0,22.1,60.2,0,956.4,25.1,57.2,485,0,26.1,100.0,446,0,35.1,38.1,400,0,0,0,0,0,29.6,40.8,0,1,0,0,22.336746177898394,35.3,35.3,0.0,22.687601360238133,0.0076180628355009,445.1206310116461,0.02408,0.0010001487655777,22.07950219696677,22.07951796080352,0.016712667326918,40.8,29.6,1.0,0.0,14:30:00,0
2026-08-04 20:08:11.686000+05:30,27.8,79.7,436,0,22.1,60.2,0,956.4,25.1,57.2,464,0,26.1,100.0,436,0,35.3,37.7,410,0,0,0,0,0,29.6,40.8,0,1,0,0,22.336740455204307,35.5,35.5,0.0,22.698254090754133,0.0076180628355009,446.0228948297488,0.02408,0.0010001245897051,22.08478997642392,22.08480041726343,0.0167181985760367,40.8,29.6,1.0,0.0,14:30:00,0
2026-08-04 20:08:11.686000+05:30,27.8,79.7,436,0,22.1,60.2,0,956.4,25.1,57.2,464,0,26.1,100.0,436,0,35.3,37.7,410,0,0,0,0,0,29.6,40.8,0,1,0,0,22.336740455204307,35.5,35.5,0.0,22.698254090754133,0.0076180628355009,446.0228948297488,0.02408,0.0010001245897051,22.08478997642392,22.08480041726343,0.0167181985760367,40.8,29.6,1.0,0.0,14:30:00,0
2026-08-04 20:08:16.685000+05:30,27.8,79.6,444,0,22.1,59.8,0,956.3,25.2,56.7,408,0,26.2,100.0,400,0,35.5,37.2,402,0,0,0,0,0,29.6,40.8,0,1,0,0,22.336740455204307,35.5,35.5,0.0,22.698254090754133,0.0076180628355009,446.0228948297488,0.02408,0.0010001245897051,22.08478997642392,22.08480041726343,0.0167181985760367,40.8,29.6,1.0,0.0,14:30:00,0
2026-08-04 20:08:16.685000+05:30,27.8,79.6,444,0,22.1,59.8,0,956.3,25.2,56.7,408,0,26.2,100.0,400,0,35.5,37.2,402,0,0,0,0,0,29.6,40.8,0,1,0,0,22.336740455204307,35.5,35.5,0.0,22.698254090754133,0.0076180628355009,446.0228948297488,0.02408,0.0010001245897051,22.08478997642392,22.08480041726343,0.0167181985760367,40.8,29.6,1.0,0.0,14:30:00,0
2026-08-04 20:08:21.686000+05:30,27.7,79.5,435,0,22.1,59.8,0,956.3,25.3,56.5,450,0,26.3,100.0,415,0,35.5,37.0,417,0,0,0,0,0,29.6,40.8,0,1,0,0,22.332602424616784,35.5,35.5,0.0,22.695433814757767,0.0078805163278957,442.65330213868975,0.02408,0.0010001904258521,22.090128513559165,22.09013474895597,0.0167237846016803,40.8,29.6,1.0,0.0,14:30:00,0
2026-08-04 20:08:21.686000+05:30,27.7,79.5,435,0,22.1,59.8,0,956.3,25.3,56.5,450,0,26.3,100.0,415,0,35.5,37.0,417,0,0,0,0,0,29.6,40.8,0,1,0,0,22.332602424616784,35.5,35.5,0.0,22.695433814757767,0.0078805163278957,442.65330213868975,0.02408,0.0010001904258521,22.090128513559165,22.09013474895597,0.0167237846016803,40.8,29.6,1.0,0.0,14:30:00,0
2026-08-04 20:08:26.686000+05:30,27.7,79.5,464,0,22.1,59.5,0,956.3,25.3,56.3,462,0,26.3,100.0,400,0,35.6,36.9,400,0,0,0,0,0,29.6,40.8,0,1,0,0,22.332733412293948,35.6,35.6,0.0,22.13594663533857,0.0086817024277093,442.9796603874474,0.02408,0.0010007536728639,22.093456562834177,22.093465391561423,0.0167272677908062,40.8,29.6,1.0,0.0,14:30:00,0
2026-08-04 20:08:26.686000+05:30,27.7,79.5,464,0,22.1,59.5,0,956.3,25.3,56.3,462,0,26.3,100.0,400,0,35.6,36.9,400,0,0,0,0,0,29.6,40.8,0,1,0,0,22.332733412293948,35.6,35.6,0.0,22.13594663533857,0.0086817024277093,442.9796603874474,0.02408,0.0010007536728639,22.093456562834177,22.093465391561423,0.0167272677908062,40.8,29.6,1.0,0.0,14:30:00,0
2026-08-04 20:08:31.686000+05:30,27.7,79.5,464,0,22.1,59.5,0,956.3,25.3,56.3,462,0,26.3,100.0,400,0,35.6,36.9,400,0,0,0,0,0,29.6,40.8,0,1,0,0,22.33274527477402,35.6,35.6,0.0,22.1440378358008,0.009784616096642,443.875089909421,0.02408,0.0010008046815282,22.098638587906223,22.098647319482826,0.0167326926883793,40.8,29.6,1.0,0.0,14:30:00,0
2026-08-04 20:08:31.686000+05:30,27.7,79.5,464,0,22.1,59.5,0,956.3,25.3,56.3,462,0,26.3,100.0,400,0,35.6,36.9,400,0,0,0,0,0,29.6,40.8,0,1,0,0,22.33274527477402,35.6,35.6,0.0,22.1440378358008,0.009784616096642,443.875089909421,0.02408,0.0010008046815282,22.098638587906223,22.098647319482826,0.0167326926883793,40.8,29.6,1.0,0.0,14:30:00,0
2026-08-04 20:08:36.686000+05:30,27.7,79.5,455,0,22.1,59.4,0,956.3,25.3,56.0,447,0,115.2,100.0,433,0,35.6,36.8,412,0,0,0,0,0,29.6,40.8,0,1,0,0,22.428661214242734,35.6,35.6,0.0,22.704409271919967,0.0097786815285343,444.5169366032281,0.02408,0.0010011203707209,22.14094006601896,22.140950355357127,0.0167770363917178,40.8,29.6,1.0,0.0,14:30:00,0
2026-08-04 20:08:36.686000+05:30,27.7,79.5,455,0,22.1,59.4,0,956.3,25.3,56.0,447,0,115.2,100.0,433,0,35.6,36.8,412,0,0,0,0,0,29.6,40.8,0,1,0,0,22.428661214242734,35.6,35.6,0.0,22.704409271919967,0.0097786815285343,444.5169366032281,0.02408,0.0010011203707209,22.14094006601896,22.140950355357127,0.0167770363917178,40.8,29.6,1.0,0.0,14:30:00,0
2026-08-04 20:08:41.686000+05:30,27.7,79.6,454,0,22.2,59.3,0,956.3,25.4,55.9,456,0,26.4,100.0,65535,0,35.6,36.8,416,0,0,0,0,0,29.6,40.8,0,1,0,0,22.428661214242734,35.6,35.6,0.0,22.704409271919967,0.0097786815285343,444.5169366032281,0.02408,0.0010011203707209,22.14094006601896,22.140950355357127,0.0167770363917178,40.8,29.6,1.0,0.0,14:30:00,0
2026-08-04 20:08:41.686000+05:30,27.7,79.6,454,0,22.2,59.3,0,956.3,25.4,55.9,456,0,26.4,100.0,65535,0,35.6,36.8,416,0,0,0,0,0,29.6,40.8,0,1,0,0,22.428661214242734,35.6,35.6,0.0,22.704409271919967,0.0097786815285343,444.5169366032281,0.02408,0.0010011203707209,22.14094006601896,22.140950355357127,0.0167770363917178,40.8,29.6,1.0,0.0,14:30:00,0
2026-08-04 20:08:46.686000+05:30,27.6,79.6,461,0,22.2,59.3,0,956.3,25.4,55.9,440,0,26.4,100.0,433,0,35.6,36.7,423,0,0,0,0,0,29.6,40.8,0,1,0,0,22.42441979267698,35.6,35.6,0.0,22.16682971454683,0.0096642396474642,444.6731644838681,0.02408,0.0010007460384558,22.16577382488077,22.16578127020619,0.0168031186274877,40.8,29.6,1.0,0.0,14:30:00,0
2026-08-04 20:08:46.686000+05:30,27.6,79.6,461,0,22.2,59.3,0,956.3,25.4,55.9,440,0,26.4,100.0,433,0,35.6,36.7,423,0,0,0,0,0,29.6,40.8,0,1,0,0,22.42441979267698,35.6,35.6,0.0,22.16682971454683,0.0096642396474642,444.6731644838681,0.02408,0.0010007460384558,22.16577382488077,22.16578127020619,0.0168031186274877,40.8,29.6,1.0,0.0,14:30:00,0
2026-08-04 20:08:51.687000+05:30,27.6,79.6,461,0,22.2,59.3,0,956.3,25.4,55.9,440,0,26.4,100.0,433,0,35.6,36.7,423,0,0,0,0,0,29.6,40.8,0,1,0,0,22.42862030184064,35.4,35.4,0.0,22.195849967565746,0.0098701580340023,445.3128559711036,0.02408,0.0010009412487859,22.190925545376462,22.190965433618352,0.0168295722392442,40.8,29.6,1.0,0.0,14:30:00,0
2026-08-04 20:08:51.687000+05:30,27.6,79.6,461,0,22.2,59.3,0,956.3,25.4,55.9,440,0,26.4,100.0,433,0,35.6,36.7,423,0,0,0,0,0,29.6,40.8,0,1,0,0,22.42862030184064,35.4,35.4,0.0,22.195849967565746,0.0098701580340023,445.3128559711036,0.02408,0.0010009412487859,22.190925545376462,22.190965433618352,0.0168295722392442,40.8,29.6,1.0,0.0,14:30:00,0
2026-08-04 20:08:56.686000+05:30,27.7,79.7,459,0,22.2,59.1,0,956.2,25.4,55.5,455,0,25.8,100.0,443,0,35.4,36.6,427,0,0,0,0,0,29.6,40.8,0,1,0,0,22.42862030184064,35.4,35.4,0.0,22.195849967565746,0.0098701580340023,445.3128559711036,0.02408,0.0010009412487859,22.190925545376462,22.190965433618352,0.0168295722392442,40.8,29.6,1.0,0.0,14:30:00,0
2026-08-04 20:08:56.686000+05:30,27.7,79.7,459,0,22.2,59.1,0,956.2,25.4,55.5,455,0,25.8,100.0,443,0,35.4,36.6,427,0,0,0,0,0,29.6,40.8,0,1,0,0,22.42862030184064,35.4,35.4,0.0,22.195849967565746,0.0098701580340023,445.3128559711036,0.02408,0.0010009412487859,22.190925545376462,22.190965433618352,0.0168295722392442,40.8,29.6,1.0,0.0,14:30:00,0
2026-08-04 20:09:01.694000+05:30,27.6,79.8,462,0,22.2,59.0,0,956.3,25.5,55.4,442,0,26.5,100.0,456,0,35.4,36.7,445,0,0,0,0,0,29.6,40.8,0,1,0,0,,,,,,,,,,,,,,,,,14:30:00,0
2026-08-04 20:09:01.694000+05:30,27.6,79.8,462,0,22.2,59.0,0,956.3,25.5,55.4,442,0,26.5,100.0,456,0,35.4,36.7,445,0,0,0,0,0,29.6,40.8,0,1,0,0,,,,,,,,,,,,,,,,,14:30:00,0
2026-08-04 21:01:35.942000+05:30,27.6,81.7,433,0,22.2,73.8,0,955.8,24.5,73.2,400,0,21.8,80.9,65535,0,18.5,81.2,0,0,0,0,0,0,1.0,90.0,0,1,0,0,22.25179014513602,18.5,18.5,0.0,18.7478465700894,0.0076180628355009,420.0,0.1064336,0.0010022202893362,12.634283860724173,13.029422051338983,0.0090909329575048,90.0,1.0,1.0,0.0,14:30:00,0
2026-08-04 21:01:40.942000+05:30,27.7,81.4,441,0,22.2,73.6,0,955.9,24.5,73.2,434,0,21.8,80.9,65535,0,18.5,81.2,0,0,0,0,0,0,1.0,90.0,0,1,0,0,22.252733014754405,18.4,18.4,0.0,18.866177525822074,0.0076180628355009,420.0,0.1064335999999999,0.0010022436784222,12.6407670740494,13.085939692348408,0.0090948523363845,90.0,1.0,1.0,0.0,14:30:00,0
2026-08-04 21:01:46.157000+05:30,27.8,81.2,440,0,22.2,73.6,0,955.9,24.6,72.7,425,0,21.7,80.8,65535,0,18.4,81.4,0,0,0,0,0,0,1.0,90.0,0,1,0,0,22.25274582265552,18.4,18.4,0.0,18.7373611862069,0.0076180628355009,1000.0,0.1064336,0.0010024871053907,12.643600870157314,13.11536389652575,0.0090965659628246,90.0,1.0,1.0,0.0,14:30:00,0
2026-08-04 21:01:51.156000+05:30,27.8,80.9,419,0,22.2,73.3,0,955.9,24.6,72.1,411,0,21.7,80.6,65535,0,18.4,81.7,0,0,0,0,0,0,1.0,90.0,0,1,0,0,22.154624669986102,18.3,18.3,0.0,19.607620941469484,0.0076180628355009,1000.0,0.1064335999999999,0.0010023965992125,12.643118884572,13.157016951217708,0.0090962744806162,90.0,1.0,1.0,0.0,14:30:00,0
2026-08-04 21:01:56.157000+05:30,27.9,80.7,459,0,22.1,73.1,0,955.9,24.7,71.6,415,0,21.7,80.6,65535,0,18.3,82.0,0,0,0,0,0,0,1.0,90.0,0,1,0,0,22.15462874133903,18.3,18.3,0.0,19.75436912445945,0.0076180628355009,1000.0,0.1064336,0.0010024713110658,12.644857419764044,13.19560149813055,0.0090973259042985,90.0,1.0,1.0,0.0,14:30:00,0
2026-08-04 21:02:01.157000+05:30,27.9,80.4,400,0,22.1,72.9,0,955.9,24.7,71.1,418,0,21.7,80.6,65535,0,18.3,82.2,0,0,0,0,0,0,1.0,90.0,0,1,0,0,22.15467740523436,18.3,18.3,0.0,21.484768692968498,0.0076180628355009,420.0,0.1064335999999999,0.0010033643237502,12.659108651826582,13.298664815590843,0.0091059488110599,90.0,1.0,1.0,0.0,14:30:00,0
2026-08-04 21:02:06.157000+05:30,27.9,80.3,433,0,22.1,72.9,0,955.9,24.7,71.1,429,0,21.7,80.6,65535,0,18.3,82.2,0,0,0,0,0,0,1.0,90.0,0,1,0,0,22.1546912873058,18.2,18.2,0.0,20.98829006364107,0.0076180628355009,420.0,0.1064335999999999,0.0010036190683776,12.662371078340971,13.330939764237009,0.0091079238184227,90.0,1.0,1.0,0.0,14:30:00,0
2026-08-04 21:02:11.158000+05:30,27.9,80.1,453,0,22.1,72.6,0,955.9,24.7,70.5,421,0,21.5,80.1,65535,0,18.2,82.2,400,0,0,0,0,0,1.0,90.0,0,1,0,0,22.054676840455738,18.2,18.2,0.0,22.001022137230507,0.0076180628355009,1000.0,0.1064336,0.001003353959712,12.664391531539763,13.390647749008362,0.009109147152743,90.0,1.0,1.0,0.0,14:30:00,0
2026-08-04 21:02:16.157000+05:30,27.8,80.2,425,0,22.0,72.4,0,955.9,24.8,69.9,400,0,21.5,79.9,65535,0,18.2,82.2,400,0,0,0,0,0,1.0,90.0,0,1,0,0,22.05460533471324,18.1,18.1,0.0,22.69023558183352,0.0076180628355009,1000.0,0.1064336,0.0010020417849543,12.674536076821456,13.495812237968805,0.009115291650945,90.0,1.0,1.0,0.0,14:30:00,0
2026-08-04 21:02:21.157000+05:30,27.8,80.2,421,0,22.0,72.1,0,955.9,24.8,69.5,400,0,21.4,79.7,65535,0,18.1,82.2,400,0,0,0,0,0,1.0,90.0,0,1,0,0,22.05468729224071,18.1,18.1,0.0,24.24362521644103,0.0076180628355009,420.0,0.1064336,0.0010035457564536,12.688542443426666,13.594642156250734,0.009123781342801,90.0,1.0,1.0,0.0,14:30:00,0
2026-08-04 21:02:26.468000+05:30,27.8,80.2,432,0,22.0,71.9,0,955.8,24.8,69.1,427,0,21.4,79.6,65535,0,18.1,82.1,400,0,0,0,0,0,1.0,90.0,0,1,0,0,21.955553007869725,18.0,18.0,0.0,23.23788724376001,0.0076180628355009,1000.0,0.1064336,0.0010021536641361,12.684594347234116,13.63644292622998,0.0091213875622474,90.0,1.0,1.0,0.0,14:30:00,0
2026-08-04 21:02:31.469000+05:30,27.8,80.1,441,0,21.9,71.7,0,955.8,24.9,68.7,414,0,21.4,79.5,65535,0,18.0,82.1,400,0,0,0,0,0,1.0,90.0,0,1,0,0,21.95463372301883,18.0,18.0,0.0,22.62248489573296,0.0076180628355009,420.0,0.1064335999999999,0.0010025627279822,12.67411064662336,13.597004973717135,0.0091150338954419,90.0,1.0,1.0,0.0,14:30:00,0
2026-08-04 21:02:36.517000+05:30,27.7,80.1,422,0,21.9,71.5,0,956.0,24.9,68.4,436,0,21.4,79.5,65535,0,18.0,82.1,400,0,0,0,0,0,1.0,90.0,0,1,0,0,21.953638109462428,17.9,17.9,0.0,22.593221355319145,0.0076180628355009,420.0,0.1064335999999999,0.0010015608925053,12.671472975649968,13.60767019588081,0.0091134359549383,90.0,1.0,1.0,0.0,14:30:00,0
2026-08-04 21:02:41.517000+05:30,27.6,80.2,420,0,21.9,71.5,0,956.0,24.9,68.4,447,0,21.4,79.3,65535,0,17.9,82.1,406,0,0,0,0,0,1.0,90.0,0,1,0,0,21.95386411686664,17.9,17.9,0.0,22.577208527064435,0.0076180628355009,420.0,0.1059221933161012,0.0010009483157104,12.687193126901128,13.620748704759368,0.0091229631718,86.9,1.0,1.0,0.0,14:30:00,0
2026-08-04 21:02:46.583000+05:30,27.6,80.3,421,0,21.9,71.3,0,955.9,24.9,67.9,463,0,21.3,79.1,65535,0,17.9,82.1,400,0,0,0,0,0,1.0,90.0,0,1,0,0,21.952752772099853,17.9,17.9,0.0,22.55446464139997,0.0076180628355009,420.0,0.1064336,0.0010026191865298,12.675129815192903,13.585865397001138,0.0091156513902909,90.0,1.0,1.0,0.0,14:30:00,0
2026-08-04 21:02:51.584000+05:30,27.5,80.4,438,0,21.9,71.2,0,955.9,24.9,67.6,438,0,21.3,79.0,65535,0,17.9,82.2,420,0,0,0,0,0,1.0,86.9,0,1,0,0,21.853639577359104,17.8,17.8,0.0,22.541860409653893,0.0076180628355009,420.0,0.1064336,0.001001588301896,12.664025956592653,13.591598040780584,0.009108925795258,90.0,1.0,1.0,0.0,14:30:00,0
2026-08-04 21:02:56.649000+05:30,27.5,80.5,421,0,21.8,71.0,0,955.9,24.9,67.3,454,0,21.2,78.8,65535,0,17.8,82.2,405,0,0,0,0,0,1.0,90.0,0,1,0,0,21.854549976952825,17.8,17.8,0.0,27.6,0.0076180628355009,1000.0,0.1064336,0.0010010259356907,12.697116772166934,13.8364532628266,0.00912898200699,90.0,0.9,1.0,0.0,14:30:00,0
2026-08-04 21:03:01.649000+05:30,27.6,80.6,422,0,21.8,70.8,0,955.9,25.0,66.9,414,0,21.2,78.6,65535,0,17.8,82.2,405,0,0,0,0,0,1.0,90.0,0,1,0,0,21.85452961069365,17.8,17.8,0.0,25.82696673373317,0.0076180628355009,420.0,0.1064336,0.0010006522021937,12.70165321622901,13.897457225599648,0.0091317346121235,90.0,0.9,1.0,0.0,14:30:00,0
2026-08-04 21:03:06.714000+05:30,27.6,80.7,414,0,21.8,70.7,0,955.9,25.0,66.6,434,0,21.2,78.5,65535,0,17.8,82.2,403,0,0,0,0,0,0.9,90.0,0,1,0,0,21.855522314906008,17.8,17.8,0.0,22.501693706338816,0.0076180628355009,420.0,0.1064336,0.0010015999755559,12.674974484291315,13.739409165971304,0.0091155572758295,90.0,1.0,1.0,0.0,14:30:00,0
2026-08-04 21:03:11.714000+05:30,27.7,80.7,427,0,21.8,70.5,0,955.9,25.0,66.6,449,0,21.2,78.5,65535,0,17.8,82.2,404,0,0,0,0,0,0.9,90.0,0,1,0,0,21.856430233510725,17.7,17.7,0.0,28.006370717318752,0.0076180628355009,1000.0,0.1064336,0.0010010121502311,12.70642834167099,13.944045026427636,0.0091346328474431,90.0,0.9,1.0,0.0,14:30:00,0
2026-08-04 21:03:16.780000+05:30,27.8,80.6,424,0,21.8,70.5,0,955.9,25.0,66.3,409,0,21.2,78.3,65535,0,17.7,82.2,415,0,0,0,0,0,1.0,90.0,0,1,0,0,21.75734821239559,17.7,17.7,0.0,23.33357690573621,0.0076180628355009,1000.0,0.1064336,0.0010006191309552,12.680202066442485,13.836239106283935,0.009118725128814,90.0,0.9,1.0,0.0,14:30:00,0
2026-08-04 21:03:21.781000+05:30,27.8,80.5,466,0,21.7,70.2,0,955.9,25.0,66.0,407,0,21.2,78.3,65535,0,17.7,82.2,400,0,0,0,0,0,0.9,90.0,0,1,0,0,21.75827623827219,17.6,17.6,0.0,24.76970705860929,0.0076180628355009,1000.0,0.1064336,0.0010004112635108,12.67685395862124,13.841273638376183,0.0091166961014087,90.0,0.9,1.0,0.0,14:30:00,0
2026-08-04 21:03:26.825000+05:30,27.9,80.4,434,0,21.7,70.1,0,955.9,25.0,65.7,416,0,21.1,77.9,65535,0,17.6,82.1,400,0,0,0,0,0,0.9,90.0,0,1,0,0,21.758270152005537,17.6,17.6,0.0,25.526623076663267,0.0076180628355009,1000.0,0.1064335999999999,0.0010003067823381,12.680859222018556,13.880509657737283,0.0091191234271709,90.0,0.9,1.0,0.0,14:30:00,0
2026-08-04 21:03:31.826000+05:30,27.9,80.0,430,0,21.7,69.9,0,955.9,25.0,65.3,420,0,21.1,77.8,65535,0,17.6,82.1,423,0,0,0,0,0,0.9,90.0,0,1,0,0,21.66014446601433,17.5,17.5,0.0,26.20555364071072,0.0076180628355009,1000.0,0.1064336,0.0010002175059347,12.68086023332046,13.9294162187963,0.0091191240401274,90.0,0.9,1.0,0.0,14:30:00,0
2026-08-04 21:03:36.868000+05:30,28.0,80.0,400,0,21.6,69.7,0,955.9,25.0,65.1,427,0,21.1,77.6,65535,0,17.5,82.1,428,0,0,0,0,0,0.9,90.0,0,1,0,0,21.66108175042874,17.5,17.5,0.0,29.44765602127502,0.0076180628355009,420.0,0.1064335999999999,0.0010001770142203,12.7059857065399,14.113065965207294,0.0091343641578747,90.0,0.9,1.0,0.0,14:30:00,0
2026-08-04 21:03:41.870000+05:30,28.1,79.8,412,0,21.6,69.7,0,955.9,25.0,65.1,434,0,21.1,77.6,65535,0,17.5,82.1,416,0,0,0,0,0,0.9,90.0,0,1,0,0,21.66108078818323,17.5,17.5,0.0,28.566813045583288,0.0076180628355009,1000.0,0.1064336,0.0010001612580274,12.713051847265152,14.180291218141829,0.0091386543122955,90.0,0.9,1.0,0.0,14:30:00,0
2026-08-04 21:03:46.869000+05:30,28.1,79.6,436,0,21.6,69.5,0,955.9,25.0,64.8,420,0,21.0,77.4,65535,0,17.5,82.1,416,0,0,0,0,0,0.9,90.0,0,1,0,0,21.66201919270041,17.4,17.4,0.0,30.19833074438612,0.0076180628355009,1000.0,0.1064336,0.0010001402951814,12.729589392205828,14.297925218908317,0.0091487020231781,90.0,0.9,1.0,0.0,14:30:00,0
2026-08-04 21:03:51.869000+05:30,28.2,79.3,401,0,21.6,69.3,0,955.9,25.0,64.5,427,0,21.0,77.2,65535,0,17.4,82.0,413,0,0,0,0,0,0.9,90.0,0,1,0,0,21.662019865023414,17.4,17.4,0.0,30.930991437017973,0.0076180628355009,1000.0,0.1064335999999999,0.001000151137266,12.744353664135138,14.402687599942428,0.0091576807166185,90.0,0.9,1.0,0.0,14:30:00,0
2026-08-04 21:03:56.869000+05:30,28.2,79.2,402,0,21.6,69.3,0,955.9,25.0,64.2,416,0,-14.5,38.6,400,0,17.4,82.0,412,0,0,0,0,0,0.9,90.0,0,1,0,0,21.562959663245103,17.3,17.3,0.0,31.803994961871865,0.0076180628355009,1000.0,0.1064335999999999,0.0010001527782035,12.75171682525792,14.499666264491996,0.0091621614766856,90.0,0.9,1.0,0.0,14:30:00,0
2026-08-04 21:04:01.876000+05:30,28.2,79.1,400,0,21.5,69.0,0,955.9,25.0,64.0,417,0,-14.5,77.0,400,0,17.3,82.1,418,0,0,0,0,0,0.9,90.0,0,1,0,0,21.563042622592107,17.3,17.3,0.0,21.69910713249385,0.0076180628355009,479.5621717316354,0.1064335999999999,0.0010014706381968,12.675264397920088,14.046310798323525,0.0091157329342091,90.0,1.0,1.0,0.0,14:30:00,0
2026-08-04 21:04:06.871000+05:30,28.2,79.0,438,0,21.5,69.0,0,955.9,25.0,64.0,425,0,-14.5,77.0,400,0,17.3,82.1,422,0,0,0,0,0,0.9,90.0,0,1,0,0,21.563008852843595,17.3,17.3,0.0,34.137554374128,0.0076180628355009,420.0,0.1064336,0.0010009341850766,12.731702809732816,14.39988898967759,0.0091499867852709,90.0,0.9,1.0,0.0,14:30:00,0
2026-08-04 21:04:11.898000+05:30,28.2,78.9,412,0,21.5,69.0,0,955.9,25.0,63.8,438,0,21.0,76.8,400,0,17.3,82.1,419,0,0,0,0,0,1.0,90.0,0,1,0,0,21.56298887991816,17.3,17.3,0.0,34.813292095793464,0.0076180628355009,420.0,0.1064336,0.0010006169029339,12.767870001106878,14.641532120964673,0.0091719981795499,90.0,0.9,1.0,0.0,14:30:00,0
2026-08-04 21:04:16.898000+05:30,28.2,79.0,409,0,21.5,68.7,0,955.9,25.0,63.5,433,0,21.0,76.6,404,0,17.3,82.2,417,0,0,0,0,0,0.9,90.0,0,1,0,0,21.562981184887303,17.3,17.3,0.0,35.11964157609215,0.0076180628355009,1000.0,0.1064335999999999,0.0010004946626599,12.7901099173889,14.79954979490377,0.0091855569854542,90.0,0.9,1.0,0.0,14:30:00,0
2026-08-04 21:04:21.898000+05:30,28.2,78.9,400,0,21.5,68.7,0,955.9,25.0,63.5,407,0,21.0,76.6,400,0,17.3,82.2,422,0,0,0,0,0,0.9,90.0,0,1,0,0,21.46413388307136,17.3,17.3,0.0,21.80650087151391,0.0076180628355009,490.088655562289,0.1062007933125923,0.001001627832411,12.697359450026294,14.225142647745049,0.0091291292392374,90.0,1.0,1.0,0.0,14:30:00,0
2026-08-04 21:04:26.899000+05:30,28.2,78.9,411,0,21.4,68.5,0,955.9,25.0,63.3,436,0,21.0,76.3,412,0,17.3,82.3,427,0,0,0,0,0,0.9,90.0,0,1,0,0,21.4639543917804,17.3,17.3,0.0,37.01248040012873,0.0076180628355009,420.0,0.1064335999999999,0.0010010141401467,12.75846298144221,14.636010985060164,0.0091662684919181,90.0,0.9,1.0,0.0,14:30:00,0
2026-08-04 21:04:31.955000+05:30,28.2,78.9,462,0,21.4,68.4,0,955.9,25.0,63.0,424,0,21.0,76.1,421,0,17.3,82.3,412,0,0,0,0,0,1.0,90.0,0,1,0,0,21.46706095544952,17.3,17.3,0.0,38.02683214013429,0.0076180628355009,1000.0,0.101464601671955,0.0010006342841803,12.970529046136988,14.889648082149566,0.0092962176637948,68.1,1.6,1.0,0.0,14:30:00,0
2026-08-04 21:04:36.954000+05:30,28.2,78.8,446,0,21.4,68.4,0,955.9,25.0,63.0,400,0,21.0,76.1,408,0,17.3,82.3,415,0,0,0,0,0,0.9,90.0,0,1,0,0,21.47116817043863,17.3,17.3,0.0,38.93051394232529,0.0076180628355009,420.0,0.0955882801763402,0.0010004180905184,13.331246521363456,15.092025975575808,0.0095210573756454,62.6,2.7,1.0,0.0,14:30:00,0
2026-08-04 21:04:42.038000+05:30,28.2,78.8,463,0,21.4,68.2,0,955.9,25.0,62.8,436,0,21.0,75.8,404,0,17.3,82.4,425,0,0,0,0,0,1.6,68.1,0,1,0,0,21.47434491011388,17.2,17.2,0.0,22.075858177252417,0.0076180628355009,608.0255714247709,0.0916015344590089,0.0010014864478894,13.598423173702711,14.796276821314589,0.0096907240582811,60.4,3.5,1.0,0.0,14:30:00,0
2026-08-04 21:04:47.037000+05:30,28.2,78.8,445,0,21.4,68.2,0,955.9,25.0,62.6,411,0,21.0,75.5,400,0,17.2,82.4,415,0,0,0,0,0,2.7,62.6,0,1,0,0,21.38096166683744,17.2,17.2,0.0,40.0,0.0076180628355009,1000.0,0.0843547574739328,0.0010043384956995,14.231349620270915,15.270507153669962,0.0101035323943106,57.3,5.1,1.0,0.0,14:30:00,0
2026-08-04 21:04:52.069000+05:30,28.1,78.9,437,0,21.3,68.0,0,955.9,25.0,62.4,418,0,21.0,75.4,407,0,17.2,82.4,409,0,0,0,0,0,3.5,60.4,0,1,0,0,21.381960365801174,17.2,17.2,0.0,40.0,0.0076180628355009,1000.0,0.083394113953647,0.0010051488360743,14.613788802256533,15.537029386091085,0.010360552303059,56.9,5.4,1.0,0.0,14:30:00,0
2026-08-04 21:04:57.069000+05:30,28.1,78.9,455,0,21.3,68.0,0,955.8,25.0,62.2,421,0,21.0,75.2,434,0,17.2,82.3,414,0,0,0,0,0,5.1,57.3,0,1,0,0,21.389331235889056,17.2,17.2,0.0,40.0,0.0076180628355009,1000.0,0.0754547082679062,0.0010060391557045,15.31700851788505,16.04402432958495,0.0108485268323058,54.4,7.4,1.0,0.0,14:30:00,0
2026-08-04 21:05:02.135000+05:30,28.0,78.9,462,0,21.3,67.8,0,955.8,25.0,62.1,423,0,21.0,75.0,420,0,17.2,82.1,419,0,0,0,0,0,5.4,56.9,0,1,0,0,21.39209542696913,17.2,17.2,0.0,40.0,0.0076180628355009,1000.0,0.0719350877031597,0.0010037716084976,15.927330590366289,16.505814143406624,0.0112886718340626,53.4,8.3,1.0,0.0,14:30:00,0
2026-08-04 21:05:07.135000+05:30,27.9,79.1,425,0,21.3,67.8,0,955.8,25.0,61.9,426,0,21.1,74.8,400,0,17.2,81.8,418,0,0,0,0,0,7.4,54.4,0,1,0,0,21.397801742707955,17.1,17.1,0.0,40.0,0.0076180628355009,1000.0,0.0668876850228421,0.0010064203324514,16.593673535581527,17.02851630869702,0.0117874943329083,52.1,9.8,1.0,0.0,14:30:00,0
2026-08-04 21:05:12.217000+05:30,27.8,79.3,454,0,21.3,67.7,0,955.9,25.0,61.8,418,0,21.1,74.6,417,0,17.1,81.4,409,0,0,0,0,0,8.3,53.4,0,1,0,0,21.31040391555404,17.1,17.1,0.0,21.393869856583773,0.0076180628355009,423.3881583419162,0.0601870501495319,0.0010068009094175,17.34460933080608,17.608815890828797,0.0123733393117135,50.4,11.9,0.0,1.0,14:30:00,0
2026-08-04 21:05:17.217000+05:30,27.8,79.6,456,0,21.2,67.6,0,955.9,25.0,61.6,423,0,21.1,74.3,419,0,17.1,81.1,402,0,0,0,0,0,9.8,52.1,0,1,0,0,21.318178866214847,17.1,17.1,0.0,40.0,0.0076180628355009,1000.0,0.0552505429499073,0.0010045302343961,18.095402838899336,18.28796545174853,0.0129851512046711,49.2,13.5,0.0,1.0,14:30:00,0
2026-08-04 21:05:22.266000+05:30,27.7,79.7,411,0,21.2,67.6,0,955.9,25.0,61.6,413,0,21.1,74.3,421,0,17.1,81.1,400,0,0,0,0,0,11.9,50.4,0,0,1,0,21.324234700516115,17.1,17.1,0.0,40.0,0.0076180628355009,1000.0,0.0516570099959453,0.0010027489322506,18.71122231929194,18.85085453165331,0.0135071752123359,48.4,14.8,0.0,1.0,14:30:00,0
2026-08-04 21:05:27.266000+05:30,27.6,79.9,448,0,21.2,67.5,0,955.8,25.0,61.5,410,0,21.2,74.1,430,0,17.1,80.4,403,0,0,0,0,0,13.5,49.2,0,0,1,0,21.3307645091837,17.1,17.1,0.0,40.0,0.0076180628355009,1000.0,0.0490301317900095,0.001001781424802,19.189224098927586,19.2912277249146,0.0139253337539893,47.7,15.8,0.0,1.0,14:30:00,0
2026-08-04 21:05:32.347000+05:30,27.6,79.9,427,0,21.2,67.4,0,955.9,25.0,61.4,411,0,21.2,73.7,433,0,17.1,79.9,411,0,0,0,0,0,14.8,48.4,0,0,1,0,21.33432640018633,17.1,17.1,0.0,40.0,0.0076180628355009,1000.0,0.046952509816779,0.0010011050195875,19.555283782821043,19.631060940238235,0.014253421934137,47.2,16.7,0.0,1.0,14:30:00,0
2026-08-04 21:05:37.347000+05:30,27.5,80.2,444,0,21.2,67.4,0,955.9,25.0,61.2,402,0,21.3,73.3,418,0,17.1,79.3,414,0,0,0,0,0,15.8,47.7,0,0,1,0,21.33613012274012,17.1,17.1,0.0,40.0,0.0076180628355009,1000.0,0.0463108456235009,0.0010006827141152,19.792746348787936,19.85177884376889,0.0144699662847371,47.1,16.9,0.0,1.0,14:30:00,0
2026-08-04 21:05:42.397000+05:30,27.5,80.4,483,0,21.2,67.3,0,955.8,25.1,61.1,403,0,21.3,73.0,439,0,17.1,78.7,403,0,0,0,0,0,16.7,47.2,0,0,1,0,21.33909843012434,17.1,17.1,0.0,22.80585749148936,0.0076180628355009,541.6830172901398,0.0460302348807284,0.0010004270953381,19.93131541742823,19.9681510751644,0.014597696608279,47.0,17.0,0.0,1.0,14:30:00,0
2026-08-04 21:05:47.398000+05:30,27.6,80.6,479,0,21.2,67.2,0,955.8,25.1,60.9,423,0,21.4,72.6,419,0,17.1,78.1,431,0,0,0,0,0,16.9,47.1,0,0,1,0,21.335006063501304,17.2,17.2,0.0,40.0,0.0076180628355009,420.0,0.0481616113807609,0.0010003245483686,19.92695824310284,19.96575522064521,0.0145936647966721,47.5,16.2,0.0,1.0,14:30:00,0
2026-08-04 21:05:52.462000+05:30,27.7,80.6,456,0,21.2,67.1,0,955.9,25.1,60.8,432,0,21.5,72.2,417,0,17.2,77.7,413,0,0,0,0,0,17.0,47.0,0,0,1,0,21.329216177285605,17.5,17.5,0.0,21.921750538899907,0.0076180628355009,420.0,0.0513590318766186,0.0010055178436645,19.73847843865146,19.76198621247116,0.0144202187601038,48.3,15.0,0.0,1.0,14:30:00,0
2026-08-04 21:05:57.463000+05:30,27.8,80.4,454,0,21.2,67.0,0,955.9,25.1,60.6,408,0,21.5,72.2,430,0,17.5,77.4,422,0,0,0,0,0,16.2,47.5,0,0,1,0,21.33441874064588,17.5,17.5,0.0,22.13292139538241,0.0076180628355009,420.0,0.0496979074400721,0.0010121712319439,19.72200460438444,19.73629633277645,0.0144051477356656,47.9,15.7,0.0,1.0,14:30:00,0
2026-08-04 21:06:02.527000+05:30,27.8,80.2,437,0,21.2,66.9,0,955.9,25.1,60.6,410,0,21.5,72.2,410,0,17.5,77.4,413,0,0,0,0,0,15.0,48.3,0,0,1,0,21.32359807126715,17.8,17.8,0.0,23.160350383176954,0.0076180628355009,554.0521792366922,0.0548423109354424,0.0010117020679781,19.42286096043322,19.433933716955195,0.0141339387969401,49.1,13.8,0.0,1.0,14:30:00,0
2026-08-04 21:06:07.528000+05:30,27.9,80.1,446,0,21.2,66.9,0,955.9,25.1,60.5,422,0,21.5,72.2,407,0,17.8,77.0,425,0,0,0,0,0,15.7,47.9,0,0,1,0,21.31546729219203,18.1,18.1,0.0,21.94884091943665,0.0076180628355009,536.6029792036402,0.059658942704023,0.001013037730746,18.9400603483932,18.95011462443,0.0137059295479793,50.3,12.2,0.0,1.0,14:30:00,0
2026-08-04 21:06:12.594000+05:30,28.0,79.9,426,0,21.2,66.9,0,955.9,25.2,60.4,415,0,21.7,71.2,440,0,18.1,76.2,415,0,0,0,0,0,13.8,49.1,0,0,1,0,21.295734080625586,18.5,18.5,0.0,21.93540632159105,0.0076180628355009,523.4176281944867,0.0706524029723047,0.0010095287824688,17.92309856550994,17.954250831446906,0.0128423831124808,53.1,8.7,1.0,0.0,14:30:00,0
2026-08-04 21:06:17.595000+05:30,27.9,79.7,413,0,21.2,66.8,0,955.9,25.2,60.2,428,0,21.8,70.8,432,0,18.5,75.0,407,0,0,0,0,0,12.2,50.3,0,0,1,0,21.282816517227342,18.9,18.9,0.0,21.93201867127382,0.0076180628355009,586.6334614126777,0.0815207033090649,0.0010076508552209,16.69008791617319,16.777635614857815,0.0118612884261524,56.3,5.9,1.0,0.0,14:30:00,0
2026-08-04 21:06:22.640000+05:30,27.9,79.7,424,0,21.2,66.7,0,955.8,25.3,60.1,431,0,21.9,70.2,446,0,18.9,73.4,404,0,0,0,0,0,8.7,53.1,0,1,0,0,21.273011940996728,19.3,19.3,0.0,21.928952828193705,0.0076180628355009,576.1902912235034,0.0923562547202035,0.0010064342418373,15.458434488908452,15.657494062296008,0.010949122333145,60.7,3.4,1.0,0.0,14:30:00,0
2026-08-04 21:06:27.642000+05:30,27.9,79.7,421,0,21.2,66.6,0,955.8,25.3,59.9,424,0,21.9,69.8,475,0,19.3,71.9,418,0,0,0,0,0,5.9,56.3,0,1,0,0,21.271968267544352,19.3,19.3,0.0,21.261950915137582,0.0076180628355009,420.20189574276185,0.0935723043313628,0.0010051099452031,14.668826259889013,14.934108255076136,0.0103980197327481,61.4,3.1,1.0,0.0,14:30:00,0
2026-08-04 21:06:32.689000+05:30,27.9,79.5,449,0,21.2,66.6,0,955.8,25.3,59.9,432,0,21.9,69.8,496,0,19.3,71.9,400,0,0,0,0,0,3.4,60.7,0,1,0,0,21.264086877679805,19.8,19.8,0.0,21.25889278939453,0.0076180628355009,421.5617175835529,0.1064335999999999,0.0010030878094443,13.77335728923543,14.269360784640222,0.0098032781382293,90.0,1.0,1.0,0.0,14:30:00,0
2026-08-04 21:06:37.689000+05:30,28.0,79.6,467,0,21.2,66.6,0,955.8,25.3,59.8,429,0,21.9,69.8,413,0,19.8,69.7,411,0,0,0,0,0,3.1,61.4,0,1,0,0,21.26409671999331,20.1,20.1,0.0,21.256159879489367,0.0076180628355009,422.4850571401013,0.1064335999999999,0.0010032418613353,13.235456738247578,13.836975000801043,0.0094608796506562,90.0,1.0,1.0,0.0,14:30:00,0
2026-08-04 21:06:42.690000+05:30,28.0,79.6,457,0,21.2,66.3,0,955.9,25.3,59.6,431,0,22.0,68.7,429,0,20.1,68.3,418,0,0,0,0,0,1.0,90.0,0,1,0,0,21.264014291025184,20.3,20.3,0.0,22.154423375655792,0.0076180628355009,423.4561198975686,0.1064336,0.0010019516831262,12.93328841308332,13.666142802101572,0.0092732785581359,90.0,1.0,1.0,0.0,14:30:00,0
2026-08-04 21:06:47.691000+05:30,28.0,79.5,508,0,21.2,66.4,0,955.9,25.3,59.4,442,0,22.0,68.5,412,0,20.3,67.4,435,0,0,0,0,0,1.0,90.0,0,1,0,0,21.2649059947284,20.5,20.5,0.0,23.36956866296629,0.0076180628355009,425.33622281345765,0.1064336,0.001001185316018,12.770595269673372,13.629876344806174,0.0091736587034927,90.0,0.9,1.0,0.0,14:30:00,0
2026-08-04 21:06:52.690000+05:30,28.1,79.4,488,0,21.2,65.9,0,955.9,25.3,59.2,400,0,21.9,68.4,412,0,20.5,67.1,445,0,0,0,0,0,1.0,90.0,0,1,0,0,21.264876110565336,20.6,20.6,0.0,24.66667590832755,0.0076180628355009,422.8946635038395,0.1064336,0.0010007243480386,12.68903268183347,13.675318205118554,0.0091240786198516,90.0,0.9,1.0,0.0,14:30:00,0
2026-08-04 21:06:57.690000+05:30,28.1,79.3,503,0,21.2,65.7,0,955.9,25.3,58.9,406,0,21.9,68.4,435,0,20.6,67.2,464,0,0,0,0,0,0.9,90.0,0,1,0,0,21.26391802233121,20.6,20.6,0.0,24.674409205970587,0.0076180628355009,422.8334045543713,0.1064335999999999,0.0010004448855281,12.64346982285793,13.705973761697852,0.0090964867107536,90.0,0.9,1.0,0.0,14:30:00,0
2026-08-04 21:07:02.690000+05:30,28.0,79.2,491,0,21.2,65.7,0,955.9,25.3,58.9,421,0,21.9,68.4,421,0,20.6,67.2,475,0,0,0,0,0,0.9,90.0,0,1,0,0,21.26390763389977,20.6,20.6,0.0,24.682463133051154,0.0076180628355009,423.37722357836026,0.1064336,0.0010002822857992,12.618168416453669,13.726594269345052,0.0090811970453276,90.0,0.9,1.0,0.0,14:30:00,0
2026-08-04 21:07:07.691000+05:30,28.0,79.3,448,0,21.2,65.5,0,955.9,25.3,58.6,402,0,21.8,68.4,407,0,20.6,67.5,453,0,0,0,0,0,0.9,90.0,0,1,0,0,21.263901146262768,20.6,20.6,0.0,24.68333826671409,0.0078111662664641,421.51884671023214,0.1064336,0.0010001807413048,12.705056134461078,13.830436171727138,0.0091337999096019,90.0,0.9,1.0,0.0,14:30:00,0
2026-08-04 21:07:12.691000+05:30,28.0,79.2,470,0,21.2,65.3,0,955.8,25.3,58.5,416,0,21.8,68.4,423,0,20.6,67.7,464,0,0,0,0,0,0.9,90.0,0,1,0,0,21.34493570304321,20.6,20.6,0.0,25.759832655646065,0.0076180628355009,511.5763570165732,0.0462336,0.0010001342268982,14.205056134461078,15.330436171727138,0.0100860739159508,47.1,17.0,1.0,0.0,14:30:00,0
2026-08-04 21:07:17.910000+05:30,27.9,79.4,470,0,21.2,65.2,0,955.9,25.3,58.3,412,0,21.8,68.3,415,0,20.6,67.9,454,0,0,0,0,0,0.9,90.0,0,1,0,0,21.2620188654701,20.4,20.4,0.0,24.684132273243726,0.0083508824464428,425.0940273403255,0.1064336,0.0010001350181664,13.878541051355342,14.98984933938665,0.0098715176886628,90.0,0.9,1.0,0.0,14:30:00,0
2026-08-04 21:07:23.018000+05:30,27.8,79.2,453,0,21.2,65.0,0,955.9,25.3,58.1,429,0,21.8,68.3,432,0,20.4,68.1,459,0,0,0,0,0,17.0,47.1,0,1,0,0,21.26201626359336,20.3,20.3,0.0,24.68027254672421,0.0085315170927176,425.775120704845,0.1064336,0.0010000930595136,13.780297188155158,14.872480595706422,0.0098077674221184,90.0,0.9,1.0,0.0,14:30:00,0
2026-08-04 21:07:28.018000+05:30,27.8,79.6,477,0,21.2,64.8,0,955.9,25.3,58.0,413,0,21.8,68.3,425,0,20.3,68.5,457,0,0,0,0,0,0.9,90.0,0,1,0,0,21.34061793091624,20.3,20.3,0.0,21.87726357403564,0.0076180628355009,437.416618504462,0.0462336,0.0010001958724321,15.280297188155158,16.37248059570642,0.0108225504165696,47.1,17.0,1.0,0.0,14:30:00,0
2026-08-04 21:07:33.067000+05:30,27.7,79.8,419,0,21.2,64.6,0,955.8,25.2,57.9,431,0,21.8,68.2,413,0,20.3,68.5,457,0,0,0,0,0,0.9,90.0,0,1,0,0,3.913248149461281e+21,20.3,20.3,0.0,24.92825030226964,0.0149994619360578,420.99194264442247,1.6612422767308455e-24,0.0010001312715728,16.78029718815516,17.87248059570642,0.0119307093308034,0.0,100.0,1.0,0.0,14:30:00,0
2026-08-04 21:07:38.067000+05:30,27.7,79.9,470,0,21.2,64.6,0,955.8,25.2,57.9,401,0,21.8,68.2,400,0,20.3,68.4,449,0,0,0,0,0,17.0,47.1,0,1,0,0,21.30845597906263,20.2,20.2,0.0,24.72272826561653,0.0076567683824905,420.0,0.060999239850409,0.0010023836787958,17.39991407723936,18.065463457183085,0.0124175042066623,50.6,11.6,1.0,0.0,14:30:00,0
2026-08-04 21:07:43.067000+05:30,27.8,80.0,492,0,21.2,64.6,0,955.9,25.2,57.8,431,0,21.8,68.2,424,0,20.2,68.6,458,0,0,0,0,0,100.0,0.0,0,1,0,0,21.261178237485804,20.1,20.1,0.0,23.386782750287324,0.0087709824702851,420.01702684204906,0.1064058744631531,0.0010014959781217,16.0284556310491,16.776951389054467,0.0113631303476036,90.0,1.0,1.0,0.0,14:30:00,0
2026-08-04 21:07:48.067000+05:30,27.7,80.1,512,0,21.2,64.4,0,955.9,25.2,57.7,430,0,21.8,68.0,449,0,20.1,68.8,451,0,0,0,0,0,11.6,50.6,0,1,0,0,21.26018726972134,20.1,20.1,0.0,24.29890238151752,0.0092196212036841,425.7550232613779,0.1064336,0.0010009293422833,15.37344906076474,16.195100018921444,0.0108885726504917,90.0,0.9,1.0,0.0,14:30:00,0
2026-08-04 21:07:53.068000+05:30,27.6,80.2,487,0,21.2,64.3,0,955.8,25.2,57.6,426,0,21.8,67.9,440,0,20.1,68.7,453,0,0,0,0,0,1.0,90.0,0,1,0,0,21.34067247931637,20.3,20.3,0.0,24.999296092415342,0.0076180628355009,421.1264309169043,0.0462336,0.0010005838676494,16.87344906076474,17.695100018921444,0.0120027781910339,47.1,17.0,1.0,0.0,14:30:00,0
2026-08-04 21:07:58.068000+05:30,27.7,80.3,489,0,21.2,64.3,0,955.7,25.2,57.6,440,0,22.0,67.8,427,0,20.3,68.6,461,0,0,0,0,0,0.9,90.0,0,1,0,0,8.975634220779087e+20,20.3,20.3,0.0,21.843334445153808,0.0109115228815537,423.18193213161794,7.132992226930292e-24,0.0010003613926341,18.37344906076474,19.122548232982737,0.0132185531378964,0.0,100.0,1.0,0.0,14:30:00,0
2026-08-04 21:08:03.068000+05:30,27.6,80.3,511,0,21.2,64.2,0,955.7,25.2,57.5,423,0,22.0,67.3,448,0,20.3,68.6,432,0,0,0,0,0,17.0,47.1,0,1,0,0,21.308374206082853,19.9,19.9,0.0,23.14029284605833,0.0082296826204033,423.1939930351288,0.0600457686658874,0.0010011403858154,18.417899746901103,18.872210201572702,0.0132562151469759,50.4,11.9,1.0,0.0,14:30:00,0
2026-08-04 21:08:08.135000+05:30,27.7,80.4,479,0,21.2,64.2,0,955.7,25.2,57.5,400,0,22.0,67.3,401,0,19.9,68.1,440,0,0,0,0,0,100.0,0.0,0,1,0,0,21.268858342150864,19.8,19.8,0.0,24.85853368743212,0.0093258177273847,426.1794226692894,0.0959181193677833,0.0010007216184688,17.11567351226327,17.614767839029952,0.0121920176070056,62.9,2.6,1.0,0.0,14:30:00,0
2026-08-04 21:08:13.190000+05:30,27.9,80.1,442,0,21.2,63.8,0,955.8,25.2,57.3,400,0,21.9,67.1,430,0,19.8,68.6,426,0,0,0,0,0,2.6,62.9,0,1,0,0,21.26765571424478,19.8,19.8,0.0,22.39813307328301,0.0091910204177748,422.2659014582283,0.0990768199698878,0.0010004646298752,16.165019354232548,16.670240396395897,0.0114643832216138,65.4,2.0,1.0,0.0,14:30:00,0
2026-08-04 21:08:18.191000+05:30,27.9,80.1,440,0,21.2,63.8,0,955.7,25.2,57.2,428,0,22.1,67.0,417,0,20.0,68.5,443,0,0,0,0,0,2.0,65.4,0,1,0,0,21.26297523645676,20.0,20.0,0.0,24.674418363695874,0.0095121980013089,424.58922205993775,0.1064335999999999,0.0010004001682005,15.592710623788795,16.27063328084547,0.0110454071688163,90.0,0.9,1.0,0.0,14:30:00,0
2026-08-04 21:08:23.278000+05:30,27.9,80.0,458,0,21.2,63.7,0,955.9,25.2,57.1,401,0,22.1,66.5,427,0,19.9,67.7,415,0,0,0,0,0,0.9,90.0,0,1,0,0,21.263817917089465,19.9,19.9,0.0,21.21576563917474,0.0093757865738506,421.2851612249633,0.1050136754088802,0.0010002617955976,15.193332954413965,15.828901401317442,0.0107612386274626,77.1,1.1,1.0,0.0,14:30:00,0
2026-08-04 21:08:28.287000+05:30,27.9,80.0,422,0,21.2,63.7,0,955.9,25.2,57.1,420,0,22.1,66.5,421,0,19.9,67.7,426,0,0,0,0,0,1.1,77.1,0,1,0,0,21.26373748369888,19.9,19.9,0.0,21.88342967791733,0.009434469820872,421.3000920834298,0.1051478602514749,0.0010002776162314,14.987175399072472,15.62260372549979,0.0106171377300375,77.9,1.0,1.0,0.0,14:30:00,0
2026-08-04 21:08:33.279000+05:30,27.9,80.0,422,0,21.2,63.7,0,955.9,25.2,57.1,420,0,22.1,66.5,421,0,19.9,67.7,426,0,0,0,0,0,1.1,77.1,0,1,0,0,21.3725634650755,19.5,19.5,0.0,24.984869549864552,0.0094612849439303,424.0210473736357,0.0897652081815152,0.0010021037767498,15.329835120425674,15.847326890884505,0.0108576159524732,59.5,3.9,1.0,0.0,14:30:00,0
2026-08-04 21:08:38.281000+05:30,27.8,80.0,442,0,21.3,63.7,0,955.9,25.2,57.2,423,0,22.0,66.2,421,0,19.5,67.8,452,0,0,0,0,0,1.0,77.9,0,1,0,0,21.27595996085926,19.3,19.3,0.0,25.05488003373966,0.0095501105713167,424.0554372676595,0.0871133678463481,0.0010025951533222,15.63673457960142,16.058317895869678,0.0110771404932479,58.3,4.5,1.0,0.0,14:30:00,0
2026-08-04 21:08:43.296000+05:30,27.8,80.0,446,0,21.2,63.2,0,955.8,25.2,56.9,441,0,21.9,66.3,403,0,19.2,69.8,438,0,0,0,0,0,4.5,58.3,0,1,0,0,21.281966616384626,19.2,19.2,0.0,25.20666749048729,0.0097752929916624,425.2205468292806,0.0809445205729933,0.0010052649191278,16.13626703064338,16.467296333783047,0.0114429981232418,56.1,6.0,1.0,0.0,14:30:00,0
2026-08-04 21:08:48.323000+05:30,27.7,80.1,457,0,21.2,63.1,0,955.8,25.2,56.8,433,0,21.8,66.5,421,0,19.1,70.7,450,0,0,0,0,0,6.0,56.1,0,1,0,0,21.347278624180262,19.1,19.1,0.0,26.349782884563822,0.0099536940887308,426.6519982100976,0.0442772028845718,0.0010032439266753,17.63626703064338,17.967296333783047,0.0126078533055683,46.6,17.8,1.0,0.0,14:30:00,0
2026-08-04 21:08:53.318000+05:30,27.7,80.1,457,0,21.2,63.1,0,955.8,25.2,56.8,433,0,21.8,66.5,421,0,19.1,70.7,450,0,0,0,0,0,6.0,56.1,0,1,0,0,3.207334484265005e+23,19.1,19.1,0.0,27.69998615000663,0.015,423.5471514202054,2.0306609524800423e-26,0.0010020013690368,19.08763406215526,19.28625268567736,0.0138354977560394,0.0,100.0,1.0,1.0,14:30:00,0
2026-08-04 21:08:58.318000+05:30,27.6,80.2,452,0,21.2,63.1,0,955.8,25.2,56.7,417,0,21.8,66.6,419,0,19.1,71.1,445,0,0,0,0,0,100.0,0.0,0,1,1,0,7.510006582947924e+22,19.1,19.1,0.0,26.004488155856844,0.015,423.2890508533685,8.532455081280101e-26,0.00100123115358,19.95806926900566,20.07724116241343,0.0146224747289179,0.0,100.0,0.0,1.0,14:30:00,0
2026-08-04 21:09:03.319000+05:30,27.6,80.3,462,0,21.2,63.1,0,955.8,25.2,56.7,417,0,21.8,66.6,419,0,19.1,71.1,445,0,0,0,0,0,100.0,0.0,0,0,1,0,7.505997654747536e+22,19.1,19.1,0.0,24.773565874828325,0.0148033152591947,423.38660394618375,8.53297667751622e-26,0.0010007578582726,20.48033521735136,20.55183896323414,0.0151138441304398,0.0,100.0,0.0,1.0,14:30:00,0
2026-08-04 21:09:08.319000+05:30,27.6,80.3,469,0,21.2,63.1,0,955.8,25.2,56.7,417,0,21.8,66.6,419,0,19.1,71.1,445,0,0,0,0,0,100.0,0.0,0,0,1,0,7.451270665571612e+22,19.1,19.1,0.0,24.251991602828674,0.0140787321460744,423.0108400935584,8.59319234050631e-26,0.0010004719064129,20.79369312012141,20.83659601712144,0.0154157766825147,0.0,100.0,0.0,1.0,14:30:00,0
2026-08-04 21:09:13.325000+05:30,27.6,80.5,476,0,21.2,63.1,0,955.8,25.2,56.7,417,0,21.8,66.6,419,0,19.1,71.1,445,0,0,0,0,0,100.0,0.0,0,0,1,0,7.361416830290331e+22,19.1,19.1,0.0,23.87360310645161,0.0135732865765062,422.6540890823967,8.69657536691844e-26,0.0010002986917487,20.98170657286853,21.00744899092304,0.0155995414775822,0.0,100.0,0.0,1.0,14:30:00,0
2026-08-04 21:09:18.330000+05:30,27.6,80.5,468,0,21.2,63.1,0,955.8,25.2,56.7,417,0,21.8,66.6,419,0,19.1,71.1,445,0,0,0,0,0,100.0,0.0,0,0,1,0,7.360067630404607e+22,19.1,19.1,0.0,24.36894629656687,0.0142632605903785,422.3157656189055,8.697282401848624e-26,0.0010001966668489,21.094516144889035,21.109962240184466,0.0157107502678011,0.0,100.0,0.0,1.0,14:30:00,0
2026-08-04 21:09:23.362000+05:30,27.6,80.5,487,0,21.2,63.1,0,955.8,25.2,56.7,417,0,21.8,66.6,419,0,19.1,71.1,445,0,0,0,0,0,100.0,0.0,0,0,1,0,3.62340244039923e+22,19.1,19.1,0.0,23.45846574323493,0.012994584669792,421.99782512492686,1.7665278954232549e-25,0.0010001314823921,21.162198860652023,21.17146723330158,0.0157778161788451,0.0,100.0,0.0,1.0,14:30:00,0
2026-08-04 21:09:28.362000+05:30,27.6,80.5,487,0,21.2,63.1,0,955.8,25.2,56.7,417,0,21.8,66.6,419,0,19.1,71.1,445,0,0,0,0,0,100.0,0.0,0,0,1,0,1.2224538970640608e+23,19.1,19.1,0.0,26.544916807278767,0.015,421.2055378568696,5.317795059710172e-26,0.0010001168145431,21.20320308248433,21.20876493719753,0.015818572563849,0.0,100.0,0.0,1.0,14:30:00,0
2026-08-04 21:09:33.417000+05:30,27.7,80.4,462,0,21.2,63.1,0,955.8,25.2,56.7,417,0,21.8,66.6,419,0,19.1,71.1,445,0,0,0,0,0,100.0,0.0,0,0,1,0,4.542450093671978e+22,19.1,19.1,0.0,24.96521080084497,0.015,420.9556808392556,1.4310736008371082e-25,0.0010000892941806,21.22781584117223,21.23115355562414,0.0158430822679631,0.0,100.0,0.0,1.0,14:30:00,0
2026-08-04 21:09:38.458000+05:30,27.7,80.4,462,0,21.2,63.1,0,955.8,25.2,56.7,417,0,21.8,66.6,419,0,19.1,71.1,445,0,0,0,0,0,100.0,0.0,0,0,1,0,5.220326873424562e+22,19.1,19.1,0.0,23.583983839094827,0.0131366947791223,421.13484915629,1.264373676789606e-25,0.0010000672549993,21.242979162742884,21.24498249529257,0.0158581991945993,0.0,100.0,0.0,1.0,14:30:00,0
2026-08-04 21:09:43.459000+05:30,27.8,80.3,487,0,21.2,63.1,0,955.8,25.2,56.7,417,0,21.8,66.6,419,0,19.1,71.1,445,0,0,0,0,0,100.0,0.0,0,0,1,0,3.8425434927253135e+22,19.1,19.1,0.0,23.636056832525338,0.0131981729330963,420.8965344360812,1.7177053976332837e-25,0.001000054196681,21.252077280887534,21.25327998138868,0.0158672757368882,0.0,100.0,0.0,1.0,14:30:00,0
2026-08-04 21:09:48.503000+05:30,27.8,80.2,486,0,21.2,63.1,0,955.8,25.2,56.7,417,0,21.8,66.6,419,0,19.1,71.1,445,0,0,0,0,0,100.0,0.0,0,0,1,0,3.875275067874725e+22,19.1,19.1,0.0,23.22372194584625,0.0125950156575468,420.66746138583335,1.7289861768276795e-25,0.0010000443319045,21.257934782790933,21.25865713580275,0.015873121834243,0.0,100.0,0.0,1.0,14:30:00,0
2026-08-04 21:09:53.503000+05:30,27.9,79.8,501,0,21.2,63.1,0,955.8,25.2,56.7,417,0,21.8,66.6,419,0,19.1,71.1,445,0,0,0,0,0,100.0,0.0,0,0,1,0,3.875275067874725e+22,19.1,19.1,0.0,23.22372194584625,0.0125950156575468,420.66746138583335,1.7289861768276795e-25,0.0010000443319045,21.257934782790933,21.25865713580275,0.015873121834243,0.0,100.0,0.0,1.0,14:30:00,0
2026-08-04 21:09:58.535000+05:30,28.0,79.6,529,0,21.2,63.1,0,955.8,25.2,56.7,417,0,21.8,66.6,419,0,19.1,71.1,445,0,0,0,0,0,100.0,0.0,0,0,1,0,3.92269271028751e+22,19.1,19.1,0.0,22.745302126707443,0.011930560130664,420.2442630555058,1.7335587566831962e-25,0.0010000321026023,21.26419611265793,21.2644573787194,0.0158793731277035,0.0,100.0,0.0,1.0,14:30:00,0
2026-08-04 21:10:03.549000+05:30,28.0,79.5,467,0,21.2,63.1,0,955.8,25.2,56.7,417,0,21.8,66.6,419,0,19.1,71.1,445,0,0,0,0,0,100.0,0.0,128,0,1,0,1.4903643543893246e+19,19.1,19.1,128.0,24.80567148828915,0.0146929517767512,420.0206255659394,4.56281237572168e-22,0.0010000371941973,21.265611340987075,21.265768709362334,0.0158807863960629,0.0,100.0,0.0,1.0,14:30:00,0
2026-08-04 21:10:08.553000+05:30,28.1,79.4,448,0,21.3,65.3,0,955.8,25.4,58.3,417,0,23.1,64.0,419,0,21.2,69.5,445,0,0,0,0,0,100.0,0.0,0,0,1,0,21.3,21.2,21.2,0.0,27.432244400103546,0.015,420.0,0.0,0.0010000813023482,21.30643422145752,21.30652980789985,0.0159216017493108,0.0,0.0,0.0,1.0,14:30:00,0
2026-08-04 21:10:13.552000+05:30,28.1,79.1,452,0,21.3,64.9,0,955.7,25.4,58.5,417,0,23.2,64.2,419,0,21.4,70.3,445,0,0,0,0,0,0.0,0.0,0,0,1,0,21.3,21.4,21.4,0.0,26.73919016608861,0.015,420.0,0.0,0.0010000901991004,21.3309389863632,21.33099727565749,0.0159461475491689,0.0,0.0,1.0,0.0,14:30:00,0
2026-08-04 21:10:18.554000+05:30,28.1,78.9,416,0,21.4,65.6,0,955.7,25.4,59.4,417,0,23.3,66.5,419,0,21.6,70.8,445,0,0,0,0,0,0.0,0.0,0,1,0,0,21.4,21.6,21.6,0.0,21.99440815630798,0.0110369832357121,424.1126375009518,0.0,0.0010008671969959,21.38486124393069,21.384902950343697,0.0160002806926355,0.0,0.0,1.0,0.0,14:30:00,0
2026-08-04 21:10:23.555000+05:30,28.2,78.8,408,0,21.4,65.3,0,955.7,25.3,59.9,417,0,23.3,68.2,419,0,21.7,71.1,445,0,0,0,0,0,0.0,0.0,0,1,0,0,21.4,21.7,21.7,0.0,22.068614280910896,0.0111301656391578,428.5360323104501,0.0,0.0010010421971386,21.41774066288004,21.41777074350192,0.0160333702402872,0.0,0.0,1.0,0.0,14:30:00,0
2026-08-04 21:10:28.556000+05:30,28.2,78.7,447,0,21.4,64.6,0,955.7,25.2,59.7,417,0,23.4,68.7,419,0,21.8,72.0,445,0,0,0,0,0,0.0,0.0,0,1,0,0,21.4,21.8,21.8,0.0,27.74658194003219,0.0149995280518639,424.2149491143337,0.0,0.0010006942093909,21.43770402253421,21.437723385144324,0.0160534913791869,0.0,0.0,1.0,0.0,14:30:00,0
2026-08-04 21:10:33.564000+05:30,28.2,78.7,447,0,21.4,64.6,0,955.7,25.2,59.7,417,0,23.4,68.7,419,0,21.8,72.0,445,0,0,0,0,0,0.0,0.0,0,1,0,0,21.4,21.8,21.8,0.0,27.74718703624834,0.0149995220039564,423.0006783438781,0.0,0.0010004854167423,21.44968203832672,21.44969497012977,0.0160655750261439,0.0,0.0,1.0,0.0,14:30:00,0
2026-08-04 21:10:38.580000+05:30,28.2,78.6,449,0,21.4,64.4,0,955.7,25.1,59.5,417,0,23.4,68.7,419,0,21.8,72.2,445,0,0,0,0,0,0.0,0.0,0,1,0,0,21.4,21.8,21.8,0.0,27.351419137542383,0.014999514880452,421.40581300452095,0.0,0.0010003480558463,21.456876363702143,21.456885287436258,0.016072836751774,0.0,0.0,1.0,0.0,14:30:00,0
2026-08-04 21:10:43.596000+05:30,28.2,78.5,452,0,21.5,64.9,0,955.8,25.1,59.6,417,0,23.3,69.0,419,0,21.9,72.2,445,0,0,0,0,0,0.0,0.0,0,1,0,0,21.5,21.9,21.9,0.0,26.84244885515847,0.0149995402204778,425.7892038834759,0.0,0.0010002523788493,21.500800661477776,21.50080701581444,0.0161172370130797,0.0,0.0,1.0,0.0,14:30:00,0
2026-08-04 21:10:48.612000+05:30,28.2,78.5,475,0,21.5,65.5,0,955.8,25.0,59.8,417,0,23.3,68.3,419,0,21.9,71.9,445,0,0,0,0,0,0.0,0.0,0,1,0,0,21.5,21.9,21.9,0.0,24.7115726095118,0.0144577006670252,437.4716483626965,0.0,0.0010001704167545,21.52716564326072,21.52717023467904,0.0161439409568264,0.0,0.0,1.0,0.0,14:30:00,0
2026-08-04 21:10:53.627000+05:30,28.2,78.2,515,0,21.5,65.9,0,955.7,24.9,60.2,417,0,17.9,68.1,419,0,22.0,71.7,445,0,0,0,0,0,0.0,0.0,0,1,0,0,21.5,22.0,22.0,0.0,23.403413012225244,0.0127721661487633,451.2288493628895,0.0,0.0010001145008213,21.542979534500923,21.542983185107783,0.0161599773623179,0.0,0.0,1.0,0.0,14:30:00,0
2026-08-04 21:10:58.628000+05:30,28.2,78.5,524,0,21.5,66.3,0,955.7,24.8,60.8,417,0,17.9,68.1,419,0,22.1,71.4,445,0,0,0,0,0,0.0,0.0,0,1,0,0,21.5,22.1,22.1,0.0,23.2535764765353,0.0126331928642302,463.8522835385651,0.0,0.001000080047886,21.552467225249515,21.55247032693701,0.0161696054696818,0.0,0.0,1.0,0.0,14:30:00,0
2026-08-04 21:11:03.661000+05:30,28.1,78.5,489,0,21.5,66.2,0,955.8,24.7,61.4,417,0,23.2,68.3,419,0,22.1,71.3,445,0,0,0,0,0,0.0,0.0,0,1,0,0,21.5,22.1,22.1,0.0,24.06985825726224,0.0137139067448116,474.2059967955156,0.0,0.0010000638258425,21.557762909979303,21.557765610397844,0.0161749817869398,0.0,0.0,1.0,0.0,14:30:00,0
2026-08-04 21:11:08.660000+05:30,28.0,78.6,457,0,21.5,66.2,0,955.8,24.7,61.4,417,0,23.2,68.3,419,0,22.1,71.3,445,0,0,0,0,0,0.0,0.0,0,1,0,0,21.5,22.1,22.1,0.0,25.082884118302424,0.014999297423109,671.0832615180695,0.0,0.0010000655543601,21.56054437699798,21.560546743204373,0.0161778062527114,0.0,0.0,1.0,0.0,14:30:00,0
2026-08-04 21:11:13.711000+05:30,28.0,78.7,472,0,21.5,65.9,0,955.7,24.6,61.7,417,0,23.2,68.2,419,0,22.1,71.2,445,0,0,0,0,0,0.0,0.0,0,1,0,0,21.5,22.1,22.1,0.0,24.03348988298703,0.0147156441370647,671.047977253699,0.0,0.0010000589360685,21.562211845626504,21.562214045089995,0.0161794997127482,0.0,0.0,1.0,0.0,14:30:00,0
2026-08-04 21:11:18.711000+05:30,28.0,78.8,527,0,21.5,65.1,0,955.7,24.5,62.0,417,0,23.2,68.4,419,0,22.2,71.0,445,0,0,0,0,0,0.0,0.0,0,1,0,0,21.5,22.2,22.2,0.0,23.17337735103853,0.012621302545696,465.1447031583456,0.0,0.0010000461683678,21.56320602563537,21.56320826903277,0.0161805094657166,0.0,0.0,1.0,0.0,14:30:00,0
2026-08-04 21:11:23.711000+05:30,28.0,79.0,507,0,21.6,64.5,0,955.7,24.4,62.1,417,0,23.1,68.6,419,0,22.2,70.9,445,0,0,0,0,0,0.0,0.0,0,1,0,0,21.6,22.2,22.2,0.0,23.53920712825613,0.0130683888381737,457.3986404174485,0.0,0.0010000412229799,21.60340111529869,21.603403406572728,0.0162213819707962,0.0,0.0,1.0,0.0,14:30:00,0
2026-08-04 21:11:28.712000+05:30,27.9,79.1,486,0,21.6,64.4,0,955.7,24.4,61.9,417,0,23.1,68.9,419,0,22.2,70.9,445,0,0,0,0,0,0.0,0.0,0,1,0,0,21.6,22.2,22.2,0.0,24.12022199963608,0.0137963899696078,449.5459556769232,0.0,0.0010000416356397,21.62712028593917,21.62712255815628,0.0162455446987375,0.0,0.0,1.0,0.0,14:30:00,0
2026-08-04 21:11:33.712000+05:30,27.9,79.2,493,0,21.6,64.4,0,955.7,24.4,61.9,417,0,23.1,68.9,419,0,22.3,70.8,445,0,0,0,0,0,0.0,0.0,0,1,0,0,21.659192599601827,22.3,22.3,0.0,24.020535934936035,0.0076180628355009,457.24746860058445,0.1064336,0.0010000129315842,12.842225959322455,13.284916288393546,0.009217400540317,90.0,0.9,1.0,0.0,14:30:00,0
2026-08-04 21:11:38.712000+05:30,27.9,79.2,480,0,21.6,64.4,0,955.7,24.3,61.7,417,0,23.1,68.9,419,0,22.2,70.7,445,0,0,0,0,0,0.9,90.0,0,1,0,0,21.736268966678782,22.2,22.2,0.0,24.400316690981924,0.0076180628355009,428.6650475824343,0.0462335999999999,0.0010000325234666,14.342225959322455,14.784916288393546,0.0101774514313641,47.1,17.0,1.0,0.0,14:30:00,0
2026-08-04 21:11:43.724000+05:30,27.9,79.2,554,0,21.6,64.4,0,955.7,24.2,61.5,417,0,23.0,69.5,419,0,22.3,70.6,445,0,0,0,0,0,17.0,47.1,0,1,0,0,21.6,22.3,22.3,0.0,22.895669901666963,0.0120737575530832,442.1971489298448,0.0,0.0010000283077941,15.842225959322455,16.284916288393546,0.0112263494138511,0.0,0.0,1.0,0.0,14:30:00,0
2026-08-04 21:11:48.724000+05:30,27.9,79.3,543,0,21.6,64.2,0,955.8,24.1,61.5,417,0,23.0,69.8,419,0,22.2,70.2,445,0,0,0,0,0,0.0,0.0,0,1,0,0,21.6,22.2,22.2,0.0,23.01380420283706,0.0122301819629295,440.0877851698829,0.0,0.0010000266233005,17.342225959322455,17.784916288393546,0.0123714391974888,0.0,0.0,1.0,0.0,14:30:00,0
2026-08-04 21:11:53.725000+05:30,27.9,79.2,452,0,21.6,64.1,0,955.7,24.1,61.5,417,0,22.8,68.8,65407,0,21.5,68.0,445,0,0,0,0,0,0.0,0.0,0,1,0,0,21.6,21.5,21.5,0.0,26.64541547111996,0.0149995722793375,435.1616360555021,0.0,0.0010000519046319,18.84222595932245,19.284916288393543,0.0136206362672489,0.0,0.0,1.0,0.0,14:30:00,0
2026-08-04 21:11:58.755000+05:30,27.8,79.3,463,0,21.6,64.0,0,955.8,24.0,61.9,417,0,22.7,68.3,65407,0,21.2,67.2,445,0,0,0,0,0,0.0,0.0,0,1,0,0,1.7157645615074587e+20,21.2,21.2,0.0,25.38635288726044,0.014999576923262,433.2754984283699,3.613746972053511e-23,0.0010000546756297,19.97001968873402,20.2356346829225,0.0146335548942152,0.0,100.0,1.0,0.0,14:30:00,0
2026-08-04 21:12:03.755000+05:30,27.9,79.3,509,0,21.6,63.8,0,955.7,24.0,62.2,417,0,22.6,68.3,65407,0,21.2,66.8,445,0,0,0,0,0,100.0,0.0,0,1,0,0,9.959182695127902e+19,21.2,21.2,0.0,23.537215214296943,0.0129053284197549,431.6975599132939,6.326110870417558e-23,0.0010000459350495,20.6470889028271,20.80645885398499,0.0152738457661267,0.0,100.0,1.0,0.0,14:30:00,0
2026-08-04 21:12:08.813000+05:30,28.0,79.4,515,0,21.6,63.8,0,955.6,23.9,62.1,417,0,22.6,68.4,65407,0,21.2,66.7,445,0,0,0,0,0,100.0,0.0,0,1,0,0,8.126957212709421e+19,21.2,21.2,0.0,23.45047371623772,0.0127752646784057,429.5373492030187,7.875341904871493e-23,0.0010000401046304,21.053730183221084,21.1493531145222,0.0156704605917221,0.0,100.0,1.0,0.0,14:30:00,0
2026-08-04 21:12:13.814000+05:30,28.0,79.4,482,0,21.6,63.8,0,955.6,23.9,62.1,417,0,22.6,68.4,65407,0,21.2,66.7,445,0,0,0,0,0,100.0,79.0,0,1,0,0,8.126957212709421e+19,21.2,21.2,0.0,23.45047371623772,0.0127752646784057,429.5373492030187,7.875341904871493e-23,0.0010000401046304,21.053730183221084,21.1493531145222,0.0156704605917221,0.0,100.0,1.0,0.0,14:30:00,0
2026-08-04 21:12:18.814000+05:30,28.0,79.3,501,0,21.6,63.8,0,955.6,23.9,62.1,417,0,22.6,68.4,65407,0,21.2,66.7,445,0,0,0,0,0,100.0,79.0,0,1,0,0,,,,,,,,,,,,,,,,,14:30:00,0
2026-08-04 21:12:23.814000+05:30,28.1,79.2,487,0,21.6,63.8,0,955.7,23.8,61.8,417,0,22.6,68.3,65407,0,21.4,66.3,445,0,0,0,0,0,100.0,79.0,0,1,0,0,,,,,,,,,,,,,,,,,14:30:00,0
2026-08-04 21:12:28.885000+05:30,28.1,79.0,506,0,21.6,63.8,0,956.0,23.8,61.8,400,0,22.5,68.1,65407,0,20.7,65.3,400,0,0,0,0,0,100.0,79.0,0,1,0,0,,,,,,,,,,,,,,,,,14:30:00,0
2026-08-04 21:12:33.886000+05:30,28.2,78.9,503,0,21.6,63.9,0,955.9,23.7,62.0,400,0,22.3,68.0,65407,0,19.9,65.9,400,0,0,0,0,0,100.0,79.0,0,1,0,0,21.66201098275225,19.4,19.4,0.0,21.999989000009005,0.0076180628355009,525.3223189582391,0.1064336,0.0010000078990696,12.82730426870507,13.189432004803006,0.0092082731003713,90.0,0.9,1.0,0.0,14:30:00,0
2026-08-04 21:12:38.898000+05:30,28.2,78.7,539,0,21.6,63.9,0,956.0,23.7,62.1,400,0,22.1,68.4,65407,0,19.6,67.9,400,0,0,0,0,0,100.0,79.0,0,1,0,0,21.66201098275225,19.4,19.4,0.0,21.999989000009005,0.0076180628355009,525.3223189582391,0.1064336,0.0010000078990696,12.82730426870507,13.189432004803006,0.0092082731003713,90.0,0.9,1.0,0.0,14:30:00,0
2026-08-04 21:12:43.898000+05:30,28.2,78.5,512,0,21.6,64.1,0,956.0,23.7,62.5,400,0,22.0,68.7,65407,0,19.4,69.9,400,0,0,0,0,0,100.0,79.0,0,1,0,0,21.66201098275225,19.4,19.4,0.0,21.999989000009005,0.0076180628355009,525.3223189582391,0.1064336,0.0010000078990696,12.82730426870507,13.189432004803006,0.0092082731003713,90.0,0.9,1.0,0.0,14:30:00,0
2026-08-04 21:12:48.901000+05:30,28.2,78.3,486,0,21.6,64.5,0,956.0,23.7,62.5,400,0,22.0,68.7,65407,0,19.4,69.9,400,0,0,0,0,0,0.9,90.0,0,1,0,0,21.66201155372288,19.4,19.4,0.0,23.135644521546784,0.0076180628355009,519.1332757435592,0.1064336,0.0010000171067149,12.738882542553595,13.362963184608455,0.0091543526063947,90.0,0.9,1.0,0.0,14:30:00,0
2026-08-04 21:12:53.901000+05:30,28.2,78.4,489,0,21.6,64.5,0,956.0,23.7,62.9,402,0,21.9,69.1,65407,0,19.3,71.7,400,0,0,0,0,0,0.9,90.0,0,1,0,0,21.66322085294109,19.3,19.3,0.0,23.09160033983278,0.0076180628355009,509.3320145354788,0.1043981500723212,0.0010000212262187,12.75795926210196,13.49712838450469,0.00916596177389,74.4,1.1,1.0,0.0,14:30:00,0
2026-08-04 21:12:58.950000+05:30,28.1,78.4,476,0,21.6,64.6,0,955.8,23.7,63.1,409,0,21.7,69.6,65535,0,19.2,73.5,400,0,0,0,0,0,1.1,74.4,0,1,0,0,21.66107231736944,19.2,19.2,0.0,23.28234508298313,0.0076180628355009,512.3120253158049,0.1064336,0.0010000225535341,12.701219169720996,13.557126128306091,0.0091314712109461,90.0,0.9,1.0,0.0,14:30:00,0
2026-08-04 21:13:03.951000+05:30,28.0,78.2,455,0,21.6,64.6,0,955.8,23.8,63.2,407,0,21.7,69.6,65535,0,19.1,74.4,400,0,0,0,0,0,0.9,90.0,0,1,0,0,21.66013291428071,19.1,19.1,0.0,23.72640877180613,0.0076180628355009,505.3981583984352,0.1064336,0.0010000253977167,12.672985015370193,13.61641231904424,0.009114351940472,90.0,0.9,1.0,0.0,14:30:00,0
2026-08-04 21:13:08.951000+05:30,27.9,78.6,450,0,21.6,64.6,0,955.8,23.8,63.2,400,0,21.7,69.6,65535,0,19.0,75.0,401,0,0,0,0,0,0.9,90.0,0,1,0,0,21.659754840747723,19.0,19.0,0.0,23.83526097401331,0.0076180628355009,505.5146237072673,0.1054335434331939,0.0010000261265585,12.69134928590704,13.670312818044431,0.0091254835094412,80.0,1.0,1.0,0.0,14:30:00,0
2026-08-04 21:13:13.951000+05:30,27.8,78.8,487,0,21.6,64.6,0,955.8,23.8,63.2,419,0,21.7,69.6,65535,0,19.0,75.0,400,0,0,0,0,0,1.0,80.0,0,1,0,0,21.65863367197287,19.0,19.0,0.0,22.87061997219109,0.0076180628355009,514.3214593310188,0.1057441082587169,0.0010000266704362,12.68354343811242,13.653104329797982,0.0091207504777026,83.5,1.0,1.0,0.0,14:30:00,0
2026-08-04 21:13:18.967000+05:30,27.8,79.0,478,0,21.6,64.6,0,955.7,23.8,63.2,435,0,21.5,70.4,65535,0,18.8,75.5,420,0,0,0,0,0,1.0,83.5,0,1,0,0,21.65825396193767,18.8,18.8,0.0,22.843224174559328,0.0076180628355009,513.4656068561737,0.1064336,0.0010000288521434,12.656197682310736,13.632584860476886,0.0091041868929269,90.0,0.9,1.0,0.0,14:30:00,0
2026-08-04 21:13:23.973000+05:30,27.7,79.3,535,0,21.6,64.6,0,955.8,23.9,63.0,419,0,21.4,70.5,65535,0,18.6,75.7,407,0,0,0,0,0,0.9,90.0,0,1,0,0,21.657313686914737,18.6,18.6,0.0,22.092411156591503,0.0076180628355009,522.1515304779552,0.1064336,0.0010000167258373,12.635118658560224,13.585584066949126,0.0090914375434164,90.0,0.9,1.0,0.0,14:30:00,0
2026-08-04 21:13:28.965000+05:30,27.7,79.3,535,0,21.6,64.6,0,955.8,23.9,63.0,419,0,21.4,70.5,65535,0,18.6,75.7,407,0,0,0,0,0,0.9,90.0,0,1,0,0,21.557313937703995,18.5,18.5,0.0,22.65990602231713,0.0076180628355009,546.2347710169868,0.1064335999999999,0.0010000211016413,12.620182397570527,13.578402114355692,0.0090824132513885,90.0,0.9,1.0,0.0,14:30:00,0
2026-08-04 21:13:33.968000+05:30,27.5,79.8,474,0,21.5,64.5,0,955.8,24.0,62.7,411,0,21.3,70.8,65535,0,18.3,76.2,403,0,0,0,0,0,0.9,90.0,0,1,0,0,21.55637447388076,18.3,18.3,0.0,22.32903697655658,0.0076180628355009,420.0,0.1064336,0.0010000230338725,12.609245080698024,13.558908512447983,0.009075810164233,90.0,0.9,1.0,0.0,14:30:00,0
2026-08-04 21:13:38.967000+05:30,27.5,80.1,502,0,21.5,64.5,0,955.8,24.1,62.5,429,0,21.2,70.9,65535,0,18.2,76.5,426,0,0,0,0,0,0.9,90.0,0,1,0,0,21.556374527815507,18.2,18.2,0.0,22.479278824638143,0.0076180628355009,426.2290532923728,0.1064335999999999,0.0010000239906174,12.604341416255023,13.554813131344922,0.0090728511172948,90.0,0.9,1.0,0.0,14:30:00,0
2026-08-04 21:13:43.967000+05:30,27.4,80.3,569,0,21.5,64.4,0,955.8,24.1,62.2,421,0,21.2,71.1,65535,0,18.2,76.5,434,0,0,0,0,0,0.9,90.0,0,1,0,0,21.55543435493574,18.2,18.2,0.0,22.27894452669412,0.0076180628355009,427.1134683280271,0.1064336,0.0010000132134726,12.599984630634626,13.54294431924696,0.0090702228024628,90.0,0.9,1.0,0.0,14:30:00,0
2026-08-04 21:13:48.968000+05:30,27.4,80.5,532,0,21.5,64.4,0,955.8,24.1,62.2,416,0,21.2,71.1,65535,0,18.1,76.9,413,0,0,0,0,0,0.9,90.0,0,1,0,0,21.5554338415896,18.1,18.1,0.0,21.73718422073065,0.0076180628355009,422.8520522111724,0.1064335999999999,0.001000003952917,12.593350602240626,13.510208128839045,0.0090662220084043,90.0,0.9,1.0,0.0,14:30:00,0
2026-08-04 21:13:53.967000+05:30,27.4,80.7,557,0,21.5,64.4,0,955.8,24.2,62.0,410,0,21.1,71.2,65535,0,18.0,77.3,416,0,0,0,0,0,0.9,90.0,0,1,0,0,21.5554336626645,18.0,18.0,0.0,21.67536690914088,0.0076180628355009,421.9802142777498,0.1064335999999999,0.001000000725181,12.589185909282277,13.487890092461711,0.0090637112090151,90.0,0.9,1.0,0.0,14:30:00,0
2026-08-04 21:13:58.967000+05:30,27.4,80.8,534,0,21.4,64.4,0,955.8,24.2,61.7,423,0,21.0,71.3,65535,0,17.9,77.5,404,0,0,0,0,0,0.9,90.0,0,1,0,0,21.45637301071913,17.9,17.9,0.0,21.72373729626426,0.0076180628355009,420.8870382297207,0.1064336,0.0009999970789459,12.579663724809144,13.470172829682232,0.0090579728413701,90.0,0.9,1.0,0.0,14:30:00,0
2026-08-04 21:14:03.967000+05:30,27.5,80.9,570,0,21.4,64.3,0,955.8,24.2,61.5,411,0,21.0,71.4,65535,0,17.8,77.7,416,0,0,0,0,0,0.9,90.0,0,1,0,0,21.457312539133337,17.8,17.8,0.0,21.60453031699096,0.0076180628355009,420.5286708950478,0.1064336,0.000999996699197,12.573520036587272,13.45431367548127,0.0090542721910187,90.0,0.9,1.0,0.0,14:30:00,0
2026-08-04 21:14:08.968000+05:30,27.6,80.9,555,0,21.4,64.3,0,955.8,24.2,61.5,425,0,21.0,71.4,65535,0,17.8,77.7,409,0,0,0,0,0,0.9,90.0,0,1,0,0,21.45825203668986,17.8,17.8,0.0,21.627836353889723,0.0076180628355009,538.2977886509293,0.1064336,0.0009999958019732,12.570362953548408,13.446198534290044,0.0090523710495751,90.0,0.9,1.0,0.0,14:30:00,0
2026-08-04 21:14:13.967000+05:30,27.7,80.7,555,0,21.4,64.3,0,955.8,24.2,61.3,413,0,20.9,71.4,400,0,17.7,77.8,411,0,0,0,0,0,0.9,90.0,0,1,0,0,21.459191501593263,17.7,17.7,0.0,21.545235022530505,0.0076180628355009,538.9950180291735,0.1064336,0.0009999943815836,12.56804115475436,13.437585978259346,0.0090509731304599,90.0,0.9,1.0,0.0,14:30:00,0
2026-08-04 21:14:19.039000+05:30,27.8,80.5,563,0,21.3,64.3,0,955.8,24.3,61.2,438,0,20.9,71.5,400,0,17.7,78.0,411,0,0,0,0,0,0.9,90.0,0,1,0,0,21.36107068528248,17.7,17.7,0.0,21.54598583806965,0.0076180628355009,535.1267353726753,0.1064335999999999,0.0009999958290893,12.559232981047238,13.425811087684291,0.0090456716254086,90.0,0.9,1.0,0.0,14:30:00,0
2026-08-04 21:14:24.039000+05:30,27.8,80.3,583,0,21.3,64.2,0,955.7,24.3,61.0,435,0,20.9,71.5,400,0,17.6,78.1,417,0,0,0,0,0,0.9,90.0,0,1,0,0,21.36107041131009,17.6,17.6,0.0,21.41587992749588,0.0076180628355009,420.6565202218815,0.1064336,0.0009999913429559,12.553322474575968,13.412924238146784,0.0090421157432799,90.0,0.9,1.0,0.0,14:30:00,0
2026-08-04 21:14:29.039000+05:30,27.8,80.2,575,0,21.3,64.2,0,955.8,24.3,60.8,420,0,20.8,71.5,400,0,17.5,78.4,436,0,0,0,0,0,0.9,90.0,0,1,0,0,21.361070283007205,17.5,17.5,0.0,21.925137631491623,0.0076180628355009,423.16396690975233,0.1064336,0.0009999892420731,12.554018332995575,13.429693034076184,0.0090425343208935,90.0,0.9,1.0,0.0,14:30:00,0
2026-08-04 21:14:34.039000+05:30,27.6,80.2,538,0,21.3,64.1,0,955.8,24.4,60.6,416,0,20.8,71.5,400,0,17.5,78.4,423,0,0,0,0,0,0.9,90.0,0,1,0,0,21.35919114829118,17.5,17.5,0.0,21.376155248213017,0.0076180628355009,423.244586820945,0.1064335999999999,0.0009999884128197,12.549959705594176,13.413431724989335,0.0090400931918578,90.0,0.9,1.0,0.0,14:30:00,0
2026-08-04 21:14:39.040000+05:30,27.7,80.2,574,0,21.3,64.1,0,955.8,24.4,60.6,423,0,20.8,71.5,413,0,17.5,78.5,425,0,0,0,0,0,0.9,90.0,0,1,0,0,21.360130649092465,17.5,17.5,0.0,21.451014892365887,0.0076180628355009,422.6112997241203,0.1064336,0.0009999877270699,12.548366334121898,13.407472660165151,0.0090391349936003,90.0,0.9,1.0,0.0,14:30:00,0
2026-08-04 21:14:44.052000+05:30,27.7,80.2,551,0,21.2,64.2,0,955.8,24.4,60.3,420,0,20.8,71.5,435,0,17.4,78.6,429,0,0,0,0,0,0.9,90.0,0,1,0,0,21.261070112001605,17.4,17.4,0.0,21.630194249696533,0.0076180628355009,423.0940858781037,0.1064336,0.0009999864419591,12.541265749628458,13.405671102592658,0.0090348660558458,90.0,0.9,1.0,0.0,14:30:00,0
2026-08-04 21:14:49.051000+05:30,27.7,80.3,531,0,21.2,64.1,0,955.7,24.4,60.2,401,0,20.8,71.4,410,0,17.4,78.7,400,0,0,0,0,0,0.9,90.0,0,1,0,0,21.26107005823151,17.4,17.4,0.0,21.32531209021953,0.0076180628355009,423.0175381283125,0.1064335999999999,0.000999985561506,12.534930800657424,13.390341768859985,0.0090310589513589,90.0,0.9,1.0,0.0,14:30:00,0
2026-08-04 21:14:54.051000+05:30,27.7,80.2,498,0,21.2,64.1,0,955.7,24.4,60.0,400,0,20.8,71.4,433,0,17.3,78.8,440,0,0,0,0,0,0.9,90.0,0,1,0,0,21.26107082318704,17.3,17.3,0.0,22.92582424652336,0.0076180628355009,448.0936812106234,0.1064336,0.0009999980871938,12.543941117063769,13.457673477982436,0.0090364742994478,90.0,0.9,1.0,0.0,14:30:00,0
2026-08-04 21:14:59.052000+05:30,27.6,80.2,528,0,21.2,64.0,0,955.7,24.5,59.9,407,0,20.8,71.2,424,0,17.3,78.9,426,0,0,0,0,0,0.9,90.0,0,1,0,0,21.260250362916004,17.3,17.3,0.0,21.768008264104107,0.0076180628355009,442.2675264887122,0.1062228430371545,0.0009999945067122,12.546556858528142,13.445406882206257,0.0090380469482689,90.0,0.9,1.0,0.0,14:30:00,0
2026-08-04 21:15:04.051000+05:30,27.7,80.2,523,0,21.1,64.0,0,955.7,24.4,59.7,400,0,20.9,71.1,426,0,17.2,79.1,419,0,0,0,0,0,0.9,90.0,0,1,0,0,21.16201002272554,17.2,17.2,0.0,21.49724994702581,0.0076180628355009,420.0,0.1064336,0.000999992417388,12.531601220892233,13.415335765240972,0.0090290585557323,90.0,0.9,1.0,0.0,14:30:00,0
2026-08-04 21:15:09.054000+05:30,27.7,80.2,524,0,21.1,64.0,0,955.7,24.4,59.7,400,0,20.9,71.1,400,0,17.2,79.1,421,0,0,0,0,0,0.9,90.0,0,1,0,0,21.162009931168907,17.2,17.2,0.0,21.64666523192267,0.0076180628355009,420.0,0.1064336,0.000999990940918,12.524444819712675,13.405001697754305,0.0090247603687248,90.0,0.9,1.0,0.0,14:30:00,0
2026-08-04 21:15:14.055000+05:30,27.8,80.1,546,0,21.1,64.0,0,955.8,24.4,59.6,400,0,20.8,71.0,416,0,17.1,79.2,419,0,0,0,0,0,0.9,90.0,0,1,0,0,21.162949220410287,17.1,17.1,0.0,21.596941567698675,0.0076180628355009,420.0,0.1064336,0.0009999868873821,12.520150339543942,13.396783089696296,0.009022181953387,90.0,0.9,1.0,0.0,14:30:00,0
2026-08-04 21:15:19.055000+05:30,27.9,79.9,545,0,21.1,64.0,0,955.7,24.5,59.4,439,0,20.8,70.9,65535,0,17.1,79.3,401,0,0,0,0,0,0.9,90.0,0,1,0,0,21.169527028275187,17.1,17.1,0.0,21.65663775081747,0.0076180628355009,420.0,0.0976997086043692,0.0009989368239137,12.840161990200812,13.562008525779529,0.0092161375489202,64.2,2.3,1.0,0.0,14:30:00,0
2026-08-04 21:15:24.055000+05:30,27.9,79.7,550,0,21.0,64.0,0,955.7,24.5,59.3,430,0,20.8,70.8,435,0,17.1,79.3,424,0,0,0,0,0,2.3,64.2,0,1,0,0,21.08439632680652,17.1,17.1,0.0,21.68278689680804,0.0079232957609891,420.0,0.0818291892361962,0.0010008815937811,13.955679947997218,14.446412135303682,0.0099218333656677,56.4,5.7,1.0,0.0,14:30:00,0
2026-08-04 21:15:29.055000+05:30,27.9,79.6,543,0,21.0,64.0,0,955.7,24.5,59.3,426,0,20.8,70.8,410,0,17.1,79.6,411,0,0,0,0,0,5.7,56.4,0,1,0,0,21.09588003228022,17.1,17.1,0.0,21.39030012815778,0.008276715541217,420.0,0.0721097745816793,0.0010020126832769,15.236388481775334,15.548425351171002,0.0107915546478283,53.5,8.2,1.0,0.0,14:30:00,0
2026-08-04 21:15:34.055000+05:30,27.8,79.5,557,0,21.0,64.0,0,955.7,24.5,59.1,444,0,20.8,70.8,439,0,17.0,79.7,418,0,0,0,0,0,8.2,53.5,0,1,0,0,21.11392627934352,17.0,17.0,0.0,21.29257067000406,0.0084216185530458,420.0,0.0598119702170252,0.0010020816510339,16.68428817011489,16.87236346589046,0.0118568376680917,50.3,12.0,1.0,0.0,14:30:00,0
2026-08-04 21:15:39.055000+05:30,27.8,79.6,516,0,21.0,64.0,0,955.7,24.5,59.1,456,0,20.8,70.6,417,0,17.0,79.5,410,0,0,0,0,0,12.0,50.3,0,1,0,0,21.145800055010064,17.0,17.0,0.0,21.13696697894294,0.0084143060981002,420.6863973980361,0.0466980527077107,0.0010012615667128,18.090863873974133,18.20397209941375,0.012981372040725,47.2,16.8,0.0,1.0,14:30:00,0
2026-08-04 21:15:44.055000+05:30,27.8,79.6,538,0,21.0,64.0,0,955.6,24.5,58.9,409,0,20.9,70.5,415,0,17.0,79.0,412,0,0,0,0,0,16.8,47.2,0,0,1,0,21.155364139555992,17.0,17.0,0.0,21.12036998595149,0.008437987768176,423.7665475937317,0.0438015235149617,0.0010007626488446,18.99558826040188,19.06353868278063,0.0137545534950108,46.5,18.0,0.0,1.0,14:30:00,0
2026-08-04 21:15:49.057000+05:30,27.9,79.7,509,0,21.0,64.0,0,955.6,24.5,58.9,408,0,20.9,70.5,424,0,17.0,79.0,411,0,0,0,0,0,18.0,46.5,0,0,1,0,21.17579397359019,17.0,17.0,0.0,21.10588624703863,0.0084333353610009,422.5951048195836,0.039268713142954,0.0010004642204598,19.64177492269797,19.68254570444814,0.0143319529615068,45.3,20.1,0.0,1.0,14:30:00,0
2026-08-04 21:15:54.064000+05:30,27.9,79.7,509,0,21.0,64.0,0,955.6,24.5,58.9,408,0,20.9,70.5,424,0,17.0,79.0,411,0,0,0,0,0,18.0,46.5,0,0,1,0,21.16011246500748,17.0,17.0,0.0,21.11723213024126,0.0094352440032772,421.3598633860555,0.0269191739203407,0.0010002875263406,20.14713615385299,20.171599220736635,0.0147986647503467,41.8,27.4,0.0,1.0,14:30:00,0
2026-08-04 21:15:59.061000+05:30,27.9,79.4,534,0,20.9,63.9,0,955.7,24.5,58.8,442,0,20.9,70.2,430,0,17.0,78.2,422,0,0,0,0,0,20.1,45.3,0,0,1,0,21.28229762808488,17.0,17.0,0.0,21.07017245886425,0.009865526763598,424.6473567386904,0.0185752735127866,0.0010001807049248,20.47265729298329,20.487335772621496,0.0151065137049204,38.7,34.9,0.0,1.0,14:30:00,0
2026-08-04 21:16:04.061000+05:30,28.0,79.4,537,0,20.9,63.9,0,955.7,24.5,58.7,427,0,21.0,69.8,452,0,17.0,77.3,400,0,0,0,0,0,27.4,41.8,0,0,1,0,21.47023864526639,17.1,17.1,0.0,21.04982265162345,0.0098631688836529,424.4158662988429,0.0126277531556693,0.0010001156739232,20.67170538898212,20.68051313600368,0.0152975947276908,35.8,43.7,0.0,1.0,14:30:00,0
2026-08-04 21:16:09.065000+05:30,28.1,79.1,541,0,20.9,63.9,0,955.6,24.6,58.6,418,0,21.1,69.4,424,0,17.1,76.4,400,0,0,0,0,0,43.7,35.8,0,0,1,0,2.515402740735563e+18,17.1,17.1,0.0,21.031533525652463,0.0098505799871325,423.6308136231013,2.8625849963285457e-21,0.0010000769646324,20.79171633160109,20.7970016352142,0.0154138550060109,0.0,100.0,0.0,1.0,14:30:00,0
2026-08-04 21:16:14.061000+05:30,28.1,79.1,541,0,20.9,63.9,0,955.6,24.6,58.6,418,0,21.1,69.4,424,0,17.1,76.4,400,0,0,0,0,0,43.7,35.8,0,0,1,0,2.2290453351339085e+17,17.2,17.2,0.0,21.014930130134072,0.0098425490670592,423.29314163193743,3.230256882531632e-20,0.0010000540326793,20.86372311448556,20.866894946531275,0.0154839941732972,0.0,100.0,0.0,1.0,14:30:00,0
2026-08-04 21:16:19.066000+05:30,28.1,79.0,528,0,20.9,63.9,0,955.6,24.6,58.4,425,0,23.2,68.7,420,0,17.3,75.0,424,0,0,0,0,0,100.0,0.0,0,0,1,0,1.9681100615507046e+17,17.3,17.3,0.0,20.999838242776697,0.0098262398481213,424.39395553178815,3.6584826037090365e-20,0.0010000411697733,20.90692795270764,20.908831679902324,0.0155262167962309,0.0,100.0,0.0,1.0,14:30:00,0
2026-08-04 21:16:24.063000+05:30,28.1,79.0,528,0,20.9,63.9,0,955.6,24.6,58.4,425,0,23.2,68.7,420,0,17.3,75.0,424,0,0,0,0,0,100.0,0.0,0,0,1,0,1.9582473495684755e+17,17.4,17.4,0.0,20.98642185421811,0.0098270843450125,424.7486605198094,3.6768785919902077e-20,0.001000033021868,20.93285047266933,20.93399334796976,0.0155515999325854,0.0,100.0,0.0,1.0,14:30:00,0
2026-08-04 21:16:29.065000+05:30,28.1,78.8,516,0,20.9,63.8,0,955.6,24.7,58.2,406,0,23.2,68.7,412,0,17.4,74.6,422,0,0,0,0,0,100.0,0.0,0,0,1,0,2.435133128616496e+17,17.6,17.6,0.0,20.974364219518986,0.0098215409899473,422.98706306617066,2.9978677789706224e-20,0.0010000283758607,20.94880429694572,20.94949065249168,0.0155672404425829,0.0,100.0,0.0,1.0,14:30:00,0
2026-08-04 21:16:34.064000+05:30,28.2,78.7,533,0,20.9,63.8,0,955.6,24.7,58.1,426,0,21.5,68.1,454,0,17.6,74.2,414,0,0,0,0,0,100.0,0.0,0,0,1,0,2.223790398747782e+18,17.9,17.9,0.0,21.95752100347604,0.0110750547964495,423.53100850610303,3.3277367040949007e-21,0.0010000255313684,20.958776635409308,20.95918907827397,0.0155770241582267,0.0,100.0,0.0,1.0,14:30:00,0
2026-08-04 21:16:39.065000+05:30,28.3,78.6,529,0,20.9,63.9,0,955.6,24.7,58.1,420,0,21.7,67.8,457,0,17.9,74.0,438,0,0,0,0,0,100.0,64.0,0,0,1,0,7.508745779208798e+18,18.1,18.1,0.0,23.28422174689299,0.0127393254491732,423.3870970199713,9.855414762315218e-22,0.0010000243783633,20.964760570832368,20.965008650732763,0.0155828975785314,0.0,100.0,0.0,1.0,14:30:00,0
2026-08-04 21:16:44.065000+05:30,28.3,78.3,510,0,20.9,63.8,0,955.6,24.7,58.0,410,0,21.8,67.5,471,0,18.1,73.7,451,0,0,0,0,0,100.0,0.0,0,0,1,0,1.4705139711020745e+19,18.3,18.3,0.0,23.837349331242592,0.0134162220115197,422.1760306628336,5.032452944893757e-22,0.0010000395087,20.96834809707819,20.96849761970605,0.0155864198081138,0.0,100.0,0.0,1.0,14:30:00,0
2026-08-04 21:16:49.065000+05:30,28.3,78.1,485,0,20.9,63.7,0,955.7,24.8,57.9,441,0,22.0,67.3,469,0,18.3,73.5,447,0,0,0,0,0,100.0,0.0,0,0,1,0,9.319199430377947e+18,18.5,18.5,0.0,22.64399895896316,0.0119262034756146,424.29577656466,7.94085641639762e-22,0.0010000327647622,20.9705034478337,20.970593775592008,0.0155885362754147,0.0,100.0,0.0,1.0,14:30:00,0
2026-08-04 21:16:54.067000+05:30,28.3,78.0,513,0,20.9,63.7,0,955.7,24.8,57.7,413,0,-13.9,33.5,858,0,18.5,73.5,445,0,0,0,0,0,100.0,0.0,0,0,1,0,2.401503930166031e+19,18.7,18.7,0.0,24.24219104062556,0.0139111059520795,423.356971553657,3.0814969751680597e-22,0.0010000306887379,20.97179843298392,20.9718532005434,0.0155898080234407,0.0,100.0,0.0,1.0,14:30:00,0
2026-08-04 21:16:59.067000+05:30,28.3,78.0,498,0,20.9,63.7,0,955.6,24.9,57.7,420,0,22.2,66.8,851,0,18.7,73.4,457,0,0,0,0,0,100.0,70.0,0,0,1,0,8.658201071462194e+19,19.0,19.0,0.0,24.7621728580065,0.0145565945538544,423.204901244606,8.316036523031438e-23,0.0010000266157504,20.971772659658114,20.97180616210188,0.0155897827116748,0.0,100.0,0.0,1.0,14:30:00,0
2026-08-04 21:17:04.066000+05:30,28.1,77.9,533,0,20.9,63.7,0,955.6,24.9,57.6,421,0,22.4,66.5,476,0,19.0,73.5,482,0,0,0,0,0,100.0,0.0,0,0,1,0,1.2465880817224569e+19,19.0,19.0,0.0,24.941771949712628,0.0147950278188093,423.1603905384632,5.77592602615706e-22,0.0010000278534886,20.971760427144787,20.971781088658982,0.0155897706982396,0.0,100.0,0.0,1.0,14:30:00,0
2026-08-04 21:17:09.269000+05:30,28.0,78.1,503,0,20.9,63.7,0,955.6,24.9,57.5,447,0,22.5,66.1,472,0,19.2,73.3,455,0,0,0,0,0,100.0,0.0,0,0,1,0,20.9,19.2,19.2,0.0,23.61869697630206,0.0131677539370344,425.19934196909503,0.0,0.0010000306431278,20.971354880583213,20.9713677935529,0.0155893724195509,0.0,0.0,0.0,1.0,14:30:00,0
2026-08-04 21:17:14.270000+05:30,27.9,78.3,502,0,20.9,63.7,0,955.6,24.9,57.4,424,0,22.6,65.8,468,0,19.5,72.6,457,0,0,0,0,0,0.0,0.0,0,0,1,0,1.9186241628538733e+20,19.5,19.5,0.0,23.662105717640515,0.0132494783069355,427.5975140373239,3.6485541922120563e-23,0.0010000291760942,20.97070850572544,20.970716843979616,0.0155887376475107,0.0,100.0,0.0,1.0,14:30:00,0
2026-08-04 21:17:19.272000+05:30,27.9,78.6,587,0,20.9,63.7,0,955.6,24.9,57.3,425,0,22.8,65.4,433,0,19.8,72.1,457,0,0,0,0,0,100.0,0.0,0,0,1,0,20.9,19.8,19.8,0.0,22.193040178552312,0.0114218405213407,427.55092508633777,0.0,0.00100002271116,20.970316720825,20.97032238860461,0.0155883529067608,0.0,0.0,0.0,1.0,14:30:00,0
2026-08-04 21:17:24.272000+05:30,27.9,78.6,587,0,20.9,63.7,0,955.6,24.9,57.3,425,0,22.8,65.4,433,0,19.8,72.1,457,0,0,0,0,0,100.0,0.0,0,0,1,0,20.9,20.0,20.0,0.0,24.79005434240476,0.0147095882711522,427.59306334646817,0.0,0.0010000232238672,20.970084624708893,20.97008863973437,0.0155881249876987,0.0,0.0,0.0,1.0,14:30:00,0
2026-08-04 21:17:29.299000+05:30,27.8,78.7,1084,0,20.9,63.7,0,955.6,25.0,57.3,415,0,23.1,65.9,1924,0,20.2,72.1,485,0,0,0,0,0,0.0,0.0,0,0,1,0,1.5996774896201905e+20,20.2,20.2,0.0,21.49098791350945,0.0105432824612557,429.0234718293989,4.313343293566785e-23,0.0009999939379308,20.96953906278388,20.96954177119171,0.0155875892561645,0.0,100.0,0.0,1.0,14:30:00,0
2026-08-04 21:17:34.300000+05:30,27.8,78.7,1084,0,20.9,63.7,0,955.6,25.0,57.3,415,0,23.1,65.9,1924,0,20.2,72.1,485,0,0,0,0,0,0.0,0.0,0,0,1,0,20.9,20.4,20.4,0.0,21.720621255045486,0.0108369255574643,427.8961165847331,0.0,0.0009999939379308,20.96953906278388,20.96954177119171,0.0155875892561645,0.0,0.0,0.0,1.0,14:30:00,0
2026-08-04 21:17:39.336000+05:30,27.9,78.8,1022,0,21.0,64.7,0,955.6,25.1,58.4,1121,0,23.3,66.8,1295,0,20.6,72.3,1179,0,0,0,0,0,0.0,0.0,0,0,1,0,21.0,20.6,20.6,0.0,27.899986050006667,0.015,497.6037662096604,0.0,0.0009999939379308,20.96953906278388,20.96954177119171,0.0155875892561645,0.0,0.0,0.0,1.0,14:30:00,0
2026-08-04 21:17:44.335000+05:30,27.9,78.8,805,0,21.0,64.5,0,955.6,25.1,58.7,1174,0,23.3,66.8,926,0,20.6,72.3,1664,0,0,0,0,0,0.0,0.0,0,0,1,0,21.0,20.6,20.6,0.0,27.899986050006667,0.015,585.020911647788,0.0,0.0109999939379308,22.28305845391958,22.28306182367973,0.0169267965885685,0.0,0.0,0.0,1.0,14:30:00,0
2026-08-04 21:17:49.335000+05:30,28.0,78.8,400,0,21.0,64.5,0,955.6,25.1,58.7,1240,0,23.3,65.8,911,0,20.8,72.5,1209,0,0,0,0,0,0.0,0.0,0,0,1,0,6447238106073436.0,20.8,20.8,0.0,21.160210142297004,0.0100842484687519,705.1697872916365,1.9574311629712958e-17,0.0180286068341773,22.569713103451072,22.569717050936035,0.0172325558610767,0.0,100.0,0.0,1.0,14:30:00,0
2026-08-04 21:17:54.335000+05:30,27.9,78.8,543,0,21.0,64.1,0,955.6,25.1,58.6,1173,0,23.4,65.6,932,0,21.0,72.2,1458,0,0,0,0,0,100.0,0.0,0,0,1,0,23.49882727011116,21.0,21.0,0.0,21.2692203241412,0.0080334677181941,840.6488711034506,0.0602,0.0218013625595205,21.1703869398461,21.174731118215394,0.0157859471704601,48.6,100.0,0.0,1.0,14:30:00,0
2026-08-04 21:17:59.336000+05:30,27.9,78.8,543,0,21.0,64.1,0,955.6,25.1,58.6,1173,0,23.4,65.6,932,0,21.0,72.2,1458,0,0,0,0,0,100.0,0.0,0,0,1,0,1.0505324239064436e+16,21.2,21.2,0.0,21.242751028307264,0.0101917181938009,932.4800683043316,1.2345924931172581e-17,0.0185282777761595,21.48343721324275,21.486043879354494,0.0160996721674393,0.0,100.0,0.0,1.0,14:30:00,0
2026-08-04 21:18:04.336000+05:30,27.9,78.9,477,0,21.0,64.1,0,955.7,25.1,58.1,1178,0,23.6,66.2,1365,0,21.4,71.8,1508,0,0,0,0,0,100.0,0.0,0,0,1,0,23.43837276025003,21.4,21.4,0.0,21.200953261718087,0.0089547558065168,777.9504065103741,0.0602,0.0212739188647901,20.65473523255365,20.6595774841085,0.0152812190565756,48.6,100.0,1.0,0.0,14:30:00,0
2026-08-04 21:18:09.348000+05:30,27.8,78.9,554,0,21.0,64.3,0,955.6,25.1,58.2,1199,0,23.7,66.0,1139,0,21.6,71.1,943,0,0,0,0,0,100.0,48.6,0,1,0,0,22.97621570645769,21.6,21.6,0.0,22.38815895325852,0.0097048801326195,766.0660966298778,0.1064335999999999,0.0309317282374758,19.15473523255365,19.1595774841085,0.0138947764503509,67.8,56.8,1.0,0.0,14:30:00,0
2026-08-04 21:18:14.348000+05:30,27.8,78.9,554,0,21.0,64.3,0,955.6,25.1,58.2,1199,0,23.7,66.0,1139,0,21.6,71.1,943,0,0,0,0,0,100.0,48.6,0,1,0,0,24.16517200282636,21.6,21.6,0.0,27.79991593779064,0.0097361223127262,433.4045836380682,0.0596020259961891,0.0277427447051274,19.4651920654931,19.486268179772647,0.0141720348570018,48.4,100.0,1.0,0.0,14:30:00,0
2026-08-04 21:18:19.348000+05:30,27.8,78.9,547,0,21.0,64.5,0,955.6,25.2,58.2,1135,0,23.7,65.5,1004,0,21.6,70.8,435,0,0,0,0,0,56.8,67.8,0,1,0,0,24.00192801797453,21.6,21.6,0.0,27.799986069635352,0.0098158745364368,420.0001370435609,0.0647608302748466,0.028589316304317,19.44937436486981,19.49136062601838,0.0141577888194594,49.6,100.0,1.0,0.0,14:30:00,0
2026-08-04 21:18:24.348000+05:30,27.8,79.0,751,0,21.0,64.4,0,955.6,25.2,58.2,1106,0,23.8,64.8,892,0,21.6,71.1,400,0,0,0,0,0,100.0,48.4,0,1,0,0,23.34900089663914,21.3,21.3,0.0,21.59763877793389,0.0095996135926096,656.9540967850639,0.1064336,0.0373153166914226,17.94937436486981,18.09536179867693,0.0128640629517347,66.8,65.3,1.0,0.0,14:30:00,0
2026-08-04 21:18:29.348000+05:30,27.7,79.1,710,0,21.0,64.9,0,955.7,25.2,58.4,1103,0,23.6,64.8,1051,0,21.3,70.0,1072,0,0,0,0,0,100.0,49.6,0,1,0,0,26.19583178559536,21.3,21.3,0.0,21.04920074639837,0.0090817886782005,420.0,0.0462335999999999,0.0363972740064396,19.44937436486981,19.59536179867693,0.0141577888194594,45.5,100.0,1.0,0.0,14:30:00,0
2026-08-04 21:18:34.349000+05:30,27.6,79.3,679,0,21.0,64.9,0,955.7,25.2,58.4,1173,0,23.6,64.8,1120,0,21.3,70.0,1215,0,0,0,0,0,65.3,66.8,0,1,0,0,2959996891000476.0,21.3,21.3,0.0,21.00477991017793,0.0099962329015413,675.3681465547777,9.190238802798787e-17,0.0412167852785396,20.94937436486981,21.09536179867693,0.0155677995781322,0.0,100.0,1.0,0.0,14:30:00,0
2026-08-04 21:18:39.349000+05:30,27.7,79.4,718,0,21.1,65.2,0,955.7,25.3,60.8,1265,0,23.4,66.1,1197,0,21.3,70.0,1685,0,0,0,0,0,100.0,45.5,0,1,0,0,25.283872895945827,21.3,21.3,0.0,21.048141326022048,0.009104292641136,420.0,0.0602,0.038161992172112,20.51127925356712,20.600609588690293,0.0151434202485598,48.6,100.0,1.0,0.0,14:30:00,0
2026-08-04 21:18:44.349000+05:30,27.7,79.5,551,0,21.1,64.4,0,955.8,25.2,62.3,1227,0,23.4,68.2,1338,0,21.3,69.8,2279,0,0,0,0,0,100.0,0.0,0,1,0,0,21.1,21.2,21.2,0.0,21.02954864160205,0.0100247521818518,675.7546192707343,0.0,0.0347282453404152,21.539319640265155,21.592920629199305,0.0161562646889457,0.0,0.0,0.0,1.0,14:30:00,0
2026-08-04 21:18:49.349000+05:30,27.8,79.5,400,0,21.1,64.6,0,955.6,25.3,61.3,1252,0,-13.4,68.4,2266,0,21.2,70.3,2101,0,0,0,0,0,100.0,48.6,0,1,0,0,24.7098167002866,21.3,21.3,0.0,21.073699851696528,0.0085731057848312,420.0,0.0602,0.0324344724413811,20.695332769252243,20.73040640448216,0.0153204208267951,48.6,100.0,1.0,0.0,14:30:00,0
2026-08-04 21:18:54.351000+05:30,27.8,79.5,400,0,21.1,66.0,0,955.6,25.3,61.7,1245,0,23.1,69.5,1577,0,21.3,70.8,2011,0,0,0,0,0,0.0,0.0,0,0,1,0,21.2,21.4,21.4,0.0,21.04995485420797,0.01011732863901,675.9536356846681,0.0,0.0324391913643314,21.753650184144355,21.774696788521595,0.016374992015508,0.0,0.0,0.0,1.0,14:30:00,0
2026-08-04 21:18:59.351000+05:30,27.8,79.5,467,0,21.2,68.8,0,955.6,25.4,63.2,1256,0,24.1,70.8,1710,0,21.4,70.9,2342,0,0,0,0,0,100.0,48.6,0,1,0,0,24.94405997725808,21.4,21.4,0.0,21.11351990246555,0.0076180628355009,420.0,0.0602,0.0336406583031248,20.791778649191784,20.8076325581922,0.015413915582908,48.6,100.0,1.0,0.0,14:30:00,0
2026-08-04 21:19:04.351000+05:30,27.9,79.4,592,0,21.2,69.9,0,955.6,25.4,63.5,1224,0,23.2,71.7,1658,0,21.4,70.5,2393,0,0,0,0,0,0.0,0.0,0,0,1,0,21.2,21.5,21.5,0.0,21.085148789397845,0.0106039865765012,675.729668229327,0.0,0.0320792787460359,21.751896601213083,21.761410204521944,0.0163731916388123,0.0,0.0,0.0,1.0,14:30:00,0
2026-08-04 21:19:09.351000+05:30,27.9,79.2,492,0,21.2,71.6,0,955.6,25.4,64.7,1215,0,23.3,72.6,1653,0,21.5,69.9,2150,0,0,0,0,0,100.0,48.6,0,1,0,0,24.80061078582921,21.5,21.5,0.0,22.124808765804456,0.0076180628355009,420.0,0.0602,0.0318759954863115,20.738650453738995,20.75054940138385,0.0153623494425404,48.6,100.0,1.0,0.0,14:30:00,0
2026-08-04 21:19:14.403000+05:30,28.0,79.0,534,0,21.2,71.6,0,955.6,25.4,64.7,1215,0,23.3,72.6,1653,0,21.5,69.9,2150,0,0,0,0,0,0.0,0.0,0,0,1,0,23.9754405498538,21.6,21.6,0.0,21.17826076721089,0.0076180628355009,420.0,0.1064336,0.0418759954863115,19.238650453738995,19.25054940138385,0.0139692314479083,65.8,74.6,1.0,0.0,14:30:00,0
2026-08-04 21:19:19.404000+05:30,28.1,78.7,673,0,21.3,73.4,0,955.7,25.4,66.3,1215,0,23.5,73.5,1653,0,21.6,68.4,2150,0,0,0,0,0,100.0,48.6,0,1,0,0,28.18155089080196,21.6,21.6,0.0,21.21070939810211,0.0076180628355009,420.0,0.0462336000000018,0.0467880693036756,20.738650453738995,20.75054940138385,0.0153623494425404,45.5,100.0,1.0,0.0,14:30:00,0
2026-08-04 21:19:24.452000+05:30,28.1,78.4,818,0,21.3,72.8,0,955.7,25.4,66.4,1215,0,23.5,73.5,65535,0,21.6,67.3,2150,0,0,0,0,0,74.6,65.8,0,1,0,0,21.3,21.3,21.3,0.0,21.139782907217786,0.0113438168068649,675.2742087519896,0.0,0.0567880693036756,22.238650453738995,22.25054940138385,0.0168798711838966,0.0,0.0,0.0,1.0,14:30:00,0
2026-08-04 21:19:29.452000+05:30,28.1,78.1,947,0,21.3,72.7,0,955.8,25.4,66.4,1215,0,23.6,74.5,65535,0,21.3,65.7,2150,0,0,0,0,0,100.0,45.5,0,1,0,0,21.3,20.9,20.9,0.0,21.156148044212443,0.0114027766055876,675.230798441673,0.0,0.0526473432317342,23.107546691616683,23.114688298329064,0.0178197772369671,0.0,0.0,0.0,1.0,14:30:00,0
2026-08-04 21:19:34.519000+05:30,28.0,78.1,752,0,21.3,73.0,0,955.7,25.4,66.8,1215,0,23.4,73.5,65535,0,20.9,65.4,2150,0,0,0,0,0,0.0,0.0,0,0,1,0,21.3,20.9,20.9,0.0,21.167613382031853,0.0114557585647678,675.1889039949901,0.0,0.051871415728547,23.702787274226228,23.70707465509912,0.0184907915411185,0.0,0.0,0.0,1.0,14:30:00,0
2026-08-04 21:19:39.519000+05:30,27.8,78.3,791,0,21.3,73.4,0,955.6,25.3,67.6,1215,0,24.1,73.2,65535,0,20.9,65.7,2150,0,0,0,0,0,0.0,0.0,0,0,1,0,84822935959200.34,20.9,20.9,0.0,21.1738269001714,0.0115110689854694,675.1453673841504,3.743753254621013e-15,0.048854791163644,23.89411468124491,23.89668900295463,0.0187112958292209,0.0,100.0,0.0,1.0,14:30:00,0
2026-08-04 21:19:44.582000+05:30,27.8,78.7,676,0,21.4,73.6,0,955.6,25.2,68.1,1215,0,23.2,73.5,65535,0,21.0,66.3,2150,0,0,0,0,0,100.0,0.0,0,0,1,0,59005095632708.19,21.0,21.0,0.0,21.17768103713626,0.0115449211042734,675.1126209601957,4.910038927892245e-15,0.0452683307032026,23.917482850056352,23.91902900358064,0.0187383905751145,0.0,100.0,0.0,1.0,14:30:00,0
2026-08-04 21:19:49.586000+05:30,27.8,78.7,676,0,21.4,73.6,0,955.6,25.2,68.1,1215,0,23.2,73.5,65535,0,21.0,66.3,2150,0,0,0,0,0,100.0,0.0,0,0,1,0,55397003431126.47,21.1,21.1,0.0,21.190834429802624,0.0116041174095299,675.0703832651275,4.871854571139851e-15,0.0421697100614498,23.8709127229981,23.871841851899205,0.0186844290075613,0.0,100.0,0.0,1.0,14:30:00,0
2026-08-04 21:19:54.588000+05:30,27.8,78.9,642,0,21.4,72.9,0,955.6,25.1,67.9,1215,0,23.2,73.6,65535,0,21.1,66.8,2150,0,0,0,0,0,100.0,0.0,0,0,1,0,55397003431126.47,21.1,21.1,0.0,21.190834429802624,0.0116041174095299,675.0703832651275,4.871854571139851e-15,0.0421697100614498,23.8709127229981,23.871841851899205,0.0186844290075613,0.0,100.0,0.0,1.0,14:30:00,0
2026-08-04 21:19:59.665000+05:30,28.0,78.9,655,0,21.4,72.1,0,955.6,24.9,67.5,1215,0,23.2,74.0,65535,0,21.2,67.2,2150,0,0,0,0,0,100.0,73.0,0,0,1,0,,,,,,,,,,,,,,,,,14:30:00,0
2026-08-04 21:20:04.749000+05:30,28.0,78.9,619,0,21.4,72.1,0,955.6,24.9,67.5,1215,0,23.2,74.0,65535,0,21.2,67.2,2150,0,0,0,0,0,100.0,71.0,0,0,1,0,,,,,,,,,,,,,,,,,14:30:00,0
2026-08-04 21:20:09.750000+05:30,28.0,78.9,586,0,21.4,71.9,0,955.8,24.8,67.5,1215,0,23.2,74.3,65535,0,21.3,67.3,2150,0,0,0,0,0,100.0,71.0,0,0,1,0,,,,,,,,,,,,,,,,,14:30:00,0
2026-08-04 21:20:14.771000+05:30,27.9,78.9,587,0,21.4,72.1,0,955.9,24.7,67.5,1215,0,22.9,73.0,65535,0,20.3,65.8,2150,0,0,0,0,0,100.0,71.0,0,0,1,0,,,,,,,,,,,,,,,,,14:30:00,0
2026-08-04 21:20:19.771000+05:30,27.8,78.8,772,0,21.5,71.8,0,955.8,24.6,67.5,1215,0,22.6,73.0,65535,0,20.0,67.2,2150,0,0,0,0,0,100.0,71.0,0,0,1,0,,,,,,,,,,,,,,,,,14:30:00,0
2026-08-04 21:20:24.813000+05:30,27.7,78.9,575,0,21.5,71.3,0,955.8,24.5,67.3,400,0,22.3,73.2,65535,0,19.9,69.6,400,0,0,0,0,0,100.0,71.0,0,0,1,0,22.13044001142496,19.9,19.9,0.0,39.96017540826669,0.0076180628355009,1000.0,0.1064336,0.011,13.20992067107711,14.265505700312207,0.0094448949211846,71.5,34.1,1.0,0.0,14:30:00,0
2026-08-04 21:20:29.813000+05:30,27.6,79.2,525,0,21.5,71.3,0,955.8,24.5,67.3,400,0,22.3,73.2,65535,0,19.9,69.6,400,0,0,0,0,0,100.0,71.0,0,0,1,0,22.13044001142496,19.9,19.9,0.0,39.96017540826669,0.0076180628355009,1000.0,0.1064336,0.011,13.20992067107711,14.265505700312207,0.0094448949211846,71.5,34.1,1.0,0.0,14:30:00,0
2026-08-04 21:20:34.844000+05:30,27.6,79.4,647,0,21.5,71.5,0,955.8,24.4,67.4,400,0,23.5,74.0,400,0,19.9,72.3,400,0,0,0,0,0,100.0,71.0,0,0,1,0,22.13044001142496,19.9,19.9,0.0,39.96017540826669,0.0076180628355009,1000.0,0.1064336,0.011,13.20992067107711,14.265505700312207,0.0094448949211846,71.5,34.1,1.0,0.0,14:30:00,0
2026-08-04 21:20:39.844000+05:30,27.7,79.5,592,0,21.5,71.6,0,955.8,24.3,67.4,400,0,22.0,74.4,400,0,19.8,73.6,408,0,0,0,0,0,34.1,71.5,0,1,0,0,22.723297905924447,19.8,19.8,0.0,39.540838478343176,0.0076180628355009,1000.0,0.1064336,0.021,13.262214755325807,14.941578493754628,0.009477655315715,69.3,46.2,1.0,0.0,14:30:00,0
2026-08-04 21:20:44.845000+05:30,27.7,79.6,523,0,21.5,71.3,0,955.8,24.3,67.4,400,0,21.9,74.7,400,0,19.8,74.8,413,0,0,0,0,0,46.2,69.3,0,1,0,0,22.701986130621258,19.8,19.8,0.0,39.254589675986,0.0076180628355009,1000.0,0.1064336,0.0206341469406597,13.179846038729186,15.230264609678953,0.009426100273748,69.3,45.8,1.0,0.0,14:30:00,0
2026-08-04 21:20:49.844000+05:30,27.7,79.7,648,0,21.5,71.2,0,955.8,24.2,67.3,414,0,21.9,74.9,400,0,19.7,75.5,407,0,0,0,0,0,45.8,69.3,0,1,0,0,22.24449314047237,19.7,19.7,0.0,38.98595729323039,0.0076180628355009,420.0,0.1064336,0.0127804975993193,13.046762580316384,15.317480330037048,0.0093433340228308,71.0,36.6,1.0,0.0,14:30:00,0
2026-08-04 21:20:54.845000+05:30,27.6,79.7,553,0,21.5,71.0,0,955.8,24.2,67.3,404,0,21.8,75.1,400,0,19.6,76.0,400,0,0,0,0,0,36.6,71.0,0,1,0,0,22.63822590935512,19.6,19.6,0.0,39.017770280091646,0.0076180628355009,1000.0,0.1063111409447716,0.01983706476663,13.109192490110566,15.493674154010556,0.0093820784267533,69.3,45.0,1.0,0.0,14:30:00,0
2026-08-04 21:20:59.925000+05:30,27.6,79.7,553,0,21.5,71.0,0,955.8,24.2,67.3,404,0,21.8,75.1,400,0,19.6,76.0,400,0,0,0,0,0,36.6,71.0,0,1,0,0,23.18951519222197,19.5,19.5,0.0,39.111485220671184,0.0076180628355009,1000.0,0.1064335999999999,0.0294788826496519,13.199789590931484,15.659218297982228,0.0094385599175513,68.0,55.2,1.0,0.0,14:30:00,0
2026-08-04 21:21:04.946000+05:30,27.7,79.8,633,0,21.5,70.8,0,955.7,24.2,67.2,420,0,21.8,75.2,418,0,19.5,76.4,401,0,0,0,0,0,55.2,68.0,0,1,0,0,22.63948881799823,19.5,19.5,0.0,39.02491995841319,0.0076180628355009,420.0,0.1059853072011715,0.0194788826496519,13.071981031275158,15.568865308415148,0.0093589674435951,68.8,44.7,1.0,0.0,14:30:00,0
2026-08-04 21:21:09.945000+05:30,27.7,79.5,845,0,21.4,70.8,0,955.9,24.2,67.0,427,0,21.7,75.2,400,0,19.4,76.8,402,0,0,0,0,0,44.7,68.8,0,1,0,0,22.12151736414807,19.4,19.4,0.0,40.0,0.0076180628355009,420.0,0.1055417558716532,0.0120873348419165,13.014793485020904,15.551546522046769,0.0093235494144059,69.4,35.9,1.0,0.0,14:30:00,0
2026-08-04 21:21:14.948000+05:30,27.7,79.7,816,0,21.4,70.5,0,955.8,24.2,66.9,410,0,85.8,37.8,418,0,19.3,77.1,400,0,0,0,0,0,35.9,69.4,0,1,0,0,22.71479175042112,19.3,19.3,0.0,40.0,0.0076180628355009,1000.0,0.105834410247482,0.0220873348419165,13.287671862948445,15.833589552705272,0.0094936401554498,68.2,47.5,1.0,0.0,14:30:00,0
2026-08-04 21:21:19.949000+05:30,27.8,79.5,667,0,21.4,70.3,0,955.8,24.3,66.6,402,0,21.7,75.3,529,0,19.2,77.4,402,0,0,0,0,0,47.5,68.2,0,1,0,0,23.32945595176961,19.2,19.2,0.0,40.0,0.0076180628355009,1000.0,0.1064335999999999,0.0320873348419165,13.371652157000137,15.95751500186947,0.0095465440979592,67.6,58.2,1.0,0.0,14:30:00,0
2026-08-04 21:21:24.948000+05:30,27.8,79.1,686,0,21.4,70.2,0,955.8,24.3,66.4,400,0,21.6,75.2,502,0,19.1,77.6,402,0,0,0,0,0,58.2,67.6,0,1,0,0,23.930769822577325,19.1,19.1,0.0,40.0,0.0076180628355009,1000.0,0.1064336,0.0420873348419165,13.431025576360716,16.039941191873247,0.0095841062229621,65.7,75.2,1.0,0.0,14:30:00,0
2026-08-04 21:21:29.948000+05:30,27.7,79.2,781,0,21.4,69.9,0,955.8,24.3,66.3,415,0,21.6,75.3,509,0,19.1,77.6,400,0,0,0,0,0,75.2,65.7,0,1,0,0,23.3086898812589,19.1,19.1,0.0,40.0,0.0076180628355009,420.0,0.1059104527607928,0.0320873348419165,13.2035482425985,15.826099055153836,0.0094409097720815,66.9,58.4,1.0,0.0,14:30:00,0
2026-08-04 21:21:34.949000+05:30,27.6,79.3,743,0,21.4,69.9,0,955.8,24.3,66.3,400,0,21.6,75.3,65405,0,19.0,77.9,423,0,0,0,0,0,58.4,66.9,0,1,0,0,23.85168326562178,19.0,19.0,0.0,40.0,0.0076180628355009,1000.0,0.1064335999999999,0.0420873348419165,13.360975610302294,15.988768590356417,0.0095398036936624,65.7,75.2,1.0,0.0,14:30:00,0
2026-08-04 21:21:39.950000+05:30,27.6,79.4,700,0,21.4,69.8,0,955.9,24.3,66.0,411,0,21.6,75.2,496,0,19.0,78.2,417,0,0,0,0,0,75.2,65.7,0,1,0,0,23.26916045327681,19.0,19.0,0.0,40.0,0.0076180628355009,420.0,0.1064336,0.0320873348419165,13.148371431175052,15.80721243540471,0.0094064666713031,67.6,58.2,1.0,0.0,14:30:00,0
