timestamp,outside_t,outside_h,outside_c,outside_p,outside_a,outside_v,room_1_t,room_1_h,room_1_c,room_1_p,room_1_a,room_1_v,room_2_t,room_2_h,room_2_c,room_2_p,room_2_a,room_2_v,room_3_t,room_3_h,room_3_c,room_3_p,room_3_a,room_3_v,supply_t,supply_h,supply_c,supply_p,supply_a,supply_v,return_t,return_h,return_c,return_p,return_a,return_v,mixed_t,mixed_h,mixed_c,mixed_p,mixed_a,mixed_v,cooler_t,cooler_h,cooler_c,cooler_p,cooler_a,cooler_v,heated_t,heated_h,heated_c,heated_p,heated_a,heated_v,mixer,fan,flowrate,coolerState,heaterState,humidifierState,time_str,actual_occupancy
2026-07-31 15:19:56.699000+05:30,31.9,62.7,484,0,1,64,23.2,61.3,0,952.7,0,0,25.7,60.3,422,0,1,33,22.8,70.3,447,0,1,45,19.2,81.8,428,0,1,36,0,0,0,0,0,0,0,0,0,0,0,0,0,0,0,0,0,0,0,0,0,0,0,0,100,55,0,0,0,0,,0
2026-07-31 15:20:01.702000+05:30,31.9,62.6,498,0,2,71,23.2,61.3,0,952.6,0,0,25.7,60.1,402,0,1,25,22.8,70.2,476,0,1,59,19.2,81.9,467,0,1,55,0,0,0,0,0,0,0,0,0,0,0,0,0,0,0,0,0,0,0,0,0,0,0,0,100,55,0,0,0,0,,0
2026-07-31 15:20:06.700000+05:30,31.9,62.6,498,0,2,71,23.2,61.3,0,952.7,0,0,25.8,60.0,448,0,1,46,22.7,70.3,480,0,1,62,19.3,81.8,456,0,1,49,0,0,0,0,0,0,0,0,0,0,0,0,0,0,0,0,0,0,0,0,0,0,0,0,100,55,0,0,0,0,,0
2026-07-31 15:20:11.700000+05:30,32.0,62.7,511,0,2,78,23.1,61.3,0,952.7,0,0,25.8,59.9,424,0,1,34,22.8,70.3,482,0,1,63,19.2,81.9,423,0,1,34,0,0,0,0,0,0,0,0,0,0,0,0,0,0,0,0,0,0,0,0,0,0,0,0,100,55,0,0,0,0,,0
2026-07-31 15:20:16.699000+05:30,32.0,62.7,512,0,2,78,23.1,61.3,0,952.7,0,0,25.8,59.9,434,0,1,39,22.8,70.3,500,0,2,72,19.2,81.9,445,0,1,44,0,0,0,0,0,0,0,0,0,0,0,0,0,0,0,0,0,0,0,0,0,0,0,0,100,55,0,0,0,0,,0
2026-07-31 15:20:21.700000+05:30,32.0,62.5,493,0,2,69,23.1,61.4,0,952.7,0,0,25.8,59.8,444,0,1,44,22.7,70.3,488,0,2,66,19.2,81.8,438,0,1,41,0,0,0,0,0,0,0,0,0,0,0,0,0,0,0,0,0,0,0,0,0,0,0,0,100,55,0,0,0,0,,0
2026-07-31 15:20:26.700000+05:30,32.0,61.9,490,0,2,67,23.1,61.4,0,952.7,0,0,25.9,59.7,420,0,1,33,22.7,70.3,476,0,1,60,19.3,81.9,412,0,1,29,0,0,0,0,0,0,0,0,0,0,0,0,0,0,0,0,0,0,0,0,0,0,0,0,100,55,0,0,0,0,,0
2026-07-31 15:20:31.700000+05:30,32.0,61.8,471,0,1,57,23.1,61.4,0,952.7,0,0,25.9,59.6,446,0,1,45,22.7,70.3,481,0,1,62,19.3,81.9,422,0,1,34,0,0,0,0,0,0,0,0,0,0,0,0,0,0,0,0,0,0,0,0,0,0,0,0,100,55,0,0,0,0,,0
2026-07-31 15:20:36.699000+05:30,32.0,61.3,460,0,1,52,23.1,61.3,0,952.7,0,0,25.9,59.5,419,0,1,32,22.7,70.3,498,0,2,71,19.2,82.0,424,0,1,34,0,0,0,0,0,0,0,0,0,0,0,0,0,0,0,0,0,0,0,0,0,0,0,0,100,55,0,0,0,0,,0
2026-07-31 15:20:41.700000+05:30,32.1,61.0,455,0,1,49,23.1,61.4,0,952.7,0,0,25.9,59.4,423,0,1,34,22.7,70.3,499,0,2,72,19.2,82.0,429,0,1,37,0,0,0,0,0,0,0,0,0,0,0,0,0,0,0,0,0,0,0,0,0,0,0,0,100,55,0,0,0,0,,0
2026-07-31 15:20:47.212000+05:30,32.0,61.0,455,0,1,49,23.1,61.4,0,952.7,0,0,25.9,59.4,426,0,1,35,22.7,70.3,463,0,1,53,19.2,81.9,435,0,1,40,0,0,0,0,0,0,0,0,0,0,0,0,0,0,0,0,0,0,0,0,0,0,0,0,100,55,0,0,0,0,,0
2026-07-31 15:20:52.218000+05:30,32.0,61.1,436,0,1,40,23.1,61.4,0,952.7,0,0,26.0,59.3,421,0,1,33,22.7,70.3,467,0,1,55,19.2,81.9,419,0,1,32,0,0,0,0,0,0,0,0,0,0,0,0,0,0,0,0,0,0,0,0,0,0,0,0,100,55,0,0,0,0,,0
2026-07-31 15:20:57.207000+05:30,32.0,60.9,422,0,1,34,23.1,61.5,0,952.7,0,0,26.0,59.3,433,0,1,39,22.7,70.2,473,0,1,58,19.2,81.8,409,0,1,28,0,0,0,0,0,0,0,0,0,0,0,0,0,0,0,0,0,0,0,0,0,0,0,0,100,55,0,0,0,0,,0
2026-07-31 15:21:02.216000+05:30,32.0,60.9,441,0,1,42,23.1,61.5,0,952.6,0,0,26.0,59.2,438,0,1,41,22.7,70.2,496,0,2,70,19.2,81.7,423,0,1,34,0,0,0,0,0,0,0,0,0,0,0,0,0,0,0,0,0,0,0,0,0,0,0,0,100,55,0,0,0,0,,0
2026-07-31 15:21:07.212000+05:30,32.0,61.0,457,0,1,50,23.1,61.5,0,952.6,0,0,26.0,59.2,400,0,1,24,22.7,70.2,496,0,2,70,19.2,81.7,417,0,1,31,0,0,0,0,0,0,0,0,0,0,0,0,0,0,0,0,0,0,0,0,0,0,0,0,100,55,0,0,0,0,,0
2026-07-31 15:21:12.214000+05:30,32.0,60.8,451,0,1,47,23.1,61.5,0,952.6,0,0,26.0,59.2,400,0,1,24,22.7,70.2,496,0,2,70,19.2,81.7,417,0,1,31,0,0,0,0,0,0,0,0,0,0,0,0,0,0,0,0,0,0,0,0,0,0,0,0,100,55,0,0,0,0,,0
2026-07-31 15:21:17.211000+05:30,32.1,61.4,444,0,1,44,23.1,61.5,0,952.7,0,0,26.0,59.2,435,0,1,39,22.7,70.2,488,0,2,66,19.2,81.7,422,0,1,33,0,0,0,0,0,0,0,0,0,0,0,0,0,0,0,0,0,0,0,0,0,0,0,0,100,55,0,0,0,0,,0
2026-07-31 15:21:22.208000+05:30,32.1,61.6,486,0,2,65,23.1,61.5,0,952.7,0,0,26.0,59.1,434,0,1,39,22.7,70.2,487,0,2,65,19.2,81.7,420,0,1,33,0,0,0,0,0,0,0,0,0,0,0,0,0,0,0,0,0,0,0,0,0,0,0,0,100,55,0,0,0,0,,0
2026-07-31 15:21:27.214000+05:30,32.1,61.9,451,0,1,47,23.1,61.4,0,952.6,0,0,26.1,58.9,438,0,1,41,22.7,70.1,496,0,2,70,19.2,81.8,435,0,1,39,0,0,0,0,0,0,0,0,0,0,0,0,0,0,0,0,0,0,0,0,0,0,0,0,100,55,0,0,0,0,,0
2026-07-31 15:21:32.205000+05:30,32.1,61.9,478,0,1,60,23.1,61.5,0,952.6,0,0,26.1,58.9,426,0,1,35,22.7,70.2,474,0,1,59,19.2,81.9,457,0,1,50,0,0,0,0,0,0,0,0,0,0,0,0,0,0,0,0,0,0,0,0,0,0,0,0,100,55,0,0,0,0,,0
2026-07-31 15:21:37.207000+05:30,32.1,61.8,505,0,2,75,23.1,61.5,0,952.6,0,0,26.1,58.8,430,0,1,37,22.7,70.2,488,0,2,66,19.2,82.0,451,0,1,47,0,0,0,0,0,0,0,0,0,0,0,0,0,0,0,0,0,0,0,0,0,0,0,0,100,55,0,0,0,0,,0
2026-07-31 15:21:42.213000+05:30,32.0,61.6,487,0,2,65,23.1,61.5,0,952.6,0,0,26.1,58.8,422,0,1,34,22.7,70.3,485,0,1,64,19.2,82.0,446,0,1,45,0,0,0,0,0,0,0,0,0,0,0,0,0,0,0,0,0,0,0,0,0,0,0,0,100,55,0,0,0,0,,0
2026-07-31 15:21:47.060000+05:30,32.0,61.4,460,0,1,52,23.0,61.5,0,952.6,0,0,26.1,58.8,438,0,1,41,22.7,70.3,465,0,1,54,19.2,82.0,467,0,1,55,0,0,0,0,0,0,0,0,0,0,0,0,0,0,0,0,0,0,0,0,0,0,0,0,100,55,0,0,0,0,,0
2026-07-31 15:21:51.696000+05:30,32.0,61.4,441,0,1,42,23.0,61.5,0,952.6,0,0,26.1,58.8,426,0,1,35,22.7,70.3,501,0,2,73,19.2,82.0,438,0,1,41,0,0,0,0,0,0,0,0,0,0,0,0,0,0,0,0,0,0,0,0,0,0,0,0,100,55,0,0,0,0,,0
2026-07-31 15:21:56.702000+05:30,32.0,61.3,430,0,1,37,23.0,61.5,0,952.6,0,0,26.1,58.7,424,0,1,34,22.7,70.3,504,0,2,74,19.2,81.9,445,0,1,44,0,0,0,0,0,0,0,0,0,0,0,0,0,0,0,0,0,0,0,0,0,0,0,0,100,55,0,0,0,0,,0
2026-07-31 15:22:01.696000+05:30,31.9,61.3,403,0,1,25,23.0,61.5,0,952.6,0,0,26.1,58.7,408,0,1,27,22.7,70.3,505,0,2,75,19.2,81.9,420,0,1,33,0,0,0,0,0,0,0,0,0,0,0,0,0,0,0,0,0,0,0,0,0,0,0,0,100,55,0,0,0,0,,0
2026-07-31 15:22:06.702000+05:30,31.9,61.1,428,0,1,36,23.0,61.5,0,952.7,0,0,26.1,58.7,422,0,1,33,22.7,70.3,466,0,1,55,19.2,81.8,400,0,1,21,0,0,0,0,0,0,0,0,0,0,0,0,0,0,0,0,0,0,0,0,0,0,0,0,100,55,0,0,0,0,,0
2026-07-31 15:22:11.698000+05:30,32.0,60.8,436,0,1,40,23.0,61.5,0,952.7,0,0,26.1,58.6,417,0,1,31,22.7,70.2,489,0,2,66,19.2,81.8,421,0,1,33,0,0,0,0,0,0,0,0,0,0,0,0,0,0,0,0,0,0,0,0,0,0,0,0,100,55,0,0,0,0,,0
2026-07-31 15:22:16.697000+05:30,32.0,61.2,478,0,1,60,23.0,61.4,0,952.6,0,0,26.2,58.6,405,0,1,26,22.7,70.2,490,0,2,67,19.2,81.8,435,0,1,39,0,0,0,0,0,0,0,0,0,0,0,0,0,0,0,0,0,0,0,0,0,0,0,0,100,55,0,0,0,0,,0
2026-07-31 15:22:21.695000+05:30,32.0,61.5,466,0,1,55,23.0,61.5,0,952.6,0,0,26.2,58.5,428,0,1,36,22.7,70.2,518,0,2,82,19.2,81.8,422,0,1,34,0,0,0,0,0,0,0,0,0,0,0,0,0,0,0,0,0,0,0,0,0,0,0,0,100,55,0,0,0,0,,0
2026-07-31 15:22:26.700000+05:30,32.1,61.6,483,0,1,63,23.0,61.5,0,952.6,0,0,26.2,58.5,416,0,1,31,22.7,70.2,512,0,2,79,19.2,81.9,444,0,1,44,0,0,0,0,0,0,0,0,0,0,0,0,0,0,0,0,0,0,0,0,0,0,0,0,100,55,0,0,0,0,,0
2026-07-31 15:22:31.697000+05:30,32.1,61.3,440,0,1,42,23.0,61.6,0,952.6,0,0,26.2,58.5,413,0,1,30,22.7,70.3,481,0,1,62,19.2,81.9,439,0,1,41,0,0,0,0,0,0,0,0,0,0,0,0,0,0,0,0,0,0,0,0,0,0,0,0,100,55,0,0,0,0,,0
2026-07-31 15:22:36.708000+05:30,32.1,60.9,471,0,1,57,23.0,61.6,0,952.6,0,0,26.2,58.5,430,0,1,37,22.7,70.2,479,0,1,61,19.2,82.0,420,0,1,32,0,0,0,0,0,0,0,0,0,0,0,0,0,0,0,0,0,0,0,0,0,0,0,0,100,55,0,0,0,0,,0
2026-07-31 15:22:41.723000+05:30,32.0,60.6,497,0,2,70,23.0,61.6,0,952.6,0,0,26.2,58.5,430,0,1,37,22.7,70.2,479,0,1,61,19.2,82.0,420,0,1,32,0,0,0,0,0,0,0,0,0,0,0,0,0,0,0,0,0,0,0,0,0,0,0,0,100,55,0,0,0,0,,0
2026-07-31 15:22:46.700000+05:30,32.0,61.1,452,0,1,47,23.0,61.6,0,952.6,0,0,26.2,58.5,430,0,1,37,22.7,70.2,479,0,1,61,19.2,82.0,420,0,1,32,0,0,0,0,0,0,0,0,0,0,0,0,0,0,0,0,0,0,0,0,0,0,0,0,100,55,0,0,0,0,,0
2026-07-31 15:22:51.700000+05:30,31.9,61.1,444,0,1,44,23.0,61.6,0,952.6,0,0,26.2,58.4,430,0,1,37,23.8,70.2,488,0,128,66,19.2,82.0,432,0,1,38,0,0,0,0,0,0,0,0,0,0,0,0,0,0,0,0,0,0,0,0,0,0,0,0,100,55,0,0,0,0,,0
2026-07-31 15:22:56.699000+05:30,31.9,61.1,413,0,1,30,23.0,61.6,0,952.6,0,0,26.2,58.4,430,0,1,37,80.7,70.3,488,0,2,66,19.2,82.0,432,0,1,38,0,0,0,0,0,0,0,0,0,0,0,0,0,0,0,0,0,0,0,0,0,0,0,0,100,55,0,0,0,0,,0
2026-07-31 15:23:01.698000+05:30,31.9,61.0,447,0,1,45,23.0,61.6,0,952.6,0,0,26.2,58.4,430,0,1,37,80.7,70.3,488,0,2,66,19.2,82.0,432,0,1,38,0,0,0,0,0,0,0,0,0,0,0,0,0,0,0,0,0,0,0,0,0,0,0,0,100,55,0,0,0,0,,0
2026-07-31 15:23:06.700000+05:30,32.0,60.8,440,0,1,42,23.0,61.6,0,952.5,0,0,26.2,58.4,430,0,1,37,22.6,70.3,488,0,2,66,19.2,81.9,432,0,1,38,0,0,0,0,0,0,0,0,0,0,0,0,0,0,0,0,0,0,0,0,0,0,0,0,100,55,0,0,0,0,,0
2026-07-31 15:23:11.729000+05:30,32.0,60.7,474,0,1,58,23.0,61.5,0,952.6,0,0,26.1,58.4,430,0,1,37,22.6,70.4,488,0,2,66,19.2,82.1,432,0,1,38,0,0,0,0,0,0,0,0,0,0,0,0,0,0,0,0,0,0,0,0,0,0,0,0,100,55,0,0,0,0,,0
2026-07-31 15:23:16.700000+05:30,32.0,61.0,451,0,1,47,23.0,61.7,0,952.5,0,0,26.0,58.5,430,0,1,37,22.5,70.5,488,0,2,66,19.2,82.0,432,0,1,38,0,0,0,0,0,0,0,0,0,0,0,0,0,0,0,0,0,0,0,0,0,0,0,0,100,55,0,0,0,0,,0
2026-07-31 15:23:21.700000+05:30,32.1,61.0,459,0,1,51,23.0,61.7,0,952.6,0,0,25.9,58.6,430,0,1,37,22.5,70.5,488,0,2,66,19.2,82.1,432,0,1,38,0,0,0,0,0,0,0,0,0,0,0,0,0,0,0,0,0,0,0,0,0,0,0,0,100,55,0,0,0,0,,0
2026-07-31 15:23:26.700000+05:30,32.1,60.7,421,0,1,33,23.0,61.7,0,952.6,0,0,25.8,58.7,430,0,1,37,22.4,70.7,488,0,2,66,19.2,82.1,432,0,1,38,0,0,0,0,0,0,0,0,0,0,0,0,0,0,0,0,0,0,0,0,0,0,0,0,100,55,0,0,0,0,,0
2026-07-31 15:23:31.700000+05:30,32.1,60.9,449,0,1,46,23.0,61.7,0,952.6,0,0,25.8,58.7,430,0,1,37,22.4,70.7,488,0,2,66,19.2,82.0,432,0,1,38,0,0,0,0,0,0,0,0,0,0,0,0,0,0,0,0,0,0,0,0,0,0,0,0,100,55,0,0,0,0,,0
2026-07-31 15:23:36.699000+05:30,32.0,61.1,463,0,1,53,23.0,61.7,0,952.6,0,0,25.7,58.9,430,0,1,37,22.4,70.8,488,0,2,66,19.1,82.0,432,0,1,38,0,0,0,0,0,0,0,0,0,0,0,0,0,0,0,0,0,0,0,0,0,0,0,0,100,55,0,0,0,0,,0
2026-07-31 15:23:41.699000+05:30,32.0,61.4,477,0,1,60,22.9,61.7,0,952.6,0,0,25.6,59.0,430,0,1,37,22.3,70.9,488,0,2,66,19.1,82.1,432,0,1,38,0,0,0,0,0,0,0,0,0,0,0,0,0,0,0,0,0,0,0,0,0,0,0,0,100,55,0,0,0,0,,0
2026-07-31 15:23:46.699000+05:30,32.0,61.5,466,0,1,55,22.9,61.8,0,952.5,0,0,25.5,59.3,430,0,1,37,22.3,71.1,488,0,2,66,19.1,82.2,432,0,1,38,0,0,0,0,0,0,0,0,0,0,0,0,0,0,0,0,0,0,0,0,0,0,0,0,100,55,0,0,0,0,,0
2026-07-31 15:23:51.699000+05:30,32.0,61.6,467,0,1,55,22.9,61.7,0,952.6,0,0,25.4,59.5,430,0,1,37,22.2,71.2,488,0,2,66,19.1,82.2,432,0,1,38,0,0,0,0,0,0,0,0,0,0,0,0,0,0,0,0,0,0,0,0,0,0,0,0,100,55,0,0,0,0,,0
2026-07-31 15:23:56.698000+05:30,32.0,61.7,473,0,1,58,22.9,61.7,0,952.6,0,0,25.3,59.8,430,0,1,37,22.2,71.4,488,0,2,66,19.1,82.3,432,0,1,38,0,0,0,0,0,0,0,0,0,0,0,0,0,0,0,0,0,0,0,0,0,0,0,0,100,55,0,0,0,0,,0
2026-07-31 15:24:01.698000+05:30,32.0,61.5,441,0,1,42,22.9,61.7,0,952.6,0,0,25.3,59.8,430,0,1,37,22.2,71.4,488,0,2,66,19.1,82.3,432,0,1,38,0,0,0,0,0,0,0,0,0,0,0,0,0,0,0,0,0,0,0,0,0,0,0,0,100,55,0,0,0,0,,0
2026-07-31 15:24:06.699000+05:30,32.0,61.3,457,0,1,50,22.9,61.8,0,952.5,0,0,25.2,60.0,400,0,1,0,22.2,71.6,488,0,2,66,19.1,82.2,432,0,1,38,0,0,0,0,0,0,0,0,0,0,0,0,0,0,0,0,0,0,0,0,0,0,0,0,100,55,0,0,0,0,,0
2026-07-31 15:24:11.698000+05:30,32.0,61.5,476,0,1,59,22.9,61.8,0,952.5,0,0,25.1,60.3,400,0,1,8,22.1,71.7,488,0,2,66,19.1,82.2,432,0,1,38,0,0,0,0,0,0,0,0,0,0,0,0,0,0,0,0,0,0,0,0,0,0,0,0,100,55,0,0,0,0,,0
2026-07-31 15:24:16.699000+05:30,32.0,61.4,435,0,1,40,22.9,61.8,0,952.6,0,0,25.1,60.5,400,0,1,20,22.1,71.8,488,0,2,66,19.1,82.2,432,0,1,38,0,0,0,0,0,0,0,0,0,0,0,0,0,0,0,0,0,0,0,0,0,0,0,0,100,55,0,0,0,0,,0
2026-07-31 15:24:21.699000+05:30,32.0,61.2,456,0,1,50,22.9,61.8,0,951.9,0,0,25.0,60.7,414,0,1,30,22.1,71.9,488,0,2,66,19.0,82.2,432,0,1,38,0,0,0,0,0,0,0,0,0,0,0,0,0,0,0,0,0,0,0,0,0,0,0,0,100,55,0,0,0,0,,0
2026-07-31 15:24:26.698000+05:30,32.1,61.2,458,0,1,51,22.9,61.8,0,951.9,0,0,25.0,60.7,420,0,1,33,22.1,71.9,488,0,2,66,19.0,82.2,432,0,1,38,0,0,0,0,0,0,0,0,0,0,0,0,0,0,0,0,0,0,0,0,0,0,0,0,100,55,0,0,0,0,,0
2026-07-31 15:24:31.699000+05:30,32.0,61.5,474,0,1,58,22.9,61.8,0,952.0,0,0,25.0,61.3,446,0,1,45,22.0,72.0,488,0,2,66,18.9,82.8,432,0,1,38,0,0,0,0,0,0,0,0,0,0,0,0,0,0,0,0,0,0,0,0,0,0,0,0,100,55,0,0,0,0,,0
2026-07-31 15:24:36.699000+05:30,32.1,61.8,480,0,1,62,22.9,63.1,0,952.0,0,0,25.1,63.1,435,0,1,39,22.0,72.7,488,0,2,66,18.9,83.5,432,0,1,38,0,0,0,0,0,0,0,0,0,0,0,0,0,0,0,0,0,0,0,0,0,0,0,0,100,55,0,0,0,0,,0
2026-07-31 15:24:41.698000+05:30,32.0,61.9,484,0,1,64,22.9,63.4,0,952.0,0,0,25.1,63.2,406,0,1,26,22.0,72.7,488,0,2,66,18.9,83.8,432,0,1,38,0,0,0,0,0,0,0,0,0,0,0,0,0,0,0,0,0,0,0,0,0,0,0,0,100,55,0,0,0,0,,0
2026-07-31 15:24:46.698000+05:30,32.0,62.0,459,0,1,51,22.9,63.2,0,952.0,0,0,25.2,63.2,403,0,1,25,22.2,73.9,488,0,2,66,18.9,84.2,432,0,1,38,0,0,0,0,0,0,0,0,0,0,0,0,0,0,0,0,0,0,0,0,0,0,0,0,100,55,0,0,0,0,,0
2026-07-31 15:24:51.697000+05:30,32.1,62.1,481,0,1,62,22.9,63.9,0,951.9,0,0,25.2,63.4,418,0,1,31,21.9,74.4,488,0,2,66,18.9,84.5,432,0,1,38,0,0,0,0,0,0,0,0,0,0,0,0,0,0,0,0,0,0,0,0,0,0,0,0,100,55,0,0,0,0,,0
2026-07-31 15:24:56.698000+05:30,32.1,62.1,497,0,2,71,22.9,64.3,0,952.0,0,0,25.3,63.7,417,0,1,31,22.4,74.7,488,0,2,66,18.9,84.7,432,0,1,38,0,0,0,0,0,0,0,0,0,0,0,0,0,0,0,0,0,0,0,0,0,0,0,0,100,55,0,0,0,0,,0
2026-07-31 15:25:01.697000+05:30,32.1,61.9,475,0,1,59,23.0,64.5,0,952.0,0,0,25.4,63.8,413,0,1,29,22.4,74.8,488,0,2,66,18.9,84.9,432,0,1,38,0,0,0,0,0,0,0,0,0,0,0,0,0,0,0,0,0,0,0,0,0,0,0,0,100,55,0,0,0,0,15:25:00,2
2026-07-31 15:25:06.697000+05:30,32.1,61.9,472,0,1,57,23.0,64.5,0,952.0,0,0,25.4,63.8,432,0,1,38,22.4,74.8,488,0,2,66,18.9,84.9,432,0,1,38,0,0,0,0,0,0,0,0,0,0,0,0,0,0,0,0,0,0,0,0,0,0,0,0,100,55,0,0,0,0,15:25:00,2
2026-07-31 15:25:11.697000+05:30,32.1,61.7,490,0,2,67,23.0,64.8,0,952.0,0,0,25.4,63.9,451,0,1,47,22.5,75.1,65535,0,2,66,18.9,85.1,432,0,1,38,0,0,0,0,0,0,0,0,0,0,0,0,0,0,0,0,0,0,0,0,0,0,0,0,100,55,0,0,0,0,15:25:00,2
2026-07-31 15:25:16.696000+05:30,32.1,62.0,492,0,2,68,23.0,65.0,0,952.0,0,0,25.5,63.8,455,0,1,49,22.6,75.2,488,0,2,66,18.9,85.3,432,0,1,38,0,0,0,0,0,0,0,0,0,0,0,0,0,0,0,0,0,0,0,0,0,0,0,0,100,55,0,0,0,0,15:25:00,2
2026-07-31 15:25:21.729000+05:30,32.1,62.0,454,0,1,48,23.0,65.3,0,951.9,0,0,25.6,64.0,441,0,1,42,22.7,75.3,488,0,2,66,18.9,85.3,432,0,1,38,0,0,0,0,0,0,0,0,0,0,0,0,0,0,0,0,0,0,0,0,0,0,0,0,100,55,0,0,0,0,15:25:00,2
2026-07-31 15:25:26.697000+05:30,32.1,62.1,476,0,1,60,23.0,65.3,0,951.9,0,0,25.6,64.0,462,0,1,52,22.7,75.3,488,0,2,66,18.9,85.3,432,0,1,38,0,0,0,0,0,0,0,0,0,0,0,0,0,0,0,0,0,0,0,0,0,0,0,0,100,55,0,0,0,0,15:25:00,2
2026-07-31 15:25:31.697000+05:30,32.1,62.0,445,0,1,44,23.0,65.7,0,951.9,0,0,25.7,64.1,422,0,1,33,22.7,75.4,488,0,2,66,18.9,85.5,432,0,1,38,0,0,0,0,0,0,0,0,0,0,0,0,0,0,0,0,0,0,0,0,0,0,0,0,100,55,0,0,0,0,15:25:00,2
2026-07-31 15:25:36.696000+05:30,32.0,61.8,462,0,1,53,23.0,65.9,0,952.0,0,0,25.8,64.1,407,0,1,27,22.7,75.4,488,0,2,66,18.9,85.6,432,0,1,38,0,0,0,0,0,0,0,0,0,0,0,0,0,0,0,0,0,0,0,0,0,0,0,0,100,55,0,0,0,0,15:25:00,2
2026-07-31 15:25:41.703000+05:30,32.1,61.9,478,0,1,61,23.1,66.0,0,951.9,0,0,25.8,64.0,433,0,1,39,22.8,75.4,488,0,2,66,18.9,85.7,432,0,1,38,0,0,0,0,0,0,0,0,0,0,0,0,0,0,0,0,0,0,0,0,0,0,0,0,100,55,0,0,0,0,15:25:00,2
2026-07-31 15:25:46.704000+05:30,32.1,62.1,501,0,2,73,23.1,66.3,0,951.9,0,0,25.9,63.9,435,0,1,40,22.8,75.5,488,0,2,66,19.0,85.9,432,0,1,38,0,0,0,0,0,0,0,0,0,0,0,0,0,0,0,0,0,0,0,0,0,0,0,0,100,55,0,0,0,0,15:25:00,2
2026-07-31 15:25:51.697000+05:30,32.1,62.4,466,0,1,55,23.1,66.3,0,952.0,0,0,26.0,64.0,455,0,1,49,22.8,75.5,488,0,2,66,18.9,85.9,432,0,1,38,0,0,0,0,0,0,0,0,0,0,0,0,0,0,0,0,0,0,0,0,0,0,0,0,100,55,0,0,0,0,15:25:00,2
2026-07-31 15:25:56.703000+05:30,32.1,62.7,489,0,2,66,23.1,66.5,0,952.0,0,0,26.0,64.1,442,0,1,43,22.8,75.6,488,0,2,66,19.0,86.1,432,0,1,38,0,0,0,0,0,0,0,0,0,0,0,0,0,0,0,0,0,0,0,0,0,0,0,0,100,55,0,0,0,0,15:25:00,2
2026-07-31 15:26:01.703000+05:30,32.1,62.8,499,0,2,72,23.1,66.5,0,952.0,0,0,26.0,64.1,446,0,1,45,22.8,75.6,488,0,2,66,19.0,86.1,432,0,1,38,0,0,0,0,0,0,0,0,0,0,0,0,0,0,0,0,0,0,0,0,0,0,0,0,100,55,0,0,0,0,15:25:00,2
2026-07-31 15:26:06.702000+05:30,32.1,62.8,512,0,2,79,23.1,66.6,0,952.0,0,0,26.1,64.1,441,0,1,42,22.9,75.7,488,0,2,66,19.0,86.3,432,0,1,38,0,0,0,0,0,0,0,0,0,0,0,0,0,0,0,0,0,0,0,0,0,0,0,0,100,55,0,0,0,0,15:25:00,2
2026-07-31 15:26:11.702000+05:30,32.1,62.8,502,0,2,73,23.1,66.8,0,952.0,0,0,26.1,64.1,419,0,1,32,22.9,75.8,488,0,2,66,19.0,86.4,432,0,1,38,0,0,0,0,0,0,0,0,0,0,0,0,0,0,0,0,0,0,0,0,0,0,0,0,100,55,0,0,0,0,15:25:00,2
2026-07-31 15:26:16.702000+05:30,32.1,62.7,492,0,2,68,23.2,66.8,0,952.0,0,0,26.1,64.0,429,0,1,36,23.0,75.8,488,0,2,66,19.0,86.4,432,0,1,38,0,0,0,0,0,0,0,0,0,0,0,0,0,0,0,0,0,0,0,0,0,0,0,0,100,55,0,0,0,0,15:25:00,2
2026-07-31 15:26:21.701000+05:30,32.1,62.6,464,0,1,53,23.2,66.9,0,952.0,0,0,26.2,64.1,464,0,1,54,23.0,75.8,488,0,2,66,19.0,86.5,432,0,1,38,0,0,0,0,0,0,0,0,0,0,0,0,0,0,0,0,0,0,0,0,0,0,0,0,100,55,0,0,0,0,15:25:00,2
2026-07-31 15:26:26.702000+05:30,32.1,62.4,461,0,1,52,23.2,66.9,0,952.0,0,0,26.2,64.1,441,0,1,42,23.0,75.8,488,0,2,66,19.0,86.5,432,0,1,38,0,0,0,0,0,0,0,0,0,0,0,0,0,0,0,0,0,0,0,0,0,0,0,0,100,55,0,0,0,0,15:25:00,2
2026-07-31 15:26:31.702000+05:30,32.1,62.0,464,0,1,53,23.2,67.1,0,952.1,0,0,26.2,64.0,440,0,1,42,23.0,75.8,488,0,2,66,19.1,86.5,432,0,1,38,0,0,0,0,0,0,0,0,0,0,0,0,0,0,0,0,0,0,0,0,0,0,0,0,100,55,0,0,0,0,15:25:00,2
2026-07-31 15:26:36.701000+05:30,32.1,61.8,493,0,2,68,23.2,67.1,0,952.0,0,0,26.3,64.1,479,0,1,61,23.0,75.8,488,0,2,66,19.1,86.5,432,0,1,38,0,0,0,0,0,0,0,0,0,0,0,0,0,0,0,0,0,0,0,0,0,0,0,0,100,55,0,0,0,0,15:25:00,2
2026-07-31 15:26:41.701000+05:30,32.1,61.7,467,0,1,55,23.2,67.2,0,952.1,0,0,26.3,64.0,496,0,2,70,23.0,75.8,488,0,2,66,19.1,86.5,432,0,1,38,0,0,0,0,0,0,0,0,0,0,0,0,0,0,0,0,0,0,0,0,0,0,0,0,100,55,0,0,0,0,15:25:00,2
2026-07-31 15:26:46.701000+05:30,32.1,61.7,467,0,1,55,23.2,67.1,0,952.0,0,0,26.4,64.0,493,0,2,68,23.1,75.9,488,0,2,66,19.1,86.5,432,0,1,38,0,0,0,0,0,0,0,0,0,0,0,0,0,0,0,0,0,0,0,0,0,0,0,0,100,55,0,0,0,0,15:25:00,2
2026-07-31 15:26:51.700000+05:30,32.0,61.6,444,0,1,44,23.3,67.1,0,952.0,0,0,26.4,64.0,501,0,2,72,23.1,76.0,488,0,2,66,19.1,86.4,432,0,1,38,0,0,0,0,0,0,0,0,0,0,0,0,0,0,0,0,0,0,0,0,0,0,0,0,100,55,0,0,0,0,15:25:00,2
2026-07-31 15:26:56.702000+05:30,32.1,61.7,447,0,1,45,23.3,67.2,0,951.9,0,0,26.5,64.0,482,0,1,63,23.1,76.0,488,0,2,66,19.1,86.4,432,0,1,38,0,0,0,0,0,0,0,0,0,0,0,0,0,0,0,0,0,0,0,0,0,0,0,0,100,55,0,0,0,0,15:25:00,2
2026-07-31 15:27:01.700000+05:30,32.1,61.7,447,0,1,45,23.3,67.2,0,951.9,0,0,26.5,64.0,491,0,2,67,23.1,76.0,488,0,2,66,19.1,86.4,432,0,1,38,0,0,0,0,0,0,0,0,0,0,0,0,0,0,0,0,0,0,0,0,0,0,0,0,100,55,0,0,0,0,15:25:00,2
2026-07-31 15:27:06.700000+05:30,32.1,62.0,442,0,1,43,23.3,67.2,0,951.9,0,0,26.5,64.0,491,0,2,67,23.1,76.0,488,0,2,66,19.1,86.4,432,0,1,38,0,0,0,0,0,0,0,0,0,0,0,0,0,0,0,0,0,0,0,0,0,0,0,0,100,55,0,0,0,0,15:25:00,2
2026-07-31 15:27:11.700000+05:30,32.2,62.1,495,0,2,69,23.3,67.3,0,951.9,0,0,26.5,63.9,435,0,1,39,23.1,76.0,488,0,2,66,19.1,86.5,432,0,1,38,0,0,0,0,0,0,0,0,0,0,0,0,0,0,0,0,0,0,0,0,0,0,0,0,100,55,0,0,0,0,15:25:00,2
2026-07-31 15:27:16.700000+05:30,32.1,62.0,491,0,2,67,23.3,67.3,0,952.0,0,0,26.5,63.9,458,0,1,50,22.8,76.0,488,0,2,66,19.1,86.6,432,0,1,38,0,0,0,0,0,0,0,0,0,0,0,0,0,0,0,0,0,0,0,0,0,0,0,0,100,55,0,0,0,0,15:25:00,2
2026-07-31 15:27:21.701000+05:30,32.2,61.8,455,0,1,49,23.3,67.3,0,951.9,0,0,26.6,63.9,438,0,1,41,23.1,76.0,488,0,2,66,19.2,86.5,432,0,1,38,0,0,0,0,0,0,0,0,0,0,0,0,0,0,0,0,0,0,0,0,0,0,0,0,100,55,0,0,0,0,15:25:00,2
2026-07-31 15:27:26.701000+05:30,32.1,61.8,454,0,1,49,23.3,67.3,0,951.9,0,0,26.6,63.8,471,0,1,57,23.1,76.1,488,0,2,66,19.2,86.4,432,0,1,38,0,0,0,0,0,0,0,0,0,0,0,0,0,0,0,0,0,0,0,0,0,0,0,0,100,55,0,0,0,0,15:25:00,2
2026-07-31 15:27:31.700000+05:30,32.1,62.0,449,0,1,46,23.4,67.4,0,952.0,0,0,26.6,63.8,462,0,1,52,98.1,76.1,488,0,2,66,19.1,86.4,432,0,1,38,0,0,0,0,0,0,0,0,0,0,0,0,0,0,0,0,0,0,0,0,0,0,0,0,100,55,0,0,0,0,15:25:00,2
2026-07-31 15:27:36.697000+05:30,32.2,62.0,454,0,1,49,23.4,67.4,0,951.9,0,0,26.6,63.7,440,0,1,42,23.1,76.2,488,0,2,66,19.1,86.4,432,0,1,38,0,0,0,0,0,0,0,0,0,0,0,0,0,0,0,0,0,0,0,0,0,0,0,0,100,55,0,0,0,0,15:25:00,2
2026-07-31 15:27:41.733000+05:30,32.2,62.1,489,0,2,66,23.4,67.4,0,951.9,0,0,26.6,63.7,449,0,1,46,23.1,76.2,488,0,2,66,19.2,86.4,432,0,1,38,0,0,0,0,0,0,0,0,0,0,0,0,0,0,0,0,0,0,0,0,0,0,0,0,100,55,0,0,0,0,15:25:00,2
2026-07-31 15:27:46.699000+05:30,32.2,62.1,507,0,2,76,23.4,67.4,0,952.0,0,0,26.7,63.7,470,0,1,56,23.2,76.2,488,0,2,66,19.2,86.4,432,0,1,38,0,0,0,0,0,0,0,0,0,0,0,0,0,0,0,0,0,0,0,0,0,0,0,0,100,55,0,0,0,0,15:25:00,2
2026-07-31 15:27:51.700000+05:30,32.2,62.1,517,0,2,81,23.4,67.4,0,951.9,0,0,26.7,63.6,460,0,1,52,23.2,76.2,488,0,2,66,19.2,86.4,432,0,1,38,0,0,0,0,0,0,0,0,0,0,0,0,0,0,0,0,0,0,0,0,0,0,0,0,100,55,0,0,0,0,15:25:00,2
2026-07-31 15:27:56.699000+05:30,32.2,62.2,502,0,2,73,23.4,67.5,0,952.0,0,0,26.7,63.7,441,0,1,42,23.3,76.2,488,0,2,66,19.2,86.3,432,0,1,38,0,0,0,0,0,0,0,0,0,0,0,0,0,0,0,0,0,0,0,0,0,0,0,0,100,55,0,0,0,0,15:25:00,2
2026-07-31 15:28:01.698000+05:30,32.2,62.2,498,0,2,71,23.4,67.4,0,952.0,0,0,26.7,63.7,468,0,1,56,23.3,76.2,488,0,2,66,19.2,86.3,432,0,1,38,0,0,0,0,0,0,0,0,0,0,0,0,0,0,0,0,0,0,0,0,0,0,0,0,100,55,0,0,0,0,15:25:00,2
2026-07-31 15:28:06.699000+05:30,32.2,62.2,451,0,1,47,23.5,67.5,0,952.0,0,0,26.8,63.7,473,0,1,58,23.3,76.1,488,0,2,66,19.2,86.2,432,0,1,38,0,0,0,0,0,0,0,0,0,0,0,0,0,0,0,0,0,0,0,0,0,0,0,0,100,55,0,0,0,0,15:25:00,2
2026-07-31 15:28:11.699000+05:30,32.2,61.9,428,0,1,36,23.5,67.4,0,951.9,0,0,26.8,63.6,487,0,2,65,23.3,76.1,488,0,2,66,19.2,86.0,432,0,1,38,0,0,0,0,0,0,0,0,0,0,0,0,0,0,0,0,0,0,0,0,0,0,0,0,100,55,0,0,0,0,15:25:00,2
2026-07-31 15:28:16.699000+05:30,32.2,61.8,431,0,1,37,23.5,67.4,0,952.0,0,0,26.9,63.6,504,0,2,74,23.3,76.0,488,0,2,66,19.2,85.9,432,0,1,38,0,0,0,0,0,0,0,0,0,0,0,0,0,0,0,0,0,0,0,0,0,0,0,0,100,55,0,0,0,0,15:25:00,2
2026-07-31 15:28:21.699000+05:30,32.2,61.7,428,0,1,36,23.5,67.4,0,952.0,0,0,26.9,63.6,511,0,2,78,23.3,76.0,488,0,2,66,19.2,85.9,432,0,1,38,0,0,0,0,0,0,0,0,0,0,0,0,0,0,0,0,0,0,0,0,0,0,0,0,100,55,0,0,0,0,15:25:00,2
2026-07-31 15:28:26.699000+05:30,32.3,61.7,478,0,1,61,23.5,67.5,0,951.9,0,0,26.9,63.6,512,0,2,79,23.3,75.9,488,0,2,66,19.2,85.8,432,0,1,38,0,0,0,0,0,0,0,0,0,0,0,0,0,0,0,0,0,0,0,0,0,0,0,0,100,55,0,0,0,0,15:25:00,2
2026-07-31 15:28:31.699000+05:30,32.2,61.7,444,0,1,44,23.5,67.5,0,952.0,0,0,27.0,63.6,488,0,2,66,-13.3,76.0,488,0,2,66,19.2,85.9,432,0,1,38,0,0,0,0,0,0,0,0,0,0,0,0,0,0,0,0,0,0,0,0,0,0,0,0,100,55,0,0,0,0,15:25:00,2
2026-07-31 15:28:36.698000+05:30,32.3,61.8,515,0,2,80,23.5,67.5,0,951.9,0,0,27.0,63.5,462,0,1,52,23.3,76.0,488,0,2,66,19.2,85.9,432,0,1,38,0,0,0,0,0,0,0,0,0,0,0,0,0,0,0,0,0,0,0,0,0,0,0,0,100,55,0,0,0,0,15:25:00,2
2026-07-31 15:28:41.698000+05:30,32.2,61.5,461,0,1,52,23.5,67.5,0,951.9,0,0,27.0,63.5,465,0,1,54,23.3,76.0,488,0,2,66,19.2,85.9,432,0,1,38,0,0,0,0,0,0,0,0,0,0,0,0,0,0,0,0,0,0,0,0,0,0,0,0,100,55,0,0,0,0,15:25:00,2
2026-07-31 15:28:46.698000+05:30,32.2,61.3,463,0,1,53,23.5,67.5,0,952.0,0,0,27.0,63.5,475,0,1,59,23.3,76.0,488,0,2,66,19.2,85.8,432,0,1,38,0,0,0,0,0,0,0,0,0,0,0,0,0,0,0,0,0,0,0,0,0,0,0,0,100,55,0,0,0,0,15:25:00,2
2026-07-31 15:28:51.698000+05:30,32.2,61.3,436,0,1,40,23.6,67.6,0,951.9,0,0,27.0,63.4,501,0,2,73,23.4,76.0,488,0,2,66,19.2,85.8,432,0,1,38,0,0,0,0,0,0,0,0,0,0,0,0,0,0,0,0,0,0,0,0,0,0,0,0,100,55,0,0,0,0,15:25:00,2
2026-07-31 15:28:56.698000+05:30,32.2,61.2,470,0,1,56,23.6,67.5,0,951.9,0,0,27.0,63.4,510,0,2,78,23.4,75.9,488,0,2,66,19.2,85.9,432,0,1,38,0,0,0,0,0,0,0,0,0,0,0,0,0,0,0,0,0,0,0,0,0,0,0,0,100,55,0,0,0,0,15:25:00,2
2026-07-31 15:29:01.698000+05:30,32.2,61.3,425,0,1,35,23.6,67.4,0,951.9,0,0,27.0,63.3,505,0,2,75,23.4,75.9,488,0,2,66,19.1,85.8,432,0,1,38,0,0,0,0,0,0,0,0,0,0,0,0,0,0,0,0,0,0,0,0,0,0,0,0,100,55,0,0,0,0,15:25:00,2
2026-07-31 15:29:06.698000+05:30,32.1,61.4,431,0,1,38,23.6,67.4,0,951.9,0,0,27.1,63.2,496,0,2,70,23.4,75.9,488,0,2,66,19.1,85.8,432,0,1,38,0,0,0,0,0,0,0,0,0,0,0,0,0,0,0,0,0,0,0,0,0,0,0,0,100,55,0,0,0,0,15:25:00,2
2026-07-31 15:29:11.698000+05:30,32.2,61.5,460,0,1,51,23.6,67.4,0,951.9,0,0,27.1,63.2,470,0,1,56,23.4,75.9,488,0,2,66,19.2,85.8,432,0,1,38,0,0,0,0,0,0,0,0,0,0,0,0,0,0,0,0,0,0,0,0,0,0,0,0,100,55,0,0,0,0,15:25:00,2
2026-07-31 15:29:16.698000+05:30,32.2,61.6,436,0,1,40,23.6,67.4,0,951.9,0,0,27.1,63.1,514,0,2,80,23.6,75.8,488,0,2,66,19.2,85.9,432,0,1,38,0,0,0,0,0,0,0,0,0,0,0,0,0,0,0,0,0,0,0,0,0,0,0,0,100,55,0,0,0,0,15:25:00,2
2026-07-31 15:29:21.698000+05:30,32.2,61.6,463,0,1,53,23.6,67.4,0,952.0,0,0,27.2,63.0,534,0,2,91,23.7,75.7,488,0,2,66,19.2,85.7,432,0,1,38,0,0,0,0,0,0,0,0,0,0,0,0,0,0,0,0,0,0,0,0,0,0,0,0,100,55,0,0,0,0,15:25:00,2
2026-07-31 15:29:26.701000+05:30,32.2,61.6,455,0,1,49,23.6,67.4,0,951.9,0,0,27.2,63.0,525,0,2,86,23.7,75.7,488,0,2,66,19.2,85.7,432,0,1,38,0,0,0,0,0,0,0,0,0,0,0,0,0,0,0,0,0,0,0,0,0,0,0,0,100,55,0,0,0,0,15:25:00,2
2026-07-31 15:29:31.697000+05:30,32.2,61.8,473,0,1,58,23.6,67.4,0,951.9,0,0,27.2,63.0,524,0,2,85,23.7,75.7,488,0,2,66,19.2,85.6,432,0,1,38,0,0,0,0,0,0,0,0,0,0,0,0,0,0,0,0,0,0,0,0,0,0,0,0,100,55,0,0,0,0,15:25:00,2
2026-07-31 15:29:36.697000+05:30,32.2,61.8,470,0,1,56,23.7,67.3,0,952.0,0,0,27.2,62.9,539,0,2,94,23.8,75.4,488,0,2,66,19.2,85.5,432,0,1,38,0,0,0,0,0,0,0,0,0,0,0,0,0,0,0,0,0,0,0,0,0,0,0,0,100,55,0,0,0,0,15:25:00,2
2026-07-31 15:29:41.698000+05:30,32.2,61.8,490,0,2,67,23.7,67.2,0,952.0,0,0,27.3,62.7,537,0,2,93,23.8,75.2,488,0,2,66,19.2,85.6,432,0,1,38,0,0,0,0,0,0,0,0,0,0,0,0,0,0,0,0,0,0,0,0,0,0,0,0,100,55,0,0,0,0,15:25:00,2
2026-07-31 15:29:46.697000+05:30,32.2,61.9,485,0,1,64,23.7,67.2,0,952.0,0,0,27.3,62.7,524,0,2,85,23.8,75.2,488,0,2,66,19.2,85.6,432,0,1,38,0,0,0,0,0,0,0,0,0,0,0,0,0,0,0,0,0,0,0,0,0,0,0,0,100,55,0,0,0,0,15:25:00,2
2026-07-31 15:29:51.696000+05:30,32.2,61.9,466,0,1,54,23.7,67.1,0,952.0,0,0,27.3,62.7,536,0,2,92,23.9,75.1,488,0,2,66,19.2,85.6,432,0,1,38,0,0,0,0,0,0,0,0,0,0,0,0,0,0,0,0,0,0,0,0,0,0,0,0,100,55,0,0,0,0,15:25:00,2
2026-07-31 15:29:56.769000+05:30,32.2,61.8,459,0,1,51,23.7,67.2,0,952.0,0,0,27.3,62.6,511,0,2,78,23.9,75.1,488,0,2,66,19.2,85.7,432,0,1,38,0,0,0,0,0,0,0,0,0,0,0,0,0,0,0,0,0,0,0,0,0,0,0,0,100,55,0,0,0,0,15:25:00,2
2026-07-31 15:30:01.702000+05:30,32.3,61.8,466,0,1,54,23.7,67.1,0,951.9,0,0,27.3,62.6,539,0,2,94,23.9,75.0,65396,0,2,66,19.2,85.6,432,0,1,38,0,0,0,0,0,0,0,0,0,0,0,0,0,0,0,0,0,0,0,0,0,0,0,0,100,55,0,0,0,0,15:25:00,2
2026-07-31 15:30:06.703000+05:30,32.3,61.8,483,0,1,63,23.7,67.0,0,952.0,0,0,27.3,62.6,542,0,2,96,23.9,74.8,488,0,2,66,19.2,85.5,432,0,1,38,0,0,0,0,0,0,0,0,0,0,0,0,0,0,0,0,0,0,0,0,0,0,0,0,100,55,0,0,0,0,15:25:00,2
2026-07-31 15:30:11.703000+05:30,32.3,61.5,471,0,1,57,23.7,67.1,0,952.0,0,0,27.3,62.5,525,0,2,86,23.9,74.8,65535,0,2,322,19.3,85.6,432,0,1,38,0,0,0,0,0,0,0,0,0,0,0,0,0,0,0,0,0,0,0,0,0,0,0,0,100,55,0,0,0,0,15:25:00,2
2026-07-31 15:30:16.703000+05:30,32.3,61.7,495,0,2,70,23.7,67.1,0,952.0,0,0,27.3,62.5,532,0,2,90,23.9,74.8,488,0,2,66,19.3,85.6,432,0,1,38,0,0,0,0,0,0,0,0,0,0,0,0,0,0,0,0,0,0,0,0,0,0,0,0,100,55,0,0,0,0,15:25:00,2
2026-07-31 15:30:21.696000+05:30,32.3,61.6,476,0,1,59,23.8,67.2,0,952.0,0,0,27.4,62.4,521,0,2,84,23.9,74.8,488,0,2,66,19.2,85.5,432,0,1,38,0,0,0,0,0,0,0,0,0,0,0,0,0,0,0,0,0,0,0,0,0,0,0,0,100,55,0,0,0,0,15:25:00,2
2026-07-31 15:30:26.702000+05:30,32.3,61.7,487,0,2,65,23.8,67.1,0,952.0,0,0,27.4,62.4,534,0,2,91,24.0,74.8,232,0,2,66,19.2,85.5,432,0,1,38,0,0,0,0,0,0,0,0,0,0,0,0,0,0,0,0,0,0,0,0,0,0,0,0,100,55,0,0,0,0,15:25:00,2
2026-07-31 15:30:31.696000+05:30,32.3,61.4,490,0,2,67,23.8,67.1,0,952.0,0,0,27.4,62.3,497,0,2,71,23.9,74.7,488,0,2,66,19.2,85.5,432,0,1,38,0,0,0,0,0,0,0,0,0,0,0,0,0,0,0,0,0,0,0,0,0,0,0,0,100,55,0,0,0,0,15:25:00,2
2026-07-31 15:30:36.703000+05:30,32.3,61.0,460,0,1,51,23.8,67.0,0,952.0,0,0,27.5,62.3,517,0,2,82,24.0,74.7,488,0,2,66,19.2,85.4,432,0,1,38,0,0,0,0,0,0,0,0,0,0,0,0,0,0,0,0,0,0,0,0,0,0,0,0,100,55,0,0,0,0,15:25:00,2
2026-07-31 15:30:41.702000+05:30,32.3,61.0,455,0,1,49,23.8,66.9,0,952.0,0,0,27.4,62.2,541,0,2,95,23.9,74.6,488,0,2,66,19.2,85.4,432,0,1,38,0,0,0,0,0,0,0,0,0,0,0,0,0,0,0,0,0,0,0,0,0,0,0,0,100,55,0,0,0,0,15:25:00,2
2026-07-31 15:30:46.702000+05:30,32.3,61.1,430,0,1,37,23.8,66.9,0,952.0,0,0,27.5,62.2,543,0,2,96,23.9,74.5,488,0,2,66,19.2,85.4,432,0,1,38,0,0,0,0,0,0,0,0,0,0,0,0,0,0,0,0,0,0,0,0,0,0,0,0,100,55,0,0,0,0,15:25:00,2
2026-07-31 15:30:51.702000+05:30,32.3,61.1,433,0,1,39,23.8,66.8,0,952.0,0,0,27.5,62.2,521,0,2,84,23.9,74.5,488,0,2,66,19.2,85.4,432,0,1,38,0,0,0,0,0,0,0,0,0,0,0,0,0,0,0,0,0,0,0,0,0,0,0,0,100,55,0,0,0,0,15:25:00,2
2026-07-31 15:30:56.702000+05:30,32.3,61.1,445,0,1,44,23.8,66.8,0,952.0,0,0,27.5,62.2,521,0,2,83,23.9,74.6,488,0,2,66,19.2,85.4,432,0,1,38,0,0,0,0,0,0,0,0,0,0,0,0,0,0,0,0,0,0,0,0,0,0,0,0,100,55,0,0,0,0,15:25:00,2
2026-07-31 15:31:01.701000+05:30,32.3,61.0,446,0,1,45,23.8,66.8,0,952.0,0,0,27.5,62.1,526,0,2,86,23.9,74.5,65535,0,2,65313,19.2,85.3,432,0,1,38,0,0,0,0,0,0,0,0,0,0,0,0,0,0,0,0,0,0,0,0,0,0,0,0,100,55,0,0,0,0,15:25:00,2
2026-07-31 15:31:06.701000+05:30,32.3,61.2,451,0,1,47,23.9,66.8,0,952.0,0,0,27.5,62.0,510,0,2,77,23.9,74.5,488,0,2,66,19.2,85.4,432,0,1,38,0,0,0,0,0,0,0,0,0,0,0,0,0,0,0,0,0,0,0,0,0,0,0,0,100,55,0,0,0,0,15:25:00,2
2026-07-31 15:31:11.701000+05:30,32.3,61.2,466,0,1,54,23.9,66.7,0,952.0,0,0,27.6,62.0,533,0,2,90,23.9,74.5,488,0,2,66,19.2,85.4,432,0,1,38,0,0,0,0,0,0,0,0,0,0,0,0,0,0,0,0,0,0,0,0,0,0,0,0,100,55,0,0,0,0,15:25:00,2
2026-07-31 15:31:16.701000+05:30,32.3,61.3,466,0,1,55,23.9,66.6,0,952.0,0,0,27.6,61.9,536,0,2,92,23.9,74.5,488,0,2,66,19.2,85.5,432,0,1,38,0,0,0,0,0,0,0,0,0,0,0,0,0,0,0,0,0,0,0,0,0,0,0,0,100,55,0,0,0,0,15:25:00,2
2026-07-31 15:31:21.701000+05:30,32.3,61.3,485,0,1,64,23.9,66.6,0,952.0,0,0,27.6,61.8,524,0,2,85,23.9,74.4,488,0,2,66,19.2,85.5,432,0,1,38,0,0,0,0,0,0,0,0,0,0,0,0,0,0,0,0,0,0,0,0,0,0,0,0,100,55,0,0,0,0,15:25:00,2
2026-07-31 15:31:26.701000+05:30,32.4,61.3,469,0,1,56,23.9,66.5,0,952.1,0,0,27.6,61.7,495,0,2,69,24.0,74.5,488,0,2,66,19.2,85.5,432,0,1,38,0,0,0,0,0,0,0,0,0,0,0,0,0,0,0,0,0,0,0,0,0,0,0,0,100,55,0,0,0,0,15:25:00,2
2026-07-31 15:31:31.701000+05:30,32.4,61.4,488,0,2,66,23.9,66.5,0,952.1,0,0,27.6,61.7,507,0,2,76,23.9,74.5,488,0,2,66,19.2,85.6,432,0,1,38,0,0,0,0,0,0,0,0,0,0,0,0,0,0,0,0,0,0,0,0,0,0,0,0,100,55,0,0,0,0,15:25:00,2
2026-07-31 15:31:36.700000+05:30,32.4,61.4,490,0,2,67,23.9,66.5,0,952.0,0,0,27.6,61.7,538,0,2,93,23.9,74.5,488,0,2,66,19.2,85.6,432,0,1,38,0,0,0,0,0,0,0,0,0,0,0,0,0,0,0,0,0,0,0,0,0,0,0,0,100,55,0,0,0,0,15:25:00,2
2026-07-31 15:31:41.700000+05:30,32.4,61.2,515,0,2,80,23.9,66.5,0,952.0,0,0,27.6,61.7,500,0,2,72,23.9,74.5,488,0,2,66,19.2,85.6,432,0,1,38,0,0,0,0,0,0,0,0,0,0,0,0,0,0,0,0,0,0,0,0,0,0,0,0,100,55,0,0,0,0,15:25:00,2
2026-07-31 15:31:46.700000+05:30,32.4,61.2,534,0,2,91,23.9,66.5,0,952.0,0,0,27.6,61.7,502,0,2,73,24.0,74.5,488,0,2,66,19.2,85.6,432,0,1,38,0,0,0,0,0,0,0,0,0,0,0,0,0,0,0,0,0,0,0,0,0,0,0,0,100,55,0,0,0,0,15:25:00,2
2026-07-31 15:31:51.700000+05:30,32.4,61.3,528,0,2,88,23.9,66.4,0,952.1,0,0,27.6,61.7,507,0,2,76,24.0,74.5,488,0,2,66,19.2,85.6,432,0,1,38,0,0,0,0,0,0,0,0,0,0,0,0,0,0,0,0,0,0,0,0,0,0,0,0,100,55,0,0,0,0,15:25:00,2
2026-07-31 15:31:56.701000+05:30,32.4,61.1,496,0,2,70,23.9,66.4,0,952.1,0,0,27.7,61.6,504,0,2,74,24.0,74.5,488,0,2,66,19.3,85.6,432,0,1,38,0,0,0,0,0,0,0,0,0,0,0,0,0,0,0,0,0,0,0,0,0,0,0,0,100,55,0,0,0,0,15:25:00,2
2026-07-31 15:32:01.699000+05:30,32.4,61.3,519,0,2,82,23.9,66.4,0,952.0,0,0,27.7,61.6,531,0,2,89,24.0,74.5,488,0,2,66,19.3,85.5,432,0,1,38,0,0,0,0,0,0,0,0,0,0,0,0,0,0,0,0,0,0,0,0,0,0,0,0,100,55,0,0,0,0,15:25:00,2
2026-07-31 15:32:06.700000+05:30,32.4,61.4,508,0,2,77,24.0,66.4,0,952.0,0,0,27.7,61.6,543,0,2,96,24.0,74.3,488,0,2,66,19.2,85.4,432,0,1,38,0,0,0,0,0,0,0,0,0,0,0,0,0,0,0,0,0,0,0,0,0,0,0,0,100,55,0,0,0,0,15:25:00,2
2026-07-31 15:32:11.700000+05:30,32.4,61.4,502,0,2,73,24.0,66.3,0,952.0,0,0,27.7,61.5,503,0,2,74,24.0,74.3,488,0,2,66,19.2,85.3,432,0,1,38,0,0,0,0,0,0,0,0,0,0,0,0,0,0,0,0,0,0,0,0,0,0,0,0,100,55,0,0,0,0,15:25:00,2
2026-07-31 15:32:16.739000+05:30,32.5,61.3,487,0,2,65,24.0,66.3,0,952.0,0,0,27.7,61.5,497,0,2,71,24.0,74.3,488,0,2,66,19.2,85.3,432,0,1,38,0,0,0,0,0,0,0,0,0,0,0,0,0,0,0,0,0,0,0,0,0,0,0,0,100,55,0,0,0,0,15:25:00,2
2026-07-31 15:32:21.699000+05:30,32.4,61.2,494,0,2,69,24.0,66.3,0,952.0,0,0,27.7,61.5,516,0,2,81,24.1,74.2,488,0,2,66,19.2,85.1,432,0,1,38,0,0,0,0,0,0,0,0,0,0,0,0,0,0,0,0,0,0,0,0,0,0,0,0,100,55,0,0,0,0,15:25:00,2
2026-07-31 15:32:26.699000+05:30,32.4,60.6,474,0,1,58,24.0,66.2,0,952.0,0,0,27.7,61.5,537,0,2,93,24.1,74.2,488,0,2,66,19.2,85.0,432,0,1,38,0,0,0,0,0,0,0,0,0,0,0,0,0,0,0,0,0,0,0,0,0,0,0,0,100,55,0,0,0,0,15:25:00,2
2026-07-31 15:32:31.699000+05:30,32.4,60.7,466,0,1,54,24.0,66.1,0,952.0,0,0,27.7,61.3,554,0,2,103,24.1,74.1,488,0,2,66,19.2,84.9,432,0,1,38,0,0,0,0,0,0,0,0,0,0,0,0,0,0,0,0,0,0,0,0,0,0,0,0,100,55,0,0,0,0,15:25:00,2
2026-07-31 15:32:36.699000+05:30,32.5,60.7,468,0,1,56,24.0,66.0,0,952.0,0,0,27.7,61.3,526,0,2,86,24.1,74.1,488,0,2,66,19.2,84.9,432,0,1,38,0,0,0,0,0,0,0,0,0,0,0,0,0,0,0,0,0,0,0,0,0,0,0,0,100,55,0,0,0,0,15:25:00,2
2026-07-31 15:32:41.698000+05:30,32.4,60.7,447,0,1,45,24.0,66.0,0,952.0,0,0,27.8,61.3,538,0,2,93,24.1,74.0,488,0,2,66,19.2,84.9,432,0,1,38,0,0,0,0,0,0,0,0,0,0,0,0,0,0,0,0,0,0,0,0,0,0,0,0,100,55,0,0,0,0,15:25:00,2
2026-07-31 15:32:46.700000+05:30,32.4,60.8,482,0,1,63,24.0,66.1,0,952.0,0,0,27.8,61.3,541,0,2,95,24.1,73.9,488,0,2,66,19.2,84.9,432,0,1,38,0,0,0,0,0,0,0,0,0,0,0,0,0,0,0,0,0,0,0,0,0,0,0,0,100,55,0,0,0,0,15:25:00,2
2026-07-31 15:32:51.699000+05:30,32.4,60.7,443,0,1,43,24.0,66.1,0,952.0,0,0,27.7,61.3,532,0,2,90,24.1,73.9,488,0,2,66,19.2,84.8,432,0,1,38,0,0,0,0,0,0,0,0,0,0,0,0,0,0,0,0,0,0,0,0,0,0,0,0,100,55,0,0,0,0,15:25:00,2
2026-07-31 15:32:56.698000+05:30,32.4,60.8,490,0,2,67,24.0,66.1,0,952.0,0,0,27.7,61.3,541,0,2,95,24.1,73.9,488,0,2,66,19.2,84.8,432,0,1,38,0,0,0,0,0,0,0,0,0,0,0,0,0,0,0,0,0,0,0,0,0,0,0,0,100,55,0,0,0,0,15:25:00,2
2026-07-31 15:33:01.698000+05:30,32.4,60.8,468,0,1,56,24.1,66.1,0,952.1,0,0,27.8,61.3,543,0,2,96,24.1,73.9,488,0,2,66,19.2,84.8,432,0,1,38,0,0,0,0,0,0,0,0,0,0,0,0,0,0,0,0,0,0,0,0,0,0,0,0,100,55,0,0,0,0,15:25:00,2
2026-07-31 15:33:06.698000+05:30,32.4,60.8,451,0,1,47,24.1,65.9,0,952.0,0,0,27.8,61.2,530,0,2,89,24.1,73.9,488,0,2,66,19.2,84.8,432,0,1,38,0,0,0,0,0,0,0,0,0,0,0,0,0,0,0,0,0,0,0,0,0,0,0,0,100,55,0,0,0,0,15:25:00,2
2026-07-31 15:33:11.698000+05:30,32.4,60.8,485,0,1,64,24.1,65.9,0,952.1,0,0,27.8,61.2,527,0,2,87,24.2,73.8,488,0,2,66,19.2,84.9,432,0,1,38,0,0,0,0,0,0,0,0,0,0,0,0,0,0,0,0,0,0,0,0,0,0,0,0,100,55,0,0,0,0,15:25:00,2
2026-07-31 15:33:16.698000+05:30,32.4,60.9,474,0,1,59,24.1,65.9,0,952.1,0,0,27.8,61.2,569,0,2,112,24.2,73.8,488,0,2,66,19.2,84.9,432,0,1,38,0,0,0,0,0,0,0,0,0,0,0,0,0,0,0,0,0,0,0,0,0,0,0,0,100,55,0,0,0,0,15:25:00,2
2026-07-31 15:33:21.698000+05:30,32.5,61.0,460,0,1,51,24.1,65.8,0,952.1,0,0,27.8,61.2,581,0,2,120,24.2,73.8,488,0,2,66,19.2,85.0,432,0,1,38,0,0,0,0,0,0,0,0,0,0,0,0,0,0,0,0,0,0,0,0,0,0,0,0,100,55,0,0,0,0,15:25:00,2
2026-07-31 15:33:26.698000+05:30,32.5,60.9,498,0,2,71,24.1,65.8,0,952.0,0,0,27.9,61.1,545,0,2,98,24.2,73.8,488,0,2,66,19.2,85.0,432,0,1,38,0,0,0,0,0,0,0,0,0,0,0,0,0,0,0,0,0,0,0,0,0,0,0,0,100,55,0,0,0,0,15:25:00,2
2026-07-31 15:33:31.697000+05:30,32.5,61.0,476,0,1,60,24.1,65.7,0,952.1,0,0,27.8,61.1,558,0,2,105,24.1,73.6,65489,0,2,66,19.2,85.1,432,0,1,38,0,0,0,0,0,0,0,0,0,0,0,0,0,0,0,0,0,0,0,0,0,0,0,0,100,55,0,0,0,0,15:25:00,2
2026-07-31 15:33:36.698000+05:30,32.5,60.9,459,0,1,51,24.1,65.8,0,952.1,0,0,27.9,61.0,550,0,2,101,24.1,73.7,488,0,2,66,19.2,85.1,432,0,1,38,0,0,0,0,0,0,0,0,0,0,0,0,0,0,0,0,0,0,0,0,0,0,0,0,100,55,0,0,0,0,15:25:00,2
2026-07-31 15:33:41.697000+05:30,32.5,60.9,491,0,2,67,24.1,65.8,0,952.0,0,0,27.9,60.9,560,0,2,106,24.2,73.7,488,0,2,66,19.2,85.1,432,0,1,38,0,0,0,0,0,0,0,0,0,0,0,0,0,0,0,0,0,0,0,0,0,0,0,0,100,55,0,0,0,0,15:25:00,2
2026-07-31 15:33:46.697000+05:30,32.5,60.9,489,0,2,67,24.1,65.8,0,952.0,0,0,27.9,60.9,553,0,2,102,24.2,73.7,488,0,2,66,19.2,85.3,432,0,1,38,0,0,0,0,0,0,0,0,0,0,0,0,0,0,0,0,0,0,0,0,0,0,0,0,100,55,0,0,0,0,15:25:00,2
2026-07-31 15:33:51.697000+05:30,32.4,60.7,460,0,1,51,24.1,65.6,0,952.0,0,0,28.0,60.9,556,0,2,104,24.1,73.6,488,0,2,66,19.3,85.3,432,0,1,38,0,0,0,0,0,0,0,0,0,0,0,0,0,0,0,0,0,0,0,0,0,0,0,0,100,55,0,0,0,0,15:25:00,2
2026-07-31 15:33:56.696000+05:30,32.4,61.0,469,0,1,56,24.2,65.6,0,952.1,0,0,27.9,60.7,554,0,2,103,24.1,73.6,488,0,2,66,19.3,85.4,432,0,1,38,0,0,0,0,0,0,0,0,0,0,0,0,0,0,0,0,0,0,0,0,0,0,0,0,100,55,0,0,0,0,15:25:00,2
2026-07-31 15:34:01.697000+05:30,32.5,61.1,494,0,2,69,24.2,65.5,0,952.0,0,0,28.0,60.7,559,0,2,106,24.2,73.7,488,0,2,66,19.3,85.5,432,0,1,38,0,0,0,0,0,0,0,0,0,0,0,0,0,0,0,0,0,0,0,0,0,0,0,0,100,55,0,0,0,0,15:25:00,2
2026-07-31 15:34:06.697000+05:30,32.4,61.0,484,0,1,63,24.2,65.5,0,952.0,0,0,28.0,60.7,542,0,2,95,24.2,73.7,488,0,2,66,19.3,85.6,432,0,1,38,0,0,0,0,0,0,0,0,0,0,0,0,0,0,0,0,0,0,0,0,0,0,0,0,100,55,0,0,0,0,15:25:00,2
2026-07-31 15:34:11.697000+05:30,32.4,60.7,488,0,2,66,24.2,65.4,0,952.1,0,0,28.0,60.6,548,0,2,100,24.2,73.7,488,0,2,66,19.3,85.6,432,0,1,38,0,0,0,0,0,0,0,0,0,0,0,0,0,0,0,0,0,0,0,0,0,0,0,0,100,55,0,0,0,0,15:25:00,2
2026-07-31 15:34:16.697000+05:30,32.4,60.5,436,0,1,40,24.2,65.4,0,952.1,0,0,28.0,60.6,549,0,2,100,24.2,73.7,488,0,2,66,19.3,85.6,432,0,1,38,0,0,0,0,0,0,0,0,0,0,0,0,0,0,0,0,0,0,0,0,0,0,0,0,100,55,0,0,0,0,15:25:00,2
2026-07-31 15:34:21.697000+05:30,32.4,60.5,463,0,1,53,24.2,65.4,0,952.0,0,0,28.0,60.6,567,0,2,111,24.1,73.6,488,0,2,66,19.3,85.6,432,0,1,38,0,0,0,0,0,0,0,0,0,0,0,0,0,0,0,0,0,0,0,0,0,0,0,0,100,55,0,0,0,0,15:25:00,2
2026-07-31 15:34:26.700000+05:30,32.4,60.4,456,0,1,50,24.2,65.5,0,952.0,0,0,28.0,60.6,574,0,2,115,24.2,73.7,488,0,2,66,19.2,85.6,432,0,1,38,0,0,0,0,0,0,0,0,0,0,0,0,0,0,0,0,0,0,0,0,0,0,0,0,100,55,0,0,0,0,15:25:00,2
2026-07-31 15:34:31.782000+05:30,32.4,60.2,410,0,1,28,24.2,65.4,0,952.0,0,0,28.0,60.6,547,0,2,99,24.2,73.6,488,0,2,66,19.2,85.5,432,0,1,38,0,0,0,0,0,0,0,0,0,0,0,0,0,0,0,0,0,0,0,0,0,0,0,0,100,55,0,0,0,0,15:25:00,2
2026-07-31 15:34:36.696000+05:30,32.4,60.1,421,0,1,33,24.2,65.4,0,952.1,0,0,28.1,60.5,565,0,2,110,24.2,73.6,488,0,2,66,19.2,85.5,432,0,1,38,0,0,0,0,0,0,0,0,0,0,0,0,0,0,0,0,0,0,0,0,0,0,0,0,100,55,0,0,0,0,15:25:00,2
2026-07-31 15:34:41.703000+05:30,32.4,60.0,406,0,1,26,24.2,65.3,0,952.0,0,0,28.0,60.5,555,0,2,103,24.1,73.6,488,0,2,66,19.2,85.5,432,0,1,38,0,0,0,0,0,0,0,0,0,0,0,0,0,0,0,0,0,0,0,0,0,0,0,0,100,55,0,0,0,0,15:25:00,2
2026-07-31 15:34:46.702000+05:30,32.3,60.0,412,0,1,29,24.2,65.2,0,952.1,0,0,28.1,60.4,543,0,2,96,24.2,73.6,488,0,2,66,19.2,85.5,432,0,1,38,0,0,0,0,0,0,0,0,0,0,0,0,0,0,0,0,0,0,0,0,0,0,0,0,100,55,0,0,0,0,15:25:00,2
2026-07-31 15:34:51.703000+05:30,32.3,60.1,421,0,1,33,24.2,65.2,0,952.1,0,0,28.1,60.4,531,0,2,89,24.2,73.6,488,0,2,66,19.2,85.5,432,0,1,38,0,0,0,0,0,0,0,0,0,0,0,0,0,0,0,0,0,0,0,0,0,0,0,0,100,55,0,0,0,0,15:25:00,2
2026-07-31 15:34:56.701000+05:30,32.4,60.3,428,0,1,36,24.3,65.3,0,952.1,0,0,28.1,60.3,537,0,2,93,24.2,73.6,488,0,2,66,19.3,85.6,432,0,1,38,0,0,0,0,0,0,0,0,0,0,0,0,0,0,0,0,0,0,0,0,0,0,0,0,100,55,0,0,0,0,15:25:00,2
2026-07-31 15:35:01.703000+05:30,32.4,60.3,458,0,1,51,24.3,65.2,0,952.1,0,0,28.1,60.4,549,0,2,100,24.2,73.6,488,0,2,66,19.3,85.4,432,0,1,38,0,0,0,0,0,0,0,0,0,0,0,0,0,0,0,0,0,0,0,0,0,0,0,0,100,55,0,0,0,0,15:35:00,1
2026-07-31 15:35:06.702000+05:30,32.4,60.5,497,0,2,71,24.3,65.1,0,952.0,0,0,28.1,60.4,550,0,2,101,24.2,73.6,488,0,2,66,19.3,85.4,432,0,1,38,0,0,0,0,0,0,0,0,0,0,0,0,0,0,0,0,0,0,0,0,0,0,0,0,100,55,0,0,0,0,15:35:00,1
2026-07-31 15:35:11.702000+05:30,32.4,60.7,480,0,1,62,24.3,65.2,0,952.0,0,0,28.1,60.3,552,0,2,102,24.2,73.6,488,0,2,66,19.3,85.4,432,0,1,38,0,0,0,0,0,0,0,0,0,0,0,0,0,0,0,0,0,0,0,0,0,0,0,0,100,55,0,0,0,0,15:35:00,1
2026-07-31 15:35:16.701000+05:30,32.4,60.6,483,0,1,63,24.3,65.2,0,952.0,0,0,28.1,60.3,563,0,2,108,24.2,73.6,488,0,2,66,19.3,85.6,432,0,1,38,0,0,0,0,0,0,0,0,0,0,0,0,0,0,0,0,0,0,0,0,0,0,0,0,100,55,0,0,0,0,15:35:00,1
2026-07-31 15:35:21.702000+05:30,32.4,60.6,486,0,1,64,24.3,65.1,0,952.0,0,0,28.1,60.3,565,0,2,110,24.2,73.6,488,0,2,66,19.3,85.6,432,0,1,38,0,0,0,0,0,0,0,0,0,0,0,0,0,0,0,0,0,0,0,0,0,0,0,0,100,55,0,0,0,0,15:35:00,1
2026-07-31 15:35:26.701000+05:30,32.4,60.7,490,0,2,67,24.3,65.1,0,952.0,0,0,28.1,60.3,578,0,2,117,24.2,73.6,488,0,2,66,19.3,85.7,432,0,1,38,0,0,0,0,0,0,0,0,0,0,0,0,0,0,0,0,0,0,0,0,0,0,0,0,100,55,0,0,0,0,15:35:00,1
2026-07-31 15:35:31.701000+05:30,32.4,60.5,472,0,1,57,24.3,65.2,0,952.0,0,0,28.1,60.3,548,0,2,99,24.2,73.5,488,0,2,66,19.3,85.7,432,0,1,38,0,0,0,0,0,0,0,0,0,0,0,0,0,0,0,0,0,0,0,0,0,0,0,0,100,55,0,0,0,0,15:35:00,1
2026-07-31 15:35:36.702000+05:30,32.3,60.6,473,0,1,58,24.3,65.0,0,952.1,0,0,28.1,60.8,496,0,2,70,24.2,73.6,488,0,2,66,19.2,85.8,432,0,1,38,0,0,0,0,0,0,0,0,0,0,0,0,0,0,0,0,0,0,0,0,0,0,0,0,100,55,0,0,0,0,15:35:00,1
2026-07-31 15:35:41.696000+05:30,32.3,60.5,448,0,1,46,24.3,65.5,0,952.6,0,0,28.1,61.8,497,0,2,70,24.3,74.1,488,0,2,66,19.4,85.6,432,0,1,38,0,0,0,0,0,0,0,0,0,0,0,0,0,0,0,0,0,0,0,0,0,0,0,0,100,55,0,0,0,0,15:35:00,1
2026-07-31 15:35:46.701000+05:30,32.3,60.4,432,0,1,38,24.3,66.5,0,952.7,0,0,28.1,62.3,528,0,2,88,24.3,74.3,488,0,2,66,19.4,84.9,432,0,1,38,0,0,0,0,0,0,0,0,0,0,0,0,0,0,0,0,0,0,0,0,0,0,0,0,100,55,0,0,0,0,15:35:00,1
2026-07-31 15:35:51.701000+05:30,32.3,60.5,476,0,1,59,24.4,66.6,0,952.7,0,0,28.1,61.9,528,0,2,88,24.3,74.3,488,0,2,66,19.4,84.3,432,0,1,38,0,0,0,0,0,0,0,0,0,0,0,0,0,0,0,0,0,0,0,0,0,0,0,0,100,55,0,0,0,0,15:35:00,1
2026-07-31 15:35:56.702000+05:30,32.3,60.9,487,0,2,65,24.4,66.0,0,952.7,0,0,28.1,61.5,518,0,2,82,24.3,74.3,488,0,2,66,19.4,84.3,432,0,1,38,0,0,0,0,0,0,0,0,0,0,0,0,0,0,0,0,0,0,0,0,0,0,0,0,100,55,0,0,0,0,15:35:00,1
2026-07-31 15:36:01.696000+05:30,32.3,61.1,514,0,2,80,24.4,66.0,0,952.7,0,0,28.1,61.5,547,0,2,99,24.4,73.9,488,0,2,66,19.4,83.7,432,0,1,38,0,0,0,0,0,0,0,0,0,0,0,0,0,0,0,0,0,0,0,0,0,0,0,0,100,55,0,0,0,0,15:35:00,1
2026-07-31 15:36:06.701000+05:30,32.4,61.3,506,0,2,76,24.4,65.9,0,952.7,0,0,28.1,61.4,538,0,2,93,24.4,73.7,65535,0,2,65313,19.4,83.2,432,0,1,38,0,0,0,0,0,0,0,0,0,0,0,0,0,0,0,0,0,0,0,0,0,0,0,0,100,55,0,0,0,0,15:35:00,1
2026-07-31 15:36:11.699000+05:30,32.4,61.5,498,0,2,71,24.4,65.9,0,952.7,0,0,28.1,61.1,537,0,2,92,24.4,73.5,488,0,2,66,19.4,83.0,432,0,1,38,0,0,0,0,0,0,0,0,0,0,0,0,0,0,0,0,0,0,0,0,0,0,0,0,100,55,0,0,0,0,15:35:00,1
2026-07-31 15:36:16.701000+05:30,32.4,61.6,464,0,1,54,24.4,65.8,0,952.7,0,0,28.1,61.2,525,0,2,86,24.4,73.5,488,0,2,66,19.4,82.7,432,0,1,38,0,0,0,0,0,0,0,0,0,0,0,0,0,0,0,0,0,0,0,0,0,0,0,0,100,55,0,0,0,0,15:35:00,1
2026-07-31 15:36:21.697000+05:30,32.4,61.6,462,0,1,53,24.4,65.8,0,952.8,0,0,28.1,61.2,515,0,2,80,24.4,73.5,488,0,2,66,19.4,82.7,432,0,1,38,0,0,0,0,0,0,0,0,0,0,0,0,0,0,0,0,0,0,0,0,0,0,0,0,100,55,0,0,0,0,15:35:00,1
2026-07-31 15:36:26.701000+05:30,32.4,61.6,464,0,1,53,24.4,65.8,0,952.8,0,0,28.1,61.1,520,0,2,83,24.4,73.5,65535,0,2,66,19.4,82.4,432,0,1,38,0,0,0,0,0,0,0,0,0,0,0,0,0,0,0,0,0,0,0,0,0,0,0,0,100,55,0,0,0,0,15:35:00,1
2026-07-31 15:36:31.697000+05:30,32.4,61.3,456,0,1,50,24.4,65.5,0,952.7,0,0,28.1,61.0,505,0,2,75,24.4,73.4,488,0,2,66,19.4,82.3,432,0,1,38,0,0,0,0,0,0,0,0,0,0,0,0,0,0,0,0,0,0,0,0,0,0,0,0,100,55,0,0,0,0,15:35:00,1
2026-07-31 15:36:36.701000+05:30,32.3,60.9,447,0,1,45,24.4,65.4,0,952.7,0,0,28.1,60.9,520,0,2,83,24.4,73.4,488,0,2,66,19.4,82.2,432,0,1,38,0,0,0,0,0,0,0,0,0,0,0,0,0,0,0,0,0,0,0,0,0,0,0,0,100,55,0,0,0,0,15:35:00,1
2026-07-31 15:36:41.701000+05:30,32.3,60.8,459,0,1,51,24.4,65.2,0,952.6,0,0,28.1,60.7,519,0,2,83,24.4,73.1,488,0,2,66,19.4,82.0,432,0,1,38,0,0,0,0,0,0,0,0,0,0,0,0,0,0,0,0,0,0,0,0,0,0,0,0,100,55,0,0,0,0,15:35:00,1
2026-07-31 15:36:46.780000+05:30,32.3,60.4,437,0,1,40,24.4,65.1,0,952.7,0,0,28.1,60.6,506,0,2,75,24.3,73.1,488,0,2,66,19.3,81.8,432,0,1,38,0,0,0,0,0,0,0,0,0,0,0,0,0,0,0,0,0,0,0,0,0,0,0,0,100,55,0,0,0,0,15:35:00,1
2026-07-31 15:36:51.699000+05:30,32.3,60.5,448,0,1,46,24.4,65.1,0,952.7,0,0,28.1,60.5,514,0,2,80,24.3,72.9,488,0,2,66,19.3,81.7,432,0,1,38,0,0,0,0,0,0,0,0,0,0,0,0,0,0,0,0,0,0,0,0,0,0,0,0,100,55,0,0,0,0,15:35:00,1
2026-07-31 15:36:56.699000+05:30,32.3,60.4,432,0,1,38,24.4,65.0,0,952.7,0,0,28.1,60.5,502,0,2,73,24.3,72.9,488,0,2,66,19.3,81.7,432,0,1,38,0,0,0,0,0,0,0,0,0,0,0,0,0,0,0,0,0,0,0,0,0,0,0,0,100,55,0,0,0,0,15:35:00,1
2026-07-31 15:37:01.698000+05:30,32.3,60.6,472,0,1,58,24.4,64.9,0,952.6,0,0,28.1,60.4,530,0,2,89,24.3,72.8,488,0,2,66,19.3,81.7,432,0,1,38,0,0,0,0,0,0,0,0,0,0,0,0,0,0,0,0,0,0,0,0,0,0,0,0,100,55,0,0,0,0,15:35:00,1
2026-07-31 15:37:06.701000+05:30,32.2,60.6,503,0,2,74,24.4,64.9,0,952.6,0,0,28.1,60.4,526,0,2,86,24.3,72.8,488,0,2,66,19.3,81.7,432,0,1,38,0,0,0,0,0,0,0,0,0,0,0,0,0,0,0,0,0,0,0,0,0,0,0,0,100,55,0,0,0,0,15:35:00,1
2026-07-31 15:37:11.698000+05:30,32.2,60.5,449,0,1,46,24.4,64.8,0,952.7,0,0,28.1,60.3,500,0,2,72,24.3,72.8,488,0,2,66,19.3,81.7,432,0,1,38,0,0,0,0,0,0,0,0,0,0,0,0,0,0,0,0,0,0,0,0,0,0,0,0,100,55,0,0,0,0,15:35:00,1
2026-07-31 15:37:16.698000+05:30,32.3,60.3,426,0,1,36,24.4,64.7,0,952.7,0,0,28.1,60.2,513,0,2,79,24.3,72.7,488,0,2,66,19.3,81.7,432,0,1,38,0,0,0,0,0,0,0,0,0,0,0,0,0,0,0,0,0,0,0,0,0,0,0,0,100,55,0,0,0,0,15:35:00,1
2026-07-31 15:37:21.698000+05:30,32.3,60.1,457,0,1,50,24.4,64.6,0,952.7,0,0,28.1,60.1,513,0,2,79,24.2,72.7,488,0,2,66,19.3,81.8,432,0,1,38,0,0,0,0,0,0,0,0,0,0,0,0,0,0,0,0,0,0,0,0,0,0,0,0,100,55,0,0,0,0,15:35:00,1
2026-07-31 15:37:26.698000+05:30,32.3,60.1,495,0,2,70,24.4,64.5,0,952.7,0,0,28.1,60.0,531,0,2,89,24.2,72.6,488,0,2,66,19.3,81.9,432,0,1,38,0,0,0,0,0,0,0,0,0,0,0,0,0,0,0,0,0,0,0,0,0,0,0,0,100,55,0,0,0,0,15:35:00,1
2026-07-31 15:37:31.698000+05:30,32.3,60.3,535,0,2,92,24.4,64.5,0,952.7,0,0,28.1,60.0,520,0,2,83,24.2,72.6,488,0,2,66,19.3,81.9,432,0,1,38,0,0,0,0,0,0,0,0,0,0,0,0,0,0,0,0,0,0,0,0,0,0,0,0,100,55,0,0,0,0,15:35:00,1
2026-07-31 15:37:36.698000+05:30,32.3,60.9,492,0,2,68,24.4,64.5,0,952.6,0,0,28.1,60.0,504,0,2,74,24.2,72.7,488,0,2,66,19.3,82.0,432,0,1,38,0,0,0,0,0,0,0,0,0,0,0,0,0,0,0,0,0,0,0,0,0,0,0,0,100,55,0,0,0,0,15:35:00,1
2026-07-31 15:37:41.698000+05:30,32.3,60.9,494,0,2,69,24.4,64.4,0,952.7,0,0,28.1,59.9,510,0,2,77,24.2,72.6,488,0,2,66,19.4,82.1,432,0,1,38,0,0,0,0,0,0,0,0,0,0,0,0,0,0,0,0,0,0,0,0,0,0,0,0,100,55,0,0,0,0,15:35:00,1
2026-07-31 15:37:46.697000+05:30,32.3,60.7,484,0,1,64,24.4,64.3,0,952.7,0,0,28.1,59.8,508,0,2,76,24.2,72.6,488,0,2,66,19.3,82.1,432,0,1,38,0,0,0,0,0,0,0,0,0,0,0,0,0,0,0,0,0,0,0,0,0,0,0,0,100,55,0,0,0,0,15:35:00,1
2026-07-31 15:37:51.696000+05:30,32.2,60.7,474,0,1,58,24.4,64.1,0,952.7,0,0,28.0,59.6,514,0,2,80,24.2,72.6,488,0,2,66,19.3,82.1,432,0,1,38,0,0,0,0,0,0,0,0,0,0,0,0,0,0,0,0,0,0,0,0,0,0,0,0,100,55,0,0,0,0,15:35:00,1
2026-07-31 15:37:56.697000+05:30,32.3,60.6,460,0,1,51,24.4,64.1,0,952.8,0,0,28.1,59.6,490,0,2,67,24.2,72.6,488,0,2,66,19.3,82.1,432,0,1,38,0,0,0,0,0,0,0,0,0,0,0,0,0,0,0,0,0,0,0,0,0,0,0,0,100,55,0,0,0,0,15:35:00,1
2026-07-31 15:38:01.697000+05:30,32.2,60.7,519,0,2,83,24.4,64.1,0,952.8,0,0,28.1,59.6,482,0,1,63,24.1,72.5,488,0,2,66,19.3,82.1,432,0,1,38,0,0,0,0,0,0,0,0,0,0,0,0,0,0,0,0,0,0,0,0,0,0,0,0,100,55,0,0,0,0,15:35:00,1
2026-07-31 15:38:06.697000+05:30,32.3,61.0,497,0,2,70,24.4,64.0,0,952.8,0,0,28.1,59.6,517,0,2,81,24.1,72.4,488,0,2,66,19.3,82.1,432,0,1,38,0,0,0,0,0,0,0,0,0,0,0,0,0,0,0,0,0,0,0,0,0,0,0,0,100,55,0,0,0,0,15:35:00,1
2026-07-31 15:38:11.697000+05:30,32.3,61.3,494,0,2,69,24.4,63.9,0,952.7,0,0,28.1,59.5,502,0,2,73,24.1,72.4,488,0,2,66,19.3,82.0,432,0,1,38,0,0,0,0,0,0,0,0,0,0,0,0,0,0,0,0,0,0,0,0,0,0,0,0,100,55,0,0,0,0,15:35:00,1
2026-07-31 15:38:16.696000+05:30,32.3,61.4,498,0,2,71,24.4,63.8,0,952.8,0,0,28.0,59.4,505,0,2,75,24.1,72.3,488,0,2,66,19.3,82.1,432,0,1,38,0,0,0,0,0,0,0,0,0,0,0,0,0,0,0,0,0,0,0,0,0,0,0,0,100,55,0,0,0,0,15:35:00,1
2026-07-31 15:38:21.697000+05:30,32.3,61.6,464,0,1,54,24.4,63.7,0,952.8,0,0,28.1,59.3,515,0,2,80,87.1,36.3,488,0,2,66,19.3,82.1,432,0,1,38,0,0,0,0,0,0,0,0,0,0,0,0,0,0,0,0,0,0,0,0,0,0,0,0,100,55,0,0,0,0,15:35:00,1
2026-07-31 15:38:26.697000+05:30,32.3,61.7,471,0,1,57,24.4,63.7,0,952.7,0,0,28.1,59.3,509,0,2,77,24.1,72.2,488,0,2,66,19.3,82.1,432,0,1,38,0,0,0,0,0,0,0,0,0,0,0,0,0,0,0,0,0,0,0,0,0,0,0,0,100,55,0,0,0,0,15:35:00,1
2026-07-31 15:38:31.704000+05:30,32.3,61.6,481,0,1,62,24.4,63.7,0,952.8,0,0,28.1,59.3,478,0,1,61,24.1,72.2,488,0,2,66,19.3,82.1,432,0,1,38,0,0,0,0,0,0,0,0,0,0,0,0,0,0,0,0,0,0,0,0,0,0,0,0,100,55,0,0,0,0,15:35:00,1
2026-07-31 15:38:36.696000+05:30,32.3,61.9,483,0,1,63,24.4,63.7,0,952.8,0,0,28.1,59.3,503,0,2,74,24.0,72.2,488,0,2,66,19.3,82.1,432,0,1,38,0,0,0,0,0,0,0,0,0,0,0,0,0,0,0,0,0,0,0,0,0,0,0,0,100,55,0,0,0,0,15:35:00,1
2026-07-31 15:38:41.703000+05:30,32.3,62.0,461,0,1,52,24.4,63.6,0,952.7,0,0,28.1,59.2,508,0,2,77,24.0,72.1,488,0,2,66,19.3,82.1,432,0,1,38,0,0,0,0,0,0,0,0,0,0,0,0,0,0,0,0,0,0,0,0,0,0,0,0,100,55,0,0,0,0,15:35:00,1
2026-07-31 15:38:46.766000+05:30,32.3,61.8,436,0,1,40,24.4,63.5,0,952.7,0,0,28.1,59.1,490,0,2,67,24.0,72.1,488,0,2,66,19.3,82.2,432,0,1,38,0,0,0,0,0,0,0,0,0,0,0,0,0,0,0,0,0,0,0,0,0,0,0,0,100,55,0,0,0,0,15:35:00,1
2026-07-31 15:38:51.697000+05:30,32.3,61.9,464,0,1,53,24.4,63.4,0,952.8,0,0,28.1,59.0,463,0,1,53,24.0,72.1,488,0,2,66,19.3,82.1,432,0,1,38,0,0,0,0,0,0,0,0,0,0,0,0,0,0,0,0,0,0,0,0,0,0,0,0,100,55,0,0,0,0,15:35:00,1
2026-07-31 15:38:56.702000+05:30,32.3,61.8,454,0,1,48,24.4,63.3,0,952.7,0,0,28.1,59.0,491,0,2,67,-13.0,72.0,488,0,2,66,19.3,82.1,432,0,1,38,0,0,0,0,0,0,0,0,0,0,0,0,0,0,0,0,0,0,0,0,0,0,0,0,100,55,0,0,0,0,15:35:00,1
2026-07-31 15:39:01.702000+05:30,32.2,61.6,433,0,1,39,24.4,63.2,0,952.7,0,0,28.1,58.8,497,0,2,71,-13.0,72.0,488,0,2,66,19.3,82.1,432,0,1,38,0,0,0,0,0,0,0,0,0,0,0,0,0,0,0,0,0,0,0,0,0,0,0,0,100,55,0,0,0,0,15:35:00,1
2026-07-31 15:39:06.702000+05:30,32.2,61.6,415,0,1,30,24.4,63.1,0,952.8,0,0,28.1,58.7,481,0,1,62,-13.0,72.0,488,0,2,66,19.3,82.1,432,0,1,38,0,0,0,0,0,0,0,0,0,0,0,0,0,0,0,0,0,0,0,0,0,0,0,0,100,55,0,0,0,0,15:35:00,1
2026-07-31 15:39:11.696000+05:30,32.1,61.5,427,0,1,36,24.4,63.1,0,952.8,0,0,28.1,58.7,478,0,1,60,-13.0,72.0,488,0,2,66,19.3,82.1,432,0,1,38,0,0,0,0,0,0,0,0,0,0,0,0,0,0,0,0,0,0,0,0,0,0,0,0,100,55,0,0,0,0,15:35:00,1
2026-07-31 15:39:16.702000+05:30,32.1,61.5,408,0,1,27,24.4,63.1,0,952.8,0,0,28.1,58.7,478,0,1,60,-13.0,72.0,488,0,2,66,19.3,82.1,432,0,1,38,0,0,0,0,0,0,0,0,0,0,0,0,0,0,0,0,0,0,0,0,0,0,0,0,100,55,0,0,0,0,15:35:00,1
2026-07-31 15:39:21.702000+05:30,32.1,61.6,400,0,1,22,24.4,63.0,0,952.7,0,0,28.1,58.6,475,0,1,59,23.9,72.0,488,0,2,66,19.2,82.1,432,0,1,38,0,0,0,0,0,0,0,0,0,0,0,0,0,0,0,0,0,0,0,0,0,0,0,0,100,55,0,0,0,0,15:35:00,1
2026-07-31 15:39:26.702000+05:30,32.1,61.7,422,0,1,33,24.4,62.9,0,952.7,0,0,28.1,58.5,477,0,1,60,23.9,72.0,488,0,2,66,19.2,81.9,432,0,1,38,0,0,0,0,0,0,0,0,0,0,0,0,0,0,0,0,0,0,0,0,0,0,0,0,100,55,0,0,0,0,15:35:00,1
2026-07-31 15:39:31.702000+05:30,32.0,61.3,453,0,1,48,24.4,62.8,0,952.7,0,0,28.1,58.4,492,0,2,68,23.9,72.0,488,0,2,66,19.2,81.9,432,0,1,38,0,0,0,0,0,0,0,0,0,0,0,0,0,0,0,0,0,0,0,0,0,0,0,0,100,55,0,0,0,0,15:35:00,1
2026-07-31 15:39:36.702000+05:30,32.0,61.6,439,0,1,41,24.4,62.8,0,952.7,0,0,28.1,58.4,473,0,1,58,23.9,72.0,488,0,2,66,19.2,81.9,432,0,1,38,0,0,0,0,0,0,0,0,0,0,0,0,0,0,0,0,0,0,0,0,0,0,0,0,100,55,0,0,0,0,15:35:00,1
2026-07-31 15:39:41.701000+05:30,32.0,61.6,427,0,1,36,24.4,62.8,0,952.7,0,0,28.1,58.3,516,0,2,81,23.9,72.0,488,0,2,66,19.2,81.9,432,0,1,38,0,0,0,0,0,0,0,0,0,0,0,0,0,0,0,0,0,0,0,0,0,0,0,0,100,55,0,0,0,0,15:35:00,1
2026-07-31 15:39:46.702000+05:30,32.0,61.7,424,0,1,34,24.4,62.7,0,952.7,0,0,28.1,58.3,511,0,2,78,23.9,71.8,65396,0,2,66,19.2,82.1,432,0,1,38,0,0,0,0,0,0,0,0,0,0,0,0,0,0,0,0,0,0,0,0,0,0,0,0,100,55,0,0,0,0,15:35:00,1
2026-07-31 15:39:51.701000+05:30,32.0,61.8,420,0,1,33,24.4,62.7,0,952.7,0,0,28.1,58.2,487,0,2,65,23.9,71.8,488,0,2,66,19.2,82.2,432,0,1,38,0,0,0,0,0,0,0,0,0,0,0,0,0,0,0,0,0,0,0,0,0,0,0,0,100,55,0,0,0,0,15:35:00,1
2026-07-31 15:39:56.702000+05:30,32.0,61.7,437,0,1,40,24.4,62.5,0,952.7,0,0,28.1,58.2,491,0,2,67,23.9,71.8,488,0,2,66,19.2,82.3,432,0,1,38,0,0,0,0,0,0,0,0,0,0,0,0,0,0,0,0,0,0,0,0,0,0,0,0,100,55,0,0,0,0,15:35:00,1
2026-07-31 15:40:01.701000+05:30,32.0,61.4,431,0,1,38,24.4,62.5,0,952.7,0,0,28.2,58.0,461,0,1,52,23.9,71.8,488,0,2,66,19.2,82.3,432,0,1,38,0,0,0,0,0,0,0,0,0,0,0,0,0,0,0,0,0,0,0,0,0,0,0,0,100,55,0,0,0,0,15:35:00,1
2026-07-31 15:40:06.700000+05:30,32.1,61.4,415,0,1,30,24.4,62.5,0,952.7,0,0,28.2,58.0,464,0,1,54,23.9,71.8,488,0,2,66,19.2,82.3,432,0,1,38,0,0,0,0,0,0,0,0,0,0,0,0,0,0,0,0,0,0,0,0,0,0,0,0,100,55,0,0,0,0,15:35:00,1
2026-07-31 15:40:11.700000+05:30,32.1,61.7,427,0,1,36,24.4,62.5,0,952.7,0,0,28.2,58.0,485,0,1,64,23.9,71.6,232,0,2,66,19.3,82.3,432,0,1,38,0,0,0,0,0,0,0,0,0,0,0,0,0,0,0,0,0,0,0,0,0,0,0,0,100,55,0,0,0,0,15:35:00,1
2026-07-31 15:40:16.701000+05:30,32.1,61.7,476,0,1,59,24.4,62.4,0,952.7,0,0,28.2,57.9,488,0,2,66,23.9,71.7,488,0,2,66,19.2,82.3,432,0,1,38,0,0,0,0,0,0,0,0,0,0,0,0,0,0,0,0,0,0,0,0,0,0,0,0,100,55,0,0,0,0,15:35:00,1
2026-07-31 15:40:21.697000+05:30,32.2,61.9,462,0,1,53,24.4,62.3,0,952.7,0,0,28.1,57.8,470,0,1,57,23.9,71.7,488,0,2,66,19.3,82.3,432,0,1,38,0,0,0,0,0,0,0,0,0,0,0,0,0,0,0,0,0,0,0,0,0,0,0,0,100,55,0,0,0,0,15:35:00,1
2026-07-31 15:40:26.701000+05:30,32.2,61.9,461,0,1,52,24.4,62.3,0,952.7,0,0,28.1,57.8,494,0,2,69,23.9,71.6,488,0,2,66,19.3,82.3,432,0,1,38,0,0,0,0,0,0,0,0,0,0,0,0,0,0,0,0,0,0,0,0,0,0,0,0,100,55,0,0,0,0,15:35:00,1
2026-07-31 15:40:31.700000+05:30,32.2,62.0,445,0,1,44,24.4,62.3,0,952.7,0,0,28.1,57.7,476,0,1,59,23.9,71.5,488,0,2,66,19.3,82.4,432,0,1,38,0,0,0,0,0,0,0,0,0,0,0,0,0,0,0,0,0,0,0,0,0,0,0,0,100,55,0,0,0,0,15:35:00,1
2026-07-31 15:40:36.700000+05:30,32.2,62.0,451,0,1,47,24.4,62.3,0,952.7,0,0,28.1,57.7,469,0,1,56,23.9,71.5,488,0,2,66,19.3,82.4,432,0,1,38,0,0,0,0,0,0,0,0,0,0,0,0,0,0,0,0,0,0,0,0,0,0,0,0,100,55,0,0,0,0,15:35:00,1
2026-07-31 15:40:41.700000+05:30,32.2,61.2,404,0,1,25,24.4,62.2,0,952.8,0,0,28.1,57.7,459,0,1,51,23.9,71.5,488,0,2,66,19.3,82.5,432,0,1,38,0,0,0,0,0,0,0,0,0,0,0,0,0,0,0,0,0,0,0,0,0,0,0,0,100,55,0,0,0,0,15:35:00,1
2026-07-31 15:40:46.699000+05:30,32.2,61.4,451,0,1,47,24.4,62.2,0,952.7,0,0,28.1,57.7,457,0,1,50,23.9,71.5,488,0,2,66,19.3,82.4,432,0,1,38,0,0,0,0,0,0,0,0,0,0,0,0,0,0,0,0,0,0,0,0,0,0,0,0,100,55,0,0,0,0,15:35:00,1
2026-07-31 15:40:51.700000+05:30,32.1,61.5,416,0,1,31,24.4,62.1,0,952.7,0,0,28.1,57.7,454,0,1,49,23.9,71.4,488,0,2,66,19.2,82.4,432,0,1,38,0,0,0,0,0,0,0,0,0,0,0,0,0,0,0,0,0,0,0,0,0,0,0,0,100,55,0,0,0,0,15:35:00,1
2026-07-31 15:40:56.700000+05:30,32.1,61.4,416,0,1,31,24.4,62.1,0,952.7,0,0,28.1,57.7,463,0,1,53,23.9,71.4,488,0,2,66,19.2,82.4,432,0,1,38,0,0,0,0,0,0,0,0,0,0,0,0,0,0,0,0,0,0,0,0,0,0,0,0,100,55,0,0,0,0,15:35:00,1
2026-07-31 15:41:01.698000+05:30,32.1,61.4,422,0,1,33,24.4,62.0,0,952.7,0,0,28.0,57.7,443,0,1,43,23.9,71.3,488,0,2,66,19.2,82.4,432,0,1,38,0,0,0,0,0,0,0,0,0,0,0,0,0,0,0,0,0,0,0,0,0,0,0,0,100,55,0,0,0,0,15:35:00,1
2026-07-31 15:41:06.699000+05:30,32.1,61.3,446,0,1,45,24.4,62.0,0,952.7,0,0,28.0,57.7,462,0,1,52,23.9,71.2,488,0,2,66,19.2,82.3,432,0,1,38,0,0,0,0,0,0,0,0,0,0,0,0,0,0,0,0,0,0,0,0,0,0,0,0,100,55,0,0,0,0,15:35:00,1
2026-07-31 15:41:11.700000+05:30,32.1,61.3,439,0,1,41,24.4,62.0,0,952.7,0,0,28.0,57.7,450,0,1,47,23.9,71.2,488,0,2,66,19.2,82.3,432,0,1,38,0,0,0,0,0,0,0,0,0,0,0,0,0,0,0,0,0,0,0,0,0,0,0,0,100,55,0,0,0,0,15:35:00,1
2026-07-31 15:41:16.699000+05:30,32.1,61.3,427,0,1,36,24.4,61.9,0,952.7,0,0,28.0,57.7,450,0,1,47,23.9,71.1,488,0,2,66,19.2,82.3,432,0,1,38,0,0,0,0,0,0,0,0,0,0,0,0,0,0,0,0,0,0,0,0,0,0,0,0,100,55,0,0,0,0,15:35:00,1
2026-07-31 15:41:21.699000+05:30,32.2,61.0,457,0,1,50,24.4,61.9,0,952.7,0,0,28.0,57.7,466,0,1,55,23.9,71.1,488,0,2,66,19.2,82.3,432,0,1,38,0,0,0,0,0,0,0,0,0,0,0,0,0,0,0,0,0,0,0,0,0,0,0,0,100,55,0,0,0,0,15:35:00,1
2026-07-31 15:41:26.699000+05:30,32.2,61.4,465,0,1,54,24.4,62.0,0,952.7,0,0,27.9,57.7,464,0,1,54,23.9,71.1,488,0,2,66,19.2,82.3,432,0,1,38,0,0,0,0,0,0,0,0,0,0,0,0,0,0,0,0,0,0,0,0,0,0,0,0,100,55,0,0,0,0,15:35:00,1
2026-07-31 15:41:31.698000+05:30,32.2,61.5,497,0,2,70,24.4,61.8,0,952.8,0,0,27.9,57.6,460,0,1,51,23.9,71.1,488,0,2,66,19.2,82.3,432,0,1,38,0,0,0,0,0,0,0,0,0,0,0,0,0,0,0,0,0,0,0,0,0,0,0,0,100,55,0,0,0,0,15:35:00,1
2026-07-31 15:41:36.698000+05:30,32.2,61.7,468,0,1,56,24.4,61.7,0,952.7,0,0,27.9,57.6,462,0,1,53,23.9,71.0,488,0,2,66,19.2,82.3,432,0,1,38,0,0,0,0,0,0,0,0,0,0,0,0,0,0,0,0,0,0,0,0,0,0,0,0,100,55,0,0,0,0,15:35:00,1
2026-07-31 15:41:41.698000+05:30,32.2,61.5,453,0,1,48,24.4,61.7,0,952.7,0,0,27.9,57.6,469,0,1,56,23.9,71.0,488,0,2,66,19.2,82.3,432,0,1,38,0,0,0,0,0,0,0,0,0,0,0,0,0,0,0,0,0,0,0,0,0,0,0,0,100,55,0,0,0,0,15:35:00,1
2026-07-31 15:41:46.698000+05:30,32.2,61.3,465,0,1,54,24.4,61.7,0,952.8,0,0,27.9,57.6,461,0,1,52,23.9,71.0,488,0,2,66,19.2,82.2,432,0,1,38,0,0,0,0,0,0,0,0,0,0,0,0,0,0,0,0,0,0,0,0,0,0,0,0,100,55,0,0,0,0,15:35:00,1
2026-07-31 15:41:51.698000+05:30,32.2,61.1,429,0,1,37,24.4,61.7,0,952.8,0,0,27.9,57.6,471,0,1,57,23.9,70.9,65535,0,2,65313,19.2,82.3,432,0,1,38,0,0,0,0,0,0,0,0,0,0,0,0,0,0,0,0,0,0,0,0,0,0,0,0,100,55,0,0,0,0,15:35:00,1
2026-07-31 15:41:56.698000+05:30,32.2,60.5,472,0,1,57,24.4,61.6,0,952.7,0,0,28.0,57.6,442,0,1,43,23.8,70.8,488,0,2,66,19.2,82.2,432,0,1,38,0,0,0,0,0,0,0,0,0,0,0,0,0,0,0,0,0,0,0,0,0,0,0,0,100,55,0,0,0,0,15:35:00,1
2026-07-31 15:42:01.697000+05:30,32.2,60.8,460,0,1,52,24.4,61.6,0,952.8,0,0,27.9,57.6,470,0,1,57,23.8,70.8,488,0,2,66,19.2,82.2,432,0,1,38,0,0,0,0,0,0,0,0,0,0,0,0,0,0,0,0,0,0,0,0,0,0,0,0,100,55,0,0,0,0,15:35:00,1
2026-07-31 15:42:06.701000+05:30,32.2,60.9,478,0,1,61,24.4,61.6,0,952.8,0,0,27.9,57.6,445,0,1,44,23.8,70.8,488,0,2,66,19.2,82.2,432,0,1,38,0,0,0,0,0,0,0,0,0,0,0,0,0,0,0,0,0,0,0,0,0,0,0,0,100,55,0,0,0,0,15:35:00,1
2026-07-31 15:42:11.698000+05:30,32.1,61.3,481,0,1,62,24.3,61.6,0,952.7,0,0,27.9,57.5,453,0,1,48,23.8,70.8,488,0,2,66,19.2,82.3,432,0,1,38,0,0,0,0,0,0,0,0,0,0,0,0,0,0,0,0,0,0,0,0,0,0,0,0,100,55,0,0,0,0,15:35:00,1
2026-07-31 15:42:16.779000+05:30,32.2,61.7,444,0,1,44,24.3,61.5,0,952.8,0,0,28.0,57.5,468,0,1,55,23.8,70.8,232,0,2,66,19.1,82.3,432,0,1,38,0,0,0,0,0,0,0,0,0,0,0,0,0,0,0,0,0,0,0,0,0,0,0,0,100,55,0,0,0,0,15:35:00,1
2026-07-31 15:42:21.698000+05:30,32.2,62.0,467,0,1,55,24.3,61.5,0,952.7,0,0,28.0,57.4,471,0,1,57,23.8,100.0,488,0,2,66,19.2,82.3,432,0,1,38,0,0,0,0,0,0,0,0,0,0,0,0,0,0,0,0,0,0,0,0,0,0,0,0,100,55,0,0,0,0,15:35:00,1
2026-07-31 15:42:26.698000+05:30,32.2,62.0,420,0,1,33,24.3,61.4,0,952.7,0,0,27.9,57.4,461,0,1,52,23.8,100.0,488,0,2,66,19.2,82.4,432,0,1,38,0,0,0,0,0,0,0,0,0,0,0,0,0,0,0,0,0,0,0,0,0,0,0,0,100,55,0,0,0,0,15:35:00,1
2026-07-31 15:42:31.698000+05:30,32.2,61.8,431,0,1,38,24.3,61.4,0,952.7,0,0,27.9,57.3,470,0,1,56,23.7,100.0,488,0,2,66,19.2,82.4,432,0,1,38,0,0,0,0,0,0,0,0,0,0,0,0,0,0,0,0,0,0,0,0,0,0,0,0,100,55,0,0,0,0,15:35:00,1
2026-07-31 15:42:36.697000+05:30,32.2,61.9,442,0,1,43,24.3,61.3,0,952.8,0,0,28.0,57.3,449,0,1,46,23.7,100.0,488,0,2,66,19.2,82.4,432,0,1,38,0,0,0,0,0,0,0,0,0,0,0,0,0,0,0,0,0,0,0,0,0,0,0,0,100,55,0,0,0,0,15:35:00,1
2026-07-31 15:42:41.697000+05:30,32.2,62.1,473,0,1,58,24.3,61.3,0,952.8,0,0,28.0,57.3,451,0,1,47,23.8,100.0,488,0,2,66,19.2,82.5,432,0,1,38,0,0,0,0,0,0,0,0,0,0,0,0,0,0,0,0,0,0,0,0,0,0,0,0,100,55,0,0,0,0,15:35:00,1
2026-07-31 15:42:46.697000+05:30,32.2,62.0,432,0,1,38,24.3,61.2,0,952.8,0,0,27.9,57.2,448,0,1,46,23.8,100.0,488,0,2,66,19.2,82.5,432,0,1,38,0,0,0,0,0,0,0,0,0,0,0,0,0,0,0,0,0,0,0,0,0,0,0,0,100,55,0,0,0,0,15:35:00,1
2026-07-31 15:42:51.697000+05:30,32.2,61.7,448,0,1,46,24.3,61.2,0,952.8,0,0,27.9,57.2,478,0,1,60,23.8,100.0,488,0,2,66,19.2,82.5,432,0,1,38,0,0,0,0,0,0,0,0,0,0,0,0,0,0,0,0,0,0,0,0,0,0,0,0,100,55,0,0,0,0,15:35:00,1
2026-07-31 15:42:56.697000+05:30,32.3,61.4,417,0,1,31,24.3,61.2,0,952.8,0,0,27.9,57.2,471,0,1,57,23.8,100.0,488,0,2,66,19.2,82.6,432,0,1,38,0,0,0,0,0,0,0,0,0,0,0,0,0,0,0,0,0,0,0,0,0,0,0,0,100,55,0,0,0,0,15:35:00,1
2026-07-31 15:43:01.697000+05:30,32.3,61.7,452,0,1,48,24.3,61.2,0,952.7,0,0,27.9,57.2,465,0,1,54,23.8,100.0,488,0,2,66,19.2,82.6,432,0,1,38,0,0,0,0,0,0,0,0,0,0,0,0,0,0,0,0,0,0,0,0,0,0,0,0,100,55,0,0,0,0,15:35:00,1
2026-07-31 15:43:06.697000+05:30,32.3,61.5,437,0,1,40,24.3,61.2,0,952.8,0,0,27.9,57.2,450,0,1,46,23.8,100.0,488,0,2,66,19.2,82.6,432,0,1,38,0,0,0,0,0,0,0,0,0,0,0,0,0,0,0,0,0,0,0,0,0,0,0,0,100,55,0,0,0,0,15:35:00,1
2026-07-31 15:43:11.697000+05:30,32.2,61.0,418,0,1,32,24.3,61.2,0,952.8,0,0,27.9,57.2,450,0,1,47,23.8,100.0,488,0,2,66,19.2,82.6,432,0,1,38,0,0,0,0,0,0,0,0,0,0,0,0,0,0,0,0,0,0,0,0,0,0,0,0,100,55,0,0,0,0,15:35:00,1
2026-07-31 15:43:16.697000+05:30,32.2,60.7,416,0,1,31,24.3,61.1,0,952.7,0,0,27.9,57.1,447,0,1,45,23.8,100.0,488,0,2,66,19.2,82.6,432,0,1,38,0,0,0,0,0,0,0,0,0,0,0,0,0,0,0,0,0,0,0,0,0,0,0,0,100,55,0,0,0,0,15:35:00,1
2026-07-31 15:43:21.702000+05:30,32.2,61.0,402,0,1,24,24.3,61.1,0,952.7,0,0,27.9,57.1,451,0,1,47,23.8,100.0,488,0,2,66,19.2,82.6,416,0,0,2,0,0,0,0,0,0,0,0,0,0,0,0,0,0,0,0,0,0,0,0,0,0,0,0,100,55,0,0,0,0,15:35:00,1
2026-07-31 15:43:26.697000+05:30,32.1,61.1,409,0,1,28,24.3,61.1,0,952.8,0,0,27.9,57.1,428,0,1,36,23.8,100.0,232,0,2,66,19.2,82.6,432,0,1,38,0,0,0,0,0,0,0,0,0,0,0,0,0,0,0,0,0,0,0,0,0,0,0,0,100,55,0,0,0,0,15:35:00,1
2026-07-31 15:43:31.699000+05:30,32.1,61.3,400,0,1,22,24.3,61.1,0,952.8,0,0,27.9,57.1,440,0,1,42,23.8,100.0,488,0,2,66,19.2,82.6,432,0,1,38,0,0,0,0,0,0,0,0,0,0,0,0,0,0,0,0,0,0,0,0,0,0,0,0,100,55,0,0,0,0,15:35:00,1
2026-07-31 15:43:36.697000+05:30,32.1,61.4,413,0,1,29,24.3,61.0,0,952.7,0,0,27.9,57.1,445,0,1,44,23.7,100.0,488,0,2,66,19.1,82.5,432,0,1,38,0,0,0,0,0,0,0,0,0,0,0,0,0,0,0,0,0,0,0,0,0,0,0,0,100,55,0,0,0,0,15:35:00,1
2026-07-31 15:43:41.702000+05:30,32.1,61.4,403,0,1,25,24.3,61.0,0,952.7,0,0,27.9,57.1,451,0,1,47,23.7,100.0,488,0,2,66,19.1,82.4,432,0,1,38,0,0,0,0,0,0,0,0,0,0,0,0,0,0,0,0,0,0,0,0,0,0,0,0,100,55,0,0,0,0,15:35:00,1
2026-07-31 15:43:46.696000+05:30,32.0,61.5,400,0,1,24,24.3,61.0,0,952.8,0,0,27.9,57.1,475,0,1,59,23.7,100.0,488,0,2,66,19.1,82.4,432,0,1,38,0,0,0,0,0,0,0,0,0,0,0,0,0,0,0,0,0,0,0,0,0,0,0,0,100,55,0,0,0,0,15:35:00,1
2026-07-31 15:43:51.702000+05:30,32.0,61.5,407,0,1,27,24.3,61.0,0,952.8,0,0,27.9,57.0,455,0,1,49,23.7,100.0,32570,0,2,66,19.1,82.4,432,0,1,38,0,0,0,0,0,0,0,0,0,0,0,0,0,0,0,0,0,0,0,0,0,0,0,0,100,55,0,0,0,0,15:35:00,1
2026-07-31 15:43:56.696000+05:30,32.0,61.4,400,0,1,23,24.3,60.9,0,952.8,0,0,27.9,57.0,416,0,1,31,23.7,100.0,488,0,2,66,19.1,82.4,432,0,1,38,0,0,0,0,0,0,0,0,0,0,0,0,0,0,0,0,0,0,0,0,0,0,0,0,100,55,0,0,0,0,15:35:00,1
2026-07-31 15:44:01.702000+05:30,32.0,61.6,400,0,1,22,24.3,60.9,0,952.8,0,0,27.9,57.0,455,0,1,49,23.7,100.0,488,0,2,66,19.1,82.5,432,0,1,38,0,0,0,0,0,0,0,0,0,0,0,0,0,0,0,0,0,0,0,0,0,0,0,0,100,55,0,0,0,0,15:35:00,1
2026-07-31 15:44:06.702000+05:30,32.0,61.4,422,0,1,33,24.3,60.9,0,952.8,0,0,27.9,57.0,444,0,1,44,23.7,100.0,488,0,2,66,19.2,82.6,432,0,1,38,0,0,0,0,0,0,0,0,0,0,0,0,0,0,0,0,0,0,0,0,0,0,0,0,100,55,0,0,0,0,15:35:00,1
2026-07-31 15:44:11.701000+05:30,32.0,61.2,420,0,1,33,24.3,60.9,0,952.9,0,0,27.9,57.0,450,0,1,47,23.7,100.0,488,0,2,66,19.2,82.6,432,0,1,38,0,0,0,0,0,0,0,0,0,0,0,0,0,0,0,0,0,0,0,0,0,0,0,0,100,55,0,0,0,0,15:35:00,1
2026-07-31 15:44:16.702000+05:30,32.1,61.4,441,0,1,42,24.3,60.8,0,952.8,0,0,27.9,56.9,441,0,1,42,23.7,100.0,488,0,2,66,19.2,82.6,432,0,1,38,0,0,0,0,0,0,0,0,0,0,0,0,0,0,0,0,0,0,0,0,0,0,0,0,100,55,0,0,0,0,15:35:00,1
2026-07-31 15:44:21.696000+05:30,32.1,61.5,451,0,1,47,24.3,60.8,0,952.8,0,0,27.9,56.9,450,0,1,47,23.6,100.0,488,0,2,66,19.2,82.6,432,0,1,38,0,0,0,0,0,0,0,0,0,0,0,0,0,0,0,0,0,0,0,0,0,0,0,0,100,55,0,0,0,0,15:35:00,1
2026-07-31 15:44:26.696000+05:30,32.1,61.5,435,0,1,40,24.3,60.8,0,952.8,0,0,27.9,56.9,469,0,1,56,23.7,100.0,488,0,2,66,19.2,82.7,432,0,1,38,0,0,0,0,0,0,0,0,0,0,0,0,0,0,0,0,0,0,0,0,0,0,0,0,100,55,0,0,0,0,15:35:00,1
2026-07-31 15:44:31.701000+05:30,32.0,61.4,447,0,1,45,24.3,60.7,0,952.7,0,0,27.9,56.8,461,0,1,52,23.6,100.0,488,0,2,66,19.2,82.8,432,0,1,38,0,0,0,0,0,0,0,0,0,0,0,0,0,0,0,0,0,0,0,0,0,0,0,0,100,55,0,0,0,0,15:35:00,1
2026-07-31 15:44:36.701000+05:30,32.0,61.8,400,0,1,22,24.3,60.7,0,952.8,0,0,27.9,56.8,431,0,1,37,23.6,100.0,488,0,2,66,19.2,82.8,432,0,1,38,0,0,0,0,0,0,0,0,0,0,0,0,0,0,0,0,0,0,0,0,0,0,0,0,100,55,0,0,0,0,15:35:00,1
2026-07-31 15:44:41.697000+05:30,32.0,62.1,454,0,1,49,24.3,60.7,0,952.8,0,0,27.9,56.8,458,0,1,51,23.6,100.0,488,0,2,66,19.2,82.8,432,0,1,38,0,0,0,0,0,0,0,0,0,0,0,0,0,0,0,0,0,0,0,0,0,0,0,0,100,55,0,0,0,0,15:35:00,1
2026-07-31 15:44:46.745000+05:30,32.1,62.3,463,0,1,53,24.3,60.7,0,952.8,0,0,27.9,56.8,439,0,1,41,23.6,100.0,488,0,2,66,19.2,82.8,432,0,1,38,0,0,0,0,0,0,0,0,0,0,0,0,0,0,0,0,0,0,0,0,0,0,0,0,100,55,0,0,0,0,15:35:00,1
2026-07-31 15:44:51.701000+05:30,32.1,62.6,471,0,1,57,24.3,60.7,0,952.8,0,0,27.9,56.8,438,0,1,41,23.6,100.0,488,0,2,66,19.2,82.8,432,0,1,38,0,0,0,0,0,0,0,0,0,0,0,0,0,0,0,0,0,0,0,0,0,0,0,0,100,55,0,0,0,0,15:35:00,1
2026-07-31 15:44:56.696000+05:30,32.2,62.7,467,0,1,55,24.3,60.7,0,952.8,0,0,27.9,56.8,447,0,1,45,23.6,100.0,488,0,2,66,19.2,82.9,432,0,1,38,0,0,0,0,0,0,0,0,0,0,0,0,0,0,0,0,0,0,0,0,0,0,0,0,100,55,0,0,0,0,15:35:00,1
2026-07-31 15:45:01.701000+05:30,32.1,62.6,480,0,1,62,24.3,60.7,0,952.8,0,0,27.9,56.7,432,0,1,38,23.6,100.0,488,0,2,66,19.2,82.8,432,0,1,38,0,0,0,0,0,0,0,0,0,0,0,0,0,0,0,0,0,0,0,0,0,0,0,0,100,55,0,0,0,0,15:35:00,1
2026-07-31 15:45:06.700000+05:30,32.2,62.7,470,0,1,56,24.3,60.7,0,952.8,0,0,27.9,56.7,445,0,1,44,23.7,100.0,488,0,2,66,19.2,82.8,432,0,1,38,0,0,0,0,0,0,0,0,0,0,0,0,0,0,0,0,0,0,0,0,0,0,0,0,100,55,0,0,0,0,15:35:00,1
2026-07-31 15:45:11.699000+05:30,32.2,62.9,456,0,1,50,24.3,60.6,0,952.8,0,0,27.9,56.7,448,0,1,46,23.7,100.0,488,0,2,66,19.2,82.8,432,0,1,38,0,0,0,0,0,0,0,0,0,0,0,0,0,0,0,0,0,0,0,0,0,0,0,0,100,55,0,0,0,0,15:35:00,1
2026-07-31 15:45:16.700000+05:30,32.2,62.9,467,0,1,55,24.3,60.6,0,952.8,0,0,27.9,56.7,412,0,1,29,23.7,100.0,488,0,2,66,19.2,82.8,432,0,1,38,0,0,0,0,0,0,0,0,0,0,0,0,0,0,0,0,0,0,0,0,0,0,0,0,100,55,0,0,0,0,15:35:00,1
2026-07-31 15:45:21.700000+05:30,32.2,62.8,456,0,1,49,24.3,60.6,0,952.8,0,0,27.9,56.7,448,0,1,46,23.7,100.0,488,0,2,66,19.2,82.9,432,0,1,38,0,0,0,0,0,0,0,0,0,0,0,0,0,0,0,0,0,0,0,0,0,0,0,0,100,55,0,0,0,0,15:35:00,1
2026-07-31 15:45:26.701000+05:30,32.2,62.4,476,0,1,60,24.3,60.6,0,952.8,0,0,27.9,56.7,456,0,1,50,23.7,100.0,488,0,2,66,19.2,82.9,432,0,1,38,0,0,0,0,0,0,0,0,0,0,0,0,0,0,0,0,0,0,0,0,0,0,0,0,100,55,0,0,0,0,15:35:00,1
2026-07-31 15:45:31.700000+05:30,32.2,62.7,484,0,1,64,24.3,60.6,0,952.8,0,0,27.9,56.7,459,0,1,51,23.7,100.0,488,0,2,66,19.2,82.9,432,0,1,38,0,0,0,0,0,0,0,0,0,0,0,0,0,0,0,0,0,0,0,0,0,0,0,0,100,55,0,0,0,0,15:35:00,1
2026-07-31 15:45:36.696000+05:30,32.2,62.5,460,0,1,52,24.3,60.6,0,952.8,0,0,27.9,56.6,477,0,1,60,23.7,100.0,488,0,2,66,19.2,83.0,432,0,1,38,0,0,0,0,0,0,0,0,0,0,0,0,0,0,0,0,0,0,0,0,0,0,0,0,100,55,0,0,0,0,15:35:00,1
2026-07-31 15:45:41.699000+05:30,32.2,62.6,467,0,1,55,24.3,60.5,0,952.8,0,0,27.9,56.6,453,0,1,48,23.7,100.0,488,0,2,66,19.2,82.9,432,0,1,38,0,0,0,0,0,0,0,0,0,0,0,0,0,0,0,0,0,0,0,0,0,0,0,0,100,55,0,0,0,0,15:35:00,1
2026-07-31 15:45:46.700000+05:30,32.2,62.6,466,0,1,55,24.3,60.5,0,952.8,0,0,27.9,56.6,437,0,1,40,23.7,100.0,488,0,2,66,19.2,82.9,432,0,1,38,0,0,0,0,0,0,0,0,0,0,0,0,0,0,0,0,0,0,0,0,0,0,0,0,100,55,0,0,0,0,15:35:00,1
2026-07-31 15:45:51.699000+05:30,32.2,63.0,473,0,1,58,24.3,60.6,0,952.8,0,0,27.9,56.6,481,0,1,62,124.7,50.0,488,0,2,66,19.2,82.9,432,0,1,38,0,0,0,0,0,0,0,0,0,0,0,0,0,0,0,0,0,0,0,0,0,0,0,0,100,55,0,0,0,0,15:35:00,1
2026-07-31 15:45:56.700000+05:30,32.2,63.1,436,0,1,40,24.3,60.6,0,952.7,0,0,27.9,56.7,464,0,1,54,23.7,100.0,488,0,2,66,19.2,82.9,432,0,1,38,0,0,0,0,0,0,0,0,0,0,0,0,0,0,0,0,0,0,0,0,0,0,0,0,100,55,0,0,0,0,15:35:00,1
2026-07-31 15:46:01.698000+05:30,32.3,63.2,448,0,1,46,24.3,60.6,0,952.8,0,0,27.9,56.7,468,0,1,56,23.7,100.0,488,0,2,66,19.2,82.8,432,0,1,38,0,0,0,0,0,0,0,0,0,0,0,0,0,0,0,0,0,0,0,0,0,0,0,0,100,55,0,0,0,0,15:35:00,1
2026-07-31 15:46:06.700000+05:30,32.2,62.9,441,0,1,42,24.3,60.5,0,952.7,0,0,27.8,56.7,449,0,1,46,23.7,100.0,488,0,2,66,19.2,82.9,432,0,1,38,0,0,0,0,0,0,0,0,0,0,0,0,0,0,0,0,0,0,0,0,0,0,0,0,100,55,0,0,0,0,15:35:00,1
2026-07-31 15:46:11.699000+05:30,32.2,62.5,456,0,1,50,24.3,60.7,0,952.8,0,0,27.8,56.8,441,0,1,42,23.7,100.0,488,0,2,66,19.2,83.0,432,0,1,38,0,0,0,0,0,0,0,0,0,0,0,0,0,0,0,0,0,0,0,0,0,0,0,0,100,55,0,0,0,0,15:35:00,1
2026-07-31 15:46:16.699000+05:30,32.2,62.8,447,0,1,45,24.3,60.6,0,952.8,0,0,27.8,56.8,441,0,1,42,23.7,100.0,488,0,2,66,19.2,83.0,432,0,1,38,0,0,0,0,0,0,0,0,0,0,0,0,0,0,0,0,0,0,0,0,0,0,0,0,100,55,0,0,0,0,15:35:00,1
2026-07-31 15:46:21.698000+05:30,32.2,62.8,455,0,1,49,24.3,60.5,0,952.8,0,0,27.8,56.8,457,0,1,50,23.7,100.0,488,0,2,66,19.2,82.9,432,0,1,38,0,0,0,0,0,0,0,0,0,0,0,0,0,0,0,0,0,0,0,0,0,0,0,0,100,55,0,0,0,0,15:35:00,1
2026-07-31 15:46:26.698000+05:30,32.2,62.6,421,0,1,33,24.3,60.7,0,952.8,0,0,27.8,56.9,462,0,1,52,23.7,100.0,488,0,2,66,19.2,82.9,432,0,1,38,0,0,0,0,0,0,0,0,0,0,0,0,0,0,0,0,0,0,0,0,0,0,0,0,100,55,0,0,0,0,15:35:00,1
2026-07-31 15:46:31.698000+05:30,32.2,62.7,451,0,1,47,24.3,60.7,0,952.8,0,0,27.8,56.9,475,0,1,59,23.7,100.0,65535,0,129,65535,19.2,82.9,432,0,1,38,0,0,0,0,0,0,0,0,0,0,0,0,0,0,0,0,0,0,0,0,0,0,0,0,100,55,0,0,0,0,15:35:00,1
2026-07-31 15:46:36.699000+05:30,32.2,62.9,449,0,1,46,24.3,60.7,0,952.8,0,0,27.8,56.9,442,0,1,43,23.7,100.0,488,0,2,66,19.2,82.8,432,0,1,38,0,0,0,0,0,0,0,0,0,0,0,0,0,0,0,0,0,0,0,0,0,0,0,0,100,55,0,0,0,0,15:35:00,1
2026-07-31 15:46:41.697000+05:30,32.2,63.0,445,0,1,44,24.3,60.6,0,952.8,0,0,27.8,56.9,441,0,1,42,23.7,100.0,488,0,2,66,19.1,82.8,432,0,1,38,0,0,0,0,0,0,0,0,0,0,0,0,0,0,0,0,0,0,0,0,0,0,0,0,100,55,0,0,0,0,15:35:00,1
2026-07-31 15:46:46.699000+05:30,32.2,63.0,454,0,1,49,24.3,60.6,0,952.8,0,0,27.8,56.8,421,0,1,33,23.7,100.0,488,0,2,66,19.1,82.8,432,0,1,38,0,0,0,0,0,0,0,0,0,0,0,0,0,0,0,0,0,0,0,0,0,0,0,0,100,55,0,0,0,0,15:35:00,1
2026-07-31 15:46:51.697000+05:30,32.2,63.1,445,0,1,44,24.3,60.5,0,952.8,0,0,27.8,56.7,436,0,1,40,23.7,100.0,488,0,2,66,19.1,82.9,432,0,1,38,0,0,0,0,0,0,0,0,0,0,0,0,0,0,0,0,0,0,0,0,0,0,0,0,100,55,0,0,0,0,15:35:00,1
2026-07-31 15:46:56.698000+05:30,32.2,63.2,467,0,1,55,24.3,60.5,0,952.8,0,0,27.8,56.7,434,0,1,39,23.7,100.0,488,0,2,66,19.1,83.0,432,0,1,38,0,0,0,0,0,0,0,0,0,0,0,0,0,0,0,0,0,0,0,0,0,0,0,0,100,55,0,0,0,0,15:35:00,1
2026-07-31 15:47:01.697000+05:30,32.2,63.3,466,0,1,54,24.3,60.5,0,952.8,0,0,27.8,56.7,448,0,1,45,23.7,100.0,488,0,2,66,19.1,83.0,432,0,1,38,0,0,0,0,0,0,0,0,0,0,0,0,0,0,0,0,0,0,0,0,0,0,0,0,100,55,0,0,0,0,15:35:00,1
2026-07-31 15:47:06.698000+05:30,32.2,63.3,456,0,1,49,24.3,60.6,0,952.8,0,0,27.8,56.7,465,0,1,54,86.9,100.0,488,0,2,66,19.1,83.0,432,0,1,38,0,0,0,0,0,0,0,0,0,0,0,0,0,0,0,0,0,0,0,0,0,0,0,0,100,55,0,0,0,0,15:35:00,1
2026-07-31 15:47:11.697000+05:30,32.2,63.3,472,0,1,58,24.3,60.6,0,952.8,0,0,27.8,56.7,481,0,1,62,86.9,100.0,488,0,2,66,19.1,83.0,432,0,1,38,0,0,0,0,0,0,0,0,0,0,0,0,0,0,0,0,0,0,0,0,0,0,0,0,100,55,0,0,0,0,15:35:00,1
2026-07-31 15:47:16.697000+05:30,32.2,63.2,452,0,1,47,24.3,60.5,0,952.8,0,0,27.8,56.7,458,0,1,51,23.7,100.0,488,0,2,66,19.1,83.1,432,0,1,38,0,0,0,0,0,0,0,0,0,0,0,0,0,0,0,0,0,0,0,0,0,0,0,0,100,55,0,0,0,0,15:35:00,1
2026-07-31 15:47:21.741000+05:30,32.2,63.4,492,0,2,68,24.3,60.5,0,952.7,0,0,27.8,56.7,464,0,1,53,23.7,100.0,488,0,2,66,19.2,83.1,432,0,1,38,0,0,0,0,0,0,0,0,0,0,0,0,0,0,0,0,0,0,0,0,0,0,0,0,100,55,0,0,0,0,15:35:00,1
2026-07-31 15:47:26.697000+05:30,32.2,63.2,501,0,2,73,24.3,60.5,0,952.8,0,0,27.8,56.8,445,0,1,44,23.7,100.0,488,0,2,66,19.2,83.1,432,0,1,38,0,0,0,0,0,0,0,0,0,0,0,0,0,0,0,0,0,0,0,0,0,0,0,0,100,55,0,0,0,0,15:35:00,1
2026-07-31 15:47:31.702000+05:30,32.2,62.8,465,0,1,54,24.3,60.5,0,952.8,0,0,27.8,56.8,440,0,1,42,23.7,100.0,488,0,2,66,19.1,83.1,432,0,1,38,0,0,0,0,0,0,0,0,0,0,0,0,0,0,0,0,0,0,0,0,0,0,0,0,100,55,0,0,0,0,15:35:00,1
2026-07-31 15:47:36.696000+05:30,32.1,62.6,479,0,1,61,24.3,60.5,0,952.8,0,0,27.8,56.8,433,0,1,39,23.7,100.0,488,0,2,66,19.1,83.1,432,0,1,38,0,0,0,0,0,0,0,0,0,0,0,0,0,0,0,0,0,0,0,0,0,0,0,0,100,55,0,0,0,0,15:35:00,1
2026-07-31 15:47:41.702000+05:30,32.1,62.6,442,0,1,43,24.3,60.5,0,952.8,0,0,27.8,56.8,433,0,1,39,23.7,100.0,488,0,2,66,19.1,83.1,432,0,1,38,0,0,0,0,0,0,0,0,0,0,0,0,0,0,0,0,0,0,0,0,0,0,0,0,100,55,0,0,0,0,15:35:00,1
2026-07-31 15:47:46.696000+05:30,32.1,62.8,441,0,1,42,24.3,60.4,0,952.8,0,0,27.7,56.7,403,0,1,25,23.7,100.0,488,0,2,66,19.2,83.1,432,0,1,38,0,0,0,0,0,0,0,0,0,0,0,0,0,0,0,0,0,0,0,0,0,0,0,0,100,55,0,0,0,0,15:35:00,1
2026-07-31 15:47:51.702000+05:30,32.1,63.0,465,0,1,54,24.3,60.4,0,952.8,0,0,27.8,56.7,419,0,1,32,23.7,100.0,488,0,2,66,19.1,83.0,432,0,1,38,0,0,0,0,0,0,0,0,0,0,0,0,0,0,0,0,0,0,0,0,0,0,0,0,100,55,0,0,0,0,15:35:00,1
2026-07-31 15:47:56.696000+05:30,32.1,63.2,438,0,1,41,24.3,60.4,0,952.8,0,0,27.8,56.6,420,0,1,33,23.7,100.0,488,0,2,66,19.1,82.9,432,0,1,38,0,0,0,0,0,0,0,0,0,0,0,0,0,0,0,0,0,0,0,0,0,0,0,0,100,55,0,0,0,0,15:35:00,1
2026-07-31 15:48:01.702000+05:30,32.1,63.2,464,0,1,53,24.3,60.4,0,952.8,0,0,27.8,56.6,416,0,1,31,23.7,100.0,488,0,2,66,19.1,83.0,432,0,1,38,0,0,0,0,0,0,0,0,0,0,0,0,0,0,0,0,0,0,0,0,0,0,0,0,100,55,0,0,0,0,15:35:00,1
2026-07-31 15:48:06.702000+05:30,32.1,63.2,442,0,1,43,24.3,60.4,0,952.8,0,0,27.8,56.6,434,0,1,39,23.7,100.0,488,0,2,66,19.1,83.0,432,0,1,38,0,0,0,0,0,0,0,0,0,0,0,0,0,0,0,0,0,0,0,0,0,0,0,0,100,55,0,0,0,0,15:35:00,1
2026-07-31 15:48:11.702000+05:30,32.1,63.2,456,0,1,50,24.3,60.4,0,952.8,0,0,27.8,56.6,471,0,1,57,23.8,100.0,488,0,2,66,19.1,83.0,432,0,1,38,0,0,0,0,0,0,0,0,0,0,0,0,0,0,0,0,0,0,0,0,0,0,0,0,100,55,0,0,0,0,15:35:00,1
2026-07-31 15:48:16.702000+05:30,32.1,62.9,435,0,1,40,24.3,60.4,0,952.8,0,0,27.8,56.6,471,0,1,57,23.8,100.0,488,0,2,66,19.1,83.0,432,0,1,38,0,0,0,0,0,0,0,0,0,0,0,0,0,0,0,0,0,0,0,0,0,0,0,0,100,55,0,0,0,0,15:35:00,1
2026-07-31 15:48:21.696000+05:30,32.1,62.3,460,0,1,52,24.3,60.4,0,952.8,0,0,27.8,56.6,430,0,1,37,23.7,100.0,488,0,2,66,19.1,83.1,432,0,1,38,0,0,0,0,0,0,0,0,0,0,0,0,0,0,0,0,0,0,0,0,0,0,0,0,100,55,0,0,0,0,15:35:00,1
2026-07-31 15:48:26.702000+05:30,32.0,62.4,465,0,1,54,24.3,60.5,0,952.8,0,0,27.8,56.6,419,0,1,32,23.7,100.0,488,0,2,66,19.1,83.2,432,0,1,38,0,0,0,0,0,0,0,0,0,0,0,0,0,0,0,0,0,0,0,0,0,0,0,0,100,55,0,0,0,0,15:35:00,1
2026-07-31 15:48:31.701000+05:30,32.1,62.4,477,0,1,60,24.3,60.3,0,952.8,0,0,27.8,56.6,458,0,1,51,23.7,100.0,488,0,2,66,19.1,83.0,432,0,1,38,0,0,0,0,0,0,0,0,0,0,0,0,0,0,0,0,0,0,0,0,0,0,0,0,100,55,0,0,0,0,15:35:00,1
2026-07-31 15:48:36.702000+05:30,32.1,62.7,480,0,1,61,24.3,60.3,0,952.8,0,0,27.8,56.5,447,0,1,45,23.7,100.0,488,0,2,66,19.1,83.0,432,0,1,38,0,0,0,0,0,0,0,0,0,0,0,0,0,0,0,0,0,0,0,0,0,0,0,0,100,55,0,0,0,0,15:35:00,1
2026-07-31 15:48:41.700000+05:30,32.1,62.8,497,0,2,71,24.3,60.3,0,952.8,0,0,27.8,56.5,457,0,1,50,23.7,100.0,488,0,2,66,19.2,83.0,432,0,1,38,0,0,0,0,0,0,0,0,0,0,0,0,0,0,0,0,0,0,0,0,0,0,0,0,100,55,0,0,0,0,15:35:00,1
2026-07-31 15:48:46.702000+05:30,32.1,62.5,485,0,1,64,24.3,60.3,0,952.8,0,0,27.8,56.5,432,0,1,38,23.7,100.0,488,0,2,66,19.2,83.0,432,0,1,38,0,0,0,0,0,0,0,0,0,0,0,0,0,0,0,0,0,0,0,0,0,0,0,0,100,55,0,0,0,0,15:35:00,1
2026-07-31 15:48:51.701000+05:30,32.1,62.7,472,0,1,57,24.3,60.3,0,952.8,0,0,27.8,56.6,428,0,1,36,23.7,100.0,488,0,2,66,19.2,83.1,432,0,1,38,0,0,0,0,0,0,0,0,0,0,0,0,0,0,0,0,0,0,0,0,0,0,0,0,100,55,0,0,0,0,15:35:00,1
2026-07-31 15:48:56.704000+05:30,32.1,63.0,504,0,2,74,24.3,60.3,0,952.8,0,0,27.8,56.6,464,0,1,53,23.7,100.0,488,0,2,66,19.2,83.1,432,0,1,38,0,0,0,0,0,0,0,0,0,0,0,0,0,0,0,0,0,0,0,0,0,0,0,0,100,55,0,0,0,0,15:35:00,1
2026-07-31 15:49:01.700000+05:30,32.1,63.2,488,0,2,66,24.3,60.3,0,952.8,0,0,27.9,56.5,435,0,1,39,23.7,100.0,488,0,2,66,19.2,83.1,432,0,1,38,0,0,0,0,0,0,0,0,0,0,0,0,0,0,0,0,0,0,0,0,0,0,0,0,100,55,0,0,0,0,15:35:00,1
2026-07-31 15:49:06.702000+05:30,32.2,63.3,475,0,1,59,24.3,60.2,0,952.8,0,0,27.9,56.5,433,0,1,39,23.7,100.0,488,0,2,66,19.2,83.1,432,0,1,38,0,0,0,0,0,0,0,0,0,0,0,0,0,0,0,0,0,0,0,0,0,0,0,0,100,55,0,0,0,0,15:35:00,1
2026-07-31 15:49:11.700000+05:30,32.1,63.1,483,0,1,63,24.3,60.2,0,952.8,0,0,27.8,56.4,438,0,1,41,23.7,100.0,488,0,2,66,19.2,83.1,432,0,1,38,0,0,0,0,0,0,0,0,0,0,0,0,0,0,0,0,0,0,0,0,0,0,0,0,100,55,0,0,0,0,15:35:00,1
2026-07-31 15:49:16.701000+05:30,32.2,63.3,484,0,1,64,24.3,60.2,0,952.8,0,0,27.8,56.4,462,0,1,53,23.7,100.0,488,0,2,66,19.2,83.0,432,0,1,38,0,0,0,0,0,0,0,0,0,0,0,0,0,0,0,0,0,0,0,0,0,0,0,0,100,55,0,0,0,0,15:35:00,1
2026-07-31 15:49:21.701000+05:30,32.2,63.5,469,0,1,56,24.3,60.3,0,952.8,0,0,27.9,56.4,455,0,1,49,23.7,100.0,488,0,2,66,19.2,83.0,432,0,1,38,0,0,0,0,0,0,0,0,0,0,0,0,0,0,0,0,0,0,0,0,0,0,0,0,100,55,0,0,0,0,15:35:00,1
2026-07-31 15:49:26.703000+05:30,32.2,63.6,479,0,1,61,24.3,60.3,0,952.8,0,0,27.9,56.3,440,0,1,42,23.7,100.0,488,0,2,66,19.2,83.0,432,0,1,38,0,0,0,0,0,0,0,0,0,0,0,0,0,0,0,0,0,0,0,0,0,0,0,0,100,55,0,0,0,0,15:35:00,1
2026-07-31 15:49:31.738000+05:30,32.2,63.4,508,0,2,76,24.3,60.3,0,952.8,0,0,27.9,56.3,438,0,1,41,23.7,100.0,488,0,2,66,19.1,83.0,432,0,1,38,0,0,0,0,0,0,0,0,0,0,0,0,0,0,0,0,0,0,0,0,0,0,0,0,100,55,0,0,0,0,15:35:00,1
2026-07-31 15:49:36.701000+05:30,32.2,63.3,484,0,1,64,24.3,60.3,0,952.8,0,0,27.9,56.3,446,0,1,45,23.7,100.0,65396,0,2,66,19.1,83.0,432,0,1,38,0,0,0,0,0,0,0,0,0,0,0,0,0,0,0,0,0,0,0,0,0,0,0,0,100,55,0,0,0,0,15:35:00,1
2026-07-31 15:49:41.700000+05:30,32.2,63.0,465,0,1,54,24.3,60.2,0,952.8,0,0,27.9,56.3,445,0,1,44,23.7,100.0,488,0,2,66,19.1,83.0,432,0,1,38,0,0,0,0,0,0,0,0,0,0,0,0,0,0,0,0,0,0,0,0,0,0,0,0,100,55,0,0,0,0,15:35:00,1
2026-07-31 15:49:46.700000+05:30,32.2,62.5,463,0,1,53,24.3,60.2,0,952.8,0,0,27.9,56.2,437,0,1,40,23.7,100.0,488,0,2,66,19.2,83.1,432,0,1,38,0,0,0,0,0,0,0,0,0,0,0,0,0,0,0,0,0,0,0,0,0,0,0,0,100,55,0,0,0,0,15:35:00,1
2026-07-31 15:49:51.699000+05:30,32.2,62.5,455,0,1,49,24.2,60.1,0,952.9,0,0,27.9,56.2,437,0,1,40,23.7,100.0,488,0,2,66,19.2,83.1,432,0,1,38,0,0,0,0,0,0,0,0,0,0,0,0,0,0,0,0,0,0,0,0,0,0,0,0,100,55,0,0,0,0,15:35:00,1
2026-07-31 15:49:56.700000+05:30,32.1,62.2,492,0,2,68,24.2,60.3,0,952.9,0,0,27.8,56.4,466,0,1,54,23.7,100.0,488,0,2,66,19.2,83.1,432,0,1,38,0,0,0,0,0,0,0,0,0,0,0,0,0,0,0,0,0,0,0,0,0,0,0,0,100,55,0,0,0,0,15:35:00,1
2026-07-31 15:50:01.699000+05:30,32.1,62.2,475,0,1,59,24.2,60.3,0,952.9,0,0,27.8,56.4,460,0,1,51,23.7,100.0,488,0,2,66,19.1,83.0,432,0,1,38,0,0,0,0,0,0,0,0,0,0,0,0,0,0,0,0,0,0,0,0,0,0,0,0,100,55,0,0,0,0,15:50:00,0
2026-07-31 15:50:06.700000+05:30,32.1,62.2,455,0,1,49,24.3,60.3,0,952.9,0,0,27.8,56.4,436,0,1,40,23.7,100.0,488,0,2,66,19.1,83.1,432,0,1,38,0,0,0,0,0,0,0,0,0,0,0,0,0,0,0,0,0,0,0,0,0,0,0,0,100,55,0,0,0,0,15:50:00,0
2026-07-31 15:50:11.699000+05:30,32.1,62.3,422,0,1,34,24.2,60.3,0,952.8,0,0,27.8,56.4,437,0,1,40,23.6,100.0,488,0,2,66,19.1,83.1,432,0,1,38,0,0,0,0,0,0,0,0,0,0,0,0,0,0,0,0,0,0,0,0,0,0,0,0,100,55,0,0,0,0,15:50:00,0
2026-07-31 15:50:16.699000+05:30,32.1,62.5,463,0,1,53,24.2,60.2,0,952.3,0,0,27.8,56.4,424,0,1,34,23.6,100.0,488,0,2,66,19.1,83.1,432,0,1,38,0,0,0,0,0,0,0,0,0,0,0,0,0,0,0,0,0,0,0,0,0,0,0,0,100,55,0,0,0,0,15:50:00,0
2026-07-31 15:50:21.698000+05:30,32.0,62.9,491,0,2,67,24.2,60.2,0,952.1,0,0,27.8,56.4,439,0,1,41,23.5,100.0,488,0,2,66,19.0,83.7,432,0,1,38,0,0,0,0,0,0,0,0,0,0,0,0,0,0,0,0,0,0,0,0,0,0,0,0,100,55,0,0,0,0,15:50:00,0
2026-07-31 15:50:26.695000+05:30,32.1,63.3,496,0,2,70,24.2,60.2,0,952.1,0,0,27.8,56.4,416,0,1,31,23.5,100.0,488,0,2,66,19.0,83.7,432,0,1,38,0,0,0,0,0,0,0,0,0,0,0,0,0,0,0,0,0,0,0,0,0,0,0,0,100,55,0,0,0,0,15:50:00,0
2026-07-31 15:50:31.698000+05:30,32.1,63.4,491,0,2,67,24.3,62.6,0,952.8,0,0,27.8,59.0,433,0,1,38,23.5,100.0,488,0,2,66,19.0,84.2,432,0,1,38,0,0,0,0,0,0,0,0,0,0,0,0,0,0,0,0,0,0,0,0,0,0,0,0,100,55,0,0,0,0,15:50:00,0
2026-07-31 15:50:36.699000+05:30,32.1,63.5,487,0,2,65,24.3,61.1,0,952.9,0,0,27.8,58.3,427,0,1,36,23.6,100.0,488,0,2,66,19.1,84.1,432,0,1,38,0,0,0,0,0,0,0,0,0,0,0,0,0,0,0,0,0,0,0,0,0,0,0,0,100,55,0,0,0,0,15:50:00,0
2026-07-31 15:50:41.697000+05:30,32.1,63.6,491,0,2,67,24.2,60.8,0,952.9,0,0,27.7,57.8,462,0,1,52,23.6,100.0,488,0,2,66,19.1,84.0,432,0,1,38,0,0,0,0,0,0,0,0,0,0,0,0,0,0,0,0,0,0,0,0,0,0,0,0,100,55,0,0,0,0,15:50:00,0
2026-07-31 15:50:46.699000+05:30,32.1,63.8,466,0,1,54,24.2,60.8,0,952.9,0,0,27.7,57.9,432,0,1,38,23.6,100.0,488,0,2,66,19.1,83.8,432,0,1,38,0,0,0,0,0,0,0,0,0,0,0,0,0,0,0,0,0,0,0,0,0,0,0,0,100,55,0,0,0,0,15:50:00,0
2026-07-31 15:50:51.701000+05:30,32.1,63.8,515,0,2,80,24.2,60.8,0,952.9,0,0,27.7,57.9,409,0,1,28,23.6,100.0,488,0,2,66,19.1,83.8,432,0,1,38,0,0,0,0,0,0,0,0,0,0,0,0,0,0,0,0,0,0,0,0,0,0,0,0,100,55,0,0,0,0,15:50:00,0
2026-07-31 15:50:56.697000+05:30,32.1,63.9,507,0,2,76,24.2,60.8,0,953.0,0,0,27.7,57.8,450,0,1,47,23.5,100.0,488,0,2,66,19.1,83.5,432,0,1,38,0,0,0,0,0,0,0,0,0,0,0,0,0,0,0,0,0,0,0,0,0,0,0,0,100,55,0,0,0,0,15:50:00,0
2026-07-31 15:51:01.697000+05:30,32.1,63.7,512,0,2,79,24.2,61.0,0,953.0,0,0,27.8,57.6,437,0,1,40,23.5,100.0,488,0,2,66,19.1,83.6,432,0,1,38,0,0,0,0,0,0,0,0,0,0,0,0,0,0,0,0,0,0,0,0,0,0,0,0,100,55,0,0,0,0,15:50:00,0
2026-07-31 15:51:06.697000+05:30,32.1,63.3,505,0,2,75,24.2,61.0,0,952.9,0,0,27.8,57.5,435,0,1,40,23.5,100.0,488,0,2,66,19.1,83.6,432,0,1,38,0,0,0,0,0,0,0,0,0,0,0,0,0,0,0,0,0,0,0,0,0,0,0,0,100,55,0,0,0,0,15:50:00,0
2026-07-31 15:51:11.697000+05:30,32.1,63.1,477,0,1,60,24.2,60.9,0,952.9,0,0,27.8,57.3,441,0,1,42,23.5,100.0,488,0,2,66,19.1,83.6,432,0,1,38,0,0,0,0,0,0,0,0,0,0,0,0,0,0,0,0,0,0,0,0,0,0,0,0,100,55,0,0,0,0,15:50:00,0
2026-07-31 15:51:16.699000+05:30,32.1,63.0,492,0,2,68,24.2,60.9,0,952.9,0,0,27.8,57.3,431,0,1,37,23.5,100.0,488,0,2,66,19.1,83.6,432,0,1,38,0,0,0,0,0,0,0,0,0,0,0,0,0,0,0,0,0,0,0,0,0,0,0,0,100,55,0,0,0,0,15:50:00,0
2026-07-31 15:51:21.698000+05:30,32.1,63.4,480,0,1,62,24.2,60.9,0,952.9,0,0,27.8,57.4,435,0,1,39,23.5,100.0,488,0,2,66,19.1,83.7,432,0,1,38,0,0,0,0,0,0,0,0,0,0,0,0,0,0,0,0,0,0,0,0,0,0,0,0,100,55,0,0,0,0,15:50:00,0
2026-07-31 15:51:26.698000+05:30,32.1,63.7,493,0,2,68,24.2,60.9,0,952.9,0,0,27.8,57.3,441,0,1,42,23.4,100.0,488,0,2,66,19.1,83.8,432,0,1,38,0,0,0,0,0,0,0,0,0,0,0,0,0,0,0,0,0,0,0,0,0,0,0,0,100,55,0,0,0,0,15:50:00,0
2026-07-31 15:51:31.697000+05:30,32.1,63.7,499,0,2,71,24.2,61.0,0,952.8,0,0,27.8,57.3,449,0,1,46,23.4,100.0,488,0,2,66,19.1,83.8,432,0,1,38,0,0,0,0,0,0,0,0,0,0,0,0,0,0,0,0,0,0,0,0,0,0,0,0,100,55,0,0,0,0,15:50:00,0
2026-07-31 15:51:36.698000+05:30,32.2,63.6,501,0,2,73,24.2,61.0,0,952.9,0,0,27.8,57.2,429,0,1,37,23.4,100.0,488,0,2,66,19.1,83.9,432,0,1,38,0,0,0,0,0,0,0,0,0,0,0,0,0,0,0,0,0,0,0,0,0,0,0,0,100,55,0,0,0,0,15:50:00,0
2026-07-31 15:51:41.701000+05:30,32.1,63.2,503,0,2,74,24.2,61.0,0,952.9,0,0,27.8,57.2,407,0,1,27,23.4,100.0,488,0,2,66,19.1,83.9,432,0,1,38,0,0,0,0,0,0,0,0,0,0,0,0,0,0,0,0,0,0,0,0,0,0,0,0,100,55,0,0,0,0,15:50:00,0
2026-07-31 15:51:46.701000+05:30,32.1,63.0,480,0,1,62,24.2,61.0,0,952.9,0,0,27.8,57.2,445,0,1,44,23.4,100.0,488,0,2,66,19.1,83.9,432,0,1,38,0,0,0,0,0,0,0,0,0,0,0,0,0,0,0,0,0,0,0,0,0,0,0,0,100,55,0,0,0,0,15:50:00,0
2026-07-31 15:51:51.697000+05:30,32.1,62.8,483,0,1,63,24.2,61.0,0,952.9,0,0,27.8,57.2,443,0,1,43,23.4,100.0,488,0,2,66,19.1,83.9,432,0,1,38,0,0,0,0,0,0,0,0,0,0,0,0,0,0,0,0,0,0,0,0,0,0,0,0,100,55,0,0,0,0,15:50:00,0
2026-07-31 15:51:56.703000+05:30,32.1,63.0,464,0,1,54,24.2,61.0,0,952.9,0,0,27.8,57.2,425,0,1,35,23.3,100.0,488,0,2,66,19.1,83.8,432,0,1,38,0,0,0,0,0,0,0,0,0,0,0,0,0,0,0,0,0,0,0,0,0,0,0,0,100,55,0,0,0,0,15:50:00,0
2026-07-31 15:52:01.703000+05:30,32.1,63.4,485,0,1,64,24.2,60.9,0,952.9,0,0,27.8,57.1,430,0,1,37,23.3,100.0,488,0,2,66,19.0,83.6,432,0,1,38,0,0,0,0,0,0,0,0,0,0,0,0,0,0,0,0,0,0,0,0,0,0,0,0,100,55,0,0,0,0,15:50:00,0
2026-07-31 15:52:06.745000+05:30,32.1,63.6,481,0,1,62,24.2,60.9,0,952.8,0,0,27.8,57.1,434,0,1,39,23.3,100.0,488,0,2,66,19.0,83.7,432,0,1,38,0,0,0,0,0,0,0,0,0,0,0,0,0,0,0,0,0,0,0,0,0,0,0,0,100,55,0,0,0,0,15:50:00,0
2026-07-31 15:52:11.696000+05:30,32.1,63.6,491,0,2,67,24.2,60.9,0,952.9,0,0,27.8,57.1,423,0,1,34,23.3,100.0,488,0,2,66,19.0,83.7,432,0,1,38,0,0,0,0,0,0,0,0,0,0,0,0,0,0,0,0,0,0,0,0,0,0,0,0,100,55,0,0,0,0,15:50:00,0
2026-07-31 15:52:16.696000+05:30,32.1,63.9,499,0,2,71,24.1,60.9,0,952.9,0,0,27.7,57.1,406,0,1,27,23.3,100.0,488,0,2,66,19.0,83.7,432,0,1,38,0,0,0,0,0,0,0,0,0,0,0,0,0,0,0,0,0,0,0,0,0,0,0,0,100,55,0,0,0,0,15:50:00,0
2026-07-31 15:52:21.696000+05:30,32.1,64.0,498,0,2,71,24.1,60.8,0,952.9,0,0,27.7,57.0,400,0,1,22,23.3,100.0,488,0,2,66,19.0,83.7,432,0,1,38,0,0,0,0,0,0,0,0,0,0,0,0,0,0,0,0,0,0,0,0,0,0,0,0,100,55,0,0,0,0,15:50:00,0
2026-07-31 15:52:26.702000+05:30,32.1,64.2,499,0,2,71,24.1,60.8,0,952.9,0,0,27.7,57.0,400,0,1,21,23.3,100.0,488,0,2,66,19.1,83.8,432,0,1,38,0,0,0,0,0,0,0,0,0,0,0,0,0,0,0,0,0,0,0,0,0,0,0,0,100,55,0,0,0,0,15:50:00,0
2026-07-31 15:52:31.702000+05:30,32.1,64.3,480,0,1,62,24.1,60.9,0,952.9,0,0,27.8,57.0,407,0,1,27,23.2,100.0,488,0,2,66,19.1,83.8,432,0,1,38,0,0,0,0,0,0,0,0,0,0,0,0,0,0,0,0,0,0,0,0,0,0,0,0,100,55,0,0,0,0,15:50:00,0
2026-07-31 15:52:36.696000+05:30,32.1,64.4,497,0,2,70,24.1,60.8,0,952.9,0,0,27.7,56.9,419,0,1,32,23.2,100.0,488,0,2,66,19.1,83.8,432,0,1,38,0,0,0,0,0,0,0,0,0,0,0,0,0,0,0,0,0,0,0,0,0,0,0,0,100,55,0,0,0,0,15:50:00,0
2026-07-31 15:52:41.702000+05:30,32.1,63.8,480,0,1,61,24.1,60.8,0,952.9,0,0,27.7,56.9,428,0,1,36,23.2,100.0,488,0,2,66,19.1,83.7,432,0,1,38,0,0,0,0,0,0,0,0,0,0,0,0,0,0,0,0,0,0,0,0,0,0,0,0,100,55,0,0,0,0,15:50:00,0
2026-07-31 15:52:46.703000+05:30,32.1,63.5,465,0,1,54,24.1,60.8,0,952.9,0,0,27.7,56.8,400,0,1,19,23.2,100.0,488,0,2,66,19.1,83.7,432,0,1,38,0,0,0,0,0,0,0,0,0,0,0,0,0,0,0,0,0,0,0,0,0,0,0,0,100,55,0,0,0,0,15:50:00,0
2026-07-31 15:52:51.702000+05:30,32.1,63.4,469,0,1,56,24.1,60.8,0,952.8,0,0,27.7,56.8,416,0,1,31,23.2,100.0,488,0,2,66,19.1,83.7,432,0,1,38,0,0,0,0,0,0,0,0,0,0,0,0,0,0,0,0,0,0,0,0,0,0,0,0,100,55,0,0,0,0,15:50:00,0
2026-07-31 15:52:56.702000+05:30,32.1,63.4,478,0,1,60,24.1,60.8,0,952.8,0,0,27.7,56.8,426,0,1,35,23.2,100.0,488,0,2,66,19.1,83.8,432,0,1,38,0,0,0,0,0,0,0,0,0,0,0,0,0,0,0,0,0,0,0,0,0,0,0,0,100,55,0,0,0,0,15:50:00,0
2026-07-31 15:53:01.701000+05:30,32.1,63.4,491,0,2,67,24.1,60.8,0,952.9,0,0,27.7,56.8,423,0,1,34,23.2,100.0,488,0,2,66,19.1,83.8,432,0,1,38,0,0,0,0,0,0,0,0,0,0,0,0,0,0,0,0,0,0,0,0,0,0,0,0,100,55,0,0,0,0,15:50:00,0
2026-07-31 15:53:06.701000+05:30,32.1,63.7,494,0,2,69,24.1,60.8,0,952.9,0,0,27.7,56.7,400,0,1,23,23.2,100.0,488,0,2,66,19.1,83.8,432,0,1,38,0,0,0,0,0,0,0,0,0,0,0,0,0,0,0,0,0,0,0,0,0,0,0,0,100,55,0,0,0,0,15:50:00,0
2026-07-31 15:53:11.701000+05:30,32.0,63.6,510,0,2,78,24.1,60.7,0,952.9,0,0,27.7,56.7,411,0,1,28,23.1,100.0,488,0,2,66,19.1,83.7,432,0,1,38,0,0,0,0,0,0,0,0,0,0,0,0,0,0,0,0,0,0,0,0,0,0,0,0,100,55,0,0,0,0,15:50:00,0
2026-07-31 15:53:16.701000+05:30,32.1,63.7,489,0,2,66,24.1,60.7,0,952.9,0,0,27.7,56.7,402,0,1,25,23.1,100.0,488,0,2,66,19.1,83.8,432,0,1,38,0,0,0,0,0,0,0,0,0,0,0,0,0,0,0,0,0,0,0,0,0,0,0,0,100,55,0,0,0,0,15:50:00,0
2026-07-31 15:53:21.701000+05:30,32.1,64.1,482,0,1,63,24.1,60.7,0,952.9,0,0,27.7,56.7,411,0,1,29,23.1,100.0,488,0,2,66,19.1,83.8,432,0,1,38,0,0,0,0,0,0,0,0,0,0,0,0,0,0,0,0,0,0,0,0,0,0,0,0,100,55,0,0,0,0,15:50:00,0
2026-07-31 15:53:26.701000+05:30,32.0,64.3,472,0,1,57,24.1,60.7,0,952.9,0,0,27.7,56.7,437,0,1,40,23.1,100.0,488,0,2,66,19.1,83.8,432,0,1,38,0,0,0,0,0,0,0,0,0,0,0,0,0,0,0,0,0,0,0,0,0,0,0,0,100,55,0,0,0,0,15:50:00,0
2026-07-31 15:53:31.700000+05:30,32.0,64.4,476,0,1,60,24.1,60.7,0,952.9,0,0,27.7,56.6,404,0,1,26,23.1,100.0,488,0,2,66,19.1,83.8,432,0,1,38,0,0,0,0,0,0,0,0,0,0,0,0,0,0,0,0,0,0,0,0,0,0,0,0,100,55,0,0,0,0,15:50:00,0
2026-07-31 15:53:36.699000+05:30,32.0,64.0,468,0,1,56,24.1,60.7,0,952.9,0,0,27.7,56.6,435,0,1,40,23.1,100.0,488,0,2,66,19.1,83.9,432,0,1,38,0,0,0,0,0,0,0,0,0,0,0,0,0,0,0,0,0,0,0,0,0,0,0,0,100,55,0,0,0,0,15:50:00,0
2026-07-31 15:53:41.700000+05:30,32.0,64.0,459,0,1,51,24.1,60.7,0,952.9,0,0,27.7,56.6,433,0,1,38,23.1,100.0,488,0,2,66,19.1,84.0,432,0,1,38,0,0,0,0,0,0,0,0,0,0,0,0,0,0,0,0,0,0,0,0,0,0,0,0,100,55,0,0,0,0,15:50:00,0
2026-07-31 15:53:46.700000+05:30,32.0,64.1,474,0,1,59,24.0,60.7,0,952.9,0,0,27.7,56.6,422,0,1,34,23.1,100.0,488,0,2,66,19.1,84.0,432,0,1,38,0,0,0,0,0,0,0,0,0,0,0,0,0,0,0,0,0,0,0,0,0,0,0,0,100,55,0,0,0,0,15:50:00,0
2026-07-31 15:53:51.700000+05:30,32.0,64.2,490,0,2,67,24.0,60.7,0,952.9,0,0,27.7,56.6,400,0,1,17,23.1,100.0,488,0,2,66,19.1,84.0,432,0,1,38,0,0,0,0,0,0,0,0,0,0,0,0,0,0,0,0,0,0,0,0,0,0,0,0,100,55,0,0,0,0,15:50:00,0
2026-07-31 15:53:56.700000+05:30,32.0,64.2,467,0,1,55,24.0,60.7,0,952.9,0,0,27.7,56.6,418,0,1,32,86.6,100.0,65535,0,2,65349,19.1,84.0,432,0,1,38,0,0,0,0,0,0,0,0,0,0,0,0,0,0,0,0,0,0,0,0,0,0,0,0,100,55,0,0,0,0,15:50:00,0
2026-07-31 15:54:01.700000+05:30,31.9,64.1,485,0,1,64,24.0,60.6,0,952.9,0,0,27.7,56.6,410,0,1,28,23.0,100.0,488,0,2,66,19.1,84.0,432,0,1,38,0,0,0,0,0,0,0,0,0,0,0,0,0,0,0,0,0,0,0,0,0,0,0,0,100,55,0,0,0,0,15:50:00,0
2026-07-31 15:54:06.699000+05:30,31.9,64.2,447,0,1,45,24.0,60.7,0,952.8,0,0,27.7,56.6,413,0,1,29,23.0,100.0,488,0,2,66,19.1,84.0,432,0,1,38,0,0,0,0,0,0,0,0,0,0,0,0,0,0,0,0,0,0,0,0,0,0,0,0,100,55,0,0,0,0,15:50:00,0
2026-07-31 15:54:11.699000+05:30,31.9,64.4,452,0,1,48,24.0,60.7,0,952.8,0,0,27.7,56.6,410,0,1,28,23.0,100.0,488,0,2,66,19.0,83.8,432,0,1,38,0,0,0,0,0,0,0,0,0,0,0,0,0,0,0,0,0,0,0,0,0,0,0,0,100,55,0,0,0,0,15:50:00,0
2026-07-31 15:54:16.699000+05:30,31.9,64.6,485,0,1,64,24.0,60.7,0,952.9,0,0,27.6,56.6,400,0,1,22,23.0,100.0,488,0,2,66,19.0,83.7,432,0,1,38,0,0,0,0,0,0,0,0,0,0,0,0,0,0,0,0,0,0,0,0,0,0,0,0,100,55,0,0,0,0,15:50:00,0
2026-07-31 15:54:21.700000+05:30,32.0,64.7,497,0,2,71,24.0,60.6,0,952.8,0,0,27.6,56.5,427,0,1,36,23.0,100.0,488,0,2,66,19.0,83.7,432,0,1,38,0,0,0,0,0,0,0,0,0,0,0,0,0,0,0,0,0,0,0,0,0,0,0,0,100,55,0,0,0,0,15:50:00,0
2026-07-31 15:54:26.699000+05:30,32.0,64.6,495,0,2,70,24.0,60.6,0,952.9,0,0,27.6,56.6,434,0,1,39,23.0,100.0,488,0,2,66,19.0,83.7,432,0,1,38,0,0,0,0,0,0,0,0,0,0,0,0,0,0,0,0,0,0,0,0,0,0,0,0,100,55,0,0,0,0,15:50:00,0
2026-07-31 15:54:31.699000+05:30,32.0,64.6,472,0,1,58,24.0,60.6,0,952.9,0,0,27.6,56.6,400,0,1,19,23.0,100.0,488,0,2,66,19.0,83.6,432,0,1,38,0,0,0,0,0,0,0,0,0,0,0,0,0,0,0,0,0,0,0,0,0,0,0,0,100,55,0,0,0,0,15:50:00,0
2026-07-31 15:54:36.699000+05:30,32.0,64.7,489,0,2,66,24.0,60.7,0,952.9,0,0,27.6,56.6,400,0,1,18,23.0,100.0,488,0,2,66,19.0,83.6,432,0,1,38,0,0,0,0,0,0,0,0,0,0,0,0,0,0,0,0,0,0,0,0,0,0,0,0,100,55,0,0,0,0,15:50:00,0
2026-07-31 15:54:41.698000+05:30,32.0,64.4,515,0,2,80,24.0,60.6,0,952.8,0,0,27.6,56.5,401,0,1,24,23.0,100.0,488,0,2,66,19.0,83.6,432,0,1,38,0,0,0,0,0,0,0,0,0,0,0,0,0,0,0,0,0,0,0,0,0,0,0,0,100,55,0,0,0,0,15:50:00,0
2026-07-31 15:54:46.699000+05:30,32.0,64.7,490,0,2,67,24.0,60.6,0,952.8,0,0,27.6,56.5,400,0,1,24,23.0,100.0,488,0,2,66,19.0,83.6,432,0,1,38,0,0,0,0,0,0,0,0,0,0,0,0,0,0,0,0,0,0,0,0,0,0,0,0,100,55,0,0,0,0,15:50:00,0
2026-07-31 15:54:51.699000+05:30,32.0,64.8,506,0,2,75,24.0,60.6,0,952.8,0,0,27.6,56.5,400,0,1,23,23.0,100.0,488,0,2,66,19.0,83.6,432,0,1,38,0,0,0,0,0,0,0,0,0,0,0,0,0,0,0,0,0,0,0,0,0,0,0,0,100,55,0,0,0,0,15:50:00,0
2026-07-31 15:54:56.699000+05:30,32.0,64.6,521,0,2,84,24.0,60.6,0,952.8,0,0,27.6,56.5,400,0,1,24,22.9,100.0,488,0,2,66,19.0,83.7,432,0,1,38,0,0,0,0,0,0,0,0,0,0,0,0,0,0,0,0,0,0,0,0,0,0,0,0,100,55,0,0,0,0,15:50:00,0
2026-07-31 15:55:01.700000+05:30,32.0,64.5,526,0,2,86,24.0,60.6,0,952.8,0,0,27.6,56.6,403,0,1,25,22.9,100.0,65535,0,2,65313,19.0,83.7,432,0,1,38,0,0,0,0,0,0,0,0,0,0,0,0,0,0,0,0,0,0,0,0,0,0,0,0,100,55,0,0,0,0,15:55:00,2
2026-07-31 15:55:06.706000+05:30,32.0,64.7,484,0,1,64,23.9,60.6,0,952.8,0,0,27.6,56.5,400,0,1,15,22.9,100.0,488,0,2,66,19.0,83.7,432,0,1,38,0,0,0,0,0,0,0,0,0,0,0,0,0,0,0,0,0,0,0,0,0,0,0,0,100,55,0,0,0,0,15:55:00,2
2026-07-31 15:55:11.700000+05:30,32.0,64.7,472,0,1,58,23.9,60.6,0,952.8,0,0,27.5,56.5,400,0,1,23,22.9,100.0,488,0,2,66,19.0,83.7,432,0,1,38,0,0,0,0,0,0,0,0,0,0,0,0,0,0,0,0,0,0,0,0,0,0,0,0,100,55,0,0,0,0,15:55:00,2
2026-07-31 15:55:16.697000+05:30,32.0,64.7,478,0,1,60,23.9,60.6,0,952.8,0,0,27.5,56.5,400,0,1,23,22.9,100.0,488,0,2,66,19.0,83.7,432,0,1,38,0,0,0,0,0,0,0,0,0,0,0,0,0,0,0,0,0,0,0,0,0,0,0,0,100,55,0,0,0,0,15:55:00,2
2026-07-31 15:55:21.699000+05:30,31.9,64.8,481,0,1,62,23.9,60.6,0,952.8,0,0,27.5,56.5,400,0,1,20,22.9,100.0,488,0,2,66,19.0,83.7,432,0,1,38,0,0,0,0,0,0,0,0,0,0,0,0,0,0,0,0,0,0,0,0,0,0,0,0,100,55,0,0,0,0,15:55:00,2
2026-07-31 15:55:26.698000+05:30,31.9,64.8,489,0,2,66,23.9,60.7,0,952.1,0,0,27.5,56.5,400,0,1,14,22.9,100.0,488,0,2,66,18.9,83.8,432,0,1,38,0,0,0,0,0,0,0,0,0,0,0,0,0,0,0,0,0,0,0,0,0,0,0,0,100,55,0,0,0,0,15:55:00,2
2026-07-31 15:55:31.697000+05:30,32.0,64.9,485,0,1,64,23.9,62.3,0,952.2,0,0,27.5,57.4,401,0,1,24,22.9,100.0,488,0,2,66,18.9,84.5,432,0,1,38,0,0,0,0,0,0,0,0,0,0,0,0,0,0,0,0,0,0,0,0,0,0,0,0,100,55,0,0,0,0,15:55:00,2
2026-07-31 15:55:36.697000+05:30,32.0,64.9,474,0,1,58,23.9,62.3,0,952.2,0,0,27.5,57.4,427,0,1,36,22.9,100.0,488,0,2,66,18.9,84.5,432,0,1,38,0,0,0,0,0,0,0,0,0,0,0,0,0,0,0,0,0,0,0,0,0,0,0,0,100,55,0,0,0,0,15:55:00,2
2026-07-31 15:55:41.697000+05:30,32.0,64.9,497,0,2,71,23.9,62.1,0,952.2,0,0,27.5,58.1,404,0,1,26,22.9,100.0,488,0,2,66,18.9,85.4,432,0,1,38,0,0,0,0,0,0,0,0,0,0,0,0,0,0,0,0,0,0,0,0,0,0,0,0,100,55,0,0,0,0,15:55:00,2
2026-07-31 15:55:46.697000+05:30,32.0,64.7,497,0,2,71,23.9,61.6,0,952.1,0,0,27.5,57.9,400,0,1,17,23.0,100.0,488,0,2,66,18.9,85.8,432,0,1,38,0,0,0,0,0,0,0,0,0,0,0,0,0,0,0,0,0,0,0,0,0,0,0,0,100,55,0,0,0,0,15:55:00,2
2026-07-31 15:55:51.696000+05:30,31.9,64.8,497,0,2,70,23.9,61.8,0,952.2,0,0,27.5,57.9,417,0,1,31,23.0,100.0,488,0,2,66,18.9,85.8,432,0,1,38,0,0,0,0,0,0,0,0,0,0,0,0,0,0,0,0,0,0,0,0,0,0,0,0,100,55,0,0,0,0,15:55:00,2
2026-07-31 15:55:56.697000+05:30,31.9,64.9,474,0,1,59,23.9,61.8,0,952.2,0,0,27.5,58.2,408,0,1,27,23.1,100.0,488,0,2,66,18.9,86.1,432,0,1,38,0,0,0,0,0,0,0,0,0,0,0,0,0,0,0,0,0,0,0,0,0,0,0,0,100,55,0,0,0,0,15:55:00,2
2026-07-31 15:56:01.697000+05:30,32.0,64.7,484,0,1,64,23.9,61.9,0,952.2,0,0,27.5,58.2,429,0,1,37,23.1,100.0,488,0,2,66,18.9,86.3,432,0,1,38,0,0,0,0,0,0,0,0,0,0,0,0,0,0,0,0,0,0,0,0,0,0,0,0,100,55,0,0,0,0,15:55:00,2
2026-07-31 15:56:06.697000+05:30,32.0,64.5,507,0,2,76,23.9,62.0,0,952.2,0,0,27.5,58.1,405,0,1,26,23.2,100.0,488,0,2,66,18.9,86.5,432,0,1,38,0,0,0,0,0,0,0,0,0,0,0,0,0,0,0,0,0,0,0,0,0,0,0,0,100,55,0,0,0,0,15:55:00,2
2026-07-31 15:56:11.698000+05:30,32.0,64.5,497,0,2,70,23.9,62.1,0,952.2,0,0,27.5,58.1,400,0,1,15,23.2,100.0,488,0,2,66,18.9,86.5,432,0,1,38,0,0,0,0,0,0,0,0,0,0,0,0,0,0,0,0,0,0,0,0,0,0,0,0,100,55,0,0,0,0,15:55:00,2
2026-07-31 15:56:16.702000+05:30,32.0,64.4,502,0,2,73,23.9,62.3,0,952.2,0,0,27.6,58.1,420,0,1,33,23.2,100.0,488,0,2,66,18.9,86.7,432,0,1,38,0,0,0,0,0,0,0,0,0,0,0,0,0,0,0,0,0,0,0,0,0,0,0,0,100,55,0,0,0,0,15:55:00,2
2026-07-31 15:56:21.697000+05:30,32.0,64.3,483,0,1,63,23.9,62.4,0,952.2,0,0,27.5,58.3,405,0,1,26,23.2,100.0,488,0,2,66,18.9,86.7,432,0,1,38,0,0,0,0,0,0,0,0,0,0,0,0,0,0,0,0,0,0,0,0,0,0,0,0,100,55,0,0,0,0,15:55:00,2
2026-07-31 15:56:26.697000+05:30,32.0,64.3,507,0,2,76,23.9,62.4,0,952.2,0,0,27.5,58.3,403,0,1,25,23.2,100.0,488,0,2,66,18.9,86.7,432,0,1,38,0,0,0,0,0,0,0,0,0,0,0,0,0,0,0,0,0,0,0,0,0,0,0,0,100,55,0,0,0,0,15:55:00,2
2026-07-31 15:56:31.697000+05:30,32.0,64.4,470,0,1,56,23.9,62.5,0,952.2,0,0,27.6,58.3,404,0,1,26,23.2,100.0,488,0,2,66,18.9,86.9,432,0,1,38,0,0,0,0,0,0,0,0,0,0,0,0,0,0,0,0,0,0,0,0,0,0,0,0,100,55,0,0,0,0,15:55:00,2
2026-07-31 15:56:36.696000+05:30,32.0,64.4,482,0,1,63,23.9,62.5,0,952.2,0,0,27.6,58.4,413,0,1,29,23.3,100.0,488,0,2,66,18.9,86.9,432,0,1,38,0,0,0,0,0,0,0,0,0,0,0,0,0,0,0,0,0,0,0,0,0,0,0,0,100,55,0,0,0,0,15:55:00,2
2026-07-31 15:56:41.702000+05:30,32.0,64.5,481,0,1,62,23.9,62.7,0,952.1,0,0,27.6,58.4,412,0,1,29,87.1,100.0,488,0,2,66,18.9,87.0,432,0,1,38,0,0,0,0,0,0,0,0,0,0,0,0,0,0,0,0,0,0,0,0,0,0,0,0,100,55,0,0,0,0,15:55:00,2
2026-07-31 15:56:46.760000+05:30,32.0,64.4,481,0,1,62,23.9,62.9,0,952.2,0,0,27.6,58.5,428,0,1,36,23.3,100.0,488,0,2,66,18.9,87.1,432,0,1,38,0,0,0,0,0,0,0,0,0,0,0,0,0,0,0,0,0,0,0,0,0,0,0,0,100,55,0,0,0,0,15:55:00,2
2026-07-31 15:56:51.702000+05:30,32.0,64.3,457,0,1,50,23.9,63.0,0,952.2,0,0,27.6,58.6,433,0,1,39,23.3,100.0,488,0,2,66,19.0,87.2,432,0,1,38,0,0,0,0,0,0,0,0,0,0,0,0,0,0,0,0,0,0,0,0,0,0,0,0,100,55,0,0,0,0,15:55:00,2
2026-07-31 15:56:56.702000+05:30,32.0,64.3,468,0,1,55,23.9,63.0,0,952.2,0,0,27.6,58.6,431,0,1,38,23.4,100.0,65396,0,2,66,19.0,87.2,432,0,1,38,0,0,0,0,0,0,0,0,0,0,0,0,0,0,0,0,0,0,0,0,0,0,0,0,100,55,0,0,0,0,15:55:00,2
2026-07-31 15:57:01.702000+05:30,32.1,64.3,480,0,1,62,23.9,63.0,0,952.2,0,0,27.6,58.6,434,0,1,39,23.4,100.0,488,0,2,66,19.0,87.2,432,0,1,38,0,0,0,0,0,0,0,0,0,0,0,0,0,0,0,0,0,0,0,0,0,0,0,0,100,55,0,0,0,0,15:55:00,2
2026-07-31 15:57:06.701000+05:30,32.0,64.4,505,0,2,75,23.9,63.1,0,952.3,0,0,27.6,58.7,409,0,1,28,23.4,100.0,488,0,2,66,18.9,87.2,432,0,1,38,0,0,0,0,0,0,0,0,0,0,0,0,0,0,0,0,0,0,0,0,0,0,0,0,100,55,0,0,0,0,15:55:00,2
2026-07-31 15:57:11.702000+05:30,32.0,64.5,481,0,1,62,23.9,63.2,0,952.2,0,0,27.6,58.9,413,0,1,30,23.4,100.0,488,0,2,66,19.0,87.3,432,0,1,38,0,0,0,0,0,0,0,0,0,0,0,0,0,0,0,0,0,0,0,0,0,0,0,0,100,55,0,0,0,0,15:55:00,2
2026-07-31 15:57:16.701000+05:30,32.0,64.5,495,0,2,70,23.9,63.3,0,952.2,0,0,27.6,58.9,420,0,1,33,23.4,100.0,488,0,2,66,18.9,87.3,432,0,1,38,0,0,0,0,0,0,0,0,0,0,0,0,0,0,0,0,0,0,0,0,0,0,0,0,100,55,0,0,0,0,15:55:00,2
2026-07-31 15:57:21.701000+05:30,32.0,64.6,467,0,1,55,23.9,63.3,0,952.2,0,0,27.6,59.0,440,0,1,42,23.4,100.0,65535,0,1,65535,18.9,87.3,432,0,1,38,0,0,0,0,0,0,0,0,0,0,0,0,0,0,0,0,0,0,0,0,0,0,0,0,100,55,0,0,0,0,15:55:00,2
2026-07-31 15:57:26.700000+05:30,32.0,64.6,487,0,2,65,23.9,63.3,0,952.2,0,0,27.6,59.0,452,0,1,48,23.4,100.0,488,0,2,66,19.0,87.4,432,0,1,38,0,0,0,0,0,0,0,0,0,0,0,0,0,0,0,0,0,0,0,0,0,0,0,0,100,55,0,0,0,0,15:55:00,2
2026-07-31 15:57:31.701000+05:30,32.0,64.6,481,0,1,62,23.9,63.4,0,952.2,0,0,27.6,59.1,439,0,1,42,23.4,100.0,488,0,2,66,19.0,87.3,432,0,1,38,0,0,0,0,0,0,0,0,0,0,0,0,0,0,0,0,0,0,0,0,0,0,0,0,100,55,0,0,0,0,15:55:00,2
2026-07-31 15:57:36.701000+05:30,32.0,64.4,494,0,2,69,23.9,63.5,0,952.2,0,0,27.6,59.2,450,0,1,46,23.5,100.0,488,0,2,66,19.0,87.3,432,0,1,38,0,0,0,0,0,0,0,0,0,0,0,0,0,0,0,0,0,0,0,0,0,0,0,0,100,55,0,0,0,0,15:55:00,2
2026-07-31 15:57:41.701000+05:30,32.0,64.4,467,0,1,55,23.9,63.5,0,952.3,0,0,27.6,59.2,448,0,1,46,23.5,100.0,488,0,2,66,19.0,87.3,432,0,1,38,0,0,0,0,0,0,0,0,0,0,0,0,0,0,0,0,0,0,0,0,0,0,0,0,100,55,0,0,0,0,15:55:00,2
2026-07-31 15:57:46.700000+05:30,32.0,64.2,470,0,1,57,23.9,63.6,0,952.1,0,0,27.6,59.2,457,0,1,50,23.5,100.0,488,0,2,66,19.0,87.3,432,0,1,38,0,0,0,0,0,0,0,0,0,0,0,0,0,0,0,0,0,0,0,0,0,0,0,0,100,55,0,0,0,0,15:55:00,2
2026-07-31 15:57:51.700000+05:30,32.0,64.1,501,0,2,73,23.9,63.6,0,952.3,0,0,27.6,59.2,467,0,1,55,23.5,100.0,488,0,2,66,19.0,87.5,432,0,1,38,0,0,0,0,0,0,0,0,0,0,0,0,0,0,0,0,0,0,0,0,0,0,0,0,100,55,0,0,0,0,15:55:00,2
2026-07-31 15:57:56.700000+05:30,32.0,64.2,485,0,1,64,23.9,63.6,0,952.3,0,0,27.6,59.3,491,0,2,67,23.5,100.0,488,0,2,66,19.0,87.5,432,0,1,38,0,0,0,0,0,0,0,0,0,0,0,0,0,0,0,0,0,0,0,0,0,0,0,0,100,55,0,0,0,0,15:55:00,2
2026-07-31 15:58:01.699000+05:30,32.0,64.3,474,0,1,59,23.9,63.6,0,952.3,0,0,27.6,59.3,461,0,1,52,23.5,100.0,488,0,2,66,19.0,87.5,432,0,1,38,0,0,0,0,0,0,0,0,0,0,0,0,0,0,0,0,0,0,0,0,0,0,0,0,100,55,0,0,0,0,15:55:00,2
2026-07-31 15:58:06.697000+05:30,31.9,64.5,462,0,1,53,23.9,63.7,0,952.2,0,0,27.6,59.3,452,0,1,48,23.5,100.0,488,0,2,66,19.0,87.4,432,0,1,38,0,0,0,0,0,0,0,0,0,0,0,0,0,0,0,0,0,0,0,0,0,0,0,0,100,55,0,0,0,0,15:55:00,2
2026-07-31 15:58:11.701000+05:30,32.0,64.3,487,0,2,65,23.9,63.7,0,952.2,0,0,27.6,59.4,456,0,1,49,86.8,100.0,488,0,2,66,19.0,87.4,432,0,1,38,0,0,0,0,0,0,0,0,0,0,0,0,0,0,0,0,0,0,0,0,0,0,0,0,100,55,0,0,0,0,15:55:00,2
2026-07-31 15:58:16.699000+05:30,31.9,64.1,460,0,1,51,23.9,63.7,0,952.2,0,0,27.6,59.5,463,0,1,53,23.5,100.0,488,0,2,66,19.0,87.4,432,0,1,38,0,0,0,0,0,0,0,0,0,0,0,0,0,0,0,0,0,0,0,0,0,0,0,0,100,55,0,0,0,0,15:55:00,2
2026-07-31 15:58:21.699000+05:30,31.9,63.9,464,0,1,53,24.0,63.7,0,952.2,0,0,27.6,59.5,456,0,1,50,23.5,100.0,488,0,2,66,18.9,87.5,432,0,1,38,0,0,0,0,0,0,0,0,0,0,0,0,0,0,0,0,0,0,0,0,0,0,0,0,100,55,0,0,0,0,15:55:00,2
2026-07-31 15:58:26.699000+05:30,31.9,64.3,456,0,1,50,24.0,63.9,0,952.2,0,0,27.6,59.6,436,0,1,40,23.5,100.0,488,0,2,66,19.0,87.5,432,0,1,38,0,0,0,0,0,0,0,0,0,0,0,0,0,0,0,0,0,0,0,0,0,0,0,0,100,55,0,0,0,0,15:55:00,2
2026-07-31 15:58:31.699000+05:30,31.9,64.4,469,0,1,56,24.0,63.9,0,952.1,0,0,27.6,59.6,479,0,1,61,23.5,100.0,65489,0,2,66,19.0,87.5,432,0,1,38,0,0,0,0,0,0,0,0,0,0,0,0,0,0,0,0,0,0,0,0,0,0,0,0,100,55,0,0,0,0,15:55:00,2
2026-07-31 15:58:36.698000+05:30,31.9,64.4,471,0,1,57,24.0,63.9,0,952.1,0,0,27.6,59.6,468,0,1,55,23.5,100.0,488,0,2,66,19.0,87.6,432,0,1,38,0,0,0,0,0,0,0,0,0,0,0,0,0,0,0,0,0,0,0,0,0,0,0,0,100,55,0,0,0,0,15:55:00,2
2026-07-31 15:58:41.699000+05:30,31.9,64.5,454,0,1,49,24.0,63.9,0,952.2,0,0,27.6,59.6,459,0,1,51,23.5,100.0,488,0,2,66,19.0,87.7,432,0,1,38,0,0,0,0,0,0,0,0,0,0,0,0,0,0,0,0,0,0,0,0,0,0,0,0,100,55,0,0,0,0,15:55:00,2
2026-07-31 15:58:46.699000+05:30,31.9,64.6,482,0,1,63,24.0,63.9,0,952.2,0,0,27.6,59.7,467,0,1,55,23.6,100.0,65535,0,5,65535,19.0,87.6,432,0,1,38,0,0,0,0,0,0,0,0,0,0,0,0,0,0,0,0,0,0,0,0,0,0,0,0,100,55,0,0,0,0,15:55:00,2
2026-07-31 15:58:51.699000+05:30,31.9,64.6,505,0,2,75,24.0,63.9,0,952.2,0,0,27.5,59.7,468,0,1,55,23.5,100.0,488,0,2,66,19.0,87.6,432,0,1,38,0,0,0,0,0,0,0,0,0,0,0,0,0,0,0,0,0,0,0,0,0,0,0,0,100,55,0,0,0,0,15:55:00,2
2026-07-31 15:58:56.698000+05:30,31.9,64.3,465,0,1,54,24.0,64.0,0,952.2,0,0,27.6,59.8,466,0,1,55,23.6,100.0,488,0,2,66,19.0,87.6,432,0,1,38,0,0,0,0,0,0,0,0,0,0,0,0,0,0,0,0,0,0,0,0,0,0,0,0,100,55,0,0,0,0,15:55:00,2
2026-07-31 15:59:01.698000+05:30,31.9,64.2,491,0,2,67,24.0,64.0,0,952.2,0,0,27.5,59.8,474,0,1,59,23.6,100.0,488,0,2,66,19.0,87.6,432,0,1,38,0,0,0,0,0,0,0,0,0,0,0,0,0,0,0,0,0,0,0,0,0,0,0,0,100,55,0,0,0,0,15:55:00,2
2026-07-31 15:59:06.698000+05:30,31.9,64.2,469,0,1,56,24.0,64.0,0,952.2,0,0,27.5,59.9,458,0,1,51,23.6,100.0,488,0,2,66,19.0,87.6,432,0,1,38,0,0,0,0,0,0,0,0,0,0,0,0,0,0,0,0,0,0,0,0,0,0,0,0,100,55,0,0,0,0,15:55:00,2
2026-07-31 15:59:11.700000+05:30,31.9,64.2,504,0,2,74,24.0,64.0,0,952.2,0,0,27.5,60.0,464,0,1,54,23.6,100.0,488,0,2,66,19.0,87.6,432,0,1,38,0,0,0,0,0,0,0,0,0,0,0,0,0,0,0,0,0,0,0,0,0,0,0,0,100,55,0,0,0,0,15:55:00,2
2026-07-31 15:59:16.697000+05:30,31.9,64.2,501,0,2,73,24.0,64.0,0,952.2,0,0,27.5,60.0,463,0,1,53,23.6,100.0,488,0,2,66,19.0,87.6,432,0,1,38,0,0,0,0,0,0,0,0,0,0,0,0,0,0,0,0,0,0,0,0,0,0,0,0,100,55,0,0,0,0,15:55:00,2
2026-07-31 15:59:21.698000+05:30,32.0,64.0,480,0,1,62,24.0,64.1,0,952.2,0,0,27.5,59.9,478,0,1,61,23.6,100.0,488,0,2,66,19.0,87.7,432,0,1,38,0,0,0,0,0,0,0,0,0,0,0,0,0,0,0,0,0,0,0,0,0,0,0,0,100,55,0,0,0,0,15:55:00,2
2026-07-31 15:59:26.698000+05:30,31.9,64.0,481,0,1,62,24.0,64.0,0,952.3,0,0,27.5,60.0,476,0,1,59,23.6,100.0,488,0,2,66,19.0,87.7,432,0,1,38,0,0,0,0,0,0,0,0,0,0,0,0,0,0,0,0,0,0,0,0,0,0,0,0,100,55,0,0,0,0,15:55:00,2
2026-07-31 15:59:31.697000+05:30,31.9,64.0,478,0,1,60,24.0,64.0,0,952.2,0,0,27.5,60.0,451,0,1,47,23.6,100.0,488,0,2,66,19.0,87.7,432,0,1,38,0,0,0,0,0,0,0,0,0,0,0,0,0,0,0,0,0,0,0,0,0,0,0,0,100,55,0,0,0,0,15:55:00,2
2026-07-31 15:59:36.697000+05:30,31.9,64.1,498,0,2,71,24.0,64.0,0,952.2,0,0,27.5,60.1,483,0,1,63,23.6,100.0,488,0,2,66,19.0,87.8,432,0,1,38,0,0,0,0,0,0,0,0,0,0,0,0,0,0,0,0,0,0,0,0,0,0,0,0,100,55,0,0,0,0,15:55:00,2
2026-07-31 15:59:41.697000+05:30,31.9,64.2,516,0,2,81,24.0,64.0,0,952.2,0,0,27.5,60.1,478,0,1,60,23.6,100.0,488,0,2,66,19.0,87.8,432,0,1,38,0,0,0,0,0,0,0,0,0,0,0,0,0,0,0,0,0,0,0,0,0,0,0,0,100,55,0,0,0,0,15:55:00,2
2026-07-31 15:59:46.697000+05:30,31.9,64.5,484,0,1,63,24.0,64.1,0,952.3,0,0,27.5,60.1,465,0,1,54,23.6,100.0,372,0,2,66,19.0,87.6,432,0,1,38,0,0,0,0,0,0,0,0,0,0,0,0,0,0,0,0,0,0,0,0,0,0,0,0,100,55,0,0,0,0,15:55:00,2
2026-07-31 15:59:51.697000+05:30,31.9,64.5,487,0,2,65,24.0,64.1,0,952.3,0,0,27.6,60.2,431,0,1,38,23.6,100.0,488,0,2,66,19.0,87.6,432,0,1,38,0,0,0,0,0,0,0,0,0,0,0,0,0,0,0,0,0,0,0,0,0,0,0,0,100,55,0,0,0,0,15:55:00,2
2026-07-31 15:59:56.697000+05:30,31.9,64.6,499,0,2,71,24.0,64.1,0,952.3,0,0,27.6,60.2,466,0,1,55,23.6,100.0,488,0,2,66,19.0,87.6,432,0,1,38,0,0,0,0,0,0,0,0,0,0,0,0,0,0,0,0,0,0,0,0,0,0,0,0,100,55,0,0,0,0,15:55:00,2
2026-07-31 16:00:01.696000+05:30,31.9,64.8,501,0,2,73,24.0,64.1,0,952.2,0,0,27.6,60.2,490,0,2,67,23.5,100.0,488,0,2,66,19.0,87.6,432,0,1,38,0,0,0,0,0,0,0,0,0,0,0,0,0,0,0,0,0,0,0,0,0,0,0,0,100,55,0,0,0,0,15:55:00,2
2026-07-31 16:00:06.697000+05:30,31.9,64.8,492,0,2,68,24.1,64.2,0,952.2,0,0,27.6,60.1,490,0,2,67,23.6,100.0,488,0,2,66,19.0,87.7,432,0,1,38,0,0,0,0,0,0,0,0,0,0,0,0,0,0,0,0,0,0,0,0,0,0,0,0,100,55,0,0,0,0,15:55:00,2
2026-07-31 16:00:11.697000+05:30,31.9,64.9,467,0,1,55,24.0,64.2,0,952.3,0,0,27.6,60.1,482,0,1,63,23.6,100.0,488,0,2,66,19.0,87.6,432,0,1,38,0,0,0,0,0,0,0,0,0,0,0,0,0,0,0,0,0,0,0,0,0,0,0,0,100,55,0,0,0,0,15:55:00,2
2026-07-31 16:00:16.697000+05:30,31.9,65.0,468,0,1,55,24.0,64.2,0,952.3,0,0,27.6,60.1,462,0,1,53,23.6,100.0,488,0,2,66,19.0,87.6,432,0,1,38,0,0,0,0,0,0,0,0,0,0,0,0,0,0,0,0,0,0,0,0,0,0,0,0,100,55,0,0,0,0,15:55:00,2
2026-07-31 16:00:21.697000+05:30,31.9,65.0,491,0,2,67,24.0,64.1,0,952.2,0,0,27.6,60.1,455,0,1,49,23.6,100.0,488,0,2,66,19.0,87.6,432,0,1,38,0,0,0,0,0,0,0,0,0,0,0,0,0,0,0,0,0,0,0,0,0,0,0,0,100,55,0,0,0,0,15:55:00,2
2026-07-31 16:00:26.696000+05:30,31.8,64.8,490,0,2,67,24.0,64.1,0,952.2,0,0,27.6,60.1,507,0,2,76,23.6,100.0,488,0,2,66,19.0,87.6,432,0,1,38,0,0,0,0,0,0,0,0,0,0,0,0,0,0,0,0,0,0,0,0,0,0,0,0,100,55,0,0,0,0,15:55:00,2
2026-07-31 16:00:31.697000+05:30,31.8,64.8,459,0,1,51,24.1,64.7,0,952.8,0,0,27.6,61.9,478,0,1,61,23.6,100.0,488,0,2,66,19.1,87.6,432,0,1,38,0,0,0,0,0,0,0,0,0,0,0,0,0,0,0,0,0,0,0,0,0,0,0,0,100,55,0,0,0,0,15:55:00,2
2026-07-31 16:00:36.696000+05:30,31.8,64.2,432,0,1,38,24.1,65.6,0,952.8,0,0,27.6,62.0,463,0,1,53,23.7,100.0,488,0,2,66,19.1,87.2,432,0,1,38,0,0,0,0,0,0,0,0,0,0,0,0,0,0,0,0,0,0,0,0,0,0,0,0,100,55,0,0,0,0,15:55:00,2
2026-07-31 16:00:41.699000+05:30,31.8,63.8,472,0,1,58,24.1,65.0,0,952.9,0,0,27.6,61.6,478,0,1,60,23.7,100.0,488,0,2,66,19.1,86.6,432,0,1,38,0,0,0,0,0,0,0,0,0,0,0,0,0,0,0,0,0,0,0,0,0,0,0,0,100,55,0,0,0,0,15:55:00,2
2026-07-31 16:00:46.740000+05:30,31.8,64.0,466,0,1,54,24.1,65.0,0,952.9,0,0,27.6,61.6,487,0,2,65,23.7,100.0,488,0,2,66,19.1,86.6,432,0,1,38,0,0,0,0,0,0,0,0,0,0,0,0,0,0,0,0,0,0,0,0,0,0,0,0,100,55,0,0,0,0,15:55:00,2
2026-07-31 16:00:51.698000+05:30,31.8,63.7,465,0,1,54,24.1,64.8,0,952.9,0,0,27.6,61.4,455,0,1,49,23.7,100.0,488,0,2,66,19.1,86.0,432,0,1,38,0,0,0,0,0,0,0,0,0,0,0,0,0,0,0,0,0,0,0,0,0,0,0,0,100,55,0,0,0,0,15:55:00,2
2026-07-31 16:00:56.746000+05:30,31.8,63.5,455,0,1,49,24.1,64.9,0,952.9,0,0,27.6,61.3,467,0,1,55,23.7,100.0,488,0,2,66,19.1,85.5,432,0,1,38,0,0,0,0,0,0,0,0,0,0,0,0,0,0,0,0,0,0,0,0,0,0,0,0,100,55,0,0,0,0,15:55:00,2
2026-07-31 16:01:01.701000+05:30,31.8,63.9,495,0,2,69,24.1,64.8,0,952.9,0,0,27.6,61.2,479,0,1,61,23.7,100.0,488,0,2,66,19.1,85.2,432,0,1,38,0,0,0,0,0,0,0,0,0,0,0,0,0,0,0,0,0,0,0,0,0,0,0,0,100,55,0,0,0,0,15:55:00,2
2026-07-31 16:01:06.876000+05:30,31.9,64.3,511,0,2,78,24.1,64.9,0,952.9,0,0,27.6,61.2,497,0,2,70,23.7,100.0,488,0,2,66,19.1,85.0,432,0,1,38,0,0,0,0,0,0,0,0,0,0,0,0,0,0,0,0,0,0,0,0,0,0,0,0,100,55,0,0,0,0,15:55:00,2
2026-07-31 16:01:11.699000+05:30,31.8,64.6,473,0,1,58,24.1,64.9,0,952.9,0,0,27.6,61.2,469,0,1,56,23.7,100.0,488,0,2,66,19.1,85.0,432,0,1,38,0,0,0,0,0,0,0,0,0,0,0,0,0,0,0,0,0,0,0,0,0,0,0,0,100,55,0,0,0,0,15:55:00,2
2026-07-31 16:01:16.746000+05:30,31.8,64.8,510,0,2,78,24.1,64.7,0,952.9,0,0,27.6,61.0,468,0,1,56,23.7,100.0,488,0,2,66,19.1,84.8,432,0,1,38,0,0,0,0,0,0,0,0,0,0,0,0,0,0,0,0,0,0,0,0,0,0,0,0,100,55,0,0,0,0,15:55:00,2
2026-07-31 16:01:21.698000+05:30,31.8,64.9,497,0,2,70,24.1,64.7,0,952.9,0,0,27.6,60.8,508,0,2,76,23.7,100.0,488,0,2,66,19.1,84.7,432,0,1,38,0,0,0,0,0,0,0,0,0,0,0,0,0,0,0,0,0,0,0,0,0,0,0,0,100,55,0,0,0,0,15:55:00,2
2026-07-31 16:01:26.809000+05:30,31.8,65.0,501,0,2,73,24.1,64.7,0,952.8,0,0,27.6,60.7,462,0,1,53,23.7,100.0,488,0,2,66,19.1,84.5,432,0,1,38,0,0,0,0,0,0,0,0,0,0,0,0,0,0,0,0,0,0,0,0,0,0,0,0,100,55,0,0,0,0,15:55:00,2
2026-07-31 16:01:31.698000+05:30,31.8,64.9,482,0,1,63,24.1,64.7,0,952.9,0,0,27.6,60.7,496,0,2,70,23.7,100.0,488,0,2,66,19.0,84.3,432,0,1,38,0,0,0,0,0,0,0,0,0,0,0,0,0,0,0,0,0,0,0,0,0,0,0,0,100,55,0,0,0,0,15:55:00,2
2026-07-31 16:01:36.737000+05:30,31.9,64.6,467,0,1,55,24.1,64.6,0,952.9,0,0,27.7,60.6,469,0,1,56,23.7,100.0,488,0,2,66,19.1,84.2,432,0,1,38,0,0,0,0,0,0,0,0,0,0,0,0,0,0,0,0,0,0,0,0,0,0,0,0,100,55,0,0,0,0,15:55:00,2
2026-07-31 16:01:41.698000+05:30,31.9,64.7,504,0,2,74,24.1,64.6,0,952.9,0,0,27.7,60.6,486,0,2,65,23.7,100.0,488,0,2,66,19.1,84.2,432,0,1,38,0,0,0,0,0,0,0,0,0,0,0,0,0,0,0,0,0,0,0,0,0,0,0,0,100,55,0,0,0,0,15:55:00,2
2026-07-31 16:01:46.796000+05:30,31.9,64.6,506,0,2,76,24.1,64.5,0,952.8,0,0,27.7,60.4,507,0,2,76,23.7,100.0,488,0,2,66,19.1,84.2,432,0,1,38,0,0,0,0,0,0,0,0,0,0,0,0,0,0,0,0,0,0,0,0,0,0,0,0,100,55,0,0,0,0,15:55:00,2
2026-07-31 16:01:51.698000+05:30,31.9,64.1,494,0,2,69,24.1,64.4,0,952.9,0,0,27.7,60.4,493,0,2,68,23.6,100.0,488,0,2,66,19.0,84.2,432,0,1,38,0,0,0,0,0,0,0,0,0,0,0,0,0,0,0,0,0,0,0,0,0,0,0,0,100,55,0,0,0,0,15:55:00,2
2026-07-31 16:01:56.785000+05:30,31.8,63.8,478,0,1,61,24.1,64.4,0,953.0,0,0,27.7,60.3,478,0,1,61,23.6,100.0,488,0,2,66,19.0,84.1,432,0,1,38,0,0,0,0,0,0,0,0,0,0,0,0,0,0,0,0,0,0,0,0,0,0,0,0,100,55,0,0,0,0,15:55:00,2
2026-07-31 16:02:01.696000+05:30,31.8,63.7,492,0,2,68,24.1,64.4,0,952.9,0,0,27.7,60.2,504,0,2,74,23.6,100.0,488,0,2,66,19.0,84.1,432,0,1,38,0,0,0,0,0,0,0,0,0,0,0,0,0,0,0,0,0,0,0,0,0,0,0,0,100,55,0,0,0,0,15:55:00,2
2026-07-31 16:02:06.730000+05:30,31.8,63.8,467,0,1,55,24.1,64.3,0,952.8,0,0,27.7,60.1,485,0,1,64,23.6,100.0,488,0,2,66,19.0,84.1,432,0,1,38,0,0,0,0,0,0,0,0,0,0,0,0,0,0,0,0,0,0,0,0,0,0,0,0,100,55,0,0,0,0,15:55:00,2
2026-07-31 16:02:11.698000+05:30,31.8,63.6,471,0,1,57,24.1,64.3,0,952.9,0,0,27.7,60.1,486,0,2,65,23.6,100.0,488,0,2,66,19.0,84.2,432,0,1,38,0,0,0,0,0,0,0,0,0,0,0,0,0,0,0,0,0,0,0,0,0,0,0,0,100,55,0,0,0,0,15:55:00,2
2026-07-31 16:02:16.760000+05:30,31.8,63.6,471,0,1,57,24.1,64.2,0,952.9,0,0,27.7,60.0,490,0,2,67,-24.9,0.8,488,0,2,66,19.0,84.3,432,0,1,38,0,0,0,0,0,0,0,0,0,0,0,0,0,0,0,0,0,0,0,0,0,0,0,0,100,55,0,0,0,0,15:55:00,2
2026-07-31 16:02:21.749000+05:30,31.8,63.6,458,0,1,50,24.1,64.1,0,952.9,0,0,27.7,60.0,493,0,2,68,-24.9,0.8,488,0,2,66,19.0,84.3,432,0,1,38,0,0,0,0,0,0,0,0,0,0,0,0,0,0,0,0,0,0,0,0,0,0,0,0,100,55,0,0,0,0,15:55:00,2
2026-07-31 16:02:26.701000+05:30,31.8,63.4,432,0,1,38,24.1,64.1,0,952.9,0,0,27.7,59.9,501,0,2,73,23.5,100.0,488,0,2,66,19.0,84.3,432,0,1,38,0,0,0,0,0,0,0,0,0,0,0,0,0,0,0,0,0,0,0,0,0,0,0,0,100,55,0,0,0,0,15:55:00,2
2026-07-31 16:02:31.700000+05:30,31.8,63.1,487,0,2,65,24.1,64.0,0,952.9,0,0,27.7,59.7,478,0,1,60,23.5,100.0,488,0,2,66,19.0,84.3,432,0,1,38,0,0,0,0,0,0,0,0,0,0,0,0,0,0,0,0,0,0,0,0,0,0,0,0,100,55,0,0,0,0,15:55:00,2
2026-07-31 16:02:36.697000+05:30,31.8,62.7,467,0,1,55,24.1,64.0,0,952.9,0,0,27.8,59.7,504,0,2,74,23.5,100.0,488,0,2,66,19.0,84.3,432,0,1,38,0,0,0,0,0,0,0,0,0,0,0,0,0,0,0,0,0,0,0,0,0,0,0,0,100,55,0,0,0,0,15:55:00,2
2026-07-31 16:02:41.700000+05:30,31.8,63.2,465,0,1,54,24.1,63.9,0,952.9,0,0,27.8,59.7,469,0,1,56,23.5,100.0,488,0,2,66,19.0,84.1,432,0,1,38,0,0,0,0,0,0,0,0,0,0,0,0,0,0,0,0,0,0,0,0,0,0,0,0,100,55,0,0,0,0,15:55:00,2
2026-07-31 16:02:46.700000+05:30,31.8,63.7,487,0,2,65,24.1,63.8,0,952.8,0,0,27.7,59.6,493,0,2,68,23.5,100.0,488,0,2,66,19.0,84.1,432,0,1,38,0,0,0,0,0,0,0,0,0,0,0,0,0,0,0,0,0,0,0,0,0,0,0,0,100,55,0,0,0,0,15:55:00,2
2026-07-31 16:02:51.700000+05:30,31.8,63.9,480,0,1,61,24.1,63.8,0,952.8,0,0,27.7,59.6,500,0,2,72,23.5,100.0,488,0,2,66,19.0,84.1,432,0,1,38,0,0,0,0,0,0,0,0,0,0,0,0,0,0,0,0,0,0,0,0,0,0,0,0,100,55,0,0,0,0,15:55:00,2
2026-07-31 16:02:56.699000+05:30,31.8,63.8,505,0,2,75,24.1,63.8,0,952.9,0,0,27.7,59.5,474,0,1,59,23.5,100.0,65535,0,129,65535,19.0,84.2,432,0,1,38,0,0,0,0,0,0,0,0,0,0,0,0,0,0,0,0,0,0,0,0,0,0,0,0,100,55,0,0,0,0,15:55:00,2
2026-07-31 16:03:01.699000+05:30,31.8,63.6,503,0,2,73,24.1,63.8,0,952.9,0,0,27.7,59.5,467,0,1,55,23.5,100.0,488,0,2,66,19.0,84.1,432,0,1,38,0,0,0,0,0,0,0,0,0,0,0,0,0,0,0,0,0,0,0,0,0,0,0,0,100,55,0,0,0,0,15:55:00,2
2026-07-31 16:03:06.700000+05:30,31.7,63.7,459,0,1,51,24.1,63.7,0,952.9,0,0,27.8,59.5,481,0,1,62,23.5,100.0,488,0,2,66,19.0,84.2,432,0,1,38,0,0,0,0,0,0,0,0,0,0,0,0,0,0,0,0,0,0,0,0,0,0,0,0,100,55,0,0,0,0,15:55:00,2
2026-07-31 16:03:11.699000+05:30,31.8,63.7,464,0,1,53,24.1,63.7,0,952.9,0,0,27.7,59.4,494,0,2,69,23.5,100.0,488,0,2,66,19.0,84.2,432,0,1,38,0,0,0,0,0,0,0,0,0,0,0,0,0,0,0,0,0,0,0,0,0,0,0,0,100,55,0,0,0,0,15:55:00,2
2026-07-31 16:03:16.699000+05:30,31.8,63.9,456,0,1,50,24.1,63.7,0,952.9,0,0,27.7,59.4,499,0,2,71,23.5,100.0,488,0,2,66,19.0,84.2,432,0,1,38,0,0,0,0,0,0,0,0,0,0,0,0,0,0,0,0,0,0,0,0,0,0,0,0,100,55,0,0,0,0,15:55:00,2
2026-07-31 16:03:21.699000+05:30,31.7,63.9,492,0,2,68,24.1,63.6,0,952.9,0,0,27.7,59.3,493,0,2,68,23.5,100.0,488,0,2,66,19.0,84.2,432,0,1,38,0,0,0,0,0,0,0,0,0,0,0,0,0,0,0,0,0,0,0,0,0,0,0,0,100,55,0,0,0,0,15:55:00,2
2026-07-31 16:03:26.698000+05:30,31.7,63.8,508,0,2,76,24.1,63.6,0,952.2,0,0,27.7,59.3,518,0,2,82,23.5,100.0,488,0,2,66,18.9,84.2,432,0,1,38,0,0,0,0,0,0,0,0,0,0,0,0,0,0,0,0,0,0,0,0,0,0,0,0,100,55,0,0,0,0,15:55:00,2
2026-07-31 16:03:31.698000+05:30,31.7,64.1,500,0,2,72,24.1,63.6,0,952.2,0,0,27.7,59.3,465,0,1,54,23.5,100.0,488,0,2,66,18.9,84.2,432,0,1,38,0,0,0,0,0,0,0,0,0,0,0,0,0,0,0,0,0,0,0,0,0,0,0,0,100,55,0,0,0,0,15:55:00,2
2026-07-31 16:03:36.697000+05:30,31.7,64.2,519,0,2,83,24.1,63.5,0,952.7,0,0,27.7,59.2,482,0,1,63,23.5,100.0,488,0,2,66,18.9,84.7,432,0,1,38,0,0,0,0,0,0,0,0,0,0,0,0,0,0,0,0,0,0,0,0,0,0,0,0,100,55,0,0,0,0,15:55:00,2
2026-07-31 16:03:41.699000+05:30,31.6,64.1,486,0,2,65,24.1,63.6,0,952.8,0,0,27.7,59.4,486,0,2,65,86.8,100.0,488,0,2,66,18.9,85.2,432,0,1,38,0,0,0,0,0,0,0,0,0,0,0,0,0,0,0,0,0,0,0,0,0,0,0,0,100,55,0,0,0,0,15:55:00,2
2026-07-31 16:03:46.698000+05:30,31.6,64.3,459,0,1,51,24.1,64.3,0,952.9,0,0,27.7,59.5,483,0,1,63,23.5,100.0,488,0,2,66,19.0,85.2,432,0,1,38,0,0,0,0,0,0,0,0,0,0,0,0,0,0,0,0,0,0,0,0,0,0,0,0,100,55,0,0,0,0,15:55:00,2
2026-07-31 16:03:51.701000+05:30,31.6,64.6,462,0,1,52,24.1,63.9,0,952.9,0,0,27.7,59.8,484,0,1,64,23.5,100.0,488,0,2,66,18.9,85.1,432,0,1,38,0,0,0,0,0,0,0,0,0,0,0,0,0,0,0,0,0,0,0,0,0,0,0,0,100,55,0,0,0,0,15:55:00,2
