timestamp,outside_t,outside_h,outside_c,outside_p,outside_a,outside_v,room_1_t,room_1_h,room_1_c,room_1_p,room_1_a,room_1_v,room_2_t,room_2_h,room_2_c,room_2_p,room_2_a,room_2_v,room_3_t,room_3_h,room_3_c,room_3_p,room_3_a,room_3_v,supply_t,supply_h,supply_c,supply_p,supply_a,supply_v,return_t,return_h,return_c,return_p,return_a,return_v,mixed_t,mixed_h,mixed_c,mixed_p,mixed_a,mixed_v,cooler_t,cooler_h,cooler_c,cooler_p,cooler_a,cooler_v,heated_t,heated_h,heated_c,heated_p,heated_a,heated_v,mixer,fan,flowrate,coolerState,heaterState,humidifierState,time_str,actual_occupancy
2026-07-31 14:20:34.751000+05:30,31.5,66.8,414,0,1,30,23.4,67.6,0,952.1,0,0,27.3,62.2,423,0,1,34,0.0,0.0,0,0,0,0,28.3,61.8,434,0,1,39,0,0,0,0,0,0,0,0,0,0,0,0,0,0,0,0,0,0,0,0,0,0,0,0,100,55,0,0,0,0,14:20:00,0
2026-07-31 14:20:39.687000+05:30,31.5,66.8,424,0,1,34,23.4,67.6,0,952.1,0,0,27.3,62.2,410,0,1,28,0.0,0.0,0,0,0,0,28.3,61.8,411,0,1,29,0,0,0,0,0,0,0,0,0,0,0,0,0,0,0,0,0,0,0,0,0,0,0,0,100,55,0,0,0,0,14:20:00,0
2026-07-31 14:20:44.697000+05:30,31.5,67.0,457,0,1,50,23.4,67.6,0,952.1,0,0,27.3,62.2,424,0,1,35,0.0,0.0,0,0,0,0,28.3,61.8,419,0,1,32,0,0,0,0,0,0,0,0,0,0,0,0,0,0,0,0,0,0,0,0,0,0,0,0,100,55,0,0,0,0,14:20:00,0
2026-07-31 14:20:49.689000+05:30,31.6,67.1,435,0,1,40,23.4,67.6,0,952.1,0,0,27.3,62.2,432,0,1,38,0.0,0.0,0,0,0,0,28.3,61.8,417,0,1,31,0,0,0,0,0,0,0,0,0,0,0,0,0,0,0,0,0,0,0,0,0,0,0,0,100,55,0,0,0,0,14:20:00,0
2026-07-31 14:20:54.686000+05:30,31.5,67.0,433,0,1,38,23.4,67.6,0,952.4,0,0,27.4,62.1,414,0,1,30,0.0,0.0,0,0,0,0,28.3,61.8,449,0,1,46,0,0,0,0,0,0,0,0,0,0,0,0,0,0,0,0,0,0,0,0,0,0,0,0,100,55,0,0,0,0,14:20:00,0
2026-07-31 14:20:59.688000+05:30,31.5,67.1,452,0,1,48,23.4,67.6,0,952.4,0,0,27.4,62.1,440,0,1,42,0.0,0.0,0,0,0,0,28.1,69.5,470,0,1,56,0,0,0,0,0,0,0,0,0,0,0,0,0,0,0,0,0,0,0,0,0,0,0,0,100,55,0,0,0,0,14:20:00,0
2026-07-31 14:21:04.687000+05:30,31.5,67.2,423,0,1,34,23.4,67.6,0,952.8,0,0,27.4,62.1,419,0,1,32,0.0,0.0,0,0,0,0,28.1,69.5,448,0,1,45,0,0,0,0,0,0,0,0,0,0,0,0,0,0,0,0,0,0,0,0,0,0,0,0,100,55,0,0,0,0,14:20:00,0
2026-07-31 14:21:09.687000+05:30,31.5,67.3,435,0,1,40,23.4,67.6,0,952.8,0,0,27.4,62.1,437,0,1,40,0.0,0.0,0,0,0,0,27.4,76.6,400,0,1,16,0,0,0,0,0,0,0,0,0,0,0,0,0,0,0,0,0,0,0,0,0,0,0,0,100,55,0,0,0,0,14:20:00,0
2026-07-31 14:21:14.692000+05:30,31.6,67.2,434,0,1,39,23.4,67.4,0,952.7,0,0,27.4,62.3,429,0,1,37,0.0,0.0,0,0,0,0,26.6,79.0,400,0,1,0,0,0,0,0,0,0,0,0,0,0,0,0,0,0,0,0,0,0,0,0,0,0,0,0,100,55,0,0,0,0,14:20:00,0
2026-07-31 14:21:19.692000+05:30,31.6,66.9,437,0,1,40,23.4,67.4,0,952.7,0,0,27.4,62.3,413,0,1,29,0.0,0.0,0,0,0,0,26.6,79.0,400,0,1,2,0,0,0,0,0,0,0,0,0,0,0,0,0,0,0,0,0,0,0,0,0,0,0,0,100,55,0,0,0,0,14:20:00,0
2026-07-31 14:21:24.686000+05:30,31.6,66.7,454,0,1,48,23.4,67.9,0,952.7,0,0,27.4,62.8,414,0,1,30,0.0,0.0,0,0,0,0,26.2,79.9,400,0,1,7,0,0,0,0,0,0,0,0,0,0,0,0,0,0,0,0,0,0,0,0,0,0,0,0,100,55,0,0,0,0,14:20:00,0
2026-07-31 14:21:29.693000+05:30,31.6,66.4,445,0,1,44,23.4,68.8,0,952.8,0,0,27.4,63.4,400,0,1,24,0.0,0.0,0,0,0,0,25.9,79.9,400,0,1,3,0,0,0,0,0,0,0,0,0,0,0,0,0,0,0,0,0,0,0,0,0,0,0,0,100,55,0,0,0,0,14:20:00,0
2026-07-31 14:21:34.693000+05:30,31.6,66.1,437,0,1,40,23.4,68.8,0,952.8,0,0,27.4,63.4,411,0,1,29,0.0,0.0,0,0,0,0,25.9,79.9,400,0,1,0,0,0,0,0,0,0,0,0,0,0,0,0,0,0,0,0,0,0,0,0,0,0,0,0,100,55,0,0,0,0,14:20:00,0
2026-07-31 14:21:39.692000+05:30,31.5,65.8,413,0,1,29,23.5,69.4,0,952.8,0,0,27.3,64.0,404,0,1,25,0.0,0.0,0,0,0,0,25.4,79.0,400,0,1,0,0,0,0,0,0,0,0,0,0,0,0,0,0,0,0,0,0,0,0,0,0,0,0,0,100,55,0,0,0,0,14:20:00,0
2026-07-31 14:21:44.692000+05:30,31.5,65.8,420,0,1,33,23.5,69.4,0,952.8,0,0,27.3,64.4,409,0,1,28,0.0,0.0,0,0,0,0,25.0,78.1,400,0,1,0,0,0,0,0,0,0,0,0,0,0,0,0,0,0,0,0,0,0,0,0,0,0,0,0,100,55,0,0,0,0,14:20:00,0
2026-07-31 14:21:49.686000+05:30,31.5,65.7,400,0,1,18,23.5,69.9,0,952.8,0,0,27.3,64.6,400,0,1,23,0.0,0.0,0,0,0,0,24.7,77.3,400,0,1,0,0,0,0,0,0,0,0,0,0,0,0,0,0,0,0,0,0,0,0,0,0,0,0,0,100,55,0,0,0,0,14:20:00,0
2026-07-31 14:21:54.692000+05:30,31.5,65.7,448,0,1,45,23.5,69.9,0,952.8,0,0,27.3,64.6,416,0,1,31,0.0,0.0,0,0,0,0,24.7,77.3,400,0,1,4,0,0,0,0,0,0,0,0,0,0,0,0,0,0,0,0,0,0,0,0,0,0,0,0,100,55,0,0,0,0,14:20:00,0
2026-07-31 14:21:59.692000+05:30,31.5,65.7,484,0,1,63,23.5,70.1,0,952.9,0,0,27.4,64.8,446,0,1,45,0.0,0.0,0,0,0,0,24.3,76.7,400,0,1,11,0,0,0,0,0,0,0,0,0,0,0,0,0,0,0,0,0,0,0,0,0,0,0,0,100,55,0,0,0,0,14:20:00,0
2026-07-31 14:22:04.692000+05:30,31.5,65.6,458,0,1,50,23.5,70.2,0,952.8,0,0,27.3,64.8,415,0,1,30,0.0,0.0,0,0,0,0,24.0,76.3,400,0,1,12,0,0,0,0,0,0,0,0,0,0,0,0,0,0,0,0,0,0,0,0,0,0,0,0,100,55,0,0,0,0,14:20:00,0
2026-07-31 14:22:09.690000+05:30,31.5,65.4,465,0,1,54,23.5,70.2,0,952.8,0,0,27.3,64.8,415,0,1,30,0.0,0.0,0,0,0,0,24.0,76.3,400,0,1,12,0,0,0,0,0,0,0,0,0,0,0,0,0,0,0,0,0,0,0,0,0,0,0,0,100,55,0,0,0,0,14:20:00,0
2026-07-31 14:22:14.691000+05:30,31.6,65.6,452,0,1,48,23.5,70.2,0,952.8,0,0,27.3,64.9,417,0,1,31,0.0,0.0,0,0,0,0,23.8,75.9,400,0,1,19,0,0,0,0,0,0,0,0,0,0,0,0,0,0,0,0,0,0,0,0,0,0,0,0,100,55,0,0,0,0,14:20:00,0
2026-07-31 14:22:19.688000+05:30,31.6,65.5,521,0,2,84,23.5,70.3,0,952.7,0,0,27.3,64.9,440,0,1,42,0.0,0.0,0,0,0,0,23.5,75.7,411,0,1,29,0,0,0,0,0,0,0,0,0,0,0,0,0,0,0,0,0,0,0,0,0,0,0,0,100,55,0,0,0,0,14:20:00,0
2026-07-31 14:22:24.692000+05:30,31.6,65.6,573,0,2,115,23.5,70.2,0,952.8,0,0,27.3,64.8,437,0,1,40,0.0,0.0,0,0,0,0,23.5,75.7,406,0,1,26,0,0,0,0,0,0,0,0,0,0,0,0,0,0,0,0,0,0,0,0,0,0,0,0,100,55,0,0,0,0,14:20:00,0
2026-07-31 14:22:29.690000+05:30,31.6,65.8,591,0,2,126,23.5,70.2,0,952.8,0,0,27.3,64.8,404,0,1,26,0.0,0.0,0,0,0,0,23.2,75.4,406,0,1,26,0,0,0,0,0,0,0,0,0,0,0,0,0,0,0,0,0,0,0,0,0,0,0,0,100,55,0,0,0,0,14:20:00,0
2026-07-31 14:22:34.687000+05:30,31.6,65.7,558,0,2,105,23.5,70.2,0,952.7,0,0,27.3,64.8,406,0,1,26,0.0,0.0,0,0,0,0,23.0,75.3,400,0,1,11,0,0,0,0,0,0,0,0,0,0,0,0,0,0,0,0,0,0,0,0,0,0,0,0,100,55,0,0,0,0,14:20:00,0
2026-07-31 14:22:39.686000+05:30,31.5,65.7,553,0,2,102,23.5,70.1,0,952.8,0,0,27.3,64.8,405,0,1,26,0.0,0.0,0,0,0,0,23.0,75.3,400,0,1,22,0,0,0,0,0,0,0,0,0,0,0,0,0,0,0,0,0,0,0,0,0,0,0,0,100,55,0,0,0,0,14:20:00,0
2026-07-31 14:22:44.685000+05:30,31.6,65.7,522,0,2,84,23.5,70.1,0,952.8,0,0,27.3,64.8,400,0,1,21,0.0,0.0,0,0,0,0,22.7,75.1,400,0,1,20,0,0,0,0,0,0,0,0,0,0,0,0,0,0,0,0,0,0,0,0,0,0,0,0,100,55,0,0,0,0,14:20:00,0
2026-07-31 14:22:49.690000+05:30,31.5,65.7,543,0,2,96,23.5,70.0,0,952.8,0,0,27.2,64.7,400,0,1,15,0.0,0.0,0,0,0,0,22.5,74.9,400,0,1,16,0,0,0,0,0,0,0,0,0,0,0,0,0,0,0,0,0,0,0,0,0,0,0,0,100,55,0,0,0,0,14:20:00,0
2026-07-31 14:22:54.690000+05:30,31.5,65.7,488,0,2,66,23.5,70.0,0,952.8,0,0,27.2,64.7,430,0,1,37,0.0,0.0,0,0,0,0,22.5,74.9,400,0,1,3,0,0,0,0,0,0,0,0,0,0,0,0,0,0,0,0,0,0,0,0,0,0,0,0,100,55,0,0,0,0,14:20:00,0
2026-07-31 14:22:59.690000+05:30,31.6,65.8,469,0,1,56,23.5,69.9,0,952.8,0,0,27.2,64.7,400,0,1,19,0.0,0.0,0,0,0,0,22.3,74.8,400,0,1,0,0,0,0,0,0,0,0,0,0,0,0,0,0,0,0,0,0,0,0,0,0,0,0,0,100,55,0,0,0,0,14:20:00,0
2026-07-31 14:23:04.689000+05:30,31.6,65.9,442,0,1,43,23.5,69.7,0,952.8,0,0,27.1,64.6,433,0,1,38,0.0,0.0,0,0,0,0,22.3,74.8,400,0,1,0,0,0,0,0,0,0,0,0,0,0,0,0,0,0,0,0,0,0,0,0,0,0,0,0,100,55,0,0,0,0,14:20:00,0
2026-07-31 14:23:09.690000+05:30,31.5,65.9,434,0,1,39,23.5,69.7,0,952.8,0,0,27.1,64.6,400,0,1,23,0.0,0.0,0,0,0,0,22.0,74.6,400,0,1,0,0,0,0,0,0,0,0,0,0,0,0,0,0,0,0,0,0,0,0,0,0,0,0,0,100,55,0,0,0,0,14:20:00,0
2026-07-31 14:23:14.695000+05:30,31.5,65.9,427,0,1,36,23.5,69.6,0,952.8,0,0,27.1,64.4,411,0,1,28,0.0,0.0,0,0,0,0,21.8,74.7,400,0,1,0,0,0,0,0,0,0,0,0,0,0,0,0,0,0,0,0,0,0,0,0,0,0,0,0,100,55,0,0,0,0,14:20:00,0
2026-07-31 14:23:19.688000+05:30,31.6,65.8,418,0,1,32,23.5,69.6,0,952.8,0,0,27.1,64.4,400,0,1,17,0.0,0.0,0,0,0,0,21.8,74.7,400,0,1,2,0,0,0,0,0,0,0,0,0,0,0,0,0,0,0,0,0,0,0,0,0,0,0,0,100,55,0,0,0,0,14:20:00,0
2026-07-31 14:23:24.687000+05:30,31.6,65.8,400,0,1,21,23.5,69.4,0,952.8,0,0,27.0,64.4,400,0,1,17,0.0,0.0,0,0,0,0,21.6,74.8,400,0,1,0,0,0,0,0,0,0,0,0,0,0,0,0,0,0,0,0,0,0,0,0,0,0,0,0,100,55,0,0,0,0,14:20:00,0
2026-07-31 14:23:29.691000+05:30,31.5,65.5,400,0,1,21,23.5,69.4,0,952.8,0,0,27.0,64.4,400,0,1,18,0.0,0.0,0,0,0,0,21.6,74.8,400,0,1,0,0,0,0,0,0,0,0,0,0,0,0,0,0,0,0,0,0,0,0,0,0,0,0,0,100,55,0,0,0,0,14:20:00,0
2026-07-31 14:23:34.689000+05:30,31.5,65.1,405,0,1,26,23.5,69.2,0,952.8,0,0,27.0,64.3,400,0,1,17,0.0,0.0,0,0,0,0,21.5,74.9,400,0,1,0,0,0,0,0,0,0,0,0,0,0,0,0,0,0,0,0,0,0,0,0,0,0,0,0,100,55,0,0,0,0,14:20:00,0
2026-07-31 14:23:39.689000+05:30,31.5,65.0,407,0,1,27,23.5,69.1,0,952.8,0,0,26.9,64.2,400,0,1,12,0.0,0.0,0,0,0,0,21.4,75.0,400,0,1,8,0,0,0,0,0,0,0,0,0,0,0,0,0,0,0,0,0,0,0,0,0,0,0,0,100,55,0,0,0,0,14:20:00,0
2026-07-31 14:23:44.689000+05:30,31.5,64.8,415,0,1,30,23.5,69.1,0,952.8,0,0,26.9,64.2,414,0,1,30,0.0,0.0,0,0,0,0,21.4,75.0,400,0,1,7,0,0,0,0,0,0,0,0,0,0,0,0,0,0,0,0,0,0,0,0,0,0,0,0,100,55,0,0,0,0,14:20:00,0
2026-07-31 14:23:49.688000+05:30,31.5,64.3,437,0,1,41,23.5,69.0,0,952.7,0,0,26.9,64.2,400,0,1,18,0.0,0.0,0,0,0,0,21.2,75.0,400,0,1,6,0,0,0,0,0,0,0,0,0,0,0,0,0,0,0,0,0,0,0,0,0,0,0,0,100,55,0,0,0,0,14:20:00,0
2026-07-31 14:23:54.688000+05:30,31.4,64.5,400,0,1,21,23.5,69.0,0,952.7,0,0,26.9,64.2,402,0,1,25,0.0,0.0,0,0,0,0,21.2,75.0,400,0,1,0,0,0,0,0,0,0,0,0,0,0,0,0,0,0,0,0,0,0,0,0,0,0,0,0,100,55,0,0,0,0,14:20:00,0
2026-07-31 14:23:59.688000+05:30,31.4,64.5,419,0,1,32,23.5,68.7,0,952.7,0,0,26.9,64.2,400,0,1,13,0.0,0.0,0,0,0,0,21.1,75.2,400,0,1,0,0,0,0,0,0,0,0,0,0,0,0,0,0,0,0,0,0,0,0,0,0,0,0,0,100,55,0,0,0,0,14:20:00,0
2026-07-31 14:24:04.688000+05:30,31.4,64.7,400,0,1,23,23.5,68.5,0,952.8,0,0,26.8,64.1,400,0,1,23,0.0,0.0,0,0,0,0,21.1,75.2,400,0,1,0,0,0,0,0,0,0,0,0,0,0,0,0,0,0,0,0,0,0,0,0,0,0,0,0,100,55,0,0,0,0,14:20:00,0
2026-07-31 14:24:09.688000+05:30,31.4,64.8,400,0,1,24,23.5,68.5,0,952.8,0,0,26.8,64.1,400,0,1,20,0.0,0.0,0,0,0,0,20.9,75.4,400,0,1,0,0,0,0,0,0,0,0,0,0,0,0,0,0,0,0,0,0,0,0,0,0,0,0,0,100,55,0,0,0,0,14:20:00,0
2026-07-31 14:24:14.687000+05:30,31.4,64.7,400,0,1,20,23.5,68.4,0,952.7,0,0,26.8,64.0,400,0,1,12,0.0,0.0,0,0,0,0,20.9,75.4,400,0,1,0,0,0,0,0,0,0,0,0,0,0,0,0,0,0,0,0,0,0,0,0,0,0,0,0,100,55,0,0,0,0,14:20:00,0
2026-07-31 14:24:19.688000+05:30,31.4,64.6,400,0,1,12,23.5,68.4,0,952.7,0,0,26.8,64.0,408,0,1,27,0.0,0.0,0,0,0,0,20.8,75.7,400,0,1,0,0,0,0,0,0,0,0,0,0,0,0,0,0,0,0,0,0,0,0,0,0,0,0,0,100,55,0,0,0,0,14:20:00,0
2026-07-31 14:24:24.687000+05:30,31.4,64.7,400,0,1,6,23.5,68.2,0,952.8,0,0,26.8,64.0,400,0,1,16,0.0,0.0,0,0,0,0,20.8,75.9,400,0,1,0,0,0,0,0,0,0,0,0,0,0,0,0,0,0,0,0,0,0,0,0,0,0,0,0,100,55,0,0,0,0,14:20:00,0
2026-07-31 14:24:29.688000+05:30,31.3,64.7,400,0,1,18,23.5,68.0,0,952.7,0,0,26.7,63.9,413,0,1,30,0.0,0.0,0,0,0,0,20.8,76.2,400,0,1,0,0,0,0,0,0,0,0,0,0,0,0,0,0,0,0,0,0,0,0,0,0,0,0,0,100,55,0,0,0,0,14:20:00,0
2026-07-31 14:24:34.687000+05:30,31.3,64.7,402,0,1,25,23.5,68.0,0,952.7,0,0,26.7,63.9,426,0,1,36,0.0,0.0,0,0,0,0,20.8,76.2,400,0,1,0,0,0,0,0,0,0,0,0,0,0,0,0,0,0,0,0,0,0,0,0,0,0,0,0,100,55,0,0,0,0,14:20:00,0
2026-07-31 14:24:39.688000+05:30,31.4,64.4,431,0,1,38,23.5,67.9,0,952.7,0,0,26.7,63.8,411,0,1,29,0.0,0.0,0,0,0,0,20.7,76.4,400,0,1,0,0,0,0,0,0,0,0,0,0,0,0,0,0,0,0,0,0,0,0,0,0,0,0,0,100,55,0,0,0,0,14:20:00,0
2026-07-31 14:24:44.688000+05:30,31.4,64.4,438,0,1,41,23.5,67.8,0,952.7,0,0,26.7,63.7,400,0,1,22,0.0,0.0,0,0,0,0,20.7,76.4,400,0,1,9,0,0,0,0,0,0,0,0,0,0,0,0,0,0,0,0,0,0,0,0,0,0,0,0,100,55,0,0,0,0,14:20:00,0
2026-07-31 14:24:49.687000+05:30,31.5,64.8,437,0,1,41,23.5,67.8,0,952.7,0,0,26.7,63.7,423,0,1,34,0.0,0.0,0,0,0,0,20.6,76.8,400,0,1,8,0,0,0,0,0,0,0,0,0,0,0,0,0,0,0,0,0,0,0,0,0,0,0,0,100,55,0,0,0,0,14:20:00,0
2026-07-31 14:24:54.688000+05:30,31.5,64.8,451,0,1,47,23.5,67.6,0,952.7,0,0,26.7,63.5,420,0,1,33,0.0,0.0,0,0,0,0,20.6,77.1,400,0,1,21,0,0,0,0,0,0,0,0,0,0,0,0,0,0,0,0,0,0,0,0,0,0,0,0,100,55,0,0,0,0,14:20:00,0
2026-07-31 14:24:59.687000+05:30,31.5,64.9,427,0,1,36,23.5,67.6,0,952.7,0,0,26.7,63.5,415,0,1,30,0.0,0.0,0,0,0,0,20.6,77.1,400,0,1,15,0,0,0,0,0,0,0,0,0,0,0,0,0,0,0,0,0,0,0,0,0,0,0,0,100,55,0,0,0,0,14:20:00,0
2026-07-31 14:25:04.686000+05:30,31.4,64.9,424,0,1,34,23.4,67.2,0,952.7,0,0,26.7,63.4,432,0,1,38,0.0,0.0,0,0,0,0,20.6,77.3,400,0,1,10,0,0,0,0,0,0,0,0,0,0,0,0,0,0,0,0,0,0,0,0,0,0,0,0,100,55,0,0,0,0,14:20:00,0
2026-07-31 14:25:09.686000+05:30,31.5,64.7,459,0,1,51,23.4,67.3,0,952.7,0,0,26.7,63.2,400,0,1,17,0.0,0.0,0,0,0,0,20.5,77.6,400,0,1,8,0,0,0,0,0,0,0,0,0,0,0,0,0,0,0,0,0,0,0,0,0,0,0,0,100,55,0,0,0,0,14:20:00,0
2026-07-31 14:25:14.686000+05:30,31.5,64.6,473,0,1,58,23.4,67.3,0,952.7,0,0,26.7,63.2,400,0,1,24,0.0,0.0,0,0,0,0,20.5,77.6,400,0,1,7,0,0,0,0,0,0,0,0,0,0,0,0,0,0,0,0,0,0,0,0,0,0,0,0,100,55,0,0,0,0,14:20:00,0
2026-07-31 14:25:19.686000+05:30,31.5,65.0,496,0,2,70,23.4,67.2,0,952.7,0,0,26.7,63.1,400,0,1,23,0.0,0.0,0,0,0,0,20.5,77.7,402,0,1,24,0,0,0,0,0,0,0,0,0,0,0,0,0,0,0,0,0,0,0,0,0,0,0,0,100,55,0,0,0,0,14:20:00,0
2026-07-31 14:25:24.687000+05:30,31.6,65.2,486,0,2,65,23.4,67.2,0,952.7,0,0,26.7,63.1,410,0,1,28,0.0,0.0,0,0,0,0,20.5,77.7,405,0,1,26,0,0,0,0,0,0,0,0,0,0,0,0,0,0,0,0,0,0,0,0,0,0,0,0,100,55,0,0,0,0,14:20:00,0
2026-07-31 14:25:29.801000+05:30,31.5,64.9,436,0,1,40,23.4,67.0,0,952.7,0,0,26.7,63.0,410,0,1,28,0.0,0.0,0,0,0,0,20.5,77.8,402,0,1,24,0,0,0,0,0,0,0,0,0,0,0,0,0,0,0,0,0,0,0,0,0,0,0,0,100,55,0,0,0,0,14:20:00,0
2026-07-31 14:25:34.692000+05:30,31.5,64.6,414,0,1,30,23.4,66.8,0,952.7,0,0,26.7,62.9,427,0,1,36,0.0,0.0,0,0,0,0,20.4,77.8,414,0,1,30,0,0,0,0,0,0,0,0,0,0,0,0,0,0,0,0,0,0,0,0,0,0,0,0,100,55,0,0,0,0,14:20:00,0
2026-07-31 14:25:39.693000+05:30,31.5,64.5,400,0,1,15,23.4,66.7,0,952.7,0,0,26.7,62.9,428,0,1,36,0.0,0.0,0,0,0,0,20.4,77.7,400,0,1,23,0,0,0,0,0,0,0,0,0,0,0,0,0,0,0,0,0,0,0,0,0,0,0,0,100,55,0,0,0,0,14:20:00,0
2026-07-31 14:25:44.692000+05:30,31.4,64.6,400,0,1,21,23.4,66.7,0,952.7,0,0,26.7,62.9,410,0,1,28,0.0,0.0,0,0,0,0,20.4,77.7,400,0,1,15,0,0,0,0,0,0,0,0,0,0,0,0,0,0,0,0,0,0,0,0,0,0,0,0,100,55,0,0,0,0,14:20:00,0
2026-07-31 14:25:49.686000+05:30,31.4,64.6,405,0,1,26,23.4,66.6,0,952.8,0,0,26.7,62.7,423,0,1,34,0.0,0.0,0,0,0,0,20.3,77.7,400,0,1,5,0,0,0,0,0,0,0,0,0,0,0,0,0,0,0,0,0,0,0,0,0,0,0,0,100,55,0,0,0,0,14:20:00,0
2026-07-31 14:25:54.692000+05:30,31.4,64.6,400,0,1,11,23.4,66.5,0,952.7,0,0,26.7,62.6,419,0,1,32,0.0,0.0,0,0,0,0,20.3,77.7,400,0,1,10,0,0,0,0,0,0,0,0,0,0,0,0,0,0,0,0,0,0,0,0,0,0,0,0,100,55,0,0,0,0,14:20:00,0
2026-07-31 14:25:59.692000+05:30,31.4,64.7,400,0,1,22,23.4,66.5,0,952.7,0,0,26.7,62.6,407,0,1,27,0.0,0.0,0,0,0,0,20.2,77.9,400,0,1,18,0,0,0,0,0,0,0,0,0,0,0,0,0,0,0,0,0,0,0,0,0,0,0,0,100,55,0,0,0,0,14:20:00,0
2026-07-31 14:26:04.685000+05:30,31.4,64.9,429,0,1,37,23.4,66.4,0,952.7,0,0,26.6,62.5,411,0,1,29,0.0,0.0,0,0,0,0,20.2,78.0,400,0,1,10,0,0,0,0,0,0,0,0,0,0,0,0,0,0,0,0,0,0,0,0,0,0,0,0,100,55,0,0,0,0,14:20:00,0
2026-07-31 14:26:09.692000+05:30,31.4,64.8,401,0,1,24,23.4,66.4,0,952.7,0,0,26.6,62.5,428,0,1,36,0.0,0.0,0,0,0,0,20.2,78.0,400,0,1,18,0,0,0,0,0,0,0,0,0,0,0,0,0,0,0,0,0,0,0,0,0,0,0,0,100,55,0,0,0,0,14:20:00,0
2026-07-31 14:26:14.692000+05:30,31.4,64.7,400,0,1,21,23.4,66.3,0,952.7,0,0,26.6,62.4,402,0,1,24,0.0,0.0,0,0,0,0,20.2,78.4,400,0,1,18,0,0,0,0,0,0,0,0,0,0,0,0,0,0,0,0,0,0,0,0,0,0,0,0,100,55,0,0,0,0,14:20:00,0
2026-07-31 14:26:19.691000+05:30,31.3,64.8,425,0,1,35,23.4,66.1,0,952.7,0,0,26.7,62.3,418,0,1,32,0.0,0.0,0,0,0,0,20.2,78.5,400,0,1,13,0,0,0,0,0,0,0,0,0,0,0,0,0,0,0,0,0,0,0,0,0,0,0,0,100,55,0,0,0,0,14:20:00,0
2026-07-31 14:26:24.692000+05:30,31.4,64.9,407,0,1,27,23.4,66.1,0,952.7,0,0,26.7,62.3,431,0,1,38,0.0,0.0,0,0,0,0,20.2,78.5,400,0,1,16,0,0,0,0,0,0,0,0,0,0,0,0,0,0,0,0,0,0,0,0,0,0,0,0,100,55,0,0,0,0,14:20:00,0
2026-07-31 14:26:29.692000+05:30,31.4,64.9,442,0,1,43,23.4,66.1,0,952.7,0,0,26.6,62.1,432,0,1,38,0.0,0.0,0,0,0,0,20.2,78.5,400,0,1,10,0,0,0,0,0,0,0,0,0,0,0,0,0,0,0,0,0,0,0,0,0,0,0,0,100,55,0,0,0,0,14:20:00,0
2026-07-31 14:26:34.691000+05:30,31.4,64.7,429,0,1,37,23.4,66.1,0,952.7,0,0,26.6,62.1,441,0,1,42,0.0,0.0,0,0,0,0,20.2,78.5,400,0,1,14,0,0,0,0,0,0,0,0,0,0,0,0,0,0,0,0,0,0,0,0,0,0,0,0,100,55,0,0,0,0,14:20:00,0
2026-07-31 14:26:39.691000+05:30,31.4,64.4,430,0,1,37,23.4,65.9,0,952.7,0,0,26.7,62.0,420,0,1,32,0.0,0.0,0,0,0,0,20.2,78.7,409,0,1,28,0,0,0,0,0,0,0,0,0,0,0,0,0,0,0,0,0,0,0,0,0,0,0,0,100,55,0,0,0,0,14:20:00,0
2026-07-31 14:26:44.690000+05:30,31.4,64.7,459,0,1,51,23.4,65.9,0,952.8,0,0,26.6,61.9,428,0,1,36,0.0,0.0,0,0,0,0,20.2,78.9,429,0,1,37,0,0,0,0,0,0,0,0,0,0,0,0,0,0,0,0,0,0,0,0,0,0,0,0,100,55,0,0,0,0,14:20:00,0
2026-07-31 14:26:49.690000+05:30,31.4,64.9,456,0,1,49,23.4,65.9,0,952.8,0,0,26.6,61.9,400,0,1,22,0.0,0.0,0,0,0,0,20.2,78.9,400,0,1,23,0,0,0,0,0,0,0,0,0,0,0,0,0,0,0,0,0,0,0,0,0,0,0,0,100,55,0,0,0,0,14:20:00,0
2026-07-31 14:26:54.691000+05:30,31.4,65.0,448,0,1,46,23.4,65.7,0,952.8,0,0,26.7,61.8,432,0,1,38,0.0,0.0,0,0,0,0,20.1,79.0,418,0,1,32,0,0,0,0,0,0,0,0,0,0,0,0,0,0,0,0,0,0,0,0,0,0,0,0,100,55,0,0,0,0,14:20:00,0
2026-07-31 14:26:59.686000+05:30,31.4,65.1,438,0,1,41,23.4,65.7,0,952.8,0,0,26.7,61.8,431,0,1,38,0.0,0.0,0,0,0,0,20.1,79.0,437,0,1,41,0,0,0,0,0,0,0,0,0,0,0,0,0,0,0,0,0,0,0,0,0,0,0,0,100,55,0,0,0,0,14:20:00,0
2026-07-31 14:27:04.690000+05:30,31.4,65.2,455,0,1,49,23.4,65.6,0,952.7,0,0,26.7,61.7,416,0,1,31,0.0,0.0,0,0,0,0,20.1,79.1,420,0,1,32,0,0,0,0,0,0,0,0,0,0,0,0,0,0,0,0,0,0,0,0,0,0,0,0,100,55,0,0,0,0,14:20:00,0
2026-07-31 14:27:09.691000+05:30,31.4,65.3,431,0,1,38,23.3,65.5,0,952.7,0,0,26.6,61.6,400,0,1,23,0.0,0.0,0,0,0,0,20.1,79.1,441,0,1,42,0,0,0,0,0,0,0,0,0,0,0,0,0,0,0,0,0,0,0,0,0,0,0,0,100,55,0,0,0,0,14:20:00,0
2026-07-31 14:27:14.690000+05:30,31.3,65.3,420,0,1,33,23.3,65.5,0,952.7,0,0,26.6,61.6,434,0,1,39,0.0,0.0,0,0,0,0,20.1,79.1,424,0,1,35,0,0,0,0,0,0,0,0,0,0,0,0,0,0,0,0,0,0,0,0,0,0,0,0,100,55,0,0,0,0,14:20:00,0
2026-07-31 14:27:19.690000+05:30,31.3,65.2,400,0,1,22,23.3,65.4,0,952.7,0,0,26.7,61.4,435,0,1,40,0.0,0.0,0,0,0,0,20.0,79.2,414,0,1,30,0,0,0,0,0,0,0,0,0,0,0,0,0,0,0,0,0,0,0,0,0,0,0,0,100,55,0,0,0,0,14:20:00,0
2026-07-31 14:27:24.690000+05:30,31.3,65.1,429,0,1,37,23.3,65.4,0,952.7,0,0,26.7,61.4,438,0,1,41,0.0,0.0,0,0,0,0,20.0,79.2,422,0,1,34,0,0,0,0,0,0,0,0,0,0,0,0,0,0,0,0,0,0,0,0,0,0,0,0,100,55,0,0,0,0,14:20:00,0
2026-07-31 14:27:29.688000+05:30,31.3,64.8,422,0,1,33,23.3,65.3,0,952.7,0,0,26.7,61.3,441,0,1,42,0.0,0.0,0,0,0,0,20.0,79.2,428,0,1,36,0,0,0,0,0,0,0,0,0,0,0,0,0,0,0,0,0,0,0,0,0,0,0,0,100,55,0,0,0,0,14:20:00,0
2026-07-31 14:27:34.695000+05:30,31.4,64.7,407,0,1,27,23.3,65.3,0,952.7,0,0,26.7,61.3,454,0,1,49,0.0,0.0,0,0,0,0,20.0,79.2,425,0,1,35,0,0,0,0,0,0,0,0,0,0,0,0,0,0,0,0,0,0,0,0,0,0,0,0,100,55,0,0,0,0,14:20:00,0
2026-07-31 14:27:39.689000+05:30,31.4,64.4,408,0,1,27,23.3,65.2,0,952.8,0,0,26.7,61.2,442,0,1,43,0.0,0.0,0,0,0,0,20.0,79.2,420,0,1,32,0,0,0,0,0,0,0,0,0,0,0,0,0,0,0,0,0,0,0,0,0,0,0,0,100,55,0,0,0,0,14:20:00,0
2026-07-31 14:27:44.689000+05:30,31.4,64.3,413,0,1,29,23.3,65.2,0,952.8,0,0,26.7,61.2,444,0,1,44,0.0,0.0,0,0,0,0,20.0,79.2,430,0,1,37,0,0,0,0,0,0,0,0,0,0,0,0,0,0,0,0,0,0,0,0,0,0,0,0,100,55,0,0,0,0,14:20:00,0
2026-07-31 14:27:49.769000+05:30,31.4,64.6,418,0,1,32,23.3,65.1,0,952.7,0,0,26.7,61.0,474,0,1,59,0.0,0.0,0,0,0,0,19.9,79.2,400,0,1,20,0,0,0,0,0,0,0,0,0,0,0,0,0,0,0,0,0,0,0,0,0,0,0,0,100,55,0,0,0,0,14:20:00,0
2026-07-31 14:27:54.690000+05:30,31.5,65.0,462,0,1,52,23.3,65.1,0,952.7,0,0,26.7,61.0,440,0,1,42,0.0,0.0,0,0,0,0,19.9,79.2,421,0,1,33,0,0,0,0,0,0,0,0,0,0,0,0,0,0,0,0,0,0,0,0,0,0,0,0,100,55,0,0,0,0,14:20:00,0
2026-07-31 14:27:59.689000+05:30,31.5,65.4,496,0,2,70,23.3,65.0,0,952.7,0,0,26.7,60.9,468,0,1,56,0.0,0.0,0,0,0,0,19.9,79.6,445,0,1,44,0,0,0,0,0,0,0,0,0,0,0,0,0,0,0,0,0,0,0,0,0,0,0,0,100,55,0,0,0,0,14:20:00,0
2026-07-31 14:28:04.689000+05:30,31.5,65.3,491,0,2,67,23.3,64.9,0,952.8,0,0,26.7,60.9,460,0,1,51,0.0,0.0,0,0,0,0,19.9,79.6,451,0,1,47,0,0,0,0,0,0,0,0,0,0,0,0,0,0,0,0,0,0,0,0,0,0,0,0,100,55,0,0,0,0,14:20:00,0
2026-07-31 14:28:09.689000+05:30,31.6,65.2,475,0,1,59,23.3,64.9,0,952.8,0,0,26.7,60.7,459,0,1,51,0.0,0.0,0,0,0,0,19.9,79.8,448,0,1,45,0,0,0,0,0,0,0,0,0,0,0,0,0,0,0,0,0,0,0,0,0,0,0,0,100,55,0,0,0,0,14:20:00,0
2026-07-31 14:28:14.689000+05:30,31.5,64.9,445,0,1,44,23.3,64.9,0,952.7,0,0,26.7,60.6,427,0,1,36,0.0,0.0,0,0,0,0,19.9,80.0,448,0,1,46,0,0,0,0,0,0,0,0,0,0,0,0,0,0,0,0,0,0,0,0,0,0,0,0,100,55,0,0,0,0,14:20:00,0
2026-07-31 14:28:19.688000+05:30,31.5,64.7,444,0,1,44,23.3,64.9,0,952.7,0,0,26.7,60.6,457,0,1,50,0.0,0.0,0,0,0,0,19.9,80.0,438,0,1,41,0,0,0,0,0,0,0,0,0,0,0,0,0,0,0,0,0,0,0,0,0,0,0,0,100,55,0,0,0,0,14:20:00,0
2026-07-31 14:28:24.688000+05:30,31.5,64.7,462,0,1,53,23.3,64.8,0,952.7,0,0,26.7,60.5,442,0,1,43,0.0,0.0,0,0,0,0,19.9,80.2,433,0,1,39,0,0,0,0,0,0,0,0,0,0,0,0,0,0,0,0,0,0,0,0,0,0,0,0,100,55,0,0,0,0,14:20:00,0
2026-07-31 14:28:29.688000+05:30,31.5,65.0,456,0,1,50,23.3,64.7,0,952.8,0,0,26.7,60.5,451,0,1,47,0.0,0.0,0,0,0,0,19.9,80.3,444,0,1,44,0,0,0,0,0,0,0,0,0,0,0,0,0,0,0,0,0,0,0,0,0,0,0,0,100,55,0,0,0,0,14:20:00,0
2026-07-31 14:28:34.688000+05:30,31.5,65.1,471,0,1,57,23.3,64.7,0,952.8,0,0,26.7,60.5,434,0,1,39,0.0,0.0,0,0,0,0,19.9,80.3,424,0,1,34,0,0,0,0,0,0,0,0,0,0,0,0,0,0,0,0,0,0,0,0,0,0,0,0,100,55,0,0,0,0,14:20:00,0
2026-07-31 14:28:39.687000+05:30,31.6,65.3,455,0,1,49,23.3,64.7,0,952.8,0,0,26.7,60.5,460,0,1,51,0.0,0.0,0,0,0,0,19.9,80.4,448,0,1,46,0,0,0,0,0,0,0,0,0,0,0,0,0,0,0,0,0,0,0,0,0,0,0,0,100,55,0,0,0,0,14:20:00,0
2026-07-31 14:28:44.688000+05:30,31.6,65.4,455,0,1,49,23.3,64.6,0,952.8,0,0,26.7,60.4,462,0,1,53,0.0,0.0,0,0,0,0,19.9,80.4,440,0,1,42,0,0,0,0,0,0,0,0,0,0,0,0,0,0,0,0,0,0,0,0,0,0,0,0,100,55,0,0,0,0,14:20:00,0
2026-07-31 14:28:49.688000+05:30,31.5,65.2,464,0,1,53,23.3,64.6,0,952.8,0,0,26.7,60.4,456,0,1,49,0.0,0.0,0,0,0,0,19.9,80.6,440,0,1,42,0,0,0,0,0,0,0,0,0,0,0,0,0,0,0,0,0,0,0,0,0,0,0,0,100,55,0,0,0,0,14:20:00,0
2026-07-31 14:28:54.688000+05:30,31.6,65.2,481,0,1,62,23.3,64.6,0,952.7,0,0,26.7,60.3,444,0,1,44,0.0,0.0,0,0,0,0,19.9,80.7,465,0,1,54,0,0,0,0,0,0,0,0,0,0,0,0,0,0,0,0,0,0,0,0,0,0,0,0,100,55,0,0,0,0,14:20:00,0
2026-07-31 14:28:59.687000+05:30,31.5,64.8,456,0,1,50,23.3,64.6,0,952.7,0,0,26.7,60.3,457,0,1,50,0.0,0.0,0,0,0,0,19.9,80.7,457,0,1,50,0,0,0,0,0,0,0,0,0,0,0,0,0,0,0,0,0,0,0,0,0,0,0,0,100,55,0,0,0,0,14:20:00,0
2026-07-31 14:29:04.687000+05:30,31.5,64.4,448,0,1,46,23.2,64.5,0,952.8,0,0,26.7,60.3,447,0,1,45,0.0,0.0,0,0,0,0,19.8,80.6,454,0,1,49,0,0,0,0,0,0,0,0,0,0,0,0,0,0,0,0,0,0,0,0,0,0,0,0,100,55,0,0,0,0,14:20:00,0
2026-07-31 14:29:09.687000+05:30,31.5,64.3,449,0,1,46,23.2,64.5,0,952.7,0,0,26.7,60.3,428,0,1,36,0.0,0.0,0,0,0,0,19.8,80.6,462,0,1,52,0,0,0,0,0,0,0,0,0,0,0,0,0,0,0,0,0,0,0,0,0,0,0,0,100,55,0,0,0,0,14:20:00,0
2026-07-31 14:29:14.688000+05:30,31.4,64.3,418,0,1,32,23.2,64.5,0,952.7,0,0,26.7,60.3,422,0,1,34,0.0,0.0,0,0,0,0,19.8,80.6,436,0,1,40,0,0,0,0,0,0,0,0,0,0,0,0,0,0,0,0,0,0,0,0,0,0,0,0,100,55,0,0,0,0,14:20:00,0
2026-07-31 14:29:19.687000+05:30,31.4,64.3,407,0,1,27,23.2,64.4,0,952.8,0,0,26.7,60.2,434,0,1,39,0.0,0.0,0,0,0,0,19.8,80.6,436,0,1,40,0,0,0,0,0,0,0,0,0,0,0,0,0,0,0,0,0,0,0,0,0,0,0,0,100,55,0,0,0,0,14:20:00,0
2026-07-31 14:29:24.687000+05:30,31.4,64.3,414,0,1,30,23.2,64.4,0,952.8,0,0,26.7,60.2,436,0,1,40,0.0,0.0,0,0,0,0,19.8,80.6,420,0,1,33,0,0,0,0,0,0,0,0,0,0,0,0,0,0,0,0,0,0,0,0,0,0,0,0,100,55,0,0,0,0,14:20:00,0
2026-07-31 14:29:29.687000+05:30,31.4,64.2,400,0,1,21,23.2,64.4,0,952.8,0,0,26.7,60.2,439,0,1,41,0.0,0.0,0,0,0,0,19.8,80.5,444,0,1,44,0,0,0,0,0,0,0,0,0,0,0,0,0,0,0,0,0,0,0,0,0,0,0,0,100,55,0,0,0,0,14:20:00,0
2026-07-31 14:29:34.686000+05:30,31.4,64.0,400,0,1,19,23.2,64.3,0,952.7,0,0,26.6,60.1,443,0,1,43,0.0,0.0,0,0,0,0,19.8,80.5,420,0,1,33,0,0,0,0,0,0,0,0,0,0,0,0,0,0,0,0,0,0,0,0,0,0,0,0,100,55,0,0,0,0,14:20:00,0
2026-07-31 14:29:39.686000+05:30,31.4,64.5,413,0,1,29,23.2,64.3,0,952.7,0,0,26.6,60.1,454,0,1,48,0.0,0.0,0,0,0,0,19.8,80.5,429,0,1,37,0,0,0,0,0,0,0,0,0,0,0,0,0,0,0,0,0,0,0,0,0,0,0,0,100,55,0,0,0,0,14:20:00,0
2026-07-31 14:29:44.686000+05:30,31.4,64.6,417,0,1,31,23.2,64.3,0,952.8,0,0,26.7,60.1,455,0,1,49,0.0,0.0,0,0,0,0,19.8,80.5,429,0,1,37,0,0,0,0,0,0,0,0,0,0,0,0,0,0,0,0,0,0,0,0,0,0,0,0,100,55,0,0,0,0,14:20:00,0
2026-07-31 14:29:49.686000+05:30,31.4,64.6,417,0,1,31,23.2,64.2,0,952.7,0,0,26.6,60.0,453,0,1,48,0.0,0.0,0,0,0,0,19.8,80.5,435,0,1,39,0,0,0,0,0,0,0,0,0,0,0,0,0,0,0,0,0,0,0,0,0,0,0,0,100,55,0,0,0,0,14:20:00,0
2026-07-31 14:29:54.686000+05:30,31.4,64.7,400,0,1,21,23.2,64.2,0,952.7,0,0,26.6,60.0,464,0,1,54,0.0,0.0,0,0,0,0,19.8,80.5,428,0,1,36,0,0,0,0,0,0,0,0,0,0,0,0,0,0,0,0,0,0,0,0,0,0,0,0,100,55,0,0,0,0,14:20:00,0
2026-07-31 14:29:59.686000+05:30,31.4,64.4,400,0,1,16,23.2,64.2,0,952.8,0,0,26.6,59.9,459,0,1,51,0.0,0.0,0,0,0,0,19.8,80.7,426,0,1,35,0,0,0,0,0,0,0,0,0,0,0,0,0,0,0,0,0,0,0,0,0,0,0,0,100,55,0,0,0,0,14:20:00,0
2026-07-31 14:30:04.692000+05:30,31.5,64.3,418,0,1,32,23.2,64.2,0,952.8,0,0,26.6,59.9,479,0,1,61,0.0,0.0,0,0,0,0,19.8,80.7,412,0,1,29,0,0,0,0,0,0,0,0,0,0,0,0,0,0,0,0,0,0,0,0,0,0,0,0,100,55,0,0,0,0,14:20:00,0
2026-07-31 14:30:09.692000+05:30,31.5,64.4,447,0,1,45,23.2,64.2,0,952.8,0,0,26.6,59.9,437,0,1,40,0.0,0.0,0,0,0,0,19.8,80.7,441,0,1,42,0,0,0,0,0,0,0,0,0,0,0,0,0,0,0,0,0,0,0,0,0,0,0,0,100,55,0,0,0,0,14:20:00,0
2026-07-31 14:30:14.686000+05:30,31.5,64.5,449,0,1,46,23.2,64.1,0,952.7,0,0,26.6,59.9,456,0,1,49,0.0,0.0,0,0,0,0,19.8,80.8,453,0,1,48,0,0,0,0,0,0,0,0,0,0,0,0,0,0,0,0,0,0,0,0,0,0,0,0,100,55,0,0,0,0,14:20:00,0
2026-07-31 14:30:19.785000+05:30,31.5,64.4,473,0,1,58,23.2,64.1,0,952.7,0,0,26.6,59.9,435,0,1,39,0.0,0.0,0,0,0,0,19.8,80.8,501,0,2,73,0,0,0,0,0,0,0,0,0,0,0,0,0,0,0,0,0,0,0,0,0,0,0,0,100,55,0,0,0,0,14:20:00,0
2026-07-31 14:30:24.693000+05:30,31.6,64.6,499,0,2,72,23.2,64.1,0,952.8,0,0,26.6,59.8,463,0,1,53,0.0,0.0,0,0,0,0,19.8,81.0,499,0,2,72,0,0,0,0,0,0,0,0,0,0,0,0,0,0,0,0,0,0,0,0,0,0,0,0,100,55,0,0,0,0,14:20:00,0
2026-07-31 14:30:29.686000+05:30,31.6,64.9,523,0,2,85,23.2,64.1,0,952.8,0,0,26.6,59.7,434,0,1,39,0.0,0.0,0,0,0,0,19.8,81.0,500,0,2,72,0,0,0,0,0,0,0,0,0,0,0,0,0,0,0,0,0,0,0,0,0,0,0,0,100,55,0,0,0,0,14:20:00,0
2026-07-31 14:30:34.686000+05:30,31.6,65.1,531,0,2,89,23.2,64.1,0,952.8,0,0,26.6,59.7,458,0,1,50,0.0,0.0,0,0,0,0,19.8,81.2,483,0,1,63,0,0,0,0,0,0,0,0,0,0,0,0,0,0,0,0,0,0,0,0,0,0,0,0,100,55,0,0,0,0,14:20:00,0
2026-07-31 14:30:39.691000+05:30,31.6,65.1,494,0,2,69,23.2,64.0,0,952.8,0,0,26.6,59.8,438,0,1,41,0.0,0.0,0,0,0,0,19.8,81.2,488,0,2,65,0,0,0,0,0,0,0,0,0,0,0,0,0,0,0,0,0,0,0,0,0,0,0,0,100,55,0,0,0,0,14:20:00,0
2026-07-31 14:30:44.691000+05:30,31.6,64.7,486,0,2,65,23.2,64.0,0,952.8,0,0,26.6,59.8,436,0,1,40,0.0,0.0,0,0,0,0,19.8,81.2,487,0,2,65,0,0,0,0,0,0,0,0,0,0,0,0,0,0,0,0,0,0,0,0,0,0,0,0,100,55,0,0,0,0,14:20:00,0
2026-07-31 14:30:49.691000+05:30,31.5,64.7,433,0,1,39,23.2,64.0,0,952.8,0,0,26.6,59.8,462,0,1,53,0.0,0.0,0,0,0,0,19.8,81.2,483,0,1,63,0,0,0,0,0,0,0,0,0,0,0,0,0,0,0,0,0,0,0,0,0,0,0,0,100,55,0,0,0,0,14:20:00,0
2026-07-31 14:30:54.692000+05:30,31.5,64.5,415,0,1,30,23.2,64.0,0,952.8,0,0,26.6,59.7,414,0,1,30,0.0,0.0,0,0,0,0,19.8,81.1,466,0,1,55,0,0,0,0,0,0,0,0,0,0,0,0,0,0,0,0,0,0,0,0,0,0,0,0,100,55,0,0,0,0,14:20:00,0
2026-07-31 14:30:59.691000+05:30,31.5,64.3,422,0,1,34,23.2,64.0,0,952.8,0,0,26.6,59.7,428,0,1,36,0.0,0.0,0,0,0,0,19.7,81.0,477,0,1,60,0,0,0,0,0,0,0,0,0,0,0,0,0,0,0,0,0,0,0,0,0,0,0,0,100,55,0,0,0,0,14:20:00,0
2026-07-31 14:31:04.691000+05:30,31.5,64.0,446,0,1,45,23.2,64.0,0,952.8,0,0,26.6,59.7,437,0,1,40,0.0,0.0,0,0,0,0,19.7,81.0,465,0,1,54,0,0,0,0,0,0,0,0,0,0,0,0,0,0,0,0,0,0,0,0,0,0,0,0,100,55,0,0,0,0,14:20:00,0
2026-07-31 14:31:09.691000+05:30,31.5,64.0,415,0,1,30,23.1,63.9,0,952.7,0,0,26.6,59.7,466,0,1,54,0.0,0.0,0,0,0,0,19.7,81.0,463,0,1,53,0,0,0,0,0,0,0,0,0,0,0,0,0,0,0,0,0,0,0,0,0,0,0,0,100,55,0,0,0,0,14:20:00,0
2026-07-31 14:31:14.691000+05:30,31.5,63.7,431,0,1,38,23.1,64.0,0,952.7,0,0,26.6,59.7,452,0,1,48,0.0,0.0,0,0,0,0,19.7,81.0,471,0,1,57,0,0,0,0,0,0,0,0,0,0,0,0,0,0,0,0,0,0,0,0,0,0,0,0,100,55,0,0,0,0,14:20:00,0
2026-07-31 14:31:19.690000+05:30,31.6,63.8,449,0,1,46,23.1,64.0,0,952.7,0,0,26.6,59.7,430,0,1,37,0.0,0.0,0,0,0,0,19.7,81.0,435,0,1,39,0,0,0,0,0,0,0,0,0,0,0,0,0,0,0,0,0,0,0,0,0,0,0,0,100,55,0,0,0,0,14:20:00,0
2026-07-31 14:31:24.690000+05:30,31.6,64.0,458,0,1,51,23.1,63.9,0,952.8,0,0,26.6,59.6,444,0,1,44,0.0,0.0,0,0,0,0,19.7,81.0,463,0,1,53,0,0,0,0,0,0,0,0,0,0,0,0,0,0,0,0,0,0,0,0,0,0,0,0,100,55,0,0,0,0,14:20:00,0
2026-07-31 14:31:29.690000+05:30,31.6,64.0,441,0,1,42,23.1,63.9,0,952.8,0,0,26.6,59.6,457,0,1,50,0.0,0.0,0,0,0,0,19.7,81.0,459,0,1,51,0,0,0,0,0,0,0,0,0,0,0,0,0,0,0,0,0,0,0,0,0,0,0,0,100,55,0,0,0,0,14:20:00,0
2026-07-31 14:31:34.690000+05:30,31.6,63.5,429,0,1,37,23.1,63.9,0,952.8,0,0,26.6,59.6,447,0,1,45,0.0,0.0,0,0,0,0,19.7,81.0,461,0,1,52,0,0,0,0,0,0,0,0,0,0,0,0,0,0,0,0,0,0,0,0,0,0,0,0,100,55,0,0,0,0,14:20:00,0
2026-07-31 14:31:39.691000+05:30,31.6,63.7,483,0,1,63,23.1,63.9,0,952.7,0,0,26.6,59.6,441,0,1,42,0.0,0.0,0,0,0,0,19.7,81.1,485,0,1,64,0,0,0,0,0,0,0,0,0,0,0,0,0,0,0,0,0,0,0,0,0,0,0,0,100,55,0,0,0,0,14:20:00,0
2026-07-31 14:31:44.689000+05:30,31.5,63.8,439,0,1,41,23.1,63.9,0,952.8,0,0,26.6,59.6,422,0,1,34,0.0,0.0,0,0,0,0,19.7,81.2,488,0,2,66,0,0,0,0,0,0,0,0,0,0,0,0,0,0,0,0,0,0,0,0,0,0,0,0,100,55,0,0,0,0,14:20:00,0
2026-07-31 14:31:49.686000+05:30,31.6,63.8,436,0,1,40,23.1,63.9,0,952.8,0,0,26.6,59.6,420,0,1,32,0.0,0.0,0,0,0,0,19.7,81.2,485,0,1,64,0,0,0,0,0,0,0,0,0,0,0,0,0,0,0,0,0,0,0,0,0,0,0,0,100,55,0,0,0,0,14:20:00,0
2026-07-31 14:31:54.690000+05:30,31.6,63.6,473,0,1,58,23.1,63.8,0,952.8,0,0,26.6,59.6,421,0,1,33,0.0,0.0,0,0,0,0,19.7,81.2,493,0,2,68,0,0,0,0,0,0,0,0,0,0,0,0,0,0,0,0,0,0,0,0,0,0,0,0,100,55,0,0,0,0,14:20:00,0
2026-07-31 14:31:59.690000+05:30,31.7,64.0,479,0,1,61,23.1,63.8,0,952.8,0,0,26.5,59.5,400,0,1,23,0.0,0.0,0,0,0,0,19.7,81.2,485,0,1,64,0,0,0,0,0,0,0,0,0,0,0,0,0,0,0,0,0,0,0,0,0,0,0,0,100,55,0,0,0,0,14:20:00,0
2026-07-31 14:32:04.690000+05:30,31.7,64.4,533,0,2,90,23.1,63.8,0,952.8,0,0,26.5,59.5,450,0,1,47,0.0,0.0,0,0,0,0,19.7,81.3,518,0,2,82,0,0,0,0,0,0,0,0,0,0,0,0,0,0,0,0,0,0,0,0,0,0,0,0,100,55,0,0,0,0,14:20:00,0
2026-07-31 14:32:09.689000+05:30,31.7,64.7,579,0,2,118,23.1,63.8,0,952.8,0,0,26.5,59.5,461,0,1,52,0.0,0.0,0,0,0,0,19.7,81.3,573,0,2,114,0,0,0,0,0,0,0,0,0,0,0,0,0,0,0,0,0,0,0,0,0,0,0,0,100,55,0,0,0,0,14:20:00,0
2026-07-31 14:32:14.689000+05:30,31.7,64.7,655,0,2,170,23.1,63.8,0,952.7,0,0,26.5,59.5,439,0,1,41,0.0,0.0,0,0,0,0,19.7,81.3,65535,0,255,65535,0,0,0,0,0,0,0,0,0,0,0,0,0,0,0,0,0,0,0,0,0,0,0,0,100,55,0,0,0,0,14:20:00,0
2026-07-31 14:32:19.688000+05:30,31.7,64.6,580,0,2,119,23.1,63.8,0,952.7,0,0,26.5,59.5,425,0,1,35,0.0,0.0,0,0,0,0,19.7,81.3,552,0,2,101,0,0,0,0,0,0,0,0,0,0,0,0,0,0,0,0,0,0,0,0,0,0,0,0,100,55,0,0,0,0,14:20:00,0
2026-07-31 14:32:24.689000+05:30,31.8,64.1,576,0,2,116,23.1,63.8,0,952.8,0,0,26.5,59.5,442,0,1,43,0.0,0.0,0,0,0,0,19.7,81.1,564,0,2,109,0,0,0,0,0,0,0,0,0,0,0,0,0,0,0,0,0,0,0,0,0,0,0,0,100,55,0,0,0,0,14:20:00,0
2026-07-31 14:32:29.689000+05:30,31.8,63.7,575,0,2,116,23.1,63.8,0,952.7,0,0,26.5,59.4,426,0,1,35,0.0,0.0,0,0,0,0,19.6,81.1,557,0,2,105,0,0,0,0,0,0,0,0,0,0,0,0,0,0,0,0,0,0,0,0,0,0,0,0,100,55,0,0,0,0,14:20:00,0
2026-07-31 14:32:34.689000+05:30,31.7,63.5,516,0,2,81,23.1,63.8,0,952.7,0,0,26.5,59.4,470,0,1,57,0.0,0.0,0,0,0,0,19.6,81.1,530,0,2,89,0,0,0,0,0,0,0,0,0,0,0,0,0,0,0,0,0,0,0,0,0,0,0,0,100,55,0,0,0,0,14:20:00,0
2026-07-31 14:32:39.689000+05:30,31.7,63.3,474,0,1,59,23.1,63.7,0,952.8,0,0,26.5,59.4,437,0,1,41,0.0,0.0,0,0,0,0,19.6,81.1,519,0,2,82,0,0,0,0,0,0,0,0,0,0,0,0,0,0,0,0,0,0,0,0,0,0,0,0,100,55,0,0,0,0,14:20:00,0
2026-07-31 14:32:44.688000+05:30,31.7,63.1,439,0,1,41,23.1,63.7,0,952.8,0,0,26.5,59.4,441,0,1,42,0.0,0.0,0,0,0,0,19.6,81.1,477,0,1,60,0,0,0,0,0,0,0,0,0,0,0,0,0,0,0,0,0,0,0,0,0,0,0,0,100,55,0,0,0,0,14:20:00,0
2026-07-31 14:32:49.823000+05:30,31.7,63.1,441,0,1,42,23.1,63.7,0,952.7,0,0,26.5,59.4,450,0,1,47,0.0,0.0,0,0,0,0,19.6,80.9,451,0,1,47,0,0,0,0,0,0,0,0,0,0,0,0,0,0,0,0,0,0,0,0,0,0,0,0,100,55,0,0,0,0,14:20:00,0
2026-07-31 14:32:54.688000+05:30,31.7,63.0,437,0,1,41,23.1,63.7,0,952.8,0,0,26.5,59.4,444,0,1,44,0.0,0.0,0,0,0,0,19.6,80.9,460,0,1,51,0,0,0,0,0,0,0,0,0,0,0,0,0,0,0,0,0,0,0,0,0,0,0,0,100,55,0,0,0,0,14:20:00,0
2026-07-31 14:32:59.688000+05:30,31.8,63.3,476,0,1,60,23.1,63.7,0,952.8,0,0,26.5,59.3,441,0,1,42,0.0,0.0,0,0,0,0,19.5,80.9,432,0,1,38,0,0,0,0,0,0,0,0,0,0,0,0,0,0,0,0,0,0,0,0,0,0,0,0,100,55,0,0,0,0,14:20:00,0
2026-07-31 14:33:04.688000+05:30,31.8,63.3,476,0,1,60,23.1,63.7,0,952.8,0,0,26.5,59.3,459,0,1,51,0.0,0.0,0,0,0,0,19.5,80.9,461,0,1,52,0,0,0,0,0,0,0,0,0,0,0,0,0,0,0,0,0,0,0,0,0,0,0,0,100,55,0,0,0,0,14:20:00,0
2026-07-31 14:33:09.687000+05:30,31.8,63.6,466,0,1,54,23.0,63.6,0,952.7,0,0,26.5,59.3,458,0,1,51,0.0,0.0,0,0,0,0,19.5,81.0,471,0,1,57,0,0,0,0,0,0,0,0,0,0,0,0,0,0,0,0,0,0,0,0,0,0,0,0,100,55,0,0,0,0,14:20:00,0
2026-07-31 14:33:14.688000+05:30,31.8,63.8,480,0,1,62,23.0,63.6,0,952.7,0,0,26.5,59.3,440,0,1,42,0.0,0.0,0,0,0,0,19.5,81.0,478,0,1,60,0,0,0,0,0,0,0,0,0,0,0,0,0,0,0,0,0,0,0,0,0,0,0,0,100,55,0,0,0,0,14:20:00,0
2026-07-31 14:33:19.688000+05:30,31.8,64.0,490,0,2,67,23.0,63.6,0,952.8,0,0,26.5,59.3,420,0,1,32,0.0,0.0,0,0,0,0,19.6,81.3,498,0,2,71,0,0,0,0,0,0,0,0,0,0,0,0,0,0,0,0,0,0,0,0,0,0,0,0,100,55,0,0,0,0,14:20:00,0
2026-07-31 14:33:24.687000+05:30,31.7,64.0,477,0,1,60,23.0,63.6,0,952.8,0,0,26.5,59.2,427,0,1,36,0.0,0.0,0,0,0,0,19.6,81.3,480,0,1,61,0,0,0,0,0,0,0,0,0,0,0,0,0,0,0,0,0,0,0,0,0,0,0,0,100,55,0,0,0,0,14:20:00,0
2026-07-31 14:33:29.687000+05:30,31.7,64.1,476,0,1,60,23.0,63.6,0,952.8,0,0,26.5,59.2,434,0,1,39,0.0,0.0,0,0,0,0,19.6,81.4,433,0,1,39,0,0,0,0,0,0,0,0,0,0,0,0,0,0,0,0,0,0,0,0,0,0,0,0,100,55,0,0,0,0,14:20:00,0
2026-07-31 14:33:34.687000+05:30,31.8,64.0,466,0,1,55,23.0,63.6,0,952.8,0,0,26.5,59.2,443,0,1,44,0.0,0.0,0,0,0,0,19.6,81.5,489,0,2,66,0,0,0,0,0,0,0,0,0,0,0,0,0,0,0,0,0,0,0,0,0,0,0,0,100,55,0,0,0,0,14:20:00,0
2026-07-31 14:33:39.687000+05:30,31.8,63.8,442,0,1,43,23.0,63.5,0,952.8,0,0,26.5,59.2,449,0,1,46,0.0,0.0,0,0,0,0,19.6,81.5,476,0,1,60,0,0,0,0,0,0,0,0,0,0,0,0,0,0,0,0,0,0,0,0,0,0,0,0,100,55,0,0,0,0,14:20:00,0
2026-07-31 14:33:44.687000+05:30,31.7,63.3,425,0,1,35,23.0,63.5,0,952.8,0,0,26.5,59.2,462,0,1,53,0.0,0.0,0,0,0,0,19.6,81.5,465,0,1,54,0,0,0,0,0,0,0,0,0,0,0,0,0,0,0,0,0,0,0,0,0,0,0,0,100,55,0,0,0,0,14:20:00,0
2026-07-31 14:33:49.687000+05:30,31.7,63.1,407,0,1,27,23.0,63.5,0,952.8,0,0,26.5,59.2,443,0,1,44,0.0,0.0,0,0,0,0,19.6,81.5,457,0,1,50,0,0,0,0,0,0,0,0,0,0,0,0,0,0,0,0,0,0,0,0,0,0,0,0,100,55,0,0,0,0,14:20:00,0
2026-07-31 14:33:54.686000+05:30,31.7,63.1,400,0,1,21,23.0,63.6,0,952.8,0,0,26.5,59.2,447,0,1,45,0.0,0.0,0,0,0,0,19.5,81.3,495,0,2,70,0,0,0,0,0,0,0,0,0,0,0,0,0,0,0,0,0,0,0,0,0,0,0,0,100,55,0,0,0,0,14:20:00,0
2026-07-31 14:33:59.686000+05:30,31.7,63.0,400,0,1,14,23.0,63.6,0,952.8,0,0,26.5,59.2,450,0,1,47,0.0,0.0,0,0,0,0,19.5,81.4,456,0,1,49,0,0,0,0,0,0,0,0,0,0,0,0,0,0,0,0,0,0,0,0,0,0,0,0,100,55,0,0,0,0,14:20:00,0
2026-07-31 14:34:04.687000+05:30,31.7,63.1,400,0,1,19,23.0,63.5,0,952.8,0,0,26.5,59.1,457,0,1,50,0.0,0.0,0,0,0,0,19.5,81.4,430,0,1,37,0,0,0,0,0,0,0,0,0,0,0,0,0,0,0,0,0,0,0,0,0,0,0,0,100,55,0,0,0,0,14:20:00,0
2026-07-31 14:34:09.686000+05:30,31.6,63.0,400,0,1,16,23.0,63.5,0,952.8,0,0,26.5,59.1,445,0,1,44,0.0,0.0,0,0,0,0,19.5,81.4,439,0,1,41,0,0,0,0,0,0,0,0,0,0,0,0,0,0,0,0,0,0,0,0,0,0,0,0,100,55,0,0,0,0,14:20:00,0
2026-07-31 14:34:14.686000+05:30,31.6,63.0,405,0,1,26,23.0,63.5,0,952.8,0,0,26.5,59.1,467,0,1,55,0.0,0.0,0,0,0,0,19.5,81.4,441,0,1,42,0,0,0,0,0,0,0,0,0,0,0,0,0,0,0,0,0,0,0,0,0,0,0,0,100,55,0,0,0,0,14:20:00,0
2026-07-31 14:34:19.686000+05:30,31.6,63.2,400,0,1,17,23.0,63.5,0,952.8,0,0,26.5,59.1,459,0,1,51,0.0,0.0,0,0,0,0,19.5,81.5,445,0,1,44,0,0,0,0,0,0,0,0,0,0,0,0,0,0,0,0,0,0,0,0,0,0,0,0,100,55,0,0,0,0,14:20:00,0
2026-07-31 14:34:24.686000+05:30,31.6,63.2,400,0,1,18,23.0,63.5,0,952.8,0,0,26.5,59.2,438,0,1,41,0.0,0.0,0,0,0,0,19.5,81.5,444,0,1,44,0,0,0,0,0,0,0,0,0,0,0,0,0,0,0,0,0,0,0,0,0,0,0,0,100,55,0,0,0,0,14:20:00,0
2026-07-31 14:34:29.691000+05:30,31.6,63.0,428,0,1,36,23.0,63.5,0,952.8,0,0,26.5,59.2,423,0,1,34,0.0,0.0,0,0,0,0,19.5,81.6,423,0,1,34,0,0,0,0,0,0,0,0,0,0,0,0,0,0,0,0,0,0,0,0,0,0,0,0,100,55,0,0,0,0,14:20:00,0
2026-07-31 14:34:34.692000+05:30,31.7,63.1,471,0,1,57,23.0,63.5,0,952.8,0,0,26.5,59.1,428,0,1,36,0.0,0.0,0,0,0,0,19.5,81.6,458,0,1,50,0,0,0,0,0,0,0,0,0,0,0,0,0,0,0,0,0,0,0,0,0,0,0,0,100,55,0,0,0,0,14:20:00,0
2026-07-31 14:34:39.692000+05:30,31.7,63.5,506,0,2,75,23.0,63.5,0,952.8,0,0,26.5,59.1,440,0,1,42,0.0,0.0,0,0,0,0,19.6,81.7,485,0,1,64,0,0,0,0,0,0,0,0,0,0,0,0,0,0,0,0,0,0,0,0,0,0,0,0,100,55,0,0,0,0,14:20:00,0
2026-07-31 14:34:44.686000+05:30,31.7,63.9,560,0,2,107,23.0,63.5,0,952.8,0,0,26.5,59.1,437,0,1,40,0.0,0.0,0,0,0,0,19.6,81.8,532,0,2,90,0,0,0,0,0,0,0,0,0,0,0,0,0,0,0,0,0,0,0,0,0,0,0,0,100,55,0,0,0,0,14:20:00,0
2026-07-31 14:34:49.686000+05:30,31.8,64.1,612,0,2,140,23.0,63.5,0,952.8,0,0,26.4,59.1,435,0,1,40,0.0,0.0,0,0,0,0,19.6,81.9,577,0,2,117,0,0,0,0,0,0,0,0,0,0,0,0,0,0,0,0,0,0,0,0,0,0,0,0,100,55,0,0,0,0,14:20:00,0
2026-07-31 14:34:54.685000+05:30,31.8,64.0,625,0,2,149,23.0,63.5,0,952.8,0,0,26.4,59.1,439,0,1,42,0.0,0.0,0,0,0,0,19.6,81.9,600,0,2,132,0,0,0,0,0,0,0,0,0,0,0,0,0,0,0,0,0,0,0,0,0,0,0,0,100,55,0,0,0,0,14:20:00,0
2026-07-31 14:34:59.692000+05:30,31.8,63.7,629,0,2,151,23.0,63.5,0,952.8,0,0,26.4,59.1,446,0,1,45,0.0,0.0,0,0,0,0,19.6,81.9,617,0,2,143,0,0,0,0,0,0,0,0,0,0,0,0,0,0,0,0,0,0,0,0,0,0,0,0,100,55,0,0,0,0,14:20:00,0
2026-07-31 14:35:04.692000+05:30,31.7,63.7,561,0,2,107,22.9,63.5,0,952.8,0,0,26.4,59.1,428,0,1,36,0.0,0.0,0,0,0,0,19.6,81.8,575,0,2,115,0,0,0,0,0,0,0,0,0,0,0,0,0,0,0,0,0,0,0,0,0,0,0,0,100,55,0,0,0,0,14:35:00,1
2026-07-31 14:35:09.694000+05:30,31.7,63.6,494,0,2,69,22.9,63.5,0,952.8,0,0,26.4,59.1,436,0,1,40,0.0,0.0,0,0,0,0,19.6,81.8,556,0,2,104,0,0,0,0,0,0,0,0,0,0,0,0,0,0,0,0,0,0,0,0,0,0,0,0,100,55,0,0,0,0,14:35:00,1
2026-07-31 14:35:14.691000+05:30,31.7,63.6,485,0,1,64,22.9,63.5,0,952.8,0,0,26.4,59.1,436,0,1,40,0.0,0.0,0,0,0,0,19.6,81.8,556,0,2,104,0,0,0,0,0,0,0,0,0,0,0,0,0,0,0,0,0,0,0,0,0,0,0,0,100,55,0,0,0,0,14:35:00,1
2026-07-31 14:35:19.691000+05:30,31.7,63.5,509,0,2,77,22.9,63.5,0,952.6,0,0,26.4,59.1,422,0,1,33,0.0,0.0,0,0,0,0,19.5,81.7,494,0,2,69,0,0,0,0,0,0,0,0,0,0,0,0,0,0,0,0,0,0,0,0,0,0,0,0,100,55,0,0,0,0,14:35:00,1
2026-07-31 14:35:24.691000+05:30,31.7,63.3,463,0,1,53,22.9,63.5,0,952.6,0,0,26.4,59.1,450,0,1,47,0.0,0.0,0,0,0,0,19.5,82.2,480,0,1,62,0,0,0,0,0,0,0,0,0,0,0,0,0,0,0,0,0,0,0,0,0,0,0,0,100,55,0,0,0,0,14:35:00,1
2026-07-31 14:35:29.691000+05:30,31.7,63.2,480,0,1,62,23.0,65.1,0,952.7,0,0,26.4,59.8,447,0,1,45,0.0,0.0,0,0,0,0,19.5,82.0,499,0,2,72,0,0,0,0,0,0,0,0,0,0,0,0,0,0,0,0,0,0,0,0,0,0,0,0,100,55,0,0,0,0,14:35:00,1
2026-07-31 14:35:34.691000+05:30,31.7,63.0,454,0,1,49,22.9,64.9,0,952.7,0,0,26.4,60.1,446,0,1,44,0.0,0.0,0,0,0,0,19.5,81.7,504,0,2,75,0,0,0,0,0,0,0,0,0,0,0,0,0,0,0,0,0,0,0,0,0,0,0,0,100,55,0,0,0,0,14:35:00,1
2026-07-31 14:35:39.691000+05:30,31.6,62.8,427,0,1,36,22.9,64.9,0,952.7,0,0,26.5,60.5,468,0,1,55,0.0,0.0,0,0,0,0,19.4,81.6,507,0,2,76,0,0,0,0,0,0,0,0,0,0,0,0,0,0,0,0,0,0,0,0,0,0,0,0,100,55,0,0,0,0,14:35:00,1
2026-07-31 14:35:44.691000+05:30,31.6,62.7,442,0,1,43,22.9,64.9,0,952.7,0,0,26.5,60.5,443,0,1,43,0.0,0.0,0,0,0,0,19.4,81.6,518,0,2,82,0,0,0,0,0,0,0,0,0,0,0,0,0,0,0,0,0,0,0,0,0,0,0,0,100,55,0,0,0,0,14:35:00,1
2026-07-31 14:35:49.690000+05:30,31.7,62.7,443,0,1,43,23.0,65.0,0,952.7,0,0,26.5,60.7,444,0,1,44,0.0,0.0,0,0,0,0,19.4,81.6,483,0,1,63,0,0,0,0,0,0,0,0,0,0,0,0,0,0,0,0,0,0,0,0,0,0,0,0,100,55,0,0,0,0,14:35:00,1
2026-07-31 14:35:54.689000+05:30,31.7,62.4,463,0,1,53,23.0,65.0,0,952.7,0,0,26.5,60.8,468,0,1,55,0.0,0.0,0,0,0,0,19.4,81.6,487,0,2,65,0,0,0,0,0,0,0,0,0,0,0,0,0,0,0,0,0,0,0,0,0,0,0,0,100,55,0,0,0,0,14:35:00,1
2026-07-31 14:35:59.688000+05:30,31.6,62.4,452,0,1,47,23.0,65.0,0,952.7,0,0,26.5,60.8,465,0,1,54,0.0,0.0,0,0,0,0,19.4,81.6,529,0,2,88,0,0,0,0,0,0,0,0,0,0,0,0,0,0,0,0,0,0,0,0,0,0,0,0,100,55,0,0,0,0,14:35:00,1
2026-07-31 14:36:04.690000+05:30,31.7,62.4,448,0,1,46,23.0,65.1,0,952.7,0,0,26.5,60.8,463,0,1,53,0.0,0.0,0,0,0,0,19.5,81.7,505,0,2,75,0,0,0,0,0,0,0,0,0,0,0,0,0,0,0,0,0,0,0,0,0,0,0,0,100,55,0,0,0,0,14:35:00,1
2026-07-31 14:36:09.689000+05:30,31.7,62.6,479,0,1,61,23.0,64.9,0,952.7,0,0,26.6,60.7,447,0,1,45,0.0,0.0,0,0,0,0,19.5,81.8,511,0,2,78,0,0,0,0,0,0,0,0,0,0,0,0,0,0,0,0,0,0,0,0,0,0,0,0,100,55,0,0,0,0,14:35:00,1
2026-07-31 14:36:14.689000+05:30,31.7,63.0,477,0,1,60,23.0,65.0,0,952.7,0,0,26.6,60.6,430,0,1,37,0.0,0.0,0,0,0,0,19.5,81.8,503,0,2,74,0,0,0,0,0,0,0,0,0,0,0,0,0,0,0,0,0,0,0,0,0,0,0,0,100,55,0,0,0,0,14:35:00,1
2026-07-31 14:36:19.690000+05:30,31.7,63.0,528,0,2,87,23.0,65.0,0,952.7,0,0,26.6,60.6,445,0,1,44,0.0,0.0,0,0,0,0,19.5,81.9,502,0,2,73,0,0,0,0,0,0,0,0,0,0,0,0,0,0,0,0,0,0,0,0,0,0,0,0,100,55,0,0,0,0,14:35:00,1
2026-07-31 14:36:24.690000+05:30,31.8,63.4,556,0,2,104,23.0,65.0,0,952.8,0,0,26.6,60.5,443,0,1,43,0.0,0.0,0,0,0,0,19.5,81.8,514,0,2,80,0,0,0,0,0,0,0,0,0,0,0,0,0,0,0,0,0,0,0,0,0,0,0,0,100,55,0,0,0,0,14:35:00,1
2026-07-31 14:36:29.689000+05:30,31.8,63.6,528,0,2,87,23.0,65.0,0,952.8,0,0,26.6,60.5,422,0,1,34,0.0,0.0,0,0,0,0,19.5,81.8,525,0,2,86,0,0,0,0,0,0,0,0,0,0,0,0,0,0,0,0,0,0,0,0,0,0,0,0,100,55,0,0,0,0,14:35:00,1
2026-07-31 14:36:34.689000+05:30,31.8,63.5,542,0,2,95,23.0,65.1,0,952.7,0,0,26.7,60.4,446,0,1,45,0.0,0.0,0,0,0,0,19.6,82.0,524,0,2,85,0,0,0,0,0,0,0,0,0,0,0,0,0,0,0,0,0,0,0,0,0,0,0,0,100,55,0,0,0,0,14:35:00,1
2026-07-31 14:36:39.690000+05:30,31.8,63.3,509,0,2,77,23.0,65.1,0,952.7,0,0,26.7,60.4,478,0,1,61,0.0,0.0,0,0,0,0,19.6,82.0,527,0,2,87,0,0,0,0,0,0,0,0,0,0,0,0,0,0,0,0,0,0,0,0,0,0,0,0,100,55,0,0,0,0,14:35:00,1
2026-07-31 14:36:44.689000+05:30,31.8,63.1,459,0,1,51,23.0,65.3,0,952.7,0,0,26.7,60.4,444,0,1,44,0.0,0.0,0,0,0,0,19.5,81.9,512,0,2,79,0,0,0,0,0,0,0,0,0,0,0,0,0,0,0,0,0,0,0,0,0,0,0,0,100,55,0,0,0,0,14:35:00,1
2026-07-31 14:36:49.689000+05:30,31.7,63.0,505,0,2,75,23.0,65.2,0,952.7,0,0,26.7,60.4,476,0,1,59,0.0,0.0,0,0,0,0,19.5,81.8,512,0,2,79,0,0,0,0,0,0,0,0,0,0,0,0,0,0,0,0,0,0,0,0,0,0,0,0,100,55,0,0,0,0,14:35:00,1
2026-07-31 14:36:54.688000+05:30,31.7,62.8,457,0,1,50,23.0,65.2,0,952.7,0,0,26.7,60.4,462,0,1,53,0.0,0.0,0,0,0,0,19.5,81.8,507,0,2,76,0,0,0,0,0,0,0,0,0,0,0,0,0,0,0,0,0,0,0,0,0,0,0,0,100,55,0,0,0,0,14:35:00,1
2026-07-31 14:36:59.688000+05:30,31.7,62.5,466,0,1,55,23.0,65.3,0,952.8,0,0,26.7,60.4,483,0,1,63,0.0,0.0,0,0,0,0,19.5,81.7,524,0,2,86,0,0,0,0,0,0,0,0,0,0,0,0,0,0,0,0,0,0,0,0,0,0,0,0,100,55,0,0,0,0,14:35:00,1
2026-07-31 14:37:04.689000+05:30,31.7,62.4,475,0,1,59,23.0,65.3,0,952.7,0,0,26.7,60.4,475,0,1,59,0.0,0.0,0,0,0,0,19.5,81.7,507,0,2,76,0,0,0,0,0,0,0,0,0,0,0,0,0,0,0,0,0,0,0,0,0,0,0,0,100,55,0,0,0,0,14:35:00,1
2026-07-31 14:37:09.689000+05:30,31.8,62.6,492,0,2,68,23.0,65.3,0,952.7,0,0,26.7,60.4,500,0,2,72,0.0,0.0,0,0,0,0,19.5,81.7,495,0,2,70,0,0,0,0,0,0,0,0,0,0,0,0,0,0,0,0,0,0,0,0,0,0,0,0,100,55,0,0,0,0,14:35:00,1
2026-07-31 14:37:14.689000+05:30,31.8,62.6,506,0,2,75,23.0,65.3,0,952.8,0,0,26.7,60.4,477,0,1,60,0.0,0.0,0,0,0,0,19.5,81.6,508,0,2,76,0,0,0,0,0,0,0,0,0,0,0,0,0,0,0,0,0,0,0,0,0,0,0,0,100,55,0,0,0,0,14:35:00,1
2026-07-31 14:37:19.687000+05:30,31.8,62.9,497,0,2,70,23.0,65.3,0,952.7,0,0,26.7,60.4,476,0,1,60,0.0,0.0,0,0,0,0,19.5,81.6,501,0,2,73,0,0,0,0,0,0,0,0,0,0,0,0,0,0,0,0,0,0,0,0,0,0,0,0,100,55,0,0,0,0,14:35:00,1
2026-07-31 14:37:24.688000+05:30,31.8,62.8,509,0,2,77,23.0,65.3,0,952.7,0,0,26.7,60.4,476,0,1,59,0.0,0.0,0,0,0,0,19.5,81.6,508,0,2,76,0,0,0,0,0,0,0,0,0,0,0,0,0,0,0,0,0,0,0,0,0,0,0,0,100,55,0,0,0,0,14:35:00,1
2026-07-31 14:37:29.688000+05:30,31.8,63.0,533,0,2,90,23.0,65.3,0,952.7,0,0,26.7,60.4,472,0,1,57,0.0,0.0,0,0,0,0,19.5,81.6,520,0,2,83,0,0,0,0,0,0,0,0,0,0,0,0,0,0,0,0,0,0,0,0,0,0,0,0,100,55,0,0,0,0,14:35:00,1
2026-07-31 14:37:34.689000+05:30,31.9,63.1,522,0,2,84,23.0,65.4,0,952.7,0,0,26.7,60.5,489,0,2,66,0.0,0.0,0,0,0,0,19.5,81.6,535,0,2,92,0,0,0,0,0,0,0,0,0,0,0,0,0,0,0,0,0,0,0,0,0,0,0,0,100,55,0,0,0,0,14:35:00,1
2026-07-31 14:37:39.761000+05:30,31.9,63.2,515,0,2,80,23.0,65.4,0,952.7,0,0,26.7,60.5,510,0,2,77,0.0,0.0,0,0,0,0,19.5,81.6,506,0,2,76,0,0,0,0,0,0,0,0,0,0,0,0,0,0,0,0,0,0,0,0,0,0,0,0,100,55,0,0,0,0,14:35:00,1
2026-07-31 14:37:44.687000+05:30,31.9,62.7,487,0,2,65,23.0,65.3,0,952.7,0,0,26.7,60.4,484,0,1,64,0.0,0.0,0,0,0,0,19.5,81.4,498,0,2,71,0,0,0,0,0,0,0,0,0,0,0,0,0,0,0,0,0,0,0,0,0,0,0,0,100,55,0,0,0,0,14:35:00,1
2026-07-31 14:37:49.687000+05:30,31.8,62.5,477,0,1,60,23.0,65.3,0,952.7,0,0,26.7,60.4,507,0,2,76,0.0,0.0,0,0,0,0,19.5,81.4,499,0,2,72,0,0,0,0,0,0,0,0,0,0,0,0,0,0,0,0,0,0,0,0,0,0,0,0,100,55,0,0,0,0,14:35:00,1
2026-07-31 14:37:54.687000+05:30,31.8,62.2,463,0,1,53,23.0,65.3,0,952.8,0,0,26.8,60.4,526,0,2,86,0.0,0.0,0,0,0,0,19.5,81.4,507,0,2,76,0,0,0,0,0,0,0,0,0,0,0,0,0,0,0,0,0,0,0,0,0,0,0,0,100,55,0,0,0,0,14:35:00,1
2026-07-31 14:37:59.688000+05:30,31.8,61.8,479,0,1,61,23.1,65.3,0,952.7,0,0,26.7,60.4,526,0,2,87,0.0,0.0,0,0,0,0,19.5,81.5,489,0,2,66,0,0,0,0,0,0,0,0,0,0,0,0,0,0,0,0,0,0,0,0,0,0,0,0,100,55,0,0,0,0,14:35:00,1
2026-07-31 14:38:04.686000+05:30,31.8,62.0,450,0,1,46,23.1,65.3,0,952.7,0,0,26.7,60.4,493,0,2,69,0.0,0.0,0,0,0,0,19.5,81.5,481,0,1,62,0,0,0,0,0,0,0,0,0,0,0,0,0,0,0,0,0,0,0,0,0,0,0,0,100,55,0,0,0,0,14:35:00,1
2026-07-31 14:38:09.687000+05:30,31.8,61.9,455,0,1,49,23.1,65.3,0,952.7,0,0,26.8,60.4,502,0,2,73,0.0,0.0,0,0,0,0,19.4,81.4,502,0,2,73,0,0,0,0,0,0,0,0,0,0,0,0,0,0,0,0,0,0,0,0,0,0,0,0,100,55,0,0,0,0,14:35:00,1
2026-07-31 14:38:14.687000+05:30,31.8,62.3,476,0,1,59,23.1,65.3,0,952.7,0,0,26.8,60.4,496,0,2,70,0.0,0.0,0,0,0,0,19.4,81.4,508,0,2,76,0,0,0,0,0,0,0,0,0,0,0,0,0,0,0,0,0,0,0,0,0,0,0,0,100,55,0,0,0,0,14:35:00,1
2026-07-31 14:38:19.687000+05:30,31.9,62.7,521,0,2,83,23.1,65.2,0,952.7,0,0,26.8,60.3,507,0,2,76,0.0,0.0,0,0,0,0,19.4,81.3,490,0,2,67,0,0,0,0,0,0,0,0,0,0,0,0,0,0,0,0,0,0,0,0,0,0,0,0,100,55,0,0,0,0,14:35:00,1
2026-07-31 14:38:24.686000+05:30,31.9,63.1,483,0,1,63,23.1,65.2,0,952.7,0,0,26.8,60.2,510,0,2,77,0.0,0.0,0,0,0,0,19.4,81.4,480,0,1,62,0,0,0,0,0,0,0,0,0,0,0,0,0,0,0,0,0,0,0,0,0,0,0,0,100,55,0,0,0,0,14:35:00,1
2026-07-31 14:38:29.686000+05:30,31.9,63.3,499,0,2,72,23.1,65.2,0,952.7,0,0,26.8,60.2,510,0,2,77,0.0,0.0,0,0,0,0,19.4,81.4,480,0,1,62,0,0,0,0,0,0,0,0,0,0,0,0,0,0,0,0,0,0,0,0,0,0,0,0,100,55,0,0,0,0,14:35:00,1
2026-07-31 14:38:34.686000+05:30,31.9,63.2,484,0,1,64,23.1,65.2,0,952.7,0,0,26.8,60.2,501,0,2,73,0.0,0.0,0,0,0,0,19.4,81.4,491,0,2,67,0,0,0,0,0,0,0,0,0,0,0,0,0,0,0,0,0,0,0,0,0,0,0,0,100,55,0,0,0,0,14:35:00,1
2026-07-31 14:38:39.686000+05:30,31.8,63.1,438,0,1,41,23.1,65.3,0,952.7,0,0,26.8,60.3,511,0,2,78,0.0,0.0,0,0,0,0,19.4,81.4,489,0,2,66,0,0,0,0,0,0,0,0,0,0,0,0,0,0,0,0,0,0,0,0,0,0,0,0,100,55,0,0,0,0,14:35:00,1
2026-07-31 14:38:44.686000+05:30,31.8,62.9,446,0,1,45,23.1,65.3,0,952.8,0,0,26.8,60.3,505,0,2,75,0.0,0.0,0,0,0,0,19.4,81.4,512,0,2,79,0,0,0,0,0,0,0,0,0,0,0,0,0,0,0,0,0,0,0,0,0,0,0,0,100,55,0,0,0,0,14:35:00,1
2026-07-31 14:38:49.687000+05:30,31.8,62.6,445,0,1,44,23.1,65.3,0,952.8,0,0,26.8,60.3,479,0,1,61,0.0,0.0,0,0,0,0,19.4,81.5,475,0,1,59,0,0,0,0,0,0,0,0,0,0,0,0,0,0,0,0,0,0,0,0,0,0,0,0,100,55,0,0,0,0,14:35:00,1
2026-07-31 14:38:54.692000+05:30,31.8,62.6,416,0,1,31,23.1,65.3,0,952.7,0,0,26.9,60.3,533,0,2,91,0.0,0.0,0,0,0,0,19.4,81.5,481,0,1,62,0,0,0,0,0,0,0,0,0,0,0,0,0,0,0,0,0,0,0,0,0,0,0,0,100,55,0,0,0,0,14:35:00,1
2026-07-31 14:38:59.686000+05:30,31.8,62.2,452,0,1,48,23.1,65.3,0,952.7,0,0,26.9,60.4,529,0,2,88,0.0,0.0,0,0,0,0,19.4,81.4,481,0,1,62,0,0,0,0,0,0,0,0,0,0,0,0,0,0,0,0,0,0,0,0,0,0,0,0,100,55,0,0,0,0,14:35:00,1
2026-07-31 14:39:04.686000+05:30,31.8,62.2,457,0,1,50,23.1,65.4,0,952.7,0,0,26.9,60.4,498,0,2,71,0.0,0.0,0,0,0,0,19.4,81.4,481,0,1,62,0,0,0,0,0,0,0,0,0,0,0,0,0,0,0,0,0,0,0,0,0,0,0,0,100,55,0,0,0,0,14:35:00,1
2026-07-31 14:39:09.692000+05:30,31.8,62.4,480,0,1,61,23.1,65.4,0,952.7,0,0,26.8,60.4,498,0,2,71,0.0,0.0,0,0,0,0,19.4,81.4,501,0,2,73,0,0,0,0,0,0,0,0,0,0,0,0,0,0,0,0,0,0,0,0,0,0,0,0,100,55,0,0,0,0,14:35:00,1
2026-07-31 14:39:14.685000+05:30,31.8,63.1,524,0,2,85,23.1,65.4,0,952.7,0,0,26.8,60.4,531,0,2,89,0.0,0.0,0,0,0,0,19.4,81.5,491,0,2,67,0,0,0,0,0,0,0,0,0,0,0,0,0,0,0,0,0,0,0,0,0,0,0,0,100,55,0,0,0,0,14:35:00,1
2026-07-31 14:39:19.691000+05:30,31.9,63.4,505,0,2,75,23.1,65.4,0,952.7,0,0,26.8,60.4,493,0,2,68,0.0,0.0,0,0,0,0,19.4,81.5,500,0,2,72,0,0,0,0,0,0,0,0,0,0,0,0,0,0,0,0,0,0,0,0,0,0,0,0,100,55,0,0,0,0,14:35:00,1
2026-07-31 14:39:24.686000+05:30,31.9,63.4,523,0,2,85,23.1,65.3,0,952.6,0,0,26.8,60.4,503,0,2,74,0.0,0.0,0,0,0,0,19.4,81.5,494,0,2,69,0,0,0,0,0,0,0,0,0,0,0,0,0,0,0,0,0,0,0,0,0,0,0,0,100,55,0,0,0,0,14:35:00,1
2026-07-31 14:39:29.692000+05:30,31.9,63.4,510,0,2,77,23.1,65.3,0,952.6,0,0,26.8,60.4,527,0,2,87,0.0,0.0,0,0,0,0,19.4,81.5,493,0,2,68,0,0,0,0,0,0,0,0,0,0,0,0,0,0,0,0,0,0,0,0,0,0,0,0,100,55,0,0,0,0,14:35:00,1
2026-07-31 14:39:34.692000+05:30,31.9,63.4,513,0,2,79,23.1,65.3,0,952.7,0,0,26.8,60.3,493,0,2,68,0.0,0.0,0,0,0,0,19.4,81.6,494,0,2,69,0,0,0,0,0,0,0,0,0,0,0,0,0,0,0,0,0,0,0,0,0,0,0,0,100,55,0,0,0,0,14:35:00,1
2026-07-31 14:39:39.691000+05:30,31.9,63.3,502,0,2,73,23.1,65.3,0,952.6,0,0,26.8,60.3,520,0,2,83,0.0,0.0,0,0,0,0,19.4,81.6,513,0,2,79,0,0,0,0,0,0,0,0,0,0,0,0,0,0,0,0,0,0,0,0,0,0,0,0,100,55,0,0,0,0,14:35:00,1
2026-07-31 14:39:44.690000+05:30,31.9,63.2,507,0,2,76,23.1,65.3,0,952.6,0,0,26.8,60.3,514,0,2,80,0.0,0.0,0,0,0,0,19.4,81.6,521,0,2,84,0,0,0,0,0,0,0,0,0,0,0,0,0,0,0,0,0,0,0,0,0,0,0,0,100,55,0,0,0,0,14:35:00,1
2026-07-31 14:39:49.691000+05:30,31.9,62.9,469,0,1,56,23.1,65.3,0,952.7,0,0,26.8,60.3,512,0,2,79,0.0,0.0,0,0,0,0,19.4,81.7,502,0,2,73,0,0,0,0,0,0,0,0,0,0,0,0,0,0,0,0,0,0,0,0,0,0,0,0,100,55,0,0,0,0,14:35:00,1
2026-07-31 14:39:54.691000+05:30,31.8,62.6,443,0,1,43,23.1,65.2,0,952.7,0,0,26.8,60.3,512,0,2,79,0.0,0.0,0,0,0,0,19.4,81.7,526,0,2,86,0,0,0,0,0,0,0,0,0,0,0,0,0,0,0,0,0,0,0,0,0,0,0,0,100,55,0,0,0,0,14:35:00,1
2026-07-31 14:39:59.690000+05:30,31.8,62.4,521,0,2,84,23.1,65.2,0,952.7,0,0,26.8,60.2,483,0,1,63,0.0,0.0,0,0,0,0,19.4,81.7,519,0,2,83,0,0,0,0,0,0,0,0,0,0,0,0,0,0,0,0,0,0,0,0,0,0,0,0,100,55,0,0,0,0,14:35:00,1
2026-07-31 14:40:04.754000+05:30,31.8,62.6,516,0,2,81,23.1,65.2,0,952.8,0,0,26.8,60.3,508,0,2,77,0.0,0.0,0,0,0,0,19.4,81.7,515,0,2,80,0,0,0,0,0,0,0,0,0,0,0,0,0,0,0,0,0,0,0,0,0,0,0,0,100,55,0,0,0,0,14:40:00,2
2026-07-31 14:40:09.690000+05:30,31.8,62.5,470,0,1,57,23.1,65.2,0,952.8,0,0,26.8,60.3,505,0,2,75,0.0,0.0,0,0,0,0,19.4,81.7,517,0,2,81,0,0,0,0,0,0,0,0,0,0,0,0,0,0,0,0,0,0,0,0,0,0,0,0,100,55,0,0,0,0,14:40:00,2
2026-07-31 14:40:14.691000+05:30,31.8,62.6,454,0,1,49,23.1,65.2,0,952.8,0,0,26.8,60.2,485,0,1,64,0.0,0.0,0,0,0,0,19.4,81.9,517,0,2,81,0,0,0,0,0,0,0,0,0,0,0,0,0,0,0,0,0,0,0,0,0,0,0,0,100,55,0,0,0,0,14:40:00,2
2026-07-31 14:40:19.690000+05:30,31.8,62.5,432,0,1,38,23.1,65.1,0,952.8,0,0,26.9,60.1,512,0,2,78,0.0,0.0,0,0,0,0,19.4,81.9,524,0,2,86,0,0,0,0,0,0,0,0,0,0,0,0,0,0,0,0,0,0,0,0,0,0,0,0,100,55,0,0,0,0,14:40:00,2
2026-07-31 14:40:24.689000+05:30,31.8,62.5,440,0,1,42,23.1,65.1,0,952.8,0,0,26.9,60.1,520,0,2,83,0.0,0.0,0,0,0,0,19.4,81.8,500,0,2,72,0,0,0,0,0,0,0,0,0,0,0,0,0,0,0,0,0,0,0,0,0,0,0,0,100,55,0,0,0,0,14:40:00,2
2026-07-31 14:40:29.692000+05:30,31.8,62.3,493,0,2,68,23.2,65.2,0,952.8,0,0,26.9,60.3,509,0,2,77,0.0,0.0,0,0,0,0,19.4,81.8,522,0,2,84,0,0,0,0,0,0,0,0,0,0,0,0,0,0,0,0,0,0,0,0,0,0,0,0,100,55,0,0,0,0,14:40:00,2
2026-07-31 14:40:34.690000+05:30,31.8,62.6,519,0,2,83,23.2,65.2,0,952.8,0,0,26.9,60.3,496,0,2,70,0.0,0.0,0,0,0,0,19.4,81.8,527,0,2,87,0,0,0,0,0,0,0,0,0,0,0,0,0,0,0,0,0,0,0,0,0,0,0,0,100,55,0,0,0,0,14:40:00,2
2026-07-31 14:40:39.690000+05:30,31.8,63.0,489,0,2,66,23.2,65.1,0,952.7,0,0,26.9,60.1,530,0,2,89,0.0,0.0,0,0,0,0,19.3,81.8,483,0,1,63,0,0,0,0,0,0,0,0,0,0,0,0,0,0,0,0,0,0,0,0,0,0,0,0,100,55,0,0,0,0,14:40:00,2
2026-07-31 14:40:44.690000+05:30,31.8,63.3,508,0,2,76,23.2,65.1,0,952.7,0,0,26.9,60.1,500,0,2,72,0.0,0.0,0,0,0,0,19.3,81.8,508,0,2,76,0,0,0,0,0,0,0,0,0,0,0,0,0,0,0,0,0,0,0,0,0,0,0,0,100,55,0,0,0,0,14:40:00,2
2026-07-31 14:40:49.689000+05:30,31.8,63.5,488,0,2,66,23.2,65.0,0,952.7,0,0,26.9,60.0,533,0,2,90,0.0,0.0,0,0,0,0,19.4,81.8,508,0,2,76,0,0,0,0,0,0,0,0,0,0,0,0,0,0,0,0,0,0,0,0,0,0,0,0,100,55,0,0,0,0,14:40:00,2
2026-07-31 14:40:54.689000+05:30,31.8,63.7,474,0,1,58,23.2,65.0,0,952.2,0,0,26.9,60.0,523,0,2,85,0.0,0.0,0,0,0,0,19.4,81.8,497,0,2,71,0,0,0,0,0,0,0,0,0,0,0,0,0,0,0,0,0,0,0,0,0,0,0,0,100,55,0,0,0,0,14:40:00,2
2026-07-31 14:40:59.689000+05:30,31.8,63.7,484,0,1,64,23.2,65.0,0,952.2,0,0,26.9,60.0,544,0,2,97,0.0,0.0,0,0,0,0,19.4,81.8,497,0,2,71,0,0,0,0,0,0,0,0,0,0,0,0,0,0,0,0,0,0,0,0,0,0,0,0,100,55,0,0,0,0,14:40:00,2
2026-07-31 14:41:04.689000+05:30,31.8,63.7,511,0,2,78,23.2,66.7,0,952.2,0,0,27.0,61.2,511,0,2,78,0.0,0.0,0,0,0,0,19.2,83.1,484,0,1,63,0,0,0,0,0,0,0,0,0,0,0,0,0,0,0,0,0,0,0,0,0,0,0,0,100,55,0,0,0,0,14:40:00,2
2026-07-31 14:41:09.689000+05:30,31.8,63.7,484,0,1,64,23.2,66.3,0,952.2,0,0,27.0,61.3,527,0,2,87,0.0,0.0,0,0,0,0,19.2,83.1,491,0,2,67,0,0,0,0,0,0,0,0,0,0,0,0,0,0,0,0,0,0,0,0,0,0,0,0,100,55,0,0,0,0,14:40:00,2
2026-07-31 14:41:14.689000+05:30,31.8,63.7,500,0,2,72,23.2,66.3,0,952.2,0,0,27.0,61.3,516,0,2,81,0.0,0.0,0,0,0,0,19.2,83.1,505,0,2,75,0,0,0,0,0,0,0,0,0,0,0,0,0,0,0,0,0,0,0,0,0,0,0,0,100,55,0,0,0,0,14:40:00,2
2026-07-31 14:41:19.689000+05:30,31.9,63.6,484,0,1,64,23.2,66.2,0,952.2,0,0,27.0,61.4,515,0,2,80,0.0,0.0,0,0,0,0,19.2,83.7,486,0,2,65,0,0,0,0,0,0,0,0,0,0,0,0,0,0,0,0,0,0,0,0,0,0,0,0,100,55,0,0,0,0,14:40:00,2
2026-07-31 14:41:24.689000+05:30,31.9,63.3,491,0,2,67,23.2,66.3,0,952.1,0,0,27.0,61.4,510,0,2,78,0.0,0.0,0,0,0,0,19.1,84.0,496,0,2,70,0,0,0,0,0,0,0,0,0,0,0,0,0,0,0,0,0,0,0,0,0,0,0,0,100,55,0,0,0,0,14:40:00,2
2026-07-31 14:41:29.688000+05:30,31.9,63.5,496,0,2,70,23.2,66.3,0,952.1,0,0,27.0,61.4,543,0,2,96,0.0,0.0,0,0,0,0,19.1,84.0,502,0,2,73,0,0,0,0,0,0,0,0,0,0,0,0,0,0,0,0,0,0,0,0,0,0,0,0,100,55,0,0,0,0,14:40:00,2
2026-07-31 14:41:34.688000+05:30,31.9,63.5,486,0,2,65,23.2,66.3,0,952.2,0,0,27.0,61.5,525,0,2,86,0.0,0.0,0,0,0,0,19.1,84.3,500,0,2,72,0,0,0,0,0,0,0,0,0,0,0,0,0,0,0,0,0,0,0,0,0,0,0,0,100,55,0,0,0,0,14:40:00,2
2026-07-31 14:41:39.688000+05:30,31.9,63.6,541,0,2,95,23.2,66.3,0,952.2,0,0,27.0,61.5,542,0,2,96,0.0,0.0,0,0,0,0,19.1,84.3,514,0,2,80,0,0,0,0,0,0,0,0,0,0,0,0,0,0,0,0,0,0,0,0,0,0,0,0,100,55,0,0,0,0,14:40:00,2
2026-07-31 14:41:44.687000+05:30,31.9,63.6,516,0,2,81,23.2,66.4,0,952.2,0,0,27.0,61.4,530,0,2,89,0.0,0.0,0,0,0,0,19.1,84.7,551,0,2,101,0,0,0,0,0,0,0,0,0,0,0,0,0,0,0,0,0,0,0,0,0,0,0,0,100,55,0,0,0,0,14:40:00,2
2026-07-31 14:41:49.688000+05:30,31.9,63.5,492,0,2,68,23.3,66.4,0,952.2,0,0,27.0,61.4,549,0,2,100,0.0,0.0,0,0,0,0,19.1,84.7,537,0,2,93,0,0,0,0,0,0,0,0,0,0,0,0,0,0,0,0,0,0,0,0,0,0,0,0,100,55,0,0,0,0,14:40:00,2
2026-07-31 14:41:54.688000+05:30,31.9,63.3,490,0,2,67,23.3,66.4,0,952.2,0,0,27.0,61.4,567,0,2,110,0.0,0.0,0,0,0,0,19.1,84.9,538,0,2,93,0,0,0,0,0,0,0,0,0,0,0,0,0,0,0,0,0,0,0,0,0,0,0,0,100,55,0,0,0,0,14:40:00,2
2026-07-31 14:41:59.688000+05:30,31.9,62.7,488,0,2,66,23.3,66.4,0,952.2,0,0,27.1,61.4,569,0,2,112,0.0,0.0,0,0,0,0,19.1,85.1,529,0,2,88,0,0,0,0,0,0,0,0,0,0,0,0,0,0,0,0,0,0,0,0,0,0,0,0,100,55,0,0,0,0,14:40:00,2
2026-07-31 14:42:04.687000+05:30,31.9,62.9,501,0,2,73,23.3,66.4,0,952.2,0,0,27.0,61.4,539,0,2,94,0.0,0.0,0,0,0,0,19.1,85.3,499,0,2,72,0,0,0,0,0,0,0,0,0,0,0,0,0,0,0,0,0,0,0,0,0,0,0,0,100,55,0,0,0,0,14:40:00,2
2026-07-31 14:42:09.687000+05:30,31.9,63.0,453,0,1,48,23.3,66.4,0,952.2,0,0,27.0,61.4,561,0,2,107,0.0,0.0,0,0,0,0,19.1,85.3,489,0,2,66,0,0,0,0,0,0,0,0,0,0,0,0,0,0,0,0,0,0,0,0,0,0,0,0,100,55,0,0,0,0,14:40:00,2
2026-07-31 14:42:14.686000+05:30,32.0,63.0,497,0,2,70,23.3,66.4,0,952.1,0,0,27.1,61.4,545,0,2,98,0.0,0.0,0,0,0,0,19.2,85.4,523,0,2,85,0,0,0,0,0,0,0,0,0,0,0,0,0,0,0,0,0,0,0,0,0,0,0,0,100,55,0,0,0,0,14:40:00,2
2026-07-31 14:42:19.687000+05:30,32.0,63.1,484,0,1,64,23.3,66.4,0,952.1,0,0,27.1,61.4,531,0,2,90,0.0,0.0,0,0,0,0,19.2,85.4,503,0,2,74,0,0,0,0,0,0,0,0,0,0,0,0,0,0,0,0,0,0,0,0,0,0,0,0,100,55,0,0,0,0,14:40:00,2
2026-07-31 14:42:24.687000+05:30,32.0,63.1,490,0,2,67,23.3,66.5,0,952.2,0,0,27.1,61.3,512,0,2,79,0.0,0.0,0,0,0,0,19.2,85.5,487,0,2,65,0,0,0,0,0,0,0,0,0,0,0,0,0,0,0,0,0,0,0,0,0,0,0,0,100,55,0,0,0,0,14:40:00,2
2026-07-31 14:42:29.689000+05:30,32.0,63.4,520,0,2,83,23.3,66.5,0,952.2,0,0,27.1,61.4,536,0,2,92,0.0,0.0,0,0,0,0,19.2,85.6,507,0,2,76,0,0,0,0,0,0,0,0,0,0,0,0,0,0,0,0,0,0,0,0,0,0,0,0,100,55,0,0,0,0,14:40:00,2
2026-07-31 14:42:34.686000+05:30,32.0,63.5,556,0,2,104,23.3,66.5,0,952.2,0,0,27.1,61.4,536,0,2,92,0.0,0.0,0,0,0,0,19.2,85.6,507,0,2,76,0,0,0,0,0,0,0,0,0,0,0,0,0,0,0,0,0,0,0,0,0,0,0,0,100,55,0,0,0,0,14:40:00,2
2026-07-31 14:42:39.686000+05:30,32.0,63.6,552,0,2,102,23.3,66.5,0,952.2,0,0,27.1,61.4,553,0,2,102,0.0,0.0,0,0,0,0,19.2,85.7,552,0,2,102,0,0,0,0,0,0,0,0,0,0,0,0,0,0,0,0,0,0,0,0,0,0,0,0,100,55,0,0,0,0,14:40:00,2
2026-07-31 14:42:44.686000+05:30,32.0,63.6,523,0,2,85,23.3,66.6,0,952.1,0,0,27.1,61.4,550,0,2,100,0.0,0.0,0,0,0,0,19.2,85.7,534,0,2,91,0,0,0,0,0,0,0,0,0,0,0,0,0,0,0,0,0,0,0,0,0,0,0,0,100,55,0,0,0,0,14:40:00,2
2026-07-31 14:42:49.687000+05:30,32.0,63.4,475,0,1,59,23.3,66.6,0,952.1,0,0,27.1,61.4,529,0,2,88,0.0,0.0,0,0,0,0,19.2,85.7,520,0,2,83,0,0,0,0,0,0,0,0,0,0,0,0,0,0,0,0,0,0,0,0,0,0,0,0,100,55,0,0,0,0,14:40:00,2
2026-07-31 14:42:54.686000+05:30,32.0,63.4,469,0,1,56,23.3,66.6,0,952.2,0,0,27.1,61.4,547,0,2,99,0.0,0.0,0,0,0,0,19.2,85.9,539,0,2,94,0,0,0,0,0,0,0,0,0,0,0,0,0,0,0,0,0,0,0,0,0,0,0,0,100,55,0,0,0,0,14:40:00,2
2026-07-31 14:42:59.686000+05:30,31.9,63.2,452,0,1,48,23.3,66.6,0,952.2,0,0,27.1,61.4,547,0,2,99,0.0,0.0,0,0,0,0,19.2,85.9,542,0,2,95,0,0,0,0,0,0,0,0,0,0,0,0,0,0,0,0,0,0,0,0,0,0,0,0,100,55,0,0,0,0,14:40:00,2
2026-07-31 14:43:04.686000+05:30,31.9,62.9,448,0,1,46,23.3,66.6,0,952.2,0,0,27.1,61.5,526,0,2,86,0.0,0.0,0,0,0,0,19.2,85.7,548,0,2,99,0,0,0,0,0,0,0,0,0,0,0,0,0,0,0,0,0,0,0,0,0,0,0,0,100,55,0,0,0,0,14:40:00,2
2026-07-31 14:43:09.687000+05:30,31.9,62.9,487,0,2,65,23.4,66.7,0,952.2,0,0,27.1,61.5,536,0,2,92,0.0,0.0,0,0,0,0,19.2,85.7,546,0,2,98,0,0,0,0,0,0,0,0,0,0,0,0,0,0,0,0,0,0,0,0,0,0,0,0,100,55,0,0,0,0,14:40:00,2
2026-07-31 14:43:14.686000+05:30,31.9,63.0,457,0,1,50,23.4,66.7,0,952.2,0,0,27.1,61.5,549,0,2,100,0.0,0.0,0,0,0,0,19.2,85.7,515,0,2,80,0,0,0,0,0,0,0,0,0,0,0,0,0,0,0,0,0,0,0,0,0,0,0,0,100,55,0,0,0,0,14:40:00,2
2026-07-31 14:43:19.691000+05:30,31.9,63.2,477,0,1,60,23.4,66.6,0,952.2,0,0,27.1,61.5,572,0,2,114,0.0,0.0,0,0,0,0,19.2,85.5,536,0,2,92,0,0,0,0,0,0,0,0,0,0,0,0,0,0,0,0,0,0,0,0,0,0,0,0,100,55,0,0,0,0,14:40:00,2
2026-07-31 14:43:24.692000+05:30,31.9,63.0,488,0,2,66,23.4,66.7,0,952.2,0,0,27.1,61.5,545,0,2,97,0.0,0.0,0,0,0,0,19.2,85.4,538,0,2,93,0,0,0,0,0,0,0,0,0,0,0,0,0,0,0,0,0,0,0,0,0,0,0,0,100,55,0,0,0,0,14:40:00,2
2026-07-31 14:43:29.692000+05:30,31.9,63.5,508,0,2,77,23.4,66.7,0,952.2,0,0,27.1,61.5,558,0,2,105,0.0,0.0,0,0,0,0,19.2,85.4,516,0,2,81,0,0,0,0,0,0,0,0,0,0,0,0,0,0,0,0,0,0,0,0,0,0,0,0,100,55,0,0,0,0,14:40:00,2
2026-07-31 14:43:34.692000+05:30,31.9,63.7,509,0,2,77,23.4,66.7,0,952.2,0,0,27.2,61.6,561,0,2,107,0.0,0.0,0,0,0,0,19.2,85.5,533,0,2,90,0,0,0,0,0,0,0,0,0,0,0,0,0,0,0,0,0,0,0,0,0,0,0,0,100,55,0,0,0,0,14:40:00,2
2026-07-31 14:43:39.686000+05:30,31.9,63.7,478,0,1,61,23.4,66.7,0,952.1,0,0,27.2,61.5,585,0,2,122,0.0,0.0,0,0,0,0,19.3,85.5,517,0,2,81,0,0,0,0,0,0,0,0,0,0,0,0,0,0,0,0,0,0,0,0,0,0,0,0,100,55,0,0,0,0,14:40:00,2
2026-07-31 14:43:44.686000+05:30,31.9,63.4,473,0,1,58,23.4,66.7,0,952.1,0,0,27.2,61.5,589,0,2,124,0.0,0.0,0,0,0,0,19.3,85.5,520,0,2,83,0,0,0,0,0,0,0,0,0,0,0,0,0,0,0,0,0,0,0,0,0,0,0,0,100,55,0,0,0,0,14:40:00,2
2026-07-31 14:43:49.692000+05:30,31.9,63.1,475,0,1,59,23.4,66.7,0,952.2,0,0,27.2,61.5,551,0,2,101,0.0,0.0,0,0,0,0,19.3,85.5,520,0,2,83,0,0,0,0,0,0,0,0,0,0,0,0,0,0,0,0,0,0,0,0,0,0,0,0,100,55,0,0,0,0,14:40:00,2
2026-07-31 14:43:54.692000+05:30,31.9,63.2,523,0,2,85,23.4,66.7,0,952.2,0,0,27.2,61.4,568,0,2,111,0.0,0.0,0,0,0,0,19.3,85.4,528,0,2,87,0,0,0,0,0,0,0,0,0,0,0,0,0,0,0,0,0,0,0,0,0,0,0,0,100,55,0,0,0,0,14:40:00,2
2026-07-31 14:43:59.686000+05:30,32.0,63.2,518,0,2,82,23.4,66.7,0,952.1,0,0,27.2,61.4,584,0,2,121,0.0,0.0,0,0,0,0,19.2,85.3,535,0,2,92,0,0,0,0,0,0,0,0,0,0,0,0,0,0,0,0,0,0,0,0,0,0,0,0,100,55,0,0,0,0,14:40:00,2
2026-07-31 14:44:04.691000+05:30,31.9,63.0,528,0,2,88,23.4,66.7,0,952.1,0,0,27.2,61.4,583,0,2,121,0.0,0.0,0,0,0,0,19.2,85.3,533,0,2,91,0,0,0,0,0,0,0,0,0,0,0,0,0,0,0,0,0,0,0,0,0,0,0,0,100,55,0,0,0,0,14:40:00,2
2026-07-31 14:44:09.692000+05:30,32.0,63.0,522,0,2,84,23.4,66.7,0,952.2,0,0,27.3,61.4,584,0,2,121,0.0,0.0,0,0,0,0,19.2,85.3,533,0,2,90,0,0,0,0,0,0,0,0,0,0,0,0,0,0,0,0,0,0,0,0,0,0,0,0,100,55,0,0,0,0,14:40:00,2
2026-07-31 14:44:14.691000+05:30,32.0,63.1,496,0,2,70,23.4,66.7,0,952.2,0,0,27.3,61.4,553,0,2,102,0.0,0.0,0,0,0,0,19.2,85.3,529,0,2,88,0,0,0,0,0,0,0,0,0,0,0,0,0,0,0,0,0,0,0,0,0,0,0,0,100,55,0,0,0,0,14:40:00,2
2026-07-31 14:44:19.690000+05:30,32.0,63.0,486,0,2,65,23.4,66.7,0,952.2,0,0,27.2,61.4,581,0,2,120,0.0,0.0,0,0,0,0,19.2,85.2,543,0,2,96,0,0,0,0,0,0,0,0,0,0,0,0,0,0,0,0,0,0,0,0,0,0,0,0,100,55,0,0,0,0,14:40:00,2
2026-07-31 14:44:24.690000+05:30,32.0,63.2,500,0,2,72,23.4,66.8,0,952.2,0,0,27.3,61.4,545,0,2,97,0.0,0.0,0,0,0,0,19.3,85.4,539,0,2,94,0,0,0,0,0,0,0,0,0,0,0,0,0,0,0,0,0,0,0,0,0,0,0,0,100,55,0,0,0,0,14:40:00,2
2026-07-31 14:44:29.691000+05:30,31.9,63.4,506,0,2,75,23.4,66.8,0,952.2,0,0,27.3,61.4,541,0,2,95,0.0,0.0,0,0,0,0,19.3,85.4,561,0,2,107,0,0,0,0,0,0,0,0,0,0,0,0,0,0,0,0,0,0,0,0,0,0,0,0,100,55,0,0,0,0,14:40:00,2
2026-07-31 14:44:34.690000+05:30,32.0,63.6,497,0,2,71,23.5,66.6,0,952.1,0,0,27.3,61.3,555,0,2,103,0.0,0.0,0,0,0,0,19.3,85.4,556,0,2,104,0,0,0,0,0,0,0,0,0,0,0,0,0,0,0,0,0,0,0,0,0,0,0,0,100,55,0,0,0,0,14:40:00,2
2026-07-31 14:44:39.690000+05:30,32.0,63.8,556,0,2,104,23.5,66.6,0,952.1,0,0,27.3,61.4,568,0,2,112,0.0,0.0,0,0,0,0,19.3,85.6,558,0,2,105,0,0,0,0,0,0,0,0,0,0,0,0,0,0,0,0,0,0,0,0,0,0,0,0,100,55,0,0,0,0,14:40:00,2
2026-07-31 14:44:44.690000+05:30,32.0,63.7,565,0,2,109,23.5,66.6,0,952.1,0,0,27.3,61.4,565,0,2,110,0.0,0.0,0,0,0,0,19.3,85.6,566,0,2,110,0,0,0,0,0,0,0,0,0,0,0,0,0,0,0,0,0,0,0,0,0,0,0,0,100,55,0,0,0,0,14:40:00,2
2026-07-31 14:44:49.690000+05:30,31.9,63.3,497,0,2,70,23.5,66.7,0,952.1,0,0,27.2,61.4,573,0,2,115,0.0,0.0,0,0,0,0,19.3,85.5,584,0,2,121,0,0,0,0,0,0,0,0,0,0,0,0,0,0,0,0,0,0,0,0,0,0,0,0,100,55,0,0,0,0,14:40:00,2
2026-07-31 14:44:54.690000+05:30,31.9,63.3,497,0,2,70,23.5,66.7,0,952.1,0,0,27.2,61.4,573,0,2,115,0.0,0.0,0,0,0,0,19.3,85.5,584,0,2,121,0,0,0,0,0,0,0,0,0,0,0,0,0,0,0,0,0,0,0,0,0,0,0,0,100,55,0,0,0,0,14:40:00,2
2026-07-31 14:44:59.760000+05:30,31.9,62.6,445,0,1,44,23.5,66.7,0,952.2,0,0,27.2,61.4,576,0,2,116,0.0,0.0,0,0,0,0,19.3,85.5,529,0,2,88,0,0,0,0,0,0,0,0,0,0,0,0,0,0,0,0,0,0,0,0,0,0,0,0,100,55,0,0,0,0,14:40:00,2
2026-07-31 14:45:04.689000+05:30,31.9,62.7,459,0,1,51,23.5,66.6,0,952.2,0,0,27.3,61.5,562,0,2,108,0.0,0.0,0,0,0,0,19.3,85.4,513,0,2,79,0,0,0,0,0,0,0,0,0,0,0,0,0,0,0,0,0,0,0,0,0,0,0,0,100,55,0,0,0,0,14:40:00,2
2026-07-31 14:45:09.690000+05:30,32.0,62.8,468,0,1,55,23.5,66.6,0,952.1,0,0,27.3,61.5,575,0,2,115,0.0,0.0,0,0,0,0,19.3,85.4,499,0,2,71,0,0,0,0,0,0,0,0,0,0,0,0,0,0,0,0,0,0,0,0,0,0,0,0,100,55,0,0,0,0,14:40:00,2
2026-07-31 14:45:14.689000+05:30,32.0,63.0,463,0,1,53,23.5,66.6,0,952.1,0,0,27.3,61.5,570,0,2,112,0.0,0.0,0,0,0,0,19.3,85.4,485,0,1,64,0,0,0,0,0,0,0,0,0,0,0,0,0,0,0,0,0,0,0,0,0,0,0,0,100,55,0,0,0,0,14:40:00,2
2026-07-31 14:45:19.688000+05:30,32.0,63.1,470,0,1,56,23.5,66.6,0,952.2,0,0,27.3,61.5,583,0,2,121,0.0,0.0,0,0,0,0,19.3,85.5,505,0,2,75,0,0,0,0,0,0,0,0,0,0,0,0,0,0,0,0,0,0,0,0,0,0,0,0,100,55,0,0,0,0,14:40:00,2
2026-07-31 14:45:24.690000+05:30,32.0,63.0,486,0,2,65,23.5,66.6,0,952.1,0,0,27.3,61.4,569,0,2,112,0.0,0.0,0,0,0,0,19.3,85.5,532,0,2,90,0,0,0,0,0,0,0,0,0,0,0,0,0,0,0,0,0,0,0,0,0,0,0,0,100,55,0,0,0,0,14:40:00,2
2026-07-31 14:45:29.689000+05:30,32.0,63.3,531,0,2,89,23.5,66.6,0,952.1,0,0,27.3,61.4,590,0,2,125,0.0,0.0,0,0,0,0,19.3,85.4,557,0,2,105,0,0,0,0,0,0,0,0,0,0,0,0,0,0,0,0,0,0,0,0,0,0,0,0,100,55,0,0,0,0,14:40:00,2
2026-07-31 14:45:34.690000+05:30,32.0,63.4,568,0,2,111,23.5,66.5,0,952.1,0,0,27.3,61.4,594,0,2,128,0.0,0.0,0,0,0,0,19.3,85.6,570,0,2,113,0,0,0,0,0,0,0,0,0,0,0,0,0,0,0,0,0,0,0,0,0,0,0,0,100,55,0,0,0,0,14:40:00,2
2026-07-31 14:45:39.688000+05:30,31.9,63.3,528,0,2,88,23.5,66.5,0,952.1,0,0,27.3,61.4,593,0,2,127,0.0,0.0,0,0,0,0,19.3,85.6,572,0,2,114,0,0,0,0,0,0,0,0,0,0,0,0,0,0,0,0,0,0,0,0,0,0,0,0,100,55,0,0,0,0,14:40:00,2
2026-07-31 14:45:44.689000+05:30,31.9,63.2,494,0,2,69,23.5,66.5,0,952.2,0,0,27.3,61.4,584,0,2,121,0.0,0.0,0,0,0,0,19.3,85.5,567,0,2,111,0,0,0,0,0,0,0,0,0,0,0,0,0,0,0,0,0,0,0,0,0,0,0,0,100,55,0,0,0,0,14:40:00,2
2026-07-31 14:45:49.688000+05:30,31.9,63.2,493,0,2,68,23.5,66.5,0,952.1,0,0,27.3,61.3,590,0,2,126,0.0,0.0,0,0,0,0,19.3,85.5,588,0,2,124,0,0,0,0,0,0,0,0,0,0,0,0,0,0,0,0,0,0,0,0,0,0,0,0,100,55,0,0,0,0,14:40:00,2
2026-07-31 14:45:54.688000+05:30,31.9,63.2,521,0,2,84,23.5,66.5,0,952.1,0,0,27.3,61.3,600,0,2,132,0.0,0.0,0,0,0,0,19.3,85.5,562,0,2,107,0,0,0,0,0,0,0,0,0,0,0,0,0,0,0,0,0,0,0,0,0,0,0,0,100,55,0,0,0,0,14:40:00,2
2026-07-31 14:45:59.688000+05:30,31.9,63.2,508,0,2,76,23.5,66.5,0,952.1,0,0,27.3,61.4,589,0,2,125,0.0,0.0,0,0,0,0,19.3,85.6,523,0,2,85,0,0,0,0,0,0,0,0,0,0,0,0,0,0,0,0,0,0,0,0,0,0,0,0,100,55,0,0,0,0,14:40:00,2
2026-07-31 14:46:04.688000+05:30,31.9,62.9,480,0,1,61,23.5,66.5,0,952.1,0,0,27.3,61.4,574,0,2,115,0.0,0.0,0,0,0,0,19.3,85.6,540,0,2,94,0,0,0,0,0,0,0,0,0,0,0,0,0,0,0,0,0,0,0,0,0,0,0,0,100,55,0,0,0,0,14:40:00,2
2026-07-31 14:46:09.688000+05:30,31.9,62.9,476,0,1,59,23.5,66.5,0,952.1,0,0,27.3,61.4,568,0,2,111,0.0,0.0,0,0,0,0,19.3,85.5,542,0,2,96,0,0,0,0,0,0,0,0,0,0,0,0,0,0,0,0,0,0,0,0,0,0,0,0,100,55,0,0,0,0,14:40:00,2
2026-07-31 14:46:14.688000+05:30,31.9,62.7,475,0,1,59,23.5,66.5,0,952.0,0,0,27.2,61.4,563,0,2,108,0.0,0.0,0,0,0,0,19.3,85.5,500,0,2,72,0,0,0,0,0,0,0,0,0,0,0,0,0,0,0,0,0,0,0,0,0,0,0,0,100,55,0,0,0,0,14:40:00,2
2026-07-31 14:46:19.687000+05:30,31.9,62.9,441,0,1,42,23.6,66.4,0,952.2,0,0,27.2,61.5,558,0,2,105,0.0,0.0,0,0,0,0,19.3,85.5,501,0,2,72,0,0,0,0,0,0,0,0,0,0,0,0,0,0,0,0,0,0,0,0,0,0,0,0,100,55,0,0,0,0,14:40:00,2
2026-07-31 14:46:24.687000+05:30,31.9,62.9,437,0,1,40,23.6,66.4,0,952.2,0,0,27.2,61.5,554,0,2,103,0.0,0.0,0,0,0,0,19.3,85.5,488,0,2,66,0,0,0,0,0,0,0,0,0,0,0,0,0,0,0,0,0,0,0,0,0,0,0,0,100,55,0,0,0,0,14:40:00,2
2026-07-31 14:46:29.687000+05:30,31.9,62.6,443,0,1,43,23.6,66.4,0,952.2,0,0,27.2,61.5,576,0,2,116,0.0,0.0,0,0,0,0,19.3,85.6,494,0,2,69,0,0,0,0,0,0,0,0,0,0,0,0,0,0,0,0,0,0,0,0,0,0,0,0,100,55,0,0,0,0,14:40:00,2
2026-07-31 14:46:34.686000+05:30,31.9,62.9,464,0,1,54,23.6,66.4,0,952.1,0,0,27.2,61.5,555,0,2,103,0.0,0.0,0,0,0,0,19.4,85.7,516,0,2,81,0,0,0,0,0,0,0,0,0,0,0,0,0,0,0,0,0,0,0,0,0,0,0,0,100,55,0,0,0,0,14:40:00,2
2026-07-31 14:46:39.686000+05:30,32.0,63.2,437,0,1,40,23.6,66.4,0,952.0,0,0,27.2,61.6,568,0,2,112,0.0,0.0,0,0,0,0,19.4,85.8,526,0,2,86,0,0,0,0,0,0,0,0,0,0,0,0,0,0,0,0,0,0,0,0,0,0,0,0,100,55,0,0,0,0,14:40:00,2
2026-07-31 14:46:44.687000+05:30,32.0,63.2,452,0,1,48,23.6,66.4,0,952.1,0,0,27.2,61.6,573,0,2,115,0.0,0.0,0,0,0,0,19.4,85.8,521,0,2,83,0,0,0,0,0,0,0,0,0,0,0,0,0,0,0,0,0,0,0,0,0,0,0,0,100,55,0,0,0,0,14:40:00,2
2026-07-31 14:46:49.686000+05:30,31.9,63.0,451,0,1,47,23.6,66.4,0,952.1,0,0,27.2,61.6,581,0,2,119,0.0,0.0,0,0,0,0,19.4,85.9,542,0,2,96,0,0,0,0,0,0,0,0,0,0,0,0,0,0,0,0,0,0,0,0,0,0,0,0,100,55,0,0,0,0,14:40:00,2
2026-07-31 14:46:54.686000+05:30,32.0,62.9,503,0,2,74,23.6,66.3,0,952.1,0,0,27.2,61.6,575,0,2,115,0.0,0.0,0,0,0,0,19.4,85.9,555,0,2,104,0,0,0,0,0,0,0,0,0,0,0,0,0,0,0,0,0,0,0,0,0,0,0,0,100,55,0,0,0,0,14:40:00,2
2026-07-31 14:46:59.686000+05:30,31.9,62.9,479,0,1,61,23.6,66.3,0,952.1,0,0,27.2,61.6,573,0,2,115,0.0,0.0,0,0,0,0,19.4,85.9,557,0,2,105,0,0,0,0,0,0,0,0,0,0,0,0,0,0,0,0,0,0,0,0,0,0,0,0,100,55,0,0,0,0,14:40:00,2
2026-07-31 14:47:04.686000+05:30,31.9,62.9,464,0,1,53,23.6,66.3,0,952.1,0,0,27.2,61.6,573,0,2,115,0.0,0.0,0,0,0,0,19.4,85.9,557,0,2,105,0,0,0,0,0,0,0,0,0,0,0,0,0,0,0,0,0,0,0,0,0,0,0,0,100,55,0,0,0,0,14:40:00,2
2026-07-31 14:47:09.686000+05:30,31.8,63.0,465,0,1,54,23.6,66.3,0,952.0,0,0,27.2,61.5,560,0,2,106,0.0,0.0,0,0,0,0,19.4,85.8,545,0,2,98,0,0,0,0,0,0,0,0,0,0,0,0,0,0,0,0,0,0,0,0,0,0,0,0,100,55,0,0,0,0,14:40:00,2
2026-07-31 14:47:14.686000+05:30,31.9,63.1,446,0,1,45,23.6,66.3,0,952.0,0,0,27.2,61.5,579,0,2,118,0.0,0.0,0,0,0,0,19.4,85.8,545,0,2,98,0,0,0,0,0,0,0,0,0,0,0,0,0,0,0,0,0,0,0,0,0,0,0,0,100,55,0,0,0,0,14:40:00,2
2026-07-31 14:47:19.687000+05:30,31.9,63.2,475,0,1,59,23.6,66.3,0,952.0,0,0,27.2,61.6,553,0,2,102,0.0,0.0,0,0,0,0,19.3,85.7,537,0,2,93,0,0,0,0,0,0,0,0,0,0,0,0,0,0,0,0,0,0,0,0,0,0,0,0,100,55,0,0,0,0,14:40:00,2
2026-07-31 14:47:24.686000+05:30,32.0,62.9,499,0,2,72,23.6,66.3,0,952.0,0,0,27.2,61.6,581,0,2,119,0.0,0.0,0,0,0,0,19.3,85.7,523,0,2,85,0,0,0,0,0,0,0,0,0,0,0,0,0,0,0,0,0,0,0,0,0,0,0,0,100,55,0,0,0,0,14:40:00,2
2026-07-31 14:47:29.689000+05:30,31.9,63.2,495,0,2,69,23.6,66.2,0,952.1,0,0,27.2,61.6,577,0,2,117,0.0,0.0,0,0,0,0,19.3,85.6,548,0,2,99,0,0,0,0,0,0,0,0,0,0,0,0,0,0,0,0,0,0,0,0,0,0,0,0,100,55,0,0,0,0,14:40:00,2
2026-07-31 14:47:34.693000+05:30,32.0,63.4,514,0,2,80,23.6,66.2,0,952.1,0,0,27.2,61.5,579,0,2,118,0.0,0.0,0,0,0,0,19.3,85.7,567,0,2,110,0,0,0,0,0,0,0,0,0,0,0,0,0,0,0,0,0,0,0,0,0,0,0,0,100,55,0,0,0,0,14:40:00,2
2026-07-31 14:47:39.686000+05:30,31.9,63.4,500,0,2,72,23.6,66.2,0,952.1,0,0,27.2,61.5,569,0,2,112,0.0,0.0,0,0,0,0,19.3,85.7,563,0,2,108,0,0,0,0,0,0,0,0,0,0,0,0,0,0,0,0,0,0,0,0,0,0,0,0,100,55,0,0,0,0,14:40:00,2
2026-07-31 14:47:44.686000+05:30,32.0,63.4,523,0,2,85,23.6,66.2,0,952.1,0,0,27.3,61.5,558,0,2,105,0.0,0.0,0,0,0,0,19.4,85.6,544,0,2,97,0,0,0,0,0,0,0,0,0,0,0,0,0,0,0,0,0,0,0,0,0,0,0,0,100,55,0,0,0,0,14:40:00,2
2026-07-31 14:47:49.686000+05:30,32.0,63.5,484,0,1,64,23.6,66.2,0,952.1,0,0,27.2,61.5,564,0,2,109,0.0,0.0,0,0,0,0,19.4,85.6,553,0,2,102,0,0,0,0,0,0,0,0,0,0,0,0,0,0,0,0,0,0,0,0,0,0,0,0,100,55,0,0,0,0,14:40:00,2
2026-07-31 14:47:54.686000+05:30,32.0,63.2,522,0,2,84,23.6,66.2,0,952.1,0,0,27.2,61.5,555,0,2,103,0.0,0.0,0,0,0,0,19.3,85.7,551,0,2,101,0,0,0,0,0,0,0,0,0,0,0,0,0,0,0,0,0,0,0,0,0,0,0,0,100,55,0,0,0,0,14:40:00,2
2026-07-31 14:47:59.692000+05:30,32.0,63.0,492,0,2,68,23.6,66.1,0,952.1,0,0,27.2,61.4,557,0,2,105,0.0,0.0,0,0,0,0,19.3,85.7,516,0,2,81,0,0,0,0,0,0,0,0,0,0,0,0,0,0,0,0,0,0,0,0,0,0,0,0,100,55,0,0,0,0,14:40:00,2
2026-07-31 14:48:04.692000+05:30,32.0,62.8,496,0,2,70,23.6,66.1,0,952.1,0,0,27.3,61.4,586,0,2,123,0.0,0.0,0,0,0,0,19.3,85.7,505,0,2,75,0,0,0,0,0,0,0,0,0,0,0,0,0,0,0,0,0,0,0,0,0,0,0,0,100,55,0,0,0,0,14:40:00,2
2026-07-31 14:48:09.686000+05:30,32.0,62.7,493,0,2,68,23.6,66.1,0,952.1,0,0,27.3,61.4,579,0,2,118,0.0,0.0,0,0,0,0,19.3,85.7,534,0,2,91,0,0,0,0,0,0,0,0,0,0,0,0,0,0,0,0,0,0,0,0,0,0,0,0,100,55,0,0,0,0,14:40:00,2
2026-07-31 14:48:14.685000+05:30,32.0,62.7,497,0,2,70,23.6,66.1,0,952.0,0,0,27.3,61.4,592,0,2,127,0.0,0.0,0,0,0,0,19.3,85.7,529,0,2,88,0,0,0,0,0,0,0,0,0,0,0,0,0,0,0,0,0,0,0,0,0,0,0,0,100,55,0,0,0,0,14:40:00,2
2026-07-31 14:48:19.686000+05:30,32.0,62.5,526,0,2,86,23.6,66.1,0,952.0,0,0,27.3,61.4,607,0,2,136,0.0,0.0,0,0,0,0,19.3,85.7,549,0,2,100,0,0,0,0,0,0,0,0,0,0,0,0,0,0,0,0,0,0,0,0,0,0,0,0,100,55,0,0,0,0,14:40:00,2
2026-07-31 14:48:24.691000+05:30,31.9,62.4,507,0,2,76,23.6,66.0,0,952.0,0,0,27.3,61.4,575,0,2,115,0.0,0.0,0,0,0,0,19.3,85.7,542,0,2,96,0,0,0,0,0,0,0,0,0,0,0,0,0,0,0,0,0,0,0,0,0,0,0,0,100,55,0,0,0,0,14:40:00,2
2026-07-31 14:48:29.691000+05:30,31.9,62.3,502,0,2,73,23.7,66.1,0,952.1,0,0,27.3,61.4,559,0,2,106,0.0,0.0,0,0,0,0,19.3,85.7,538,0,2,93,0,0,0,0,0,0,0,0,0,0,0,0,0,0,0,0,0,0,0,0,0,0,0,0,100,55,0,0,0,0,14:40:00,2
2026-07-31 14:48:34.691000+05:30,31.9,62.6,486,0,2,65,23.7,66.1,0,952.1,0,0,27.3,61.4,588,0,2,124,0.0,0.0,0,0,0,0,19.3,85.7,558,0,2,105,0,0,0,0,0,0,0,0,0,0,0,0,0,0,0,0,0,0,0,0,0,0,0,0,100,55,0,0,0,0,14:40:00,2
2026-07-31 14:48:39.691000+05:30,31.9,62.6,496,0,2,70,23.7,66.2,0,952.1,0,0,27.3,61.5,539,0,2,94,0.0,0.0,0,0,0,0,19.3,85.7,548,0,2,99,0,0,0,0,0,0,0,0,0,0,0,0,0,0,0,0,0,0,0,0,0,0,0,0,100,55,0,0,0,0,14:40:00,2
2026-07-31 14:48:44.691000+05:30,31.9,62.6,477,0,1,60,23.7,66.2,0,952.1,0,0,27.3,61.5,562,0,2,108,0.0,0.0,0,0,0,0,19.3,85.7,553,0,2,102,0,0,0,0,0,0,0,0,0,0,0,0,0,0,0,0,0,0,0,0,0,0,0,0,100,55,0,0,0,0,14:40:00,2
2026-07-31 14:48:49.690000+05:30,31.9,62.6,439,0,1,41,23.7,66.2,0,952.1,0,0,27.3,61.9,562,0,2,108,0.0,0.0,0,0,0,0,19.3,85.7,541,0,2,95,0,0,0,0,0,0,0,0,0,0,0,0,0,0,0,0,0,0,0,0,0,0,0,0,100,55,0,0,0,0,14:40:00,2
2026-07-31 14:48:54.691000+05:30,31.9,63.0,463,0,1,53,23.7,66.4,0,952.1,0,0,27.3,61.9,551,0,2,101,0.0,0.0,0,0,0,0,19.3,85.7,518,0,2,82,0,0,0,0,0,0,0,0,0,0,0,0,0,0,0,0,0,0,0,0,0,0,0,0,100,55,0,0,0,0,14:40:00,2
2026-07-31 14:48:59.690000+05:30,31.9,63.0,469,0,1,56,23.7,66.4,0,952.1,0,0,27.3,61.9,571,0,2,113,0.0,0.0,0,0,0,0,19.4,85.7,509,0,2,77,0,0,0,0,0,0,0,0,0,0,0,0,0,0,0,0,0,0,0,0,0,0,0,0,100,55,0,0,0,0,14:40:00,2
2026-07-31 14:49:04.690000+05:30,31.9,62.8,472,0,1,58,23.7,66.3,0,952.1,0,0,27.3,61.8,566,0,2,110,0.0,0.0,0,0,0,0,19.4,85.7,495,0,2,69,0,0,0,0,0,0,0,0,0,0,0,0,0,0,0,0,0,0,0,0,0,0,0,0,100,55,0,0,0,0,14:40:00,2
2026-07-31 14:49:09.689000+05:30,31.9,62.7,458,0,1,51,23.7,66.3,0,952.1,0,0,27.3,61.8,561,0,2,107,0.0,0.0,0,0,0,0,19.4,85.7,518,0,2,82,0,0,0,0,0,0,0,0,0,0,0,0,0,0,0,0,0,0,0,0,0,0,0,0,100,55,0,0,0,0,14:40:00,2
2026-07-31 14:49:14.689000+05:30,31.9,62.7,427,0,1,36,23.7,66.2,0,952.0,0,0,27.3,61.7,559,0,2,106,0.0,0.0,0,0,0,0,19.3,85.6,506,0,2,75,0,0,0,0,0,0,0,0,0,0,0,0,0,0,0,0,0,0,0,0,0,0,0,0,100,55,0,0,0,0,14:40:00,2
2026-07-31 14:49:19.693000+05:30,31.9,62.9,471,0,1,57,23.7,66.2,0,952.0,0,0,27.3,61.7,559,0,2,106,0.0,0.0,0,0,0,0,19.3,85.6,514,0,2,80,0,0,0,0,0,0,0,0,0,0,0,0,0,0,0,0,0,0,0,0,0,0,0,0,100,55,0,0,0,0,14:40:00,2
2026-07-31 14:49:24.689000+05:30,31.9,63.1,466,0,1,54,23.7,66.1,0,952.0,0,0,27.3,61.7,553,0,2,102,0.0,0.0,0,0,0,0,19.4,85.6,537,0,2,93,0,0,0,0,0,0,0,0,0,0,0,0,0,0,0,0,0,0,0,0,0,0,0,0,100,55,0,0,0,0,14:40:00,2
2026-07-31 14:49:29.690000+05:30,31.9,63.1,473,0,1,58,23.7,66.2,0,952.1,0,0,27.3,61.7,573,0,2,115,0.0,0.0,0,0,0,0,19.4,85.5,532,0,2,90,0,0,0,0,0,0,0,0,0,0,0,0,0,0,0,0,0,0,0,0,0,0,0,0,100,55,0,0,0,0,14:40:00,2
2026-07-31 14:49:34.689000+05:30,32.0,63.2,478,0,1,61,23.7,66.1,0,952.1,0,0,27.3,61.7,576,0,2,117,0.0,0.0,0,0,0,0,19.4,85.6,561,0,2,107,0,0,0,0,0,0,0,0,0,0,0,0,0,0,0,0,0,0,0,0,0,0,0,0,100,55,0,0,0,0,14:40:00,2
2026-07-31 14:49:39.689000+05:30,32.0,63.2,504,0,2,74,23.7,66.1,0,952.1,0,0,27.3,61.7,591,0,2,126,0.0,0.0,0,0,0,0,19.4,85.6,550,0,2,100,0,0,0,0,0,0,0,0,0,0,0,0,0,0,0,0,0,0,0,0,0,0,0,0,100,55,0,0,0,0,14:40:00,2
2026-07-31 14:49:44.689000+05:30,32.0,63.3,510,0,2,78,23.7,66.1,0,952.1,0,0,27.3,61.6,596,0,2,129,0.0,0.0,0,0,0,0,19.4,85.6,561,0,2,107,0,0,0,0,0,0,0,0,0,0,0,0,0,0,0,0,0,0,0,0,0,0,0,0,100,55,0,0,0,0,14:40:00,2
2026-07-31 14:49:49.842000+05:30,32.0,63.5,536,0,2,92,23.7,66.1,0,952.1,0,0,27.3,61.6,582,0,2,120,0.0,0.0,0,0,0,0,19.4,85.6,542,0,2,96,0,0,0,0,0,0,0,0,0,0,0,0,0,0,0,0,0,0,0,0,0,0,0,0,100,55,0,0,0,0,14:40:00,2
2026-07-31 14:49:54.688000+05:30,32.0,63.7,528,0,2,88,23.7,66.1,0,952.1,0,0,27.3,61.6,564,0,2,109,0.0,0.0,0,0,0,0,19.4,85.5,554,0,2,103,0,0,0,0,0,0,0,0,0,0,0,0,0,0,0,0,0,0,0,0,0,0,0,0,100,55,0,0,0,0,14:40:00,2
2026-07-31 14:49:59.689000+05:30,31.9,63.7,513,0,2,79,23.7,66.1,0,952.1,0,0,27.3,61.6,594,0,2,128,0.0,0.0,0,0,0,0,19.4,85.4,566,0,2,110,0,0,0,0,0,0,0,0,0,0,0,0,0,0,0,0,0,0,0,0,0,0,0,0,100,55,0,0,0,0,14:40:00,2
2026-07-31 14:50:04.688000+05:30,31.9,63.6,487,0,2,65,23.7,66.1,0,952.1,0,0,27.3,61.5,584,0,2,121,0.0,0.0,0,0,0,0,19.4,85.3,543,0,2,96,0,0,0,0,0,0,0,0,0,0,0,0,0,0,0,0,0,0,0,0,0,0,0,0,100,55,0,0,0,0,14:40:00,2
2026-07-31 14:50:09.689000+05:30,31.9,63.5,515,0,2,80,23.7,66.1,0,952.0,0,0,27.3,61.5,606,0,2,136,0.0,0.0,0,0,0,0,19.4,85.3,523,0,2,85,0,0,0,0,0,0,0,0,0,0,0,0,0,0,0,0,0,0,0,0,0,0,0,0,100,55,0,0,0,0,14:40:00,2
2026-07-31 14:50:14.688000+05:30,32.0,63.6,491,0,2,67,23.7,66.1,0,952.0,0,0,27.3,61.5,582,0,2,120,0.0,0.0,0,0,0,0,19.3,85.2,520,0,2,83,0,0,0,0,0,0,0,0,0,0,0,0,0,0,0,0,0,0,0,0,0,0,0,0,100,55,0,0,0,0,14:40:00,2
2026-07-31 14:50:19.688000+05:30,32.0,63.6,484,0,1,64,23.7,66.0,0,952.0,0,0,27.4,61.5,596,0,2,129,0.0,0.0,0,0,0,0,19.4,85.2,497,0,2,71,0,0,0,0,0,0,0,0,0,0,0,0,0,0,0,0,0,0,0,0,0,0,0,0,100,55,0,0,0,0,14:40:00,2
2026-07-31 14:50:24.688000+05:30,32.0,63.6,476,0,1,59,23.7,66.0,0,952.0,0,0,27.4,61.5,583,0,2,121,0.0,0.0,0,0,0,0,19.3,85.0,521,0,2,84,0,0,0,0,0,0,0,0,0,0,0,0,0,0,0,0,0,0,0,0,0,0,0,0,100,55,0,0,0,0,14:40:00,2
2026-07-31 14:50:29.688000+05:30,32.0,63.1,446,0,1,45,23.7,66.0,0,952.0,0,0,27.4,61.5,591,0,2,126,0.0,0.0,0,0,0,0,19.3,85.0,520,0,2,83,0,0,0,0,0,0,0,0,0,0,0,0,0,0,0,0,0,0,0,0,0,0,0,0,100,55,0,0,0,0,14:40:00,2
2026-07-31 14:50:34.689000+05:30,32.0,63.0,449,0,1,46,23.8,65.9,0,952.1,0,0,27.4,61.4,581,0,2,120,0.0,0.0,0,0,0,0,19.3,85.0,515,0,2,80,0,0,0,0,0,0,0,0,0,0,0,0,0,0,0,0,0,0,0,0,0,0,0,0,100,55,0,0,0,0,14:40:00,2
2026-07-31 14:50:39.687000+05:30,32.0,62.8,471,0,1,57,23.8,66.0,0,952.1,0,0,27.5,61.2,608,0,2,137,0.0,0.0,0,0,0,0,19.3,85.0,516,0,2,81,0,0,0,0,0,0,0,0,0,0,0,0,0,0,0,0,0,0,0,0,0,0,0,0,100,55,0,0,0,0,14:40:00,2
2026-07-31 14:50:44.687000+05:30,32.0,62.5,473,0,1,58,23.8,66.0,0,952.1,0,0,27.5,61.2,598,0,2,130,0.0,0.0,0,0,0,0,19.3,85.0,512,0,2,78,0,0,0,0,0,0,0,0,0,0,0,0,0,0,0,0,0,0,0,0,0,0,0,0,100,55,0,0,0,0,14:40:00,2
2026-07-31 14:50:49.687000+05:30,32.0,62.5,481,0,1,62,23.8,65.9,0,952.1,0,0,27.5,61.2,608,0,2,137,0.0,0.0,0,0,0,0,19.3,85.1,508,0,2,76,0,0,0,0,0,0,0,0,0,0,0,0,0,0,0,0,0,0,0,0,0,0,0,0,100,55,0,0,0,0,14:40:00,2
2026-07-31 14:50:54.687000+05:30,32.0,62.8,506,0,2,76,23.8,65.9,0,952.0,0,0,27.5,61.1,604,0,2,135,0.0,0.0,0,0,0,0,19.3,85.1,506,0,2,75,0,0,0,0,0,0,0,0,0,0,0,0,0,0,0,0,0,0,0,0,0,0,0,0,100,55,0,0,0,0,14:40:00,2
2026-07-31 14:50:59.688000+05:30,32.0,63.0,492,0,2,68,23.8,65.9,0,952.0,0,0,27.5,61.1,593,0,2,128,0.0,0.0,0,0,0,0,19.4,85.1,524,0,2,85,0,0,0,0,0,0,0,0,0,0,0,0,0,0,0,0,0,0,0,0,0,0,0,0,100,55,0,0,0,0,14:40:00,2
2026-07-31 14:51:04.686000+05:30,32.0,63.1,488,0,2,66,23.8,65.8,0,952.0,0,0,27.5,61.0,615,0,2,142,0.0,0.0,0,0,0,0,19.4,85.2,526,0,2,86,0,0,0,0,0,0,0,0,0,0,0,0,0,0,0,0,0,0,0,0,0,0,0,0,100,55,0,0,0,0,14:40:00,2
2026-07-31 14:51:09.689000+05:30,32.0,62.7,475,0,1,59,23.8,65.8,0,952.0,0,0,27.5,61.0,593,0,2,127,0.0,0.0,0,0,0,0,19.4,85.2,529,0,2,88,0,0,0,0,0,0,0,0,0,0,0,0,0,0,0,0,0,0,0,0,0,0,0,0,100,55,0,0,0,0,14:40:00,2
2026-07-31 14:51:14.686000+05:30,32.0,62.9,481,0,1,62,23.8,65.9,0,952.0,0,0,27.5,61.0,589,0,2,124,0.0,0.0,0,0,0,0,19.4,85.4,527,0,2,87,0,0,0,0,0,0,0,0,0,0,0,0,0,0,0,0,0,0,0,0,0,0,0,0,100,55,0,0,0,0,14:40:00,2
2026-07-31 14:51:19.686000+05:30,32.0,63.0,477,0,1,60,23.8,65.9,0,952.0,0,0,27.5,61.0,610,0,2,138,0.0,0.0,0,0,0,0,19.4,85.4,500,0,2,72,0,0,0,0,0,0,0,0,0,0,0,0,0,0,0,0,0,0,0,0,0,0,0,0,100,55,0,0,0,0,14:40:00,2
2026-07-31 14:51:24.687000+05:30,32.0,63.2,492,0,2,68,23.8,65.9,0,952.1,0,0,27.5,61.0,590,0,2,125,0.0,0.0,0,0,0,0,19.3,85.4,531,0,2,89,0,0,0,0,0,0,0,0,0,0,0,0,0,0,0,0,0,0,0,0,0,0,0,0,100,55,0,0,0,0,14:40:00,2
2026-07-31 14:51:29.686000+05:30,31.9,63.0,465,0,1,54,23.8,65.8,0,952.0,0,0,27.5,61.0,562,0,2,108,0.0,0.0,0,0,0,0,19.3,85.4,568,0,2,112,0,0,0,0,0,0,0,0,0,0,0,0,0,0,0,0,0,0,0,0,0,0,0,0,100,55,0,0,0,0,14:40:00,2
2026-07-31 14:51:34.686000+05:30,31.9,62.9,454,0,1,49,23.8,65.8,0,952.0,0,0,27.5,61.0,572,0,2,114,0.0,0.0,0,0,0,0,19.3,85.3,533,0,2,91,0,0,0,0,0,0,0,0,0,0,0,0,0,0,0,0,0,0,0,0,0,0,0,0,100,55,0,0,0,0,14:40:00,2
2026-07-31 14:51:39.686000+05:30,31.9,62.7,431,0,1,38,23.8,65.8,0,952.1,0,0,27.5,61.0,552,0,2,101,0.0,0.0,0,0,0,0,19.3,85.2,516,0,2,81,0,0,0,0,0,0,0,0,0,0,0,0,0,0,0,0,0,0,0,0,0,0,0,0,100,55,0,0,0,0,14:40:00,2
2026-07-31 14:51:44.687000+05:30,31.9,62.5,421,0,1,33,23.8,65.8,0,952.1,0,0,27.5,61.0,572,0,2,114,0.0,0.0,0,0,0,0,19.3,85.2,518,0,2,82,0,0,0,0,0,0,0,0,0,0,0,0,0,0,0,0,0,0,0,0,0,0,0,0,100,55,0,0,0,0,14:40:00,2
2026-07-31 14:51:49.693000+05:30,31.9,62.8,461,0,1,52,23.8,65.9,0,952.0,0,0,27.5,61.2,596,0,2,129,0.0,0.0,0,0,0,0,19.3,85.3,508,0,2,76,0,0,0,0,0,0,0,0,0,0,0,0,0,0,0,0,0,0,0,0,0,0,0,0,100,55,0,0,0,0,14:40:00,2
2026-07-31 14:51:54.692000+05:30,32.0,63.0,487,0,2,65,23.8,65.9,0,952.0,0,0,27.5,61.2,612,0,2,140,0.0,0.0,0,0,0,0,19.3,85.4,523,0,2,85,0,0,0,0,0,0,0,0,0,0,0,0,0,0,0,0,0,0,0,0,0,0,0,0,100,55,0,0,0,0,14:40:00,2
2026-07-31 14:51:59.693000+05:30,32.0,63.1,448,0,1,46,23.8,65.9,0,952.0,0,0,27.5,61.2,581,0,2,120,0.0,0.0,0,0,0,0,19.3,85.4,486,0,2,65,0,0,0,0,0,0,0,0,0,0,0,0,0,0,0,0,0,0,0,0,0,0,0,0,100,55,0,0,0,0,14:40:00,2
2026-07-31 14:52:04.690000+05:30,32.0,63.2,458,0,1,50,23.8,65.8,0,952.0,0,0,27.5,61.2,580,0,2,119,0.0,0.0,0,0,0,0,19.3,85.3,525,0,2,86,0,0,0,0,0,0,0,0,0,0,0,0,0,0,0,0,0,0,0,0,0,0,0,0,100,55,0,0,0,0,14:40:00,2
2026-07-31 14:52:09.693000+05:30,32.0,63.2,481,0,1,62,23.8,65.8,0,952.0,0,0,27.5,61.1,581,0,2,120,0.0,0.0,0,0,0,0,19.3,85.3,523,0,2,85,0,0,0,0,0,0,0,0,0,0,0,0,0,0,0,0,0,0,0,0,0,0,0,0,100,55,0,0,0,0,14:40:00,2
2026-07-31 14:52:14.692000+05:30,32.0,63.1,472,0,1,58,23.8,65.8,0,952.0,0,0,27.5,61.1,572,0,2,114,0.0,0.0,0,0,0,0,19.3,85.2,512,0,2,78,0,0,0,0,0,0,0,0,0,0,0,0,0,0,0,0,0,0,0,0,0,0,0,0,100,55,0,0,0,0,14:40:00,2
2026-07-31 14:52:19.692000+05:30,32.0,63.1,455,0,1,49,23.8,65.7,0,952.0,0,0,27.5,61.0,596,0,2,129,0.0,0.0,0,0,0,0,19.3,85.3,517,0,2,82,0,0,0,0,0,0,0,0,0,0,0,0,0,0,0,0,0,0,0,0,0,0,0,0,100,55,0,0,0,0,14:40:00,2
2026-07-31 14:52:24.692000+05:30,32.0,63.0,485,0,1,64,23.8,65.7,0,952.0,0,0,27.5,61.0,570,0,2,113,0.0,0.0,0,0,0,0,19.3,85.3,514,0,2,80,0,0,0,0,0,0,0,0,0,0,0,0,0,0,0,0,0,0,0,0,0,0,0,0,100,55,0,0,0,0,14:40:00,2
2026-07-31 14:52:29.691000+05:30,32.0,63.0,488,0,2,66,23.8,65.7,0,952.1,0,0,27.5,60.9,586,0,2,123,0.0,0.0,0,0,0,0,19.3,85.2,514,0,2,80,0,0,0,0,0,0,0,0,0,0,0,0,0,0,0,0,0,0,0,0,0,0,0,0,100,55,0,0,0,0,14:40:00,2
2026-07-31 14:52:34.692000+05:30,32.0,62.7,487,0,2,65,23.9,65.6,0,952.1,0,0,27.5,60.9,557,0,2,105,0.0,0.0,0,0,0,0,19.3,85.2,527,0,2,87,0,0,0,0,0,0,0,0,0,0,0,0,0,0,0,0,0,0,0,0,0,0,0,0,100,55,0,0,0,0,14:40:00,2
2026-07-31 14:52:39.692000+05:30,32.0,62.6,516,0,2,81,23.9,65.6,0,952.1,0,0,27.5,60.9,578,0,2,118,0.0,0.0,0,0,0,0,19.3,85.3,511,0,2,78,0,0,0,0,0,0,0,0,0,0,0,0,0,0,0,0,0,0,0,0,0,0,0,0,100,55,0,0,0,0,14:40:00,2
2026-07-31 14:52:44.691000+05:30,32.0,62.7,465,0,1,54,23.9,65.6,0,952.1,0,0,27.5,61.0,588,0,2,124,0.0,0.0,0,0,0,0,19.3,85.4,518,0,2,82,0,0,0,0,0,0,0,0,0,0,0,0,0,0,0,0,0,0,0,0,0,0,0,0,100,55,0,0,0,0,14:40:00,2
2026-07-31 14:52:49.686000+05:30,32.0,62.5,503,0,2,74,23.9,65.7,0,952.1,0,0,27.5,61.0,592,0,2,126,0.0,0.0,0,0,0,0,19.3,85.5,527,0,2,87,0,0,0,0,0,0,0,0,0,0,0,0,0,0,0,0,0,0,0,0,0,0,0,0,100,55,0,0,0,0,14:40:00,2
2026-07-31 14:52:54.691000+05:30,32.0,62.6,499,0,2,72,23.9,65.7,0,952.1,0,0,27.5,61.0,596,0,2,129,0.0,0.0,0,0,0,0,19.3,85.5,519,0,2,83,0,0,0,0,0,0,0,0,0,0,0,0,0,0,0,0,0,0,0,0,0,0,0,0,100,55,0,0,0,0,14:40:00,2
2026-07-31 14:52:59.690000+05:30,32.0,62.6,448,0,1,46,23.9,65.6,0,952.0,0,0,27.5,61.0,588,0,2,124,0.0,0.0,0,0,0,0,19.3,85.6,536,0,2,92,0,0,0,0,0,0,0,0,0,0,0,0,0,0,0,0,0,0,0,0,0,0,0,0,100,55,0,0,0,0,14:40:00,2
2026-07-31 14:53:04.691000+05:30,32.0,62.6,450,0,1,47,23.9,65.5,0,952.1,0,0,27.5,61.0,589,0,2,124,0.0,0.0,0,0,0,0,19.3,85.7,527,0,2,87,0,0,0,0,0,0,0,0,0,0,0,0,0,0,0,0,0,0,0,0,0,0,0,0,100,55,0,0,0,0,14:40:00,2
2026-07-31 14:53:09.691000+05:30,32.0,62.4,467,0,1,55,23.9,65.6,0,952.1,0,0,27.5,60.9,614,0,2,141,0.0,0.0,0,0,0,0,19.3,85.7,522,0,2,84,0,0,0,0,0,0,0,0,0,0,0,0,0,0,0,0,0,0,0,0,0,0,0,0,100,55,0,0,0,0,14:40:00,2
2026-07-31 14:53:14.690000+05:30,32.0,62.6,484,0,1,64,23.9,65.6,0,952.1,0,0,27.5,60.9,584,0,2,121,0.0,0.0,0,0,0,0,19.3,85.7,521,0,2,84,0,0,0,0,0,0,0,0,0,0,0,0,0,0,0,0,0,0,0,0,0,0,0,0,100,55,0,0,0,0,14:40:00,2
2026-07-31 14:53:19.690000+05:30,32.0,62.7,480,0,1,62,23.9,65.4,0,952.0,0,0,27.5,60.9,588,0,2,124,0.0,0.0,0,0,0,0,19.3,85.8,508,0,2,76,0,0,0,0,0,0,0,0,0,0,0,0,0,0,0,0,0,0,0,0,0,0,0,0,100,55,0,0,0,0,14:40:00,2
2026-07-31 14:53:24.691000+05:30,32.0,62.6,439,0,1,41,23.9,65.6,0,952.0,0,0,27.5,60.9,592,0,2,127,0.0,0.0,0,0,0,0,19.4,85.9,519,0,2,83,0,0,0,0,0,0,0,0,0,0,0,0,0,0,0,0,0,0,0,0,0,0,0,0,100,55,0,0,0,0,14:40:00,2
2026-07-31 14:53:29.690000+05:30,31.9,62.6,454,0,1,49,23.9,65.6,0,952.1,0,0,27.5,60.9,595,0,2,129,0.0,0.0,0,0,0,0,19.4,85.8,479,0,1,61,0,0,0,0,0,0,0,0,0,0,0,0,0,0,0,0,0,0,0,0,0,0,0,0,100,55,0,0,0,0,14:40:00,2
2026-07-31 14:53:34.690000+05:30,31.9,62.8,449,0,1,46,23.9,65.6,0,952.1,0,0,27.5,60.9,589,0,2,124,0.0,0.0,0,0,0,0,19.4,85.8,502,0,2,73,0,0,0,0,0,0,0,0,0,0,0,0,0,0,0,0,0,0,0,0,0,0,0,0,100,55,0,0,0,0,14:40:00,2
2026-07-31 14:53:39.690000+05:30,31.9,62.8,443,0,1,43,23.9,65.5,0,952.1,0,0,27.5,60.9,551,0,2,101,0.0,0.0,0,0,0,0,19.4,85.7,508,0,2,76,0,0,0,0,0,0,0,0,0,0,0,0,0,0,0,0,0,0,0,0,0,0,0,0,100,55,0,0,0,0,14:40:00,2
2026-07-31 14:53:44.690000+05:30,31.9,62.7,445,0,1,44,23.9,65.5,0,952.1,0,0,27.5,60.9,569,0,2,112,0.0,0.0,0,0,0,0,19.4,85.7,515,0,2,80,0,0,0,0,0,0,0,0,0,0,0,0,0,0,0,0,0,0,0,0,0,0,0,0,100,55,0,0,0,0,14:40:00,2
2026-07-31 14:53:49.689000+05:30,31.9,62.8,420,0,1,33,23.9,65.5,0,952.1,0,0,27.5,60.9,550,0,2,100,0.0,0.0,0,0,0,0,19.4,85.6,503,0,2,73,0,0,0,0,0,0,0,0,0,0,0,0,0,0,0,0,0,0,0,0,0,0,0,0,100,55,0,0,0,0,14:40:00,2
2026-07-31 14:53:54.689000+05:30,32.0,62.9,476,0,1,59,23.9,65.5,0,952.1,0,0,27.5,60.9,579,0,2,118,0.0,0.0,0,0,0,0,19.4,85.5,539,0,2,94,0,0,0,0,0,0,0,0,0,0,0,0,0,0,0,0,0,0,0,0,0,0,0,0,100,55,0,0,0,0,14:40:00,2
2026-07-31 14:53:59.689000+05:30,32.0,63.1,508,0,2,76,23.9,65.5,0,952.1,0,0,27.5,60.9,580,0,2,119,0.0,0.0,0,0,0,0,19.4,85.5,566,0,2,110,0,0,0,0,0,0,0,0,0,0,0,0,0,0,0,0,0,0,0,0,0,0,0,0,100,55,0,0,0,0,14:40:00,2
2026-07-31 14:54:04.689000+05:30,32.0,63.3,505,0,2,75,23.9,65.4,0,952.1,0,0,27.5,60.9,574,0,2,115,0.0,0.0,0,0,0,0,19.4,85.5,565,0,2,109,0,0,0,0,0,0,0,0,0,0,0,0,0,0,0,0,0,0,0,0,0,0,0,0,100,55,0,0,0,0,14:40:00,2
2026-07-31 14:54:09.689000+05:30,32.0,63.4,499,0,2,71,23.9,65.4,0,952.1,0,0,27.5,60.8,593,0,2,127,0.0,0.0,0,0,0,0,19.4,85.5,540,0,2,95,0,0,0,0,0,0,0,0,0,0,0,0,0,0,0,0,0,0,0,0,0,0,0,0,100,55,0,0,0,0,14:40:00,2
2026-07-31 14:54:14.690000+05:30,32.0,63.1,518,0,2,82,23.9,65.4,0,952.1,0,0,27.5,60.8,574,0,2,115,0.0,0.0,0,0,0,0,19.4,85.4,570,0,2,112,0,0,0,0,0,0,0,0,0,0,0,0,0,0,0,0,0,0,0,0,0,0,0,0,100,55,0,0,0,0,14:40:00,2
2026-07-31 14:54:19.688000+05:30,32.0,63.1,498,0,2,71,23.9,65.4,0,952.1,0,0,27.5,60.8,578,0,2,117,0.0,0.0,0,0,0,0,19.4,85.4,530,0,2,89,0,0,0,0,0,0,0,0,0,0,0,0,0,0,0,0,0,0,0,0,0,0,0,0,100,55,0,0,0,0,14:40:00,2
2026-07-31 14:54:24.687000+05:30,32.0,62.9,481,0,1,62,23.9,65.4,0,952.0,0,0,27.5,60.9,587,0,2,124,0.0,0.0,0,0,0,0,19.4,85.4,542,0,2,95,0,0,0,0,0,0,0,0,0,0,0,0,0,0,0,0,0,0,0,0,0,0,0,0,100,55,0,0,0,0,14:40:00,2
2026-07-31 14:54:29.693000+05:30,32.0,63.0,505,0,2,75,23.9,65.4,0,952.1,0,0,27.5,60.9,581,0,2,120,0.0,0.0,0,0,0,0,19.3,85.3,554,0,2,103,0,0,0,0,0,0,0,0,0,0,0,0,0,0,0,0,0,0,0,0,0,0,0,0,100,55,0,0,0,0,14:40:00,2
2026-07-31 14:54:34.688000+05:30,32.0,63.0,483,0,1,63,23.9,65.4,0,952.1,0,0,27.5,60.9,562,0,2,107,0.0,0.0,0,0,0,0,19.3,85.3,554,0,2,103,0,0,0,0,0,0,0,0,0,0,0,0,0,0,0,0,0,0,0,0,0,0,0,0,100,55,0,0,0,0,14:40:00,2
2026-07-31 14:54:39.689000+05:30,32.0,63.1,514,0,2,80,23.9,65.4,0,952.0,0,0,27.5,60.9,553,0,2,102,0.0,0.0,0,0,0,0,19.3,85.3,549,0,2,100,0,0,0,0,0,0,0,0,0,0,0,0,0,0,0,0,0,0,0,0,0,0,0,0,100,55,0,0,0,0,14:40:00,2
2026-07-31 14:54:44.688000+05:30,32.0,62.7,463,0,1,53,23.9,65.4,0,952.0,0,0,27.5,60.9,577,0,2,117,0.0,0.0,0,0,0,0,19.4,85.3,542,0,2,96,0,0,0,0,0,0,0,0,0,0,0,0,0,0,0,0,0,0,0,0,0,0,0,0,100,55,0,0,0,0,14:40:00,2
2026-07-31 14:54:49.688000+05:30,32.0,62.4,477,0,1,60,23.9,65.3,0,952.1,0,0,27.5,60.9,575,0,2,116,0.0,0.0,0,0,0,0,19.4,85.3,531,0,2,89,0,0,0,0,0,0,0,0,0,0,0,0,0,0,0,0,0,0,0,0,0,0,0,0,100,55,0,0,0,0,14:40:00,2
2026-07-31 14:54:54.690000+05:30,32.0,62.2,490,0,2,67,23.9,65.3,0,952.0,0,0,27.5,60.9,572,0,2,114,0.0,0.0,0,0,0,0,19.3,85.3,539,0,2,94,0,0,0,0,0,0,0,0,0,0,0,0,0,0,0,0,0,0,0,0,0,0,0,0,100,55,0,0,0,0,14:40:00,2
2026-07-31 14:54:59.688000+05:30,32.0,62.2,481,0,1,62,23.9,65.3,0,952.1,0,0,27.5,60.9,580,0,2,119,0.0,0.0,0,0,0,0,19.3,85.3,532,0,2,90,0,0,0,0,0,0,0,0,0,0,0,0,0,0,0,0,0,0,0,0,0,0,0,0,100,55,0,0,0,0,14:40:00,2
2026-07-31 14:55:04.690000+05:30,32.0,62.2,465,0,1,54,23.9,65.3,0,952.1,0,0,27.5,60.9,577,0,2,117,0.0,0.0,0,0,0,0,19.3,85.3,498,0,2,71,0,0,0,0,0,0,0,0,0,0,0,0,0,0,0,0,0,0,0,0,0,0,0,0,100,55,0,0,0,0,14:55:00,1
2026-07-31 14:55:09.688000+05:30,32.0,62.3,458,0,1,50,24.0,65.3,0,952.0,0,0,27.5,60.8,602,0,2,133,0.0,0.0,0,0,0,0,19.3,85.3,506,0,2,76,0,0,0,0,0,0,0,0,0,0,0,0,0,0,0,0,0,0,0,0,0,0,0,0,100,55,0,0,0,0,14:55:00,1
2026-07-31 14:55:14.687000+05:30,32.0,62.4,495,0,2,70,24.0,65.3,0,952.5,0,0,27.6,60.8,590,0,2,125,0.0,0.0,0,0,0,0,19.3,85.2,524,0,2,85,0,0,0,0,0,0,0,0,0,0,0,0,0,0,0,0,0,0,0,0,0,0,0,0,100,55,0,0,0,0,14:55:00,1
2026-07-31 14:55:19.690000+05:30,32.0,62.5,505,0,2,75,24.0,65.3,0,952.5,0,0,27.6,60.8,589,0,2,125,0.0,0.0,0,0,0,0,19.3,85.2,542,0,2,96,0,0,0,0,0,0,0,0,0,0,0,0,0,0,0,0,0,0,0,0,0,0,0,0,100,55,0,0,0,0,14:55:00,1
2026-07-31 14:55:24.687000+05:30,32.0,62.5,504,0,2,74,24.0,66.9,0,952.7,0,0,27.6,62.1,590,0,2,125,0.0,0.0,0,0,0,0,19.5,84.5,543,0,2,96,0,0,0,0,0,0,0,0,0,0,0,0,0,0,0,0,0,0,0,0,0,0,0,0,100,55,0,0,0,0,14:55:00,1
2026-07-31 14:55:29.692000+05:30,32.0,61.9,491,0,2,68,24.0,66.9,0,952.7,0,0,27.6,62.1,576,0,2,116,0.0,0.0,0,0,0,0,19.5,84.5,522,0,2,84,0,0,0,0,0,0,0,0,0,0,0,0,0,0,0,0,0,0,0,0,0,0,0,0,100,55,0,0,0,0,14:55:00,1
2026-07-31 14:55:34.697000+05:30,31.9,62.1,467,0,1,55,24.0,67.0,0,952.7,0,0,27.6,61.8,570,0,2,113,0.0,0.0,0,0,0,0,19.5,83.7,523,0,2,85,0,0,0,0,0,0,0,0,0,0,0,0,0,0,0,0,0,0,0,0,0,0,0,0,100,55,0,0,0,0,14:55:00,1
2026-07-31 14:55:39.692000+05:30,31.8,62.1,445,0,1,44,24.0,66.3,0,952.7,0,0,27.6,61.6,574,0,2,115,0.0,0.0,0,0,0,0,19.4,83.1,530,0,2,89,0,0,0,0,0,0,0,0,0,0,0,0,0,0,0,0,0,0,0,0,0,0,0,0,100,55,0,0,0,0,14:55:00,1
2026-07-31 14:55:44.686000+05:30,31.8,62.1,439,0,1,41,24.0,66.1,0,952.6,0,0,27.6,61.5,600,0,2,132,0.0,0.0,0,0,0,0,19.4,82.7,537,0,2,93,0,0,0,0,0,0,0,0,0,0,0,0,0,0,0,0,0,0,0,0,0,0,0,0,100,55,0,0,0,0,14:55:00,1
2026-07-31 14:55:49.690000+05:30,31.8,62.1,439,0,1,41,24.0,66.1,0,952.6,0,0,27.6,61.5,600,0,2,132,0.0,0.0,0,0,0,0,19.4,82.7,537,0,2,93,0,0,0,0,0,0,0,0,0,0,0,0,0,0,0,0,0,0,0,0,0,0,0,0,100,55,0,0,0,0,14:55:00,1
2026-07-31 14:55:54.776000+05:30,31.8,62.5,461,0,1,52,24.0,65.9,0,952.6,0,0,27.6,61.4,606,0,2,136,0.0,0.0,0,0,0,0,19.5,82.6,514,0,2,80,0,0,0,0,0,0,0,0,0,0,0,0,0,0,0,0,0,0,0,0,0,0,0,0,100,55,0,0,0,0,14:55:00,1
2026-07-31 14:55:59.692000+05:30,31.8,62.6,429,0,1,37,24.0,65.9,0,952.6,0,0,27.6,61.4,571,0,2,113,0.0,0.0,0,0,0,0,19.5,82.6,511,0,2,78,0,0,0,0,0,0,0,0,0,0,0,0,0,0,0,0,0,0,0,0,0,0,0,0,100,55,0,0,0,0,14:55:00,1
2026-07-31 14:56:04.686000+05:30,31.8,62.6,424,0,1,35,24.0,65.9,0,952.7,0,0,27.6,61.3,577,0,2,117,0.0,0.0,0,0,0,0,19.5,82.3,508,0,2,76,0,0,0,0,0,0,0,0,0,0,0,0,0,0,0,0,0,0,0,0,0,0,0,0,100,55,0,0,0,0,14:55:00,1
2026-07-31 14:56:09.686000+05:30,31.9,62.9,441,0,1,42,24.0,65.7,0,952.7,0,0,27.6,61.1,563,0,2,109,0.0,0.0,0,0,0,0,19.5,82.0,489,0,2,66,0,0,0,0,0,0,0,0,0,0,0,0,0,0,0,0,0,0,0,0,0,0,0,0,100,55,0,0,0,0,14:55:00,1
2026-07-31 14:56:14.686000+05:30,31.9,62.5,460,0,1,51,24.0,65.7,0,952.7,0,0,27.6,61.1,602,0,2,133,0.0,0.0,0,0,0,0,19.5,82.0,512,0,2,78,0,0,0,0,0,0,0,0,0,0,0,0,0,0,0,0,0,0,0,0,0,0,0,0,100,55,0,0,0,0,14:55:00,1
2026-07-31 14:56:19.692000+05:30,31.9,62.3,450,0,1,46,24.0,65.6,0,952.6,0,0,27.6,61.0,585,0,2,122,0.0,0.0,0,0,0,0,19.5,82.0,506,0,2,75,0,0,0,0,0,0,0,0,0,0,0,0,0,0,0,0,0,0,0,0,0,0,0,0,100,55,0,0,0,0,14:55:00,1
2026-07-31 14:56:24.689000+05:30,31.9,62.0,472,0,1,57,24.0,65.5,0,952.7,0,0,27.6,61.0,585,0,2,122,0.0,0.0,0,0,0,0,19.5,81.8,523,0,2,85,0,0,0,0,0,0,0,0,0,0,0,0,0,0,0,0,0,0,0,0,0,0,0,0,100,55,0,0,0,0,14:55:00,1
2026-07-31 14:56:29.693000+05:30,31.9,61.7,453,0,1,48,24.0,65.5,0,952.7,0,0,27.6,61.0,613,0,2,140,0.0,0.0,0,0,0,0,19.5,81.8,504,0,2,74,0,0,0,0,0,0,0,0,0,0,0,0,0,0,0,0,0,0,0,0,0,0,0,0,100,55,0,0,0,0,14:55:00,1
2026-07-31 14:56:34.692000+05:30,31.9,61.7,457,0,1,50,24.0,65.4,0,952.7,0,0,27.6,61.0,596,0,2,129,0.0,0.0,0,0,0,0,19.5,81.8,518,0,2,82,0,0,0,0,0,0,0,0,0,0,0,0,0,0,0,0,0,0,0,0,0,0,0,0,100,55,0,0,0,0,14:55:00,1
2026-07-31 14:56:39.686000+05:30,31.9,61.6,481,0,1,62,24.0,65.3,0,952.7,0,0,27.6,60.8,580,0,2,119,0.0,0.0,0,0,0,0,19.5,81.8,543,0,2,96,0,0,0,0,0,0,0,0,0,0,0,0,0,0,0,0,0,0,0,0,0,0,0,0,100,55,0,0,0,0,14:55:00,1
2026-07-31 14:56:44.691000+05:30,31.9,61.6,492,0,2,68,24.0,65.3,0,952.7,0,0,27.6,60.8,586,0,2,123,0.0,0.0,0,0,0,0,19.5,81.8,528,0,2,87,0,0,0,0,0,0,0,0,0,0,0,0,0,0,0,0,0,0,0,0,0,0,0,0,100,55,0,0,0,0,14:55:00,1
2026-07-31 14:56:49.692000+05:30,31.9,61.7,511,0,2,78,24.0,65.1,0,952.6,0,0,27.6,60.7,577,0,2,117,0.0,0.0,0,0,0,0,19.5,81.9,540,0,2,94,0,0,0,0,0,0,0,0,0,0,0,0,0,0,0,0,0,0,0,0,0,0,0,0,100,55,0,0,0,0,14:55:00,1
2026-07-31 14:56:54.686000+05:30,31.9,61.9,482,0,1,63,24.0,65.0,0,952.6,0,0,27.6,60.6,564,0,2,109,0.0,0.0,0,0,0,0,19.5,81.9,533,0,2,90,0,0,0,0,0,0,0,0,0,0,0,0,0,0,0,0,0,0,0,0,0,0,0,0,100,55,0,0,0,0,14:55:00,1
2026-07-31 14:56:59.691000+05:30,31.9,61.6,482,0,1,63,24.0,65.0,0,952.6,0,0,27.6,60.6,544,0,2,97,0.0,0.0,0,0,0,0,19.5,81.9,542,0,2,96,0,0,0,0,0,0,0,0,0,0,0,0,0,0,0,0,0,0,0,0,0,0,0,0,100,55,0,0,0,0,14:55:00,1
2026-07-31 14:57:04.685000+05:30,31.9,61.7,475,0,1,59,24.1,65.0,0,952.7,0,0,27.6,60.6,608,0,2,137,0.0,0.0,0,0,0,0,19.5,81.9,540,0,2,94,0,0,0,0,0,0,0,0,0,0,0,0,0,0,0,0,0,0,0,0,0,0,0,0,100,55,0,0,0,0,14:55:00,1
2026-07-31 14:57:09.691000+05:30,31.9,61.5,444,0,1,44,24.0,64.9,0,952.7,0,0,27.6,60.5,578,0,2,118,0.0,0.0,0,0,0,0,19.5,81.9,541,0,2,95,0,0,0,0,0,0,0,0,0,0,0,0,0,0,0,0,0,0,0,0,0,0,0,0,100,55,0,0,0,0,14:55:00,1
2026-07-31 14:57:14.691000+05:30,31.9,61.4,463,0,1,53,24.0,64.9,0,952.7,0,0,27.6,60.5,580,0,2,119,0.0,0.0,0,0,0,0,19.4,81.7,517,0,2,82,0,0,0,0,0,0,0,0,0,0,0,0,0,0,0,0,0,0,0,0,0,0,0,0,100,55,0,0,0,0,14:55:00,1
2026-07-31 14:57:19.691000+05:30,31.9,61.4,472,0,1,57,24.0,64.8,0,952.7,0,0,27.6,60.4,577,0,2,117,0.0,0.0,0,0,0,0,19.4,81.7,519,0,2,83,0,0,0,0,0,0,0,0,0,0,0,0,0,0,0,0,0,0,0,0,0,0,0,0,100,55,0,0,0,0,14:55:00,1
2026-07-31 14:57:24.691000+05:30,31.9,61.5,485,0,1,64,24.0,64.7,0,952.7,0,0,27.6,60.3,579,0,2,118,0.0,0.0,0,0,0,0,19.4,81.7,531,0,2,89,0,0,0,0,0,0,0,0,0,0,0,0,0,0,0,0,0,0,0,0,0,0,0,0,100,55,0,0,0,0,14:55:00,1
2026-07-31 14:57:29.692000+05:30,32.0,61.6,469,0,1,56,24.0,64.7,0,952.7,0,0,27.6,60.3,553,0,2,102,0.0,0.0,0,0,0,0,19.4,81.7,539,0,2,94,0,0,0,0,0,0,0,0,0,0,0,0,0,0,0,0,0,0,0,0,0,0,0,0,100,55,0,0,0,0,14:55:00,1
2026-07-31 14:57:34.691000+05:30,32.0,62.1,507,0,2,76,24.0,64.5,0,952.7,0,0,27.6,60.2,584,0,2,122,0.0,0.0,0,0,0,0,19.4,81.5,517,0,2,81,0,0,0,0,0,0,0,0,0,0,0,0,0,0,0,0,0,0,0,0,0,0,0,0,100,55,0,0,0,0,14:55:00,1
2026-07-31 14:57:39.690000+05:30,32.0,62.3,505,0,2,75,24.1,64.4,0,952.7,0,0,27.6,60.1,583,0,2,121,0.0,0.0,0,0,0,0,19.4,81.5,509,0,2,77,0,0,0,0,0,0,0,0,0,0,0,0,0,0,0,0,0,0,0,0,0,0,0,0,100,55,0,0,0,0,14:55:00,1
2026-07-31 14:57:44.690000+05:30,32.0,62.4,506,0,2,75,24.1,64.4,0,952.7,0,0,27.6,60.1,555,0,2,103,0.0,0.0,0,0,0,0,19.4,81.4,512,0,2,79,0,0,0,0,0,0,0,0,0,0,0,0,0,0,0,0,0,0,0,0,0,0,0,0,100,55,0,0,0,0,14:55:00,1
2026-07-31 14:57:49.690000+05:30,32.0,62.4,506,0,2,75,24.1,64.4,0,952.7,0,0,27.6,60.1,555,0,2,103,0.0,0.0,0,0,0,0,19.4,81.4,512,0,2,79,0,0,0,0,0,0,0,0,0,0,0,0,0,0,0,0,0,0,0,0,0,0,0,0,100,55,0,0,0,0,14:55:00,1
2026-07-31 14:57:54.690000+05:30,32.0,62.0,491,0,2,67,24.0,64.0,0,952.6,0,0,27.6,59.8,581,0,2,119,0.0,0.0,0,0,0,0,19.4,81.4,542,0,2,95,0,0,0,0,0,0,0,0,0,0,0,0,0,0,0,0,0,0,0,0,0,0,0,0,100,55,0,0,0,0,14:55:00,1
2026-07-31 14:57:59.690000+05:30,32.0,61.8,463,0,1,53,24.0,64.0,0,952.6,0,0,27.6,59.8,549,0,2,100,0.0,0.0,0,0,0,0,19.4,81.4,518,0,2,82,0,0,0,0,0,0,0,0,0,0,0,0,0,0,0,0,0,0,0,0,0,0,0,0,100,55,0,0,0,0,14:55:00,1
2026-07-31 14:58:04.686000+05:30,32.0,61.5,449,0,1,46,24.0,64.0,0,952.6,0,0,27.6,59.7,554,0,2,103,0.0,0.0,0,0,0,0,19.4,81.4,500,0,2,72,0,0,0,0,0,0,0,0,0,0,0,0,0,0,0,0,0,0,0,0,0,0,0,0,100,55,0,0,0,0,14:55:00,1
2026-07-31 14:58:09.689000+05:30,32.0,61.4,453,0,1,48,24.0,63.9,0,952.6,0,0,27.6,59.7,579,0,2,118,0.0,0.0,0,0,0,0,19.4,81.4,496,0,2,70,0,0,0,0,0,0,0,0,0,0,0,0,0,0,0,0,0,0,0,0,0,0,0,0,100,55,0,0,0,0,14:55:00,1
2026-07-31 14:58:14.831000+05:30,31.9,61.4,460,0,1,52,24.0,63.9,0,952.6,0,0,27.6,59.7,549,0,2,100,0.0,0.0,0,0,0,0,19.4,81.4,501,0,2,72,0,0,0,0,0,0,0,0,0,0,0,0,0,0,0,0,0,0,0,0,0,0,0,0,100,55,0,0,0,0,14:55:00,1
2026-07-31 14:58:19.689000+05:30,31.9,61.3,433,0,1,39,24.0,63.7,0,952.6,0,0,27.6,59.5,568,0,2,112,0.0,0.0,0,0,0,0,19.4,81.4,473,0,1,58,0,0,0,0,0,0,0,0,0,0,0,0,0,0,0,0,0,0,0,0,0,0,0,0,100,55,0,0,0,0,14:55:00,1
2026-07-31 14:58:24.690000+05:30,31.9,61.0,438,0,1,41,24.0,63.7,0,952.6,0,0,27.6,59.5,584,0,2,122,0.0,0.0,0,0,0,0,19.4,81.4,490,0,2,67,0,0,0,0,0,0,0,0,0,0,0,0,0,0,0,0,0,0,0,0,0,0,0,0,100,55,0,0,0,0,14:55:00,1
2026-07-31 14:58:29.689000+05:30,32.0,61.2,471,0,1,57,24.0,63.7,0,952.6,0,0,27.6,59.4,564,0,2,109,0.0,0.0,0,0,0,0,19.3,81.6,518,0,2,82,0,0,0,0,0,0,0,0,0,0,0,0,0,0,0,0,0,0,0,0,0,0,0,0,100,55,0,0,0,0,14:55:00,1
2026-07-31 14:58:34.689000+05:30,32.0,61.4,463,0,1,53,24.0,63.6,0,952.6,0,0,27.6,59.4,607,0,2,137,0.0,0.0,0,0,0,0,19.3,81.6,528,0,2,88,0,0,0,0,0,0,0,0,0,0,0,0,0,0,0,0,0,0,0,0,0,0,0,0,100,55,0,0,0,0,14:55:00,1
2026-07-31 14:58:39.689000+05:30,32.0,61.6,495,0,2,69,24.0,63.5,0,952.7,0,0,27.6,59.3,558,0,2,105,0.0,0.0,0,0,0,0,19.4,81.7,514,0,2,80,0,0,0,0,0,0,0,0,0,0,0,0,0,0,0,0,0,0,0,0,0,0,0,0,100,55,0,0,0,0,14:55:00,1
2026-07-31 14:58:44.690000+05:30,32.0,61.3,458,0,1,51,24.0,63.5,0,952.7,0,0,27.6,59.3,555,0,2,103,0.0,0.0,0,0,0,0,19.4,81.7,512,0,2,79,0,0,0,0,0,0,0,0,0,0,0,0,0,0,0,0,0,0,0,0,0,0,0,0,100,55,0,0,0,0,14:55:00,1
2026-07-31 14:58:49.689000+05:30,32.0,60.9,445,0,1,44,24.0,63.4,0,952.7,0,0,27.6,59.2,561,0,2,107,0.0,0.0,0,0,0,0,19.3,81.8,519,0,2,83,0,0,0,0,0,0,0,0,0,0,0,0,0,0,0,0,0,0,0,0,0,0,0,0,100,55,0,0,0,0,14:55:00,1
2026-07-31 14:58:54.687000+05:30,32.0,60.7,457,0,1,50,24.0,63.3,0,952.7,0,0,27.6,59.1,558,0,2,105,0.0,0.0,0,0,0,0,19.3,81.9,506,0,2,76,0,0,0,0,0,0,0,0,0,0,0,0,0,0,0,0,0,0,0,0,0,0,0,0,100,55,0,0,0,0,14:55:00,1
2026-07-31 14:58:59.688000+05:30,32.0,60.7,452,0,1,47,24.0,63.3,0,952.7,0,0,27.6,59.1,566,0,2,110,0.0,0.0,0,0,0,0,19.3,81.9,507,0,2,76,0,0,0,0,0,0,0,0,0,0,0,0,0,0,0,0,0,0,0,0,0,0,0,0,100,55,0,0,0,0,14:55:00,1
2026-07-31 14:59:04.688000+05:30,32.0,60.6,448,0,1,46,24.0,63.2,0,952.7,0,0,27.6,59.0,574,0,2,115,0.0,0.0,0,0,0,0,19.3,81.9,494,0,2,69,0,0,0,0,0,0,0,0,0,0,0,0,0,0,0,0,0,0,0,0,0,0,0,0,100,55,0,0,0,0,14:55:00,1
2026-07-31 14:59:09.688000+05:30,32.0,60.4,486,0,2,65,24.0,63.1,0,952.6,0,0,27.6,59.0,568,0,2,111,0.0,0.0,0,0,0,0,19.3,81.9,485,0,1,64,0,0,0,0,0,0,0,0,0,0,0,0,0,0,0,0,0,0,0,0,0,0,0,0,100,55,0,0,0,0,14:55:00,1
2026-07-31 14:59:14.688000+05:30,32.0,60.6,465,0,1,54,24.0,63.1,0,952.6,0,0,27.6,59.0,571,0,2,113,0.0,0.0,0,0,0,0,19.3,81.9,500,0,2,72,0,0,0,0,0,0,0,0,0,0,0,0,0,0,0,0,0,0,0,0,0,0,0,0,100,55,0,0,0,0,14:55:00,1
2026-07-31 14:59:19.688000+05:30,32.1,61.0,451,0,1,47,24.0,63.1,0,952.7,0,0,27.6,58.9,585,0,2,122,0.0,0.0,0,0,0,0,19.3,81.6,496,0,2,70,0,0,0,0,0,0,0,0,0,0,0,0,0,0,0,0,0,0,0,0,0,0,0,0,100,55,0,0,0,0,14:55:00,1
2026-07-31 14:59:24.688000+05:30,32.0,61.0,474,0,1,58,24.0,63.1,0,952.7,0,0,27.6,58.9,572,0,2,114,0.0,0.0,0,0,0,0,19.3,81.6,526,0,2,87,0,0,0,0,0,0,0,0,0,0,0,0,0,0,0,0,0,0,0,0,0,0,0,0,100,55,0,0,0,0,14:55:00,1
2026-07-31 14:59:29.688000+05:30,32.0,61.2,469,0,1,56,24.0,63.0,0,952.7,0,0,27.6,58.9,571,0,2,113,0.0,0.0,0,0,0,0,19.3,81.6,500,0,2,72,0,0,0,0,0,0,0,0,0,0,0,0,0,0,0,0,0,0,0,0,0,0,0,0,100,55,0,0,0,0,14:55:00,1
2026-07-31 14:59:34.687000+05:30,32.1,61.3,465,0,1,54,24.0,63.0,0,952.7,0,0,27.6,58.8,517,0,2,82,0.0,0.0,0,0,0,0,19.3,81.6,495,0,2,70,0,0,0,0,0,0,0,0,0,0,0,0,0,0,0,0,0,0,0,0,0,0,0,0,100,55,0,0,0,0,14:55:00,1
2026-07-31 14:59:39.688000+05:30,32.0,61.1,474,0,1,58,24.0,63.0,0,952.7,0,0,27.6,58.8,537,0,2,93,0.0,0.0,0,0,0,0,19.3,81.6,514,0,2,80,0,0,0,0,0,0,0,0,0,0,0,0,0,0,0,0,0,0,0,0,0,0,0,0,100,55,0,0,0,0,14:55:00,1
2026-07-31 14:59:44.687000+05:30,32.0,61.0,451,0,1,47,24.0,62.9,0,952.7,0,0,27.6,58.8,542,0,2,95,0.0,0.0,0,0,0,0,19.3,81.6,516,0,2,81,0,0,0,0,0,0,0,0,0,0,0,0,0,0,0,0,0,0,0,0,0,0,0,0,100,55,0,0,0,0,14:55:00,1
2026-07-31 14:59:49.687000+05:30,32.0,60.5,408,0,1,27,24.0,62.8,0,952.7,0,0,27.6,58.7,550,0,2,100,0.0,0.0,0,0,0,0,19.3,81.5,511,0,2,78,0,0,0,0,0,0,0,0,0,0,0,0,0,0,0,0,0,0,0,0,0,0,0,0,100,55,0,0,0,0,14:55:00,1
2026-07-31 14:59:54.686000+05:30,32.0,60.4,406,0,1,26,24.0,62.8,0,952.7,0,0,27.6,58.7,526,0,2,86,0.0,0.0,0,0,0,0,19.3,81.5,494,0,2,69,0,0,0,0,0,0,0,0,0,0,0,0,0,0,0,0,0,0,0,0,0,0,0,0,100,55,0,0,0,0,14:55:00,1
2026-07-31 14:59:59.687000+05:30,32.0,60.3,438,0,1,41,24.0,62.7,0,952.7,0,0,27.6,58.6,565,0,2,110,0.0,0.0,0,0,0,0,19.3,81.4,493,0,2,68,0,0,0,0,0,0,0,0,0,0,0,0,0,0,0,0,0,0,0,0,0,0,0,0,100,55,0,0,0,0,14:55:00,1
2026-07-31 15:00:04.686000+05:30,31.9,60.0,431,0,1,38,24.0,62.7,0,952.7,0,0,27.6,58.5,539,0,2,94,0.0,0.0,0,0,0,0,19.2,81.4,495,0,2,69,0,0,0,0,0,0,0,0,0,0,0,0,0,0,0,0,0,0,0,0,0,0,0,0,100,55,0,0,0,0,14:55:00,1
2026-07-31 15:00:09.686000+05:30,31.9,60.5,431,0,1,38,24.0,62.6,0,952.7,0,0,27.6,58.4,530,0,2,89,0.0,0.0,0,0,0,0,19.2,81.5,497,0,2,70,0,0,0,0,0,0,0,0,0,0,0,0,0,0,0,0,0,0,0,0,0,0,0,0,100,55,0,0,0,0,14:55:00,1
2026-07-31 15:00:14.686000+05:30,31.9,60.4,445,0,1,44,24.0,62.6,0,952.7,0,0,27.6,58.4,525,0,2,86,0.0,0.0,0,0,0,0,19.2,81.5,503,0,2,74,0,0,0,0,0,0,0,0,0,0,0,0,0,0,0,0,0,0,0,0,0,0,0,0,100,55,0,0,0,0,14:55:00,1
2026-07-31 15:00:19.686000+05:30,31.9,60.7,456,0,1,49,24.0,62.5,0,952.6,0,0,27.6,58.4,545,0,2,98,0.0,0.0,0,0,0,0,19.2,81.6,539,0,2,94,0,0,0,0,0,0,0,0,0,0,0,0,0,0,0,0,0,0,0,0,0,0,0,0,100,55,0,0,0,0,14:55:00,1
2026-07-31 15:00:24.686000+05:30,31.9,61.0,449,0,1,46,24.0,62.5,0,952.7,0,0,27.6,58.3,532,0,2,90,0.0,0.0,0,0,0,0,19.2,81.6,528,0,2,88,0,0,0,0,0,0,0,0,0,0,0,0,0,0,0,0,0,0,0,0,0,0,0,0,100,55,0,0,0,0,14:55:00,1
2026-07-31 15:00:29.687000+05:30,31.8,60.9,424,0,1,34,24.0,62.5,0,952.7,0,0,27.6,58.3,534,0,2,91,0.0,0.0,0,0,0,0,19.2,81.8,516,0,2,81,0,0,0,0,0,0,0,0,0,0,0,0,0,0,0,0,0,0,0,0,0,0,0,0,100,55,0,0,0,0,14:55:00,1
2026-07-31 15:00:34.693000+05:30,31.8,61.1,457,0,1,50,24.0,62.4,0,952.7,0,0,27.6,58.2,547,0,2,99,0.0,0.0,0,0,0,0,19.2,81.8,654,0,2,169,0,0,0,0,0,0,0,0,0,0,0,0,0,0,0,0,0,0,0,0,0,0,0,0,100,55,0,0,0,0,14:55:00,1
2026-07-31 15:00:39.687000+05:30,31.8,61.2,466,0,1,54,24.0,62.3,0,952.7,0,0,27.6,58.2,555,0,2,104,0.0,0.0,0,0,0,0,19.2,81.9,722,0,3,224,0,0,0,0,0,0,0,0,0,0,0,0,0,0,0,0,0,0,0,0,0,0,0,0,100,55,0,0,0,0,14:55:00,1
2026-07-31 15:00:44.693000+05:30,31.8,61.1,465,0,1,54,24.0,62.3,0,952.6,0,0,27.6,58.1,559,0,2,106,0.0,0.0,0,0,0,0,19.2,82.0,687,0,2,195,0,0,0,0,0,0,0,0,0,0,0,0,0,0,0,0,0,0,0,0,0,0,0,0,100,55,0,0,0,0,14:55:00,1
2026-07-31 15:00:49.691000+05:30,31.8,61.3,512,0,2,79,24.0,62.3,0,952.6,0,0,27.6,58.1,536,0,2,92,0.0,0.0,0,0,0,0,19.2,82.0,609,0,2,138,0,0,0,0,0,0,0,0,0,0,0,0,0,0,0,0,0,0,0,0,0,0,0,0,100,55,0,0,0,0,14:55:00,1
2026-07-31 15:00:54.686000+05:30,31.8,61.3,440,0,1,42,24.0,62.2,0,952.7,0,0,27.6,58.1,557,0,2,105,0.0,0.0,0,0,0,0,19.3,82.0,540,0,2,95,0,0,0,0,0,0,0,0,0,0,0,0,0,0,0,0,0,0,0,0,0,0,0,0,100,55,0,0,0,0,14:55:00,1
2026-07-31 15:00:59.692000+05:30,31.8,61.3,461,0,1,52,24.0,62.2,0,952.7,0,0,27.6,58.0,545,0,2,97,0.0,0.0,0,0,0,0,19.3,82.0,497,0,2,70,0,0,0,0,0,0,0,0,0,0,0,0,0,0,0,0,0,0,0,0,0,0,0,0,100,55,0,0,0,0,14:55:00,1
2026-07-31 15:01:04.692000+05:30,31.8,61.4,434,0,1,39,24.0,62.2,0,952.7,0,0,27.6,58.0,573,0,2,114,0.0,0.0,0,0,0,0,19.3,82.1,511,0,2,78,0,0,0,0,0,0,0,0,0,0,0,0,0,0,0,0,0,0,0,0,0,0,0,0,100,55,0,0,0,0,14:55:00,1
2026-07-31 15:01:09.692000+05:30,31.8,61.4,400,0,1,14,24.0,62.0,0,952.7,0,0,27.6,57.9,581,0,2,119,0.0,0.0,0,0,0,0,19.3,82.1,525,0,2,86,0,0,0,0,0,0,0,0,0,0,0,0,0,0,0,0,0,0,0,0,0,0,0,0,100,55,0,0,0,0,14:55:00,1
2026-07-31 15:01:14.686000+05:30,31.8,61.3,405,0,1,26,24.0,62.0,0,952.7,0,0,27.6,57.9,571,0,2,113,0.0,0.0,0,0,0,0,19.3,82.1,500,0,2,72,0,0,0,0,0,0,0,0,0,0,0,0,0,0,0,0,0,0,0,0,0,0,0,0,100,55,0,0,0,0,14:55:00,1
2026-07-31 15:01:19.689000+05:30,31.8,61.3,445,0,1,44,24.0,62.0,0,952.7,0,0,27.6,57.9,572,0,2,114,0.0,0.0,0,0,0,0,19.3,82.1,487,0,2,65,0,0,0,0,0,0,0,0,0,0,0,0,0,0,0,0,0,0,0,0,0,0,0,0,100,55,0,0,0,0,14:55:00,1
2026-07-31 15:01:24.685000+05:30,31.8,61.3,476,0,1,59,24.0,62.0,0,952.7,0,0,27.6,57.9,552,0,2,102,0.0,0.0,0,0,0,0,19.3,82.1,518,0,2,82,0,0,0,0,0,0,0,0,0,0,0,0,0,0,0,0,0,0,0,0,0,0,0,0,100,55,0,0,0,0,14:55:00,1
2026-07-31 15:01:29.690000+05:30,31.8,61.3,476,0,1,59,24.0,62.0,0,952.7,0,0,27.6,57.9,552,0,2,102,0.0,0.0,0,0,0,0,19.3,82.1,518,0,2,82,0,0,0,0,0,0,0,0,0,0,0,0,0,0,0,0,0,0,0,0,0,0,0,0,100,55,0,0,0,0,14:55:00,1
2026-07-31 15:01:34.694000+05:30,31.8,61.4,473,0,1,58,24.0,62.2,0,952.7,0,0,27.6,57.9,568,0,2,111,0.0,0.0,0,0,0,0,19.3,82.1,547,0,2,98,0,0,0,0,0,0,0,0,0,0,0,0,0,0,0,0,0,0,0,0,0,0,0,0,100,55,0,0,0,0,14:55:00,1
2026-07-31 15:01:39.691000+05:30,31.8,61.5,460,0,1,52,24.0,62.1,0,952.7,0,0,27.5,57.9,586,0,2,122,0.0,0.0,0,0,0,0,19.3,82.1,535,0,2,91,0,0,0,0,0,0,0,0,0,0,0,0,0,0,0,0,0,0,0,0,0,0,0,0,100,55,0,0,0,0,14:55:00,1
2026-07-31 15:01:44.691000+05:30,31.8,61.8,448,0,1,46,24.0,62.1,0,952.7,0,0,27.5,57.9,580,0,2,119,0.0,0.0,0,0,0,0,19.3,82.1,530,0,2,89,0,0,0,0,0,0,0,0,0,0,0,0,0,0,0,0,0,0,0,0,0,0,0,0,100,55,0,0,0,0,14:55:00,1
2026-07-31 15:01:49.691000+05:30,31.8,61.3,436,0,1,40,24.0,62.1,0,952.7,0,0,27.5,57.9,578,0,2,118,0.0,0.0,0,0,0,0,19.3,82.1,528,0,2,87,0,0,0,0,0,0,0,0,0,0,0,0,0,0,0,0,0,0,0,0,0,0,0,0,100,55,0,0,0,0,14:55:00,1
2026-07-31 15:01:54.691000+05:30,31.8,61.0,446,0,1,45,24.0,62.1,0,952.7,0,0,27.5,57.9,578,0,2,118,0.0,0.0,0,0,0,0,19.3,82.1,528,0,2,87,0,0,0,0,0,0,0,0,0,0,0,0,0,0,0,0,0,0,0,0,0,0,0,0,100,55,0,0,0,0,14:55:00,1
2026-07-31 15:01:59.690000+05:30,31.8,60.8,450,0,1,46,24.0,62.1,0,952.7,0,0,27.5,57.9,578,0,2,118,0.0,0.0,0,0,0,0,19.3,82.1,528,0,2,87,0,0,0,0,0,0,0,0,0,0,0,0,0,0,0,0,0,0,0,0,0,0,0,0,100,55,0,0,0,0,14:55:00,1
2026-07-31 15:02:04.690000+05:30,31.8,61.4,452,0,1,48,24.0,62.2,0,952.7,0,0,27.5,58.0,578,0,2,118,0.0,0.0,0,0,0,0,19.3,82.1,542,0,2,96,0,0,0,0,0,0,0,0,0,0,0,0,0,0,0,0,0,0,0,0,0,0,0,0,100,55,0,0,0,0,14:55:00,1
2026-07-31 15:02:09.691000+05:30,31.8,61.5,463,0,1,53,24.0,62.2,0,952.7,0,0,27.5,58.0,578,0,2,118,0.0,0.0,0,0,0,0,19.3,82.1,516,0,2,81,0,0,0,0,0,0,0,0,0,0,0,0,0,0,0,0,0,0,0,0,0,0,0,0,100,55,0,0,0,0,14:55:00,1
2026-07-31 15:02:14.690000+05:30,31.9,61.2,480,0,1,62,24.0,62.2,0,952.7,0,0,27.5,58.0,578,0,2,118,0.0,0.0,0,0,0,0,19.3,82.1,502,0,2,73,0,0,0,0,0,0,0,0,0,0,0,0,0,0,0,0,0,0,0,0,0,0,0,0,100,55,0,0,0,0,14:55:00,1
2026-07-31 15:02:19.690000+05:30,31.9,61.2,478,0,1,61,24.0,62.0,0,952.7,0,0,27.4,58.0,578,0,2,118,0.0,0.0,0,0,0,0,19.2,81.9,513,0,2,79,0,0,0,0,0,0,0,0,0,0,0,0,0,0,0,0,0,0,0,0,0,0,0,0,100,55,0,0,0,0,14:55:00,1
2026-07-31 15:02:24.690000+05:30,31.8,60.8,474,0,1,59,24.0,62.0,0,952.7,0,0,27.4,58.0,578,0,2,118,0.0,0.0,0,0,0,0,19.2,81.9,532,0,2,90,0,0,0,0,0,0,0,0,0,0,0,0,0,0,0,0,0,0,0,0,0,0,0,0,100,55,0,0,0,0,14:55:00,1
2026-07-31 15:02:29.690000+05:30,31.9,60.8,510,0,2,77,24.0,62.3,0,952.7,0,0,27.3,58.1,578,0,2,118,0.0,0.0,0,0,0,0,19.2,81.9,507,0,2,76,0,0,0,0,0,0,0,0,0,0,0,0,0,0,0,0,0,0,0,0,0,0,0,0,100,55,0,0,0,0,14:55:00,1
2026-07-31 15:02:34.689000+05:30,31.9,61.5,497,0,2,71,24.0,62.2,0,952.7,0,0,27.3,58.1,578,0,2,118,0.0,0.0,0,0,0,0,19.2,81.9,521,0,2,83,0,0,0,0,0,0,0,0,0,0,0,0,0,0,0,0,0,0,0,0,0,0,0,0,100,55,0,0,0,0,14:55:00,1
2026-07-31 15:02:39.689000+05:30,31.9,61.7,486,0,2,65,23.9,62.1,0,952.8,0,0,27.1,58.3,578,0,2,118,0.0,0.0,0,0,0,0,19.2,81.8,524,0,2,85,0,0,0,0,0,0,0,0,0,0,0,0,0,0,0,0,0,0,0,0,0,0,0,0,100,55,0,0,0,0,14:55:00,1
2026-07-31 15:02:44.689000+05:30,31.9,62.1,521,0,2,83,23.9,62.1,0,952.8,0,0,27.1,58.3,578,0,2,118,0.0,0.0,0,0,0,0,19.2,81.8,512,0,2,79,0,0,0,0,0,0,0,0,0,0,0,0,0,0,0,0,0,0,0,0,0,0,0,0,100,55,0,0,0,0,14:55:00,1
2026-07-31 15:02:49.689000+05:30,31.9,62.3,459,0,1,51,24.0,62.0,0,952.8,0,0,27.0,58.5,578,0,2,118,0.0,0.0,0,0,0,0,19.2,81.7,513,0,2,79,0,0,0,0,0,0,0,0,0,0,0,0,0,0,0,0,0,0,0,0,0,0,0,0,100,55,0,0,0,0,14:55:00,1
2026-07-31 15:02:54.689000+05:30,31.9,61.7,476,0,1,60,23.9,61.9,0,952.7,0,0,26.9,58.6,578,0,2,118,0.0,0.0,0,0,0,0,19.2,81.7,520,0,2,83,0,0,0,0,0,0,0,0,0,0,0,0,0,0,0,0,0,0,0,0,0,0,0,0,100,55,0,0,0,0,14:55:00,1
2026-07-31 15:02:59.689000+05:30,31.8,61.4,485,0,1,64,23.9,61.9,0,952.7,0,0,26.9,58.6,578,0,2,118,0.0,0.0,0,0,0,0,19.2,81.7,507,0,2,76,0,0,0,0,0,0,0,0,0,0,0,0,0,0,0,0,0,0,0,0,0,0,0,0,100,55,0,0,0,0,14:55:00,1
2026-07-31 15:03:04.689000+05:30,31.9,61.2,464,0,1,53,24.0,61.9,0,952.7,0,0,26.8,58.9,578,0,2,118,0.0,0.0,0,0,0,0,19.2,81.7,507,0,2,76,0,0,0,0,0,0,0,0,0,0,0,0,0,0,0,0,0,0,0,0,0,0,0,0,100,55,0,0,0,0,14:55:00,1
2026-07-31 15:03:09.814000+05:30,31.9,60.8,447,0,1,45,24.0,61.8,0,952.7,0,0,26.7,59.2,578,0,2,118,0.0,0.0,0,0,0,0,19.2,81.7,507,0,2,76,0,0,0,0,0,0,0,0,0,0,0,0,0,0,0,0,0,0,0,0,0,0,0,0,100,55,0,0,0,0,14:55:00,1
2026-07-31 15:03:14.688000+05:30,31.9,61.1,460,0,1,51,24.0,61.8,0,952.7,0,0,26.7,59.2,578,0,2,118,0.0,0.0,0,0,0,0,19.2,81.7,523,0,2,84,0,0,0,0,0,0,0,0,0,0,0,0,0,0,0,0,0,0,0,0,0,0,0,0,100,55,0,0,0,0,14:55:00,1
2026-07-31 15:03:19.688000+05:30,31.9,60.9,444,0,1,44,24.0,61.8,0,952.8,0,0,26.5,59.4,578,0,2,118,0.0,0.0,0,0,0,0,19.2,81.9,517,0,2,81,0,0,0,0,0,0,0,0,0,0,0,0,0,0,0,0,0,0,0,0,0,0,0,0,100,55,0,0,0,0,14:55:00,1
2026-07-31 15:03:24.688000+05:30,31.9,60.9,458,0,1,51,23.9,61.7,0,952.8,0,0,26.4,59.6,578,0,2,118,0.0,0.0,0,0,0,0,19.2,82.0,521,0,2,84,0,0,0,0,0,0,0,0,0,0,0,0,0,0,0,0,0,0,0,0,0,0,0,0,100,55,0,0,0,0,14:55:00,1
2026-07-31 15:03:29.688000+05:30,31.9,61.2,489,0,2,66,23.9,61.7,0,952.8,0,0,26.4,59.6,578,0,2,118,0.0,0.0,0,0,0,0,19.2,82.0,525,0,2,86,0,0,0,0,0,0,0,0,0,0,0,0,0,0,0,0,0,0,0,0,0,0,0,0,100,55,0,0,0,0,14:55:00,1
2026-07-31 15:03:34.688000+05:30,31.9,61.2,470,0,1,56,23.9,61.7,0,952.8,0,0,26.4,59.6,400,0,1,0,0.0,0.0,0,0,0,0,19.2,82.2,526,0,2,87,0,0,0,0,0,0,0,0,0,0,0,0,0,0,0,0,0,0,0,0,0,0,0,0,100,55,0,0,0,0,14:55:00,1
2026-07-31 15:03:39.689000+05:30,31.9,61.5,500,0,2,72,23.9,61.7,0,952.8,0,0,26.4,59.6,400,0,1,1,0.0,0.0,0,0,0,0,19.2,82.2,526,0,2,86,0,0,0,0,0,0,0,0,0,0,0,0,0,0,0,0,0,0,0,0,0,0,0,0,100,55,0,0,0,0,14:55:00,1
2026-07-31 15:03:44.687000+05:30,31.9,61.5,495,0,2,69,24.0,61.7,0,952.7,0,0,26.1,60.4,413,0,1,29,0.0,0.0,0,0,0,0,19.2,82.2,548,0,2,99,0,0,0,0,0,0,0,0,0,0,0,0,0,0,0,0,0,0,0,0,0,0,0,0,100,55,0,0,0,0,14:55:00,1
2026-07-31 15:03:49.688000+05:30,31.9,61.3,474,0,1,58,23.9,61.6,0,952.7,0,0,26.1,60.6,400,0,1,12,0.0,0.0,0,0,0,0,19.2,82.2,514,0,2,80,0,0,0,0,0,0,0,0,0,0,0,0,0,0,0,0,0,0,0,0,0,0,0,0,100,55,0,0,0,0,14:55:00,1
2026-07-31 15:03:54.687000+05:30,31.9,61.1,447,0,1,45,23.9,61.6,0,952.7,0,0,26.1,60.6,400,0,1,19,0.0,0.0,0,0,0,0,19.2,82.2,513,0,2,79,0,0,0,0,0,0,0,0,0,0,0,0,0,0,0,0,0,0,0,0,0,0,0,0,100,55,0,0,0,0,14:55:00,1
2026-07-31 15:03:59.686000+05:30,31.9,60.7,438,0,1,41,24.0,61.6,0,952.7,0,0,26.1,60.8,421,0,1,33,0.0,0.0,0,0,0,0,19.2,82.1,491,0,2,67,0,0,0,0,0,0,0,0,0,0,0,0,0,0,0,0,0,0,0,0,0,0,0,0,100,55,0,0,0,0,14:55:00,1
2026-07-31 15:04:04.687000+05:30,31.9,60.6,434,0,1,39,24.0,61.6,0,952.7,0,0,26.1,60.8,439,0,1,41,0.0,0.0,0,0,0,0,19.2,82.1,492,0,2,68,0,0,0,0,0,0,0,0,0,0,0,0,0,0,0,0,0,0,0,0,0,0,0,0,100,55,0,0,0,0,14:55:00,1
2026-07-31 15:04:09.686000+05:30,31.9,60.7,432,0,1,38,23.9,61.6,0,952.7,0,0,26.2,60.9,427,0,1,36,0.0,0.0,0,0,0,0,19.2,82.0,499,0,2,72,0,0,0,0,0,0,0,0,0,0,0,0,0,0,0,0,0,0,0,0,0,0,0,0,100,55,0,0,0,0,14:55:00,1
2026-07-31 15:04:14.687000+05:30,31.9,60.5,412,0,1,29,23.9,61.5,0,952.7,0,0,26.2,60.8,422,0,1,33,0.0,0.0,0,0,0,0,19.2,82.0,501,0,2,73,0,0,0,0,0,0,0,0,0,0,0,0,0,0,0,0,0,0,0,0,0,0,0,0,100,55,0,0,0,0,14:55:00,1
2026-07-31 15:04:19.687000+05:30,31.9,60.7,463,0,1,53,23.9,61.5,0,952.7,0,0,26.2,60.8,400,0,1,22,0.0,0.0,0,0,0,0,19.2,81.9,510,0,2,78,0,0,0,0,0,0,0,0,0,0,0,0,0,0,0,0,0,0,0,0,0,0,0,0,100,55,0,0,0,0,14:55:00,1
2026-07-31 15:04:24.687000+05:30,32.0,60.6,479,0,1,61,23.9,61.5,0,952.7,0,0,26.2,60.8,420,0,1,33,0.0,0.0,0,0,0,0,19.2,82.0,513,0,2,79,0,0,0,0,0,0,0,0,0,0,0,0,0,0,0,0,0,0,0,0,0,0,0,0,100,55,0,0,0,0,14:55:00,1
2026-07-31 15:04:29.687000+05:30,32.0,61.2,531,0,2,89,23.9,61.5,0,952.7,0,0,26.2,60.8,421,0,1,33,0.0,0.0,0,0,0,0,19.2,82.0,499,0,2,71,0,0,0,0,0,0,0,0,0,0,0,0,0,0,0,0,0,0,0,0,0,0,0,0,100,55,0,0,0,0,14:55:00,1
2026-07-31 15:04:34.686000+05:30,32.0,61.6,520,0,2,83,23.9,61.4,0,952.8,0,0,26.4,60.6,400,0,1,24,0.0,0.0,0,0,0,0,19.2,82.0,526,0,2,87,0,0,0,0,0,0,0,0,0,0,0,0,0,0,0,0,0,0,0,0,0,0,0,0,100,55,0,0,0,0,14:55:00,1
2026-07-31 15:04:39.686000+05:30,32.0,61.8,521,0,2,83,23.9,61.4,0,952.7,0,0,26.4,60.4,408,0,1,27,0.0,0.0,0,0,0,0,19.2,82.0,508,0,2,77,0,0,0,0,0,0,0,0,0,0,0,0,0,0,0,0,0,0,0,0,0,0,0,0,100,55,0,0,0,0,14:55:00,1
2026-07-31 15:04:44.693000+05:30,32.1,61.6,501,0,2,72,23.9,61.4,0,952.7,0,0,26.4,60.4,425,0,1,35,0.0,0.0,0,0,0,0,19.2,82.1,490,0,2,67,0,0,0,0,0,0,0,0,0,0,0,0,0,0,0,0,0,0,0,0,0,0,0,0,100,55,0,0,0,0,14:55:00,1
2026-07-31 15:04:49.687000+05:30,32.1,61.9,518,0,2,82,23.9,61.4,0,952.7,0,0,26.5,60.2,439,0,1,41,0.0,0.0,0,0,0,0,19.2,82.1,501,0,2,73,0,0,0,0,0,0,0,0,0,0,0,0,0,0,0,0,0,0,0,0,0,0,0,0,100,55,0,0,0,0,14:55:00,1
2026-07-31 15:04:54.687000+05:30,32.0,61.8,510,0,2,77,23.9,61.4,0,952.7,0,0,26.5,60.2,447,0,1,45,0.0,0.0,0,0,0,0,19.2,82.1,523,0,2,85,0,0,0,0,0,0,0,0,0,0,0,0,0,0,0,0,0,0,0,0,0,0,0,0,100,55,0,0,0,0,14:55:00,1
2026-07-31 15:04:59.693000+05:30,32.0,61.5,492,0,2,68,23.9,61.4,0,952.8,0,0,26.6,60.0,441,0,1,42,0.0,0.0,0,0,0,0,19.2,82.0,503,0,2,73,0,0,0,0,0,0,0,0,0,0,0,0,0,0,0,0,0,0,0,0,0,0,0,0,100,55,0,0,0,0,14:55:00,1
2026-07-31 15:05:04.686000+05:30,32.0,61.0,467,0,1,55,23.9,61.5,0,952.7,0,0,26.7,59.9,425,0,1,35,0.0,0.0,0,0,0,0,19.2,82.0,483,0,1,63,0,0,0,0,0,0,0,0,0,0,0,0,0,0,0,0,0,0,0,0,0,0,0,0,100,55,0,0,0,0,14:55:00,1
2026-07-31 15:05:09.686000+05:30,32.0,60.7,433,0,1,39,23.9,61.5,0,952.7,0,0,26.7,59.9,420,0,1,33,0.0,0.0,0,0,0,0,19.2,82.0,492,0,2,68,0,0,0,0,0,0,0,0,0,0,0,0,0,0,0,0,0,0,0,0,0,0,0,0,100,55,0,0,0,0,14:55:00,1
2026-07-31 15:05:14.686000+05:30,31.9,60.8,474,0,1,59,23.9,61.4,0,952.7,0,0,26.7,59.7,420,0,1,32,0.0,0.0,0,0,0,0,19.2,82.0,518,0,2,82,0,0,0,0,0,0,0,0,0,0,0,0,0,0,0,0,0,0,0,0,0,0,0,0,100,55,0,0,0,0,14:55:00,1
2026-07-31 15:05:19.691000+05:30,32.0,60.6,458,0,1,50,23.9,61.4,0,952.7,0,0,26.7,59.7,426,0,1,36,0.0,0.0,0,0,0,0,19.2,82.0,512,0,2,79,0,0,0,0,0,0,0,0,0,0,0,0,0,0,0,0,0,0,0,0,0,0,0,0,100,55,0,0,0,0,14:55:00,1
2026-07-31 15:05:24.686000+05:30,32.0,60.6,458,0,1,51,23.9,61.3,0,952.7,0,0,26.8,59.5,435,0,1,40,0.0,0.0,0,0,0,0,19.2,82.1,512,0,2,79,0,0,0,0,0,0,0,0,0,0,0,0,0,0,0,0,0,0,0,0,0,0,0,0,100,55,0,0,0,0,14:55:00,1
2026-07-31 15:05:29.692000+05:30,32.0,60.3,448,0,1,45,23.9,61.3,0,952.7,0,0,26.8,59.5,426,0,1,35,0.0,0.0,0,0,0,0,19.2,82.1,510,0,2,78,0,0,0,0,0,0,0,0,0,0,0,0,0,0,0,0,0,0,0,0,0,0,0,0,100,55,0,0,0,0,14:55:00,1
2026-07-31 15:05:34.692000+05:30,32.0,60.3,457,0,1,50,23.9,61.3,0,952.7,0,0,26.8,59.4,429,0,1,37,0.0,0.0,0,0,0,0,19.2,82.1,497,0,2,71,0,0,0,0,0,0,0,0,0,0,0,0,0,0,0,0,0,0,0,0,0,0,0,0,100,55,0,0,0,0,14:55:00,1
2026-07-31 15:05:39.780000+05:30,32.0,60.6,477,0,1,60,23.9,61.3,0,952.7,0,0,26.8,59.4,400,0,1,23,0.0,0.0,0,0,0,0,19.2,82.1,497,0,2,70,0,0,0,0,0,0,0,0,0,0,0,0,0,0,0,0,0,0,0,0,0,0,0,0,100,55,0,0,0,0,14:55:00,1
2026-07-31 15:05:44.686000+05:30,32.0,60.8,452,0,1,48,23.9,61.4,0,952.7,0,0,26.9,60.0,420,0,1,32,0.0,0.0,0,0,0,0,19.2,82.1,527,0,2,87,0,0,0,0,0,0,0,0,0,0,0,0,0,0,0,0,0,0,0,0,0,0,0,0,100,55,0,0,0,0,14:55:00,1
2026-07-31 15:05:49.695000+05:30,32.0,60.4,436,0,1,40,23.9,62.4,0,952.7,0,0,26.9,60.5,417,0,1,31,0.0,0.0,0,0,0,0,19.2,82.9,507,0,2,76,0,0,0,0,0,0,0,0,0,0,0,0,0,0,0,0,0,0,0,0,0,0,0,0,100,55,0,0,0,0,14:55:00,1
2026-07-31 15:05:54.694000+05:30,31.9,60.3,462,0,1,53,23.9,61.8,0,952.7,0,0,26.9,60.0,425,0,1,35,0.0,0.0,0,0,0,0,19.2,82.8,512,0,2,78,0,0,0,0,0,0,0,0,0,0,0,0,0,0,0,0,0,0,0,0,0,0,0,0,100,55,0,0,0,0,14:55:00,1
2026-07-31 15:05:59.691000+05:30,31.9,60.2,457,0,1,50,23.9,61.8,0,952.7,0,0,26.9,60.0,416,0,1,31,0.0,0.0,0,0,0,0,19.2,82.8,524,0,2,86,0,0,0,0,0,0,0,0,0,0,0,0,0,0,0,0,0,0,0,0,0,0,0,0,100,55,0,0,0,0,14:55:00,1
2026-07-31 15:06:04.691000+05:30,31.9,60.2,441,0,1,42,23.9,62.0,0,952.7,0,0,27.0,59.9,431,0,1,38,0.0,0.0,0,0,0,0,19.2,82.6,521,0,2,84,0,0,0,0,0,0,0,0,0,0,0,0,0,0,0,0,0,0,0,0,0,0,0,0,100,55,0,0,0,0,14:55:00,1
2026-07-31 15:06:09.690000+05:30,32.0,60.2,457,0,1,50,23.9,62.0,0,952.7,0,0,27.0,59.9,400,0,1,23,0.0,0.0,0,0,0,0,19.2,82.6,498,0,2,71,0,0,0,0,0,0,0,0,0,0,0,0,0,0,0,0,0,0,0,0,0,0,0,0,100,55,0,0,0,0,14:55:00,1
2026-07-31 15:06:14.687000+05:30,32.0,60.1,492,0,2,68,23.9,61.9,0,952.7,0,0,27.0,59.7,430,0,1,37,0.0,0.0,0,0,0,0,19.2,82.4,509,0,2,77,0,0,0,0,0,0,0,0,0,0,0,0,0,0,0,0,0,0,0,0,0,0,0,0,100,55,0,0,0,0,14:55:00,1
2026-07-31 15:06:19.690000+05:30,32.0,60.8,492,0,2,68,23.9,62.0,0,952.7,0,0,27.0,59.7,428,0,1,36,0.0,0.0,0,0,0,0,19.2,82.4,508,0,2,77,0,0,0,0,0,0,0,0,0,0,0,0,0,0,0,0,0,0,0,0,0,0,0,0,100,55,0,0,0,0,14:55:00,1
2026-07-31 15:06:24.690000+05:30,32.0,61.3,517,0,2,82,23.9,62.0,0,952.7,0,0,27.0,59.7,444,0,1,44,0.0,0.0,0,0,0,0,19.2,82.3,540,0,2,94,0,0,0,0,0,0,0,0,0,0,0,0,0,0,0,0,0,0,0,0,0,0,0,0,100,55,0,0,0,0,14:55:00,1
2026-07-31 15:06:29.690000+05:30,32.0,61.5,485,0,1,64,23.9,61.8,0,952.7,0,0,27.0,59.4,417,0,1,31,0.0,0.0,0,0,0,0,19.2,82.3,520,0,2,83,0,0,0,0,0,0,0,0,0,0,0,0,0,0,0,0,0,0,0,0,0,0,0,0,100,55,0,0,0,0,14:55:00,1
2026-07-31 15:06:34.689000+05:30,32.1,62.0,495,0,2,70,23.9,61.8,0,952.7,0,0,27.0,59.4,434,0,1,39,0.0,0.0,0,0,0,0,19.2,82.3,526,0,2,87,0,0,0,0,0,0,0,0,0,0,0,0,0,0,0,0,0,0,0,0,0,0,0,0,100,55,0,0,0,0,14:55:00,1
2026-07-31 15:06:39.690000+05:30,32.0,61.9,507,0,2,76,23.9,61.7,0,952.7,0,0,27.1,59.3,400,0,1,23,0.0,0.0,0,0,0,0,19.3,82.4,532,0,2,90,0,0,0,0,0,0,0,0,0,0,0,0,0,0,0,0,0,0,0,0,0,0,0,0,100,55,0,0,0,0,14:55:00,1
2026-07-31 15:06:44.690000+05:30,32.1,61.7,500,0,2,72,23.9,61.7,0,952.7,0,0,27.1,59.0,426,0,1,35,0.0,0.0,0,0,0,0,19.2,82.4,518,0,2,82,0,0,0,0,0,0,0,0,0,0,0,0,0,0,0,0,0,0,0,0,0,0,0,0,100,55,0,0,0,0,14:55:00,1
2026-07-31 15:06:49.689000+05:30,32.1,61.5,499,0,2,72,23.9,61.8,0,952.7,0,0,27.1,58.9,417,0,1,31,0.0,0.0,0,0,0,0,19.3,82.3,493,0,2,68,0,0,0,0,0,0,0,0,0,0,0,0,0,0,0,0,0,0,0,0,0,0,0,0,100,55,0,0,0,0,14:55:00,1
2026-07-31 15:06:54.690000+05:30,32.1,61.6,474,0,1,59,23.9,61.8,0,952.7,0,0,27.1,58.9,410,0,1,28,0.0,0.0,0,0,0,0,19.3,82.3,489,0,2,66,0,0,0,0,0,0,0,0,0,0,0,0,0,0,0,0,0,0,0,0,0,0,0,0,100,55,0,0,0,0,14:55:00,1
2026-07-31 15:06:59.689000+05:30,32.1,61.6,486,0,2,65,23.9,61.8,0,952.7,0,0,27.2,58.8,416,0,1,31,0.0,0.0,0,0,0,0,19.3,82.3,493,0,2,68,0,0,0,0,0,0,0,0,0,0,0,0,0,0,0,0,0,0,0,0,0,0,0,0,100,55,0,0,0,0,14:55:00,1
2026-07-31 15:07:04.689000+05:30,32.1,61.5,452,0,1,47,23.9,61.8,0,952.7,0,0,27.2,58.7,424,0,1,34,0.0,0.0,0,0,0,0,19.3,82.3,514,0,2,79,0,0,0,0,0,0,0,0,0,0,0,0,0,0,0,0,0,0,0,0,0,0,0,0,100,55,0,0,0,0,14:55:00,1
2026-07-31 15:07:09.689000+05:30,32.1,61.5,477,0,1,60,23.9,61.8,0,952.7,0,0,27.2,58.7,438,0,1,41,0.0,0.0,0,0,0,0,19.3,82.1,496,0,2,70,0,0,0,0,0,0,0,0,0,0,0,0,0,0,0,0,0,0,0,0,0,0,0,0,100,55,0,0,0,0,14:55:00,1
2026-07-31 15:07:14.690000+05:30,32.1,61.8,456,0,1,50,23.9,61.7,0,952.7,0,0,27.2,58.6,439,0,1,41,0.0,0.0,0,0,0,0,19.3,82.0,474,0,1,59,0,0,0,0,0,0,0,0,0,0,0,0,0,0,0,0,0,0,0,0,0,0,0,0,100,55,0,0,0,0,14:55:00,1
2026-07-31 15:07:19.689000+05:30,32.1,61.7,464,0,1,54,23.9,61.7,0,952.7,0,0,27.2,58.5,453,0,1,48,0.0,0.0,0,0,0,0,19.2,81.8,509,0,2,77,0,0,0,0,0,0,0,0,0,0,0,0,0,0,0,0,0,0,0,0,0,0,0,0,100,55,0,0,0,0,14:55:00,1
2026-07-31 15:07:24.689000+05:30,32.1,61.2,443,0,1,43,23.9,61.7,0,952.7,0,0,27.2,58.5,423,0,1,34,0.0,0.0,0,0,0,0,19.2,81.8,497,0,2,71,0,0,0,0,0,0,0,0,0,0,0,0,0,0,0,0,0,0,0,0,0,0,0,0,100,55,0,0,0,0,14:55:00,1
2026-07-31 15:07:29.689000+05:30,32.0,61.2,459,0,1,51,23.9,61.7,0,952.7,0,0,27.2,58.3,429,0,1,37,0.0,0.0,0,0,0,0,19.2,81.9,507,0,2,76,0,0,0,0,0,0,0,0,0,0,0,0,0,0,0,0,0,0,0,0,0,0,0,0,100,55,0,0,0,0,14:55:00,1
2026-07-31 15:07:34.689000+05:30,32.0,61.4,440,0,1,42,23.9,61.6,0,952.7,0,0,27.2,58.2,437,0,1,40,0.0,0.0,0,0,0,0,19.2,81.8,517,0,2,81,0,0,0,0,0,0,0,0,0,0,0,0,0,0,0,0,0,0,0,0,0,0,0,0,100,55,0,0,0,0,14:55:00,1
2026-07-31 15:07:39.688000+05:30,32.0,61.5,470,0,1,56,23.9,61.6,0,952.7,0,0,27.2,58.2,435,0,1,39,0.0,0.0,0,0,0,0,19.2,81.9,518,0,2,82,0,0,0,0,0,0,0,0,0,0,0,0,0,0,0,0,0,0,0,0,0,0,0,0,100,55,0,0,0,0,14:55:00,1
2026-07-31 15:07:44.685000+05:30,32.0,61.7,466,0,1,55,23.9,61.6,0,952.7,0,0,27.2,58.2,447,0,1,45,0.0,0.0,0,0,0,0,19.2,81.9,496,0,2,70,0,0,0,0,0,0,0,0,0,0,0,0,0,0,0,0,0,0,0,0,0,0,0,0,100,55,0,0,0,0,14:55:00,1
2026-07-31 15:07:49.691000+05:30,32.1,61.4,480,0,1,62,23.9,61.6,0,952.7,0,0,27.2,58.1,417,0,1,31,0.0,0.0,0,0,0,0,19.2,81.9,513,0,2,79,0,0,0,0,0,0,0,0,0,0,0,0,0,0,0,0,0,0,0,0,0,0,0,0,100,55,0,0,0,0,14:55:00,1
2026-07-31 15:07:54.690000+05:30,32.1,61.4,491,0,2,67,23.9,61.5,0,952.7,0,0,27.2,58.0,405,0,1,26,0.0,0.0,0,0,0,0,19.2,82.0,508,0,2,77,0,0,0,0,0,0,0,0,0,0,0,0,0,0,0,0,0,0,0,0,0,0,0,0,100,55,0,0,0,0,14:55:00,1
2026-07-31 15:07:59.687000+05:30,32.1,61.2,480,0,1,62,23.9,61.5,0,952.7,0,0,27.2,58.0,410,0,1,28,0.0,0.0,0,0,0,0,19.2,82.0,500,0,2,72,0,0,0,0,0,0,0,0,0,0,0,0,0,0,0,0,0,0,0,0,0,0,0,0,100,55,0,0,0,0,14:55:00,1
2026-07-31 15:08:04.689000+05:30,32.0,61.0,478,0,1,61,23.9,61.5,0,952.7,0,0,27.2,57.9,411,0,1,28,0.0,0.0,0,0,0,0,19.2,82.1,509,0,2,77,0,0,0,0,0,0,0,0,0,0,0,0,0,0,0,0,0,0,0,0,0,0,0,0,100,55,0,0,0,0,14:55:00,1
2026-07-31 15:08:09.690000+05:30,31.9,61.2,434,0,1,39,23.8,61.4,0,952.7,0,0,27.2,57.8,433,0,1,39,0.0,0.0,0,0,0,0,19.2,82.2,510,0,2,78,0,0,0,0,0,0,0,0,0,0,0,0,0,0,0,0,0,0,0,0,0,0,0,0,100,55,0,0,0,0,14:55:00,1
2026-07-31 15:08:14.686000+05:30,31.8,61.4,438,0,1,41,23.8,61.4,0,952.7,0,0,27.2,57.8,400,0,1,21,0.0,0.0,0,0,0,0,19.2,82.2,520,0,2,83,0,0,0,0,0,0,0,0,0,0,0,0,0,0,0,0,0,0,0,0,0,0,0,0,100,55,0,0,0,0,14:55:00,1
2026-07-31 15:08:19.687000+05:30,31.8,61.4,453,0,1,48,23.8,61.4,0,952.7,0,0,27.2,57.8,400,0,1,22,0.0,0.0,0,0,0,0,19.2,82.2,516,0,2,81,0,0,0,0,0,0,0,0,0,0,0,0,0,0,0,0,0,0,0,0,0,0,0,0,100,55,0,0,0,0,14:55:00,1
2026-07-31 15:08:24.688000+05:30,31.8,61.5,451,0,1,47,23.8,61.4,0,952.7,0,0,27.2,57.8,417,0,1,31,0.0,0.0,0,0,0,0,19.2,82.5,528,0,2,87,0,0,0,0,0,0,0,0,0,0,0,0,0,0,0,0,0,0,0,0,0,0,0,0,100,55,0,0,0,0,14:55:00,1
2026-07-31 15:08:29.782000+05:30,31.8,61.5,453,0,1,48,23.8,61.3,0,952.7,0,0,27.2,57.7,400,0,1,21,0.0,0.0,0,0,0,0,19.3,82.6,509,0,2,77,0,0,0,0,0,0,0,0,0,0,0,0,0,0,0,0,0,0,0,0,0,0,0,0,100,55,0,0,0,0,14:55:00,1
2026-07-31 15:08:34.687000+05:30,31.8,62.0,481,0,1,62,23.8,61.3,0,952.7,0,0,27.2,57.7,403,0,1,25,0.0,0.0,0,0,0,0,19.2,82.6,532,0,2,90,0,0,0,0,0,0,0,0,0,0,0,0,0,0,0,0,0,0,0,0,0,0,0,0,100,55,0,0,0,0,14:55:00,1
2026-07-31 15:08:39.687000+05:30,31.8,62.1,473,0,1,58,23.8,61.2,0,952.7,0,0,27.2,57.7,406,0,1,26,0.0,0.0,0,0,0,0,19.2,82.6,534,0,2,91,0,0,0,0,0,0,0,0,0,0,0,0,0,0,0,0,0,0,0,0,0,0,0,0,100,55,0,0,0,0,14:55:00,1
2026-07-31 15:08:44.687000+05:30,31.9,61.7,468,0,1,55,23.8,61.2,0,952.7,0,0,27.2,57.7,408,0,1,27,0.0,0.0,0,0,0,0,19.2,82.7,532,0,2,90,0,0,0,0,0,0,0,0,0,0,0,0,0,0,0,0,0,0,0,0,0,0,0,0,100,55,0,0,0,0,14:55:00,1
2026-07-31 15:08:49.687000+05:30,31.9,61.6,481,0,1,62,23.8,61.3,0,952.7,0,0,27.2,57.6,414,0,1,30,0.0,0.0,0,0,0,0,19.3,82.7,549,0,2,100,0,0,0,0,0,0,0,0,0,0,0,0,0,0,0,0,0,0,0,0,0,0,0,0,100,55,0,0,0,0,14:55:00,1
2026-07-31 15:08:54.687000+05:30,31.9,61.8,500,0,2,72,23.8,61.3,0,952.7,0,0,27.2,57.6,423,0,1,34,0.0,0.0,0,0,0,0,19.3,82.7,517,0,2,82,0,0,0,0,0,0,0,0,0,0,0,0,0,0,0,0,0,0,0,0,0,0,0,0,100,55,0,0,0,0,14:55:00,1
2026-07-31 15:08:59.686000+05:30,32.0,62.0,514,0,2,80,23.8,61.3,0,952.7,0,0,27.2,57.6,424,0,1,34,0.0,0.0,0,0,0,0,19.3,82.6,509,0,2,77,0,0,0,0,0,0,0,0,0,0,0,0,0,0,0,0,0,0,0,0,0,0,0,0,100,55,0,0,0,0,14:55:00,1
2026-07-31 15:09:04.686000+05:30,32.0,61.7,518,0,2,82,23.8,61.3,0,952.7,0,0,27.2,57.6,400,0,1,20,0.0,0.0,0,0,0,0,19.3,82.5,501,0,2,73,0,0,0,0,0,0,0,0,0,0,0,0,0,0,0,0,0,0,0,0,0,0,0,0,100,55,0,0,0,0,14:55:00,1
2026-07-31 15:09:09.693000+05:30,32.0,61.7,477,0,1,60,23.8,61.2,0,952.6,0,0,27.2,57.5,422,0,1,33,0.0,0.0,0,0,0,0,19.3,82.5,523,0,2,85,0,0,0,0,0,0,0,0,0,0,0,0,0,0,0,0,0,0,0,0,0,0,0,0,100,55,0,0,0,0,14:55:00,1
2026-07-31 15:09:14.687000+05:30,32.0,61.4,441,0,1,42,23.8,61.2,0,952.6,0,0,27.2,57.5,427,0,1,36,0.0,0.0,0,0,0,0,19.3,82.4,518,0,2,82,0,0,0,0,0,0,0,0,0,0,0,0,0,0,0,0,0,0,0,0,0,0,0,0,100,55,0,0,0,0,14:55:00,1
2026-07-31 15:09:19.686000+05:30,32.0,60.9,484,0,1,63,23.8,61.2,0,952.1,0,0,27.2,57.5,408,0,1,27,0.0,0.0,0,0,0,0,19.2,82.3,508,0,2,77,0,0,0,0,0,0,0,0,0,0,0,0,0,0,0,0,0,0,0,0,0,0,0,0,100,55,0,0,0,0,14:55:00,1
2026-07-31 15:09:24.692000+05:30,32.0,61.1,462,0,1,53,23.8,61.2,0,952.1,0,0,27.2,57.5,432,0,1,38,0.0,0.0,0,0,0,0,19.2,82.3,521,0,2,83,0,0,0,0,0,0,0,0,0,0,0,0,0,0,0,0,0,0,0,0,0,0,0,0,100,55,0,0,0,0,14:55:00,1
2026-07-31 15:09:29.686000+05:30,31.9,61.2,467,0,1,55,23.8,61.1,0,952.1,0,0,27.2,57.5,400,0,1,18,24.0,77.9,0,0,0,0,19.2,83.3,530,0,2,89,0,0,0,0,0,0,0,0,0,0,0,0,0,0,0,0,0,0,0,0,0,0,0,0,100,55,0,0,0,0,14:55:00,1
2026-07-31 15:09:34.686000+05:30,31.9,61.4,459,0,1,51,23.8,61.2,0,952.9,0,0,27.2,57.5,424,0,1,35,23.8,74.9,65280,0,0,0,19.2,83.8,542,0,2,96,0,0,0,0,0,0,0,0,0,0,0,0,0,0,0,0,0,0,0,0,0,0,0,0,100,55,0,0,0,0,14:55:00,1
2026-07-31 15:09:39.687000+05:30,31.9,61.6,459,0,1,51,23.8,61.8,0,952.7,0,0,27.2,59.3,420,0,1,33,23.6,73.3,65280,0,0,0,19.3,83.9,519,0,2,82,0,0,0,0,0,0,0,0,0,0,0,0,0,0,0,0,0,0,0,0,0,0,0,0,100,55,0,0,0,0,14:55:00,1
2026-07-31 15:09:44.688000+05:30,31.9,61.6,451,0,1,47,23.7,62.6,0,952.7,0,0,27.2,59.4,453,0,1,48,23.5,72.6,65535,0,128,65535,19.2,83.5,533,0,2,90,0,0,0,0,0,0,0,0,0,0,0,0,0,0,0,0,0,0,0,0,0,0,0,0,100,55,0,0,0,0,14:55:00,1
2026-07-31 15:09:49.687000+05:30,31.9,61.6,452,0,1,48,23.7,62.6,0,952.7,0,0,27.2,59.4,406,0,1,26,23.5,72.6,65535,0,128,65535,19.2,83.5,508,0,2,76,0,0,0,0,0,0,0,0,0,0,0,0,0,0,0,0,0,0,0,0,0,0,0,0,100,55,0,0,0,0,14:55:00,1
2026-07-31 15:09:54.699000+05:30,31.9,61.7,475,0,1,59,23.7,62.2,0,952.7,0,0,27.1,59.2,438,0,1,41,23.4,72.2,65535,0,128,65535,19.2,83.1,518,0,2,82,0,0,0,0,0,0,0,0,0,0,0,0,0,0,0,0,0,0,0,0,0,0,0,0,100,55,0,0,0,0,14:55:00,1
2026-07-31 15:09:59.688000+05:30,31.9,61.8,456,0,1,49,23.7,62.0,0,952.6,0,0,27.1,58.9,403,0,1,25,23.3,72.1,65535,0,128,65535,19.3,82.9,542,0,2,96,0,0,0,0,0,0,0,0,0,0,0,0,0,0,0,0,0,0,0,0,0,0,0,0,100,55,0,0,0,0,14:55:00,1
2026-07-31 15:10:04.691000+05:30,31.9,61.8,458,0,1,51,23.7,62.0,0,952.7,0,0,27.2,58.8,409,0,1,28,23.1,72.0,65535,0,128,65535,19.3,82.8,493,0,2,68,0,0,0,0,0,0,0,0,0,0,0,0,0,0,0,0,0,0,0,0,0,0,0,0,100,55,0,0,0,0,15:10:00,0
2026-07-31 15:10:09.691000+05:30,31.9,61.9,472,0,1,58,23.7,62.2,0,952.7,0,0,27.1,58.9,431,0,1,38,23.0,71.9,65535,0,128,65535,19.3,82.7,534,0,2,91,0,0,0,0,0,0,0,0,0,0,0,0,0,0,0,0,0,0,0,0,0,0,0,0,100,55,0,0,0,0,15:10:00,0
2026-07-31 15:10:14.692000+05:30,31.9,61.8,449,0,1,46,23.7,62.2,0,952.7,0,0,27.1,58.8,422,0,1,33,23.0,72.0,65535,0,128,65535,19.3,82.7,531,0,2,89,0,0,0,0,0,0,0,0,0,0,0,0,0,0,0,0,0,0,0,0,0,0,0,0,100,55,0,0,0,0,15:10:00,0
2026-07-31 15:10:19.691000+05:30,31.9,61.5,478,0,1,61,23.7,62.2,0,952.7,0,0,27.1,58.8,413,0,1,29,23.0,72.0,65535,0,128,65535,19.3,82.6,520,0,2,83,0,0,0,0,0,0,0,0,0,0,0,0,0,0,0,0,0,0,0,0,0,0,0,0,100,55,0,0,0,0,15:10:00,0
2026-07-31 15:10:24.691000+05:30,31.9,61.5,451,0,1,47,23.7,62.4,0,952.7,0,0,27.1,58.8,416,0,1,31,22.9,72.3,256,0,0,0,19.3,82.4,524,0,2,86,0,0,0,0,0,0,0,0,0,0,0,0,0,0,0,0,0,0,0,0,0,0,0,0,100,55,0,0,0,0,15:10:00,0
2026-07-31 15:10:29.692000+05:30,31.9,61.2,476,0,1,60,23.7,62.3,0,952.6,0,0,27.1,58.7,414,0,1,30,22.8,72.4,256,0,0,0,19.3,82.5,525,0,2,86,0,0,0,0,0,0,0,0,0,0,0,0,0,0,0,0,0,0,0,0,0,0,0,0,100,55,0,0,0,0,15:10:00,0
2026-07-31 15:10:34.691000+05:30,31.9,61.3,495,0,2,69,23.7,62.3,0,952.7,0,0,27.1,58.8,421,0,1,33,22.8,72.6,256,0,0,0,19.3,82.4,545,0,2,97,0,0,0,0,0,0,0,0,0,0,0,0,0,0,0,0,0,0,0,0,0,0,0,0,100,55,0,0,0,0,15:10:00,0
2026-07-31 15:10:39.690000+05:30,32.0,61.4,526,0,2,87,23.7,62.3,0,952.7,0,0,27.2,58.7,418,0,1,32,22.7,72.7,256,0,0,0,19.3,82.4,527,0,2,87,0,0,0,0,0,0,0,0,0,0,0,0,0,0,0,0,0,0,0,0,0,0,0,0,100,55,0,0,0,0,15:10:00,0
2026-07-31 15:10:44.693000+05:30,32.0,61.8,522,0,2,84,23.7,62.2,0,952.7,0,0,27.1,58.7,428,0,1,36,22.7,72.8,256,0,0,0,19.3,82.4,548,0,2,99,0,0,0,0,0,0,0,0,0,0,0,0,0,0,0,0,0,0,0,0,0,0,0,0,100,55,0,0,0,0,15:10:00,0
2026-07-31 15:10:49.694000+05:30,32.0,61.6,534,0,2,91,23.7,62.2,0,952.7,0,0,27.2,58.6,423,0,1,34,22.7,72.9,65281,0,0,0,19.3,82.4,531,0,2,90,0,0,0,0,0,0,0,0,0,0,0,0,0,0,0,0,0,0,0,0,0,0,0,0,100,55,0,0,0,0,15:10:00,0
2026-07-31 15:10:54.688000+05:30,31.9,61.5,518,0,2,82,23.7,62.2,0,952.7,0,0,27.2,58.5,409,0,1,27,22.7,73.0,65281,0,0,0,19.3,82.3,516,0,2,81,0,0,0,0,0,0,0,0,0,0,0,0,0,0,0,0,0,0,0,0,0,0,0,0,100,55,0,0,0,0,15:10:00,0
2026-07-31 15:10:59.692000+05:30,32.0,61.5,487,0,2,65,23.7,62.2,0,952.7,0,0,27.2,58.5,444,0,1,44,22.7,73.0,65535,0,128,65535,19.3,82.3,489,0,2,66,0,0,0,0,0,0,0,0,0,0,0,0,0,0,0,0,0,0,0,0,0,0,0,0,100,55,0,0,0,0,15:10:00,0
2026-07-31 15:11:04.694000+05:30,32.0,61.4,477,0,1,60,23.7,62.2,0,952.7,0,0,27.1,58.5,438,0,1,41,22.6,73.0,65535,0,128,65535,19.3,82.2,544,0,2,97,0,0,0,0,0,0,0,0,0,0,0,0,0,0,0,0,0,0,0,0,0,0,0,0,100,55,0,0,0,0,15:10:00,0
2026-07-31 15:11:09.686000+05:30,32.0,61.1,470,0,1,56,23.7,62.2,0,952.7,0,0,27.1,58.4,408,0,1,27,22.6,73.1,65535,0,128,65535,19.3,82.2,513,0,2,79,0,0,0,0,0,0,0,0,0,0,0,0,0,0,0,0,0,0,0,0,0,0,0,0,100,55,0,0,0,0,15:10:00,0
2026-07-31 15:11:14.689000+05:30,31.9,61.0,466,0,1,54,23.7,62.2,0,952.7,0,0,27.1,58.4,420,0,1,33,22.5,73.1,65535,0,128,65535,19.3,82.1,502,0,2,73,0,0,0,0,0,0,0,0,0,0,0,0,0,0,0,0,0,0,0,0,0,0,0,0,100,55,0,0,0,0,15:10:00,0
2026-07-31 15:11:19.780000+05:30,31.9,60.9,463,0,1,53,23.7,62.1,0,952.7,0,0,27.1,58.4,429,0,1,37,22.5,73.2,65535,0,128,65535,19.3,82.1,525,0,2,86,0,0,0,0,0,0,0,0,0,0,0,0,0,0,0,0,0,0,0,0,0,0,0,0,100,55,0,0,0,0,15:10:00,0
2026-07-31 15:11:24.690000+05:30,31.9,61.1,469,0,1,56,23.7,62.2,0,952.7,0,0,27.1,58.3,416,0,1,31,22.5,73.2,65535,0,128,65535,19.2,82.0,499,0,2,72,0,0,0,0,0,0,0,0,0,0,0,0,0,0,0,0,0,0,0,0,0,0,0,0,100,55,0,0,0,0,15:10:00,0
2026-07-31 15:11:29.689000+05:30,32.0,61.5,473,0,1,58,23.7,62.1,0,952.7,0,0,27.1,58.3,400,0,1,19,22.5,73.2,65535,0,128,65535,19.2,82.0,521,0,2,83,0,0,0,0,0,0,0,0,0,0,0,0,0,0,0,0,0,0,0,0,0,0,0,0,100,55,0,0,0,0,15:10:00,0
2026-07-31 15:11:34.689000+05:30,32.0,61.5,533,0,2,90,23.7,62.1,0,952.7,0,0,27.1,58.3,428,0,1,36,22.5,73.2,65535,0,128,65535,19.2,82.0,516,0,2,81,0,0,0,0,0,0,0,0,0,0,0,0,0,0,0,0,0,0,0,0,0,0,0,0,100,55,0,0,0,0,15:10:00,0
2026-07-31 15:11:39.689000+05:30,32.0,61.9,500,0,2,72,23.6,62.1,0,952.7,0,0,27.1,58.2,430,0,1,37,22.5,73.3,65535,0,128,65535,19.3,82.0,506,0,2,75,0,0,0,0,0,0,0,0,0,0,0,0,0,0,0,0,0,0,0,0,0,0,0,0,100,55,0,0,0,0,15:10:00,0
2026-07-31 15:11:44.689000+05:30,32.1,62.2,500,0,2,72,23.6,62.1,0,952.7,0,0,27.1,58.2,422,0,1,33,22.4,73.3,65535,0,128,65535,19.3,82.1,529,0,2,88,0,0,0,0,0,0,0,0,0,0,0,0,0,0,0,0,0,0,0,0,0,0,0,0,100,55,0,0,0,0,15:10:00,0
2026-07-31 15:11:49.688000+05:30,32.1,62.4,487,0,2,65,23.6,62.0,0,952.7,0,0,27.2,58.2,440,0,1,42,22.4,73.3,65535,0,128,65535,19.3,82.1,510,0,2,78,0,0,0,0,0,0,0,0,0,0,0,0,0,0,0,0,0,0,0,0,0,0,0,0,100,55,0,0,0,0,15:10:00,0
2026-07-31 15:11:54.689000+05:30,32.1,62.1,506,0,2,75,23.6,62.0,0,952.7,0,0,27.1,58.0,428,0,1,36,22.4,73.4,65535,0,128,65535,19.3,82.1,525,0,2,86,0,0,0,0,0,0,0,0,0,0,0,0,0,0,0,0,0,0,0,0,0,0,0,0,100,55,0,0,0,0,15:10:00,0
