Time,SPACE1-1:CHICAGO_IL_USA ANNUAL HEATING 99% DESIGN CONDITIONS DB:Des Heat Load [W],SPACE1-1:CHICAGO_IL_USA ANNUAL COOLING 1% DESIGN CONDITIONS DB/MCWB:Des Sens Cool Load [W],SPACE1-1:CHICAGO_IL_USA ANNUAL HEATING 99% DESIGN CONDITIONS DB:Des Heat Mass Flow [kg/s],SPACE1-1:CHICAGO_IL_USA ANNUAL COOLING 1% DESIGN CONDITIONS DB/MCWB:Des Cool Mass Flow [kg/s],SPACE1-1::Des Latent Heat Load [W],SPACE1-1::Des Latent Cool Load [W],SPACE1-1::Des Latent Heat Mass Flow [kg/s],SPACE1-1::Des Latent Cool Mass Flow [kg/s],SPACE1-1::Des Heat Load No DOAS [W],SPACE1-1::Des Sens Cool Load No DOAS [W],SPACE1-1::Des Latent Heat Load No DOAS [W],SPACE1-1::Des Latent Cool Load No DOAS [W],SPACE1-1:CHICAGO_IL_USA ANNUAL HEATING 99% DESIGN CONDITIONS DB:Heating Zone Temperature [C],SPACE1-1:CHICAGO_IL_USA ANNUAL HEATING 99% DESIGN CONDITIONS DB:Heating Zone Relative Humidity [%],SPACE1-1:CHICAGO_IL_USA ANNUAL COOLING 1% DESIGN CONDITIONS DB/MCWB:Cooling Zone Temperature [C],SPACE1-1:CHICAGO_IL_USA ANNUAL COOLING 1% DESIGN CONDITIONS DB/MCWB:Cooling Zone Relative Humidity [%],SPACE2-1:CHICAGO_IL_USA ANNUAL HEATING 99% DESIGN CONDITIONS DB:Des Heat Load [W],SPACE2-1:CHICAGO_IL_USA ANNUAL COOLING 1% DESIGN CONDITIONS DB/MCWB:Des Sens Cool Load [W],SPACE2-1:CHICAGO_IL_USA ANNUAL HEATING 99% DESIGN CONDITIONS DB:Des Heat Mass Flow [kg/s],SPACE2-1:CHICAGO_IL_USA ANNUAL COOLING 1% DESIGN CONDITIONS DB/MCWB:Des Cool Mass Flow [kg/s],SPACE2-1::Des Latent Heat Load [W],SPACE2-1::Des Latent Cool Load [W],SPACE2-1::Des Latent Heat Mass Flow [kg/s],SPACE2-1::Des Latent Cool Mass Flow [kg/s],SPACE2-1::Des Heat Load No DOAS [W],SPACE2-1::Des Sens Cool Load No DOAS [W],SPACE2-1::Des Latent Heat Load No DOAS [W],SPACE2-1::Des Latent Cool Load No DOAS [W],SPACE2-1:CHICAGO_IL_USA ANNUAL HEATING 99% DESIGN CONDITIONS DB:Heating Zone Temperature [C],SPACE2-1:CHICAGO_IL_USA ANNUAL HEATING 99% DESIGN CONDITIONS DB:Heating Zone Relative Humidity [%],SPACE2-1:CHICAGO_IL_USA ANNUAL COOLING 1% DESIGN CONDITIONS DB/MCWB:Cooling Zone Temperature [C],SPACE2-1:CHICAGO_IL_USA ANNUAL COOLING 1% DESIGN CONDITIONS DB/MCWB:Cooling Zone Relative Humidity [%],SPACE3-1:CHICAGO_IL_USA ANNUAL HEATING 99% DESIGN CONDITIONS DB:Des Heat Load [W],SPACE3-1:CHICAGO_IL_USA ANNUAL COOLING 1% DESIGN CONDITIONS DB/MCWB:Des Sens Cool Load [W],SPACE3-1:CHICAGO_IL_USA ANNUAL HEATING 99% DESIGN CONDITIONS DB:Des Heat Mass Flow [kg/s],SPACE3-1:CHICAGO_IL_USA ANNUAL COOLING 1% DESIGN CONDITIONS DB/MCWB:Des Cool Mass Flow [kg/s],SPACE3-1::Des Latent Heat Load [W],SPACE3-1::Des Latent Cool Load [W],SPACE3-1::Des Latent Heat Mass Flow [kg/s],SPACE3-1::Des Latent Cool Mass Flow [kg/s],SPACE3-1::Des Heat Load No DOAS [W],SPACE3-1::Des Sens Cool Load No DOAS [W],SPACE3-1::Des Latent Heat Load No DOAS [W],SPACE3-1::Des Latent Cool Load No DOAS [W],SPACE3-1:CHICAGO_IL_USA ANNUAL HEATING 99% DESIGN CONDITIONS DB:Heating Zone Temperature [C],SPACE3-1:CHICAGO_IL_USA ANNUAL HEATING 99% DESIGN CONDITIONS DB:Heating Zone Relative Humidity [%],SPACE3-1:CHICAGO_IL_USA ANNUAL COOLING 1% DESIGN CONDITIONS DB/MCWB:Cooling Zone Temperature [C],SPACE3-1:CHICAGO_IL_USA ANNUAL COOLING 1% DESIGN CONDITIONS DB/MCWB:Cooling Zone Relative Humidity [%],SPACE4-1:CHICAGO_IL_USA ANNUAL HEATING 99% DESIGN CONDITIONS DB:Des Heat Load [W],SPACE4-1:CHICAGO_IL_USA ANNUAL COOLING 1% DESIGN CONDITIONS DB/MCWB:Des Sens Cool Load [W],SPACE4-1:CHICAGO_IL_USA ANNUAL HEATING 99% DESIGN CONDITIONS DB:Des Heat Mass Flow [kg/s],SPACE4-1:CHICAGO_IL_USA ANNUAL COOLING 1% DESIGN CONDITIONS DB/MCWB:Des Cool Mass Flow [kg/s],SPACE4-1::Des Latent Heat Load [W],SPACE4-1::Des Latent Cool Load [W],SPACE4-1::Des Latent Heat Mass Flow [kg/s],SPACE4-1::Des Latent Cool Mass Flow [kg/s],SPACE4-1::Des Heat Load No DOAS [W],SPACE4-1::Des Sens Cool Load No DOAS [W],SPACE4-1::Des Latent Heat Load No DOAS [W],SPACE4-1::Des Latent Cool Load No DOAS [W],SPACE4-1:CHICAGO_IL_USA ANNUAL HEATING 99% DESIGN CONDITIONS DB:Heating Zone Temperature [C],SPACE4-1:CHICAGO_IL_USA ANNUAL HEATING 99% DESIGN CONDITIONS DB:Heating Zone Relative Humidity [%],SPACE4-1:CHICAGO_IL_USA ANNUAL COOLING 1% DESIGN CONDITIONS DB/MCWB:Cooling Zone Temperature [C],SPACE4-1:CHICAGO_IL_USA ANNUAL COOLING 1% DESIGN CONDITIONS DB/MCWB:Cooling Zone Relative Humidity [%],SPACE5-1:CHICAGO_IL_USA ANNUAL HEATING 99% DESIGN CONDITIONS DB:Des Heat Load [W],SPACE5-1:CHICAGO_IL_USA ANNUAL COOLING 1% DESIGN CONDITIONS DB/MCWB:Des Sens Cool Load [W],SPACE5-1:CHICAGO_IL_USA ANNUAL HEATING 99% DESIGN CONDITIONS DB:Des Heat Mass Flow [kg/s],SPACE5-1:CHICAGO_IL_USA ANNUAL COOLING 1% DESIGN CONDITIONS DB/MCWB:Des Cool Mass Flow [kg/s],SPACE5-1::Des Latent Heat Load [W],SPACE5-1::Des Latent Cool Load [W],SPACE5-1::Des Latent Heat Mass Flow [kg/s],SPACE5-1::Des Latent Cool Mass Flow [kg/s],SPACE5-1::Des Heat Load No DOAS [W],SPACE5-1::Des Sens Cool Load No DOAS [W],SPACE5-1::Des Latent Heat Load No DOAS [W],SPACE5-1::Des Latent Cool Load No DOAS [W],SPACE5-1:CHICAGO_IL_USA ANNUAL HEATING 99% DESIGN CONDITIONS DB:Heating Zone Temperature [C],SPACE5-1:CHICAGO_IL_USA ANNUAL HEATING 99% DESIGN CONDITIONS DB:Heating Zone Relative Humidity [%],SPACE5-1:CHICAGO_IL_USA ANNUAL COOLING 1% DESIGN CONDITIONS DB/MCWB:Cooling Zone Temperature [C],SPACE5-1:CHICAGO_IL_USA ANNUAL COOLING 1% DESIGN CONDITIONS DB/MCWB:Cooling Zone Relative Humidity [%]
00:15:00,8.867162E+02,2.268043E+03,3.031464E-02,2.811110E-01,0.000000E+00,0.000000E+00,0.000000E+00,0.000000E+00,0.000000E+00,0.000000E+00,0.000000E+00,0.000000E+00,2.110429E+01,5.075558E+01,2.389778E+01,5.204024E+01,2.680150E+02,1.033156E+03,9.162686E-03,1.280534E-01,0.000000E+00,0.000000E+00,0.000000E+00,0.000000E+00,0.000000E+00,0.000000E+00,0.000000E+00,0.000000E+00,2.110402E+01,6.140682E+01,2.389781E+01,5.201221E+01,7.449737E+02,2.281629E+03,2.546874E-02,2.827958E-01,0.000000E+00,0.000000E+00,0.000000E+00,0.000000E+00,0.000000E+00,0.000000E+00,0.000000E+00,0.000000E+00,2.110421E+01,5.471239E+01,2.389775E+01,5.201669E+01,2.680150E+02,1.041048E+03,9.162686E-03,1.290313E-01,0.000000E+00,0.000000E+00,0.000000E+00,0.000000E+00,0.000000E+00,0.000000E+00,0.000000E+00,0.000000E+00,2.110402E+01,6.140682E+01,2.389782E+01,5.197687E+01,0.000000E+00,4.311639E+03,0.000000E+00,5.344282E-01,0.000000E+00,0.000000E+00,0.000000E+00,0.000000E+00,0.000000E+00,0.000000E+00,0.000000E+00,0.000000E+00,2.389831E+01,6.151658E+01,2.389741E+01,5.187670E+01
00:30:00,8.867162E+02,2.239009E+03,3.031464E-02,2.775124E-01,0.000000E+00,0.000000E+00,0.000000E+00,0.000000E+00,0.000000E+00,0.000000E+00,0.000000E+00,0.000000E+00,2.110429E+01,5.075558E+01,2.389778E+01,5.209688E+01,2.680150E+02,1.020988E+03,9.162686E-03,1.265451E-01,0.000000E+00,0.000000E+00,0.000000E+00,0.000000E+00,0.000000E+00,0.000000E+00,0.000000E+00,0.000000E+00,2.110402E+01,6.140682E+01,2.389781E+01,5.206391E+01,7.449737E+02,2.254175E+03,2.546874E-02,2.793931E-01,0.000000E+00,0.000000E+00,0.000000E+00,0.000000E+00,0.000000E+00,0.000000E+00,0.000000E+00,0.000000E+00,2.110421E+01,5.471239E+01,2.389775E+01,5.206956E+01,2.680150E+02,1.027369E+03,9.162686E-03,1.273360E-01,0.000000E+00,0.000000E+00,0.000000E+00,0.000000E+00,0.000000E+00,0.000000E+00,0.000000E+00,0.000000E+00,2.110402E+01,6.140682E+01,2.389781E+01,5.203452E+01,0.000000E+00,4.283654E+03,0.000000E+00,5.309594E-01,0.000000E+00,0.000000E+00,0.000000E+00,0.000000E+00,0.000000E+00,0.000000E+00,0.000000E+00,0.000000E+00,2.389831E+01,6.151658E+01,2.389741E+01,5.190450E+01
00:45:00,8.867162E+02,2.211220E+03,3.031464E-02,2.740683E-01,0.000000E+00,0.000000E+00,0.000000E+00,0.000000E+00,0.000000E+00,0.000000E+00,0.000000E+00,0.000000E+00,2.110429E+01,5.075558E+01,2.389778E+01,5.215217E+01,2.680150E+02,1.009290E+03,9.162686E-03,1.250954E-01,0.000000E+00,0.000000E+00,0.000000E+00,0.000000E+00,0.000000E+00,0.000000E+00,0.000000E+00,0.000000E+00,2.110402E+01,6.140682E+01,2.389781E+01,5.211454E+01,7.449737E+02,2.227791E+03,2.546874E-02,2.761230E-01,0.000000E+00,0.000000E+00,0.000000E+00,0.000000E+00,0.000000E+00,0.000000E+00,0.000000E+00,0.000000E+00,2.110421E+01,5.471239E+01,2.389775E+01,5.212131E+01,2.680150E+02,1.014461E+03,9.162686E-03,1.257361E-01,0.000000E+00,0.000000E+00,0.000000E+00,0.000000E+00,0.000000E+00,0.000000E+00,0.000000E+00,0.000000E+00,2.110402E+01,6.140682E+01,2.389781E+01,5.209009E+01,0.000000E+00,4.256792E+03,0.000000E+00,5.276299E-01,0.000000E+00,0.000000E+00,0.000000E+00,0.000000E+00,0.000000E+00,0.000000E+00,0.000000E+00,0.000000E+00,2.389831E+01,6.151658E+01,2.389741E+01,5.193150E+01
01:00:00,8.867162E+02,2.184614E+03,3.031464E-02,2.707705E-01,0.000000E+00,0.000000E+00,0.000000E+00,0.000000E+00,0.000000E+00,0.000000E+00,0.000000E+00,0.000000E+00,2.110429E+01,5.075558E+01,2.389778E+01,5.220650E+01,2.680150E+02,9.980478E+02,9.162686E-03,1.237019E-01,0.000000E+00,0.000000E+00,0.000000E+00,0.000000E+00,0.000000E+00,0.000000E+00,0.000000E+00,0.000000E+00,2.110402E+01,6.140682E+01,2.389781E+01,5.216438E+01,7.449737E+02,2.202441E+03,2.546874E-02,2.729810E-01,0.000000E+00,0.000000E+00,0.000000E+00,0.000000E+00,0.000000E+00,0.000000E+00,0.000000E+00,0.000000E+00,2.110421E+01,5.471239E+01,2.389775E+01,5.217228E+01,2.680150E+02,1.002244E+03,9.162686E-03,1.242220E-01,0.000000E+00,0.000000E+00,0.000000E+00,0.000000E+00,0.000000E+00,0.000000E+00,0.000000E+00,0.000000E+00,2.110402E+01,6.140682E+01,2.389781E+01,5.214402E+01,0.000000E+00,4.231001E+03,0.000000E+00,5.244332E-01,0.000000E+00,0.000000E+00,0.000000E+00,0.000000E+00,0.000000E+00,0.000000E+00,0.000000E+00,0.000000E+00,2.389831E+01,6.151658E+01,2.389741E+01,5.195776E+01
01:15:00,8.867162E+02,2.159555E+03,3.031464E-02,2.676647E-01,0.000000E+00,0.000000E+00,0.000000E+00,0.000000E+00,0.000000E+00,0.000000E+00,0.000000E+00,0.000000E+00,2.110429E+01,5.075558E+01,2.389778E+01,5.226026E+01,2.680150E+02,9.873949E+02,9.162686E-03,1.223816E-01,0.000000E+00,0.000000E+00,0.000000E+00,0.000000E+00,0.000000E+00,0.000000E+00,0.000000E+00,0.000000E+00,2.110402E+01,6.140682E+01,2.389780E+01,5.221373E+01,7.449737E+02,2.178490E+03,2.546874E-02,2.700124E-01,0.000000E+00,0.000000E+00,0.000000E+00,0.000000E+00,0.000000E+00,0.000000E+00,0.000000E+00,0.000000E+00,2.110421E+01,5.471239E+01,2.389775E+01,5.222281E+01,2.680150E+02,9.908075E+02,9.162686E-03,1.228045E-01,0.000000E+00,0.000000E+00,0.000000E+00,0.000000E+00,0.000000E+00,0.000000E+00,0.000000E+00,0.000000E+00,2.110402E+01,6.140682E+01,2.389781E+01,5.219676E+01,0.000000E+00,4.206300E+03,0.000000E+00,5.213717E-01,0.000000E+00,0.000000E+00,0.000000E+00,0.000000E+00,0.000000E+00,0.000000E+00,0.000000E+00,0.000000E+00,2.389831E+01,6.151658E+01,2.389741E+01,5.198334E+01
01:30:00,8.867162E+02,2.136033E+03,3.031464E-02,2.647493E-01,0.000000E+00,0.000000E+00,0.000000E+00,0.000000E+00,0.000000E+00,0.000000E+00,0.000000E+00,0.000000E+00,2.110429E+01,5.075558E+01,2.389777E+01,5.231158E+01,2.680150E+02,9.773365E+02,9.162686E-03,1.211349E-01,0.000000E+00,0.000000E+00,0.000000E+00,0.000000E+00,0.000000E+00,0.000000E+00,0.000000E+00,0.000000E+00,2.110402E+01,6.140682E+01,2.389780E+01,5.226106E+01,7.449737E+02,2.155945E+03,2.546874E-02,2.672182E-01,0.000000E+00,0.000000E+00,0.000000E+00,0.000000E+00,0.000000E+00,0.000000E+00,0.000000E+00,0.000000E+00,2.110421E+01,5.471239E+01,2.389775E+01,5.227113E+01,2.680150E+02,9.801167E+02,9.162686E-03,1.214795E-01,0.000000E+00,0.000000E+00,0.000000E+00,0.000000E+00,0.000000E+00,0.000000E+00,0.000000E+00,0.000000E+00,2.110402E+01,6.140682E+01,2.389781E+01,5.224691E+01,0.000000E+00,4.182820E+03,0.000000E+00,5.184613E-01,0.000000E+00,0.000000E+00,0.000000E+00,0.000000E+00,0.000000E+00,0.000000E+00,0.000000E+00,0.000000E+00,2.389831E+01,6.151658E+01,2.389740E+01,5.200807E+01
01:45:00,8.867162E+02,2.113976E+03,3.031464E-02,2.620155E-01,0.000000E+00,0.000000E+00,0.000000E+00,0.000000E+00,0.000000E+00,0.000000E+00,0.000000E+00,0.000000E+00,2.110429E+01,5.075558E+01,2.389777E+01,5.236006E+01,2.680150E+02,9.678511E+02,9.162686E-03,1.199593E-01,0.000000E+00,0.000000E+00,0.000000E+00,0.000000E+00,0.000000E+00,0.000000E+00,0.000000E+00,0.000000E+00,2.110402E+01,6.140682E+01,2.389780E+01,5.230604E+01,7.449737E+02,2.134752E+03,2.546874E-02,2.645915E-01,0.000000E+00,0.000000E+00,0.000000E+00,0.000000E+00,0.000000E+00,0.000000E+00,0.000000E+00,0.000000E+00,2.110421E+01,5.471239E+01,2.389775E+01,5.231684E+01,2.680150E+02,9.701202E+02,9.162686E-03,1.202405E-01,0.000000E+00,0.000000E+00,0.000000E+00,0.000000E+00,0.000000E+00,0.000000E+00,0.000000E+00,0.000000E+00,2.110402E+01,6.140682E+01,2.389780E+01,5.229423E+01,0.000000E+00,4.160399E+03,0.000000E+00,5.156823E-01,0.000000E+00,0.000000E+00,0.000000E+00,0.000000E+00,0.000000E+00,0.000000E+00,0.000000E+00,0.000000E+00,2.389831E+01,6.151658E+01,2.389740E+01,5.203170E+01
02:00:00,8.867162E+02,2.093362E+03,3.031464E-02,2.594606E-01,0.000000E+00,0.000000E+00,0.000000E+00,0.000000E+00,0.000000E+00,0.000000E+00,0.000000E+00,0.000000E+00,2.110429E+01,5.075558E+01,2.389777E+01,5.240660E+01,2.680150E+02,9.589353E+02,9.162686E-03,1.188543E-01,0.000000E+00,0.000000E+00,0.000000E+00,0.000000E+00,0.000000E+00,0.000000E+00,0.000000E+00,0.000000E+00,2.110402E+01,6.140682E+01,2.389780E+01,5.234937E+01,7.449737E+02,2.114901E+03,2.546874E-02,2.621311E-01,0.000000E+00,0.000000E+00,0.000000E+00,0.000000E+00,0.000000E+00,0.000000E+00,0.000000E+00,0.000000E+00,2.110421E+01,5.471239E+01,2.389774E+01,5.236077E+01,2.680150E+02,9.607905E+02,9.162686E-03,1.190842E-01,0.000000E+00,0.000000E+00,0.000000E+00,0.000000E+00,0.000000E+00,0.000000E+00,0.000000E+00,0.000000E+00,2.110402E+01,6.140682E+01,2.389780E+01,5.233951E+01,0.000000E+00,4.139000E+03,0.000000E+00,5.130300E-01,0.000000E+00,0.000000E+00,0.000000E+00,0.000000E+00,0.000000E+00,0.000000E+00,0.000000E+00,0.000000E+00,2.389831E+01,6.151658E+01,2.389740E+01,5.205448E+01
02:15:00,8.867162E+02,2.073734E+03,3.031464E-02,2.570279E-01,0.000000E+00,0.000000E+00,0.000000E+00,0.000000E+00,0.000000E+00,0.000000E+00,0.000000E+00,0.000000E+00,2.110429E+01,5.075558E+01,2.389777E+01,5.245205E+01,2.680150E+02,9.504304E+02,9.162686E-03,1.178001E-01,0.000000E+00,0.000000E+00,0.000000E+00,0.000000E+00,0.000000E+00,0.000000E+00,0.000000E+00,0.000000E+00,2.110402E+01,6.140682E+01,2.389780E+01,5.239173E+01,7.449737E+02,2.095969E+03,2.546874E-02,2.597846E-01,0.000000E+00,0.000000E+00,0.000000E+00,0.000000E+00,0.000000E+00,0.000000E+00,0.000000E+00,0.000000E+00,2.110421E+01,5.471239E+01,2.389774E+01,5.240371E+01,2.680150E+02,9.519498E+02,9.162686E-03,1.179884E-01,0.000000E+00,0.000000E+00,0.000000E+00,0.000000E+00,0.000000E+00,0.000000E+00,0.000000E+00,0.000000E+00,2.110402E+01,6.140682E+01,2.389780E+01,5.238348E+01,0.000000E+00,4.118524E+03,0.000000E+00,5.104920E-01,0.000000E+00,0.000000E+00,0.000000E+00,0.000000E+00,0.000000E+00,0.000000E+00,0.000000E+00,0.000000E+00,2.389831E+01,6.151658E+01,2.389740E+01,5.207662E+01
02:30:00,8.867162E+02,2.055063E+03,3.031464E-02,2.547138E-01,0.000000E+00,0.000000E+00,0.000000E+00,0.000000E+00,0.000000E+00,0.000000E+00,0.000000E+00,0.000000E+00,2.110429E+01,5.075558E+01,2.389777E+01,5.249593E+01,2.680150E+02,9.423250E+02,9.162686E-03,1.167955E-01,0.000000E+00,0.000000E+00,0.000000E+00,0.000000E+00,0.000000E+00,0.000000E+00,0.000000E+00,0.000000E+00,2.110402E+01,6.140682E+01,2.389780E+01,5.243268E+01,7.449737E+02,2.077936E+03,2.546874E-02,2.575495E-01,0.000000E+00,0.000000E+00,0.000000E+00,0.000000E+00,0.000000E+00,0.000000E+00,0.000000E+00,0.000000E+00,2.110421E+01,5.471239E+01,2.389774E+01,5.244520E+01,2.680150E+02,9.435713E+02,9.162686E-03,1.169500E-01,0.000000E+00,0.000000E+00,0.000000E+00,0.000000E+00,0.000000E+00,0.000000E+00,0.000000E+00,0.000000E+00,2.110402E+01,6.140682E+01,2.389780E+01,5.242579E+01,0.000000E+00,4.098772E+03,0.000000E+00,5.080438E-01,0.000000E+00,0.000000E+00,0.000000E+00,0.000000E+00,0.000000E+00,0.000000E+00,0.000000E+00,0.000000E+00,2.389831E+01,6.151658E+01,2.389740E+01,5.209809E+01
02:45:00,8.867162E+02,2.037376E+03,3.031464E-02,2.525216E-01,0.000000E+00,0.000000E+00,0.000000E+00,0.000000E+00,0.000000E+00,0.000000E+00,0.000000E+00,0.000000E+00,2.110429E+01,5.075558E+01,2.389776E+01,5.253805E+01,2.680150E+02,9.346306E+02,9.162686E-03,1.158419E-01,0.000000E+00,0.000000E+00,0.000000E+00,0.000000E+00,0.000000E+00,0.000000E+00,0.000000E+00,0.000000E+00,2.110402E+01,6.140682E+01,2.389780E+01,5.247208E+01,7.449737E+02,2.060832E+03,2.546874E-02,2.554296E-01,0.000000E+00,0.000000E+00,0.000000E+00,0.000000E+00,0.000000E+00,0.000000E+00,0.000000E+00,0.000000E+00,2.110421E+01,5.471239E+01,2.389774E+01,5.248505E+01,2.680150E+02,9.356547E+02,9.162686E-03,1.159688E-01,0.000000E+00,0.000000E+00,0.000000E+00,0.000000E+00,0.000000E+00,0.000000E+00,0.000000E+00,0.000000E+00,2.110402E+01,6.140682E+01,2.389780E+01,5.246631E+01,0.000000E+00,4.079843E+03,0.000000E+00,5.056976E-01,0.000000E+00,0.000000E+00,0.000000E+00,0.000000E+00,0.000000E+00,0.000000E+00,0.000000E+00,0.000000E+00,2.389831E+01,6.151658E+01,2.389740E+01,5.211888E+01
03:00:00,8.867162E+02,2.020656E+03,3.031464E-02,2.504493E-01,0.000000E+00,0.000000E+00,0.000000E+00,0.000000E+00,0.000000E+00,0.000000E+00,0.000000E+00,0.000000E+00,2.110429E+01,5.075558E+01,2.389776E+01,5.257866E+01,2.680150E+02,9.273412E+02,9.162686E-03,1.149384E-01,0.000000E+00,0.000000E+00,0.000000E+00,0.000000E+00,0.000000E+00,0.000000E+00,0.000000E+00,0.000000E+00,2.110402E+01,6.140682E+01,2.389779E+01,5.251011E+01,7.449737E+02,2.044645E+03,2.546874E-02,2.534233E-01,0.000000E+00,0.000000E+00,0.000000E+00,0.000000E+00,0.000000E+00,0.000000E+00,0.000000E+00,0.000000E+00,2.110421E+01,5.471239E+01,2.389774E+01,5.252349E+01,2.680150E+02,9.281840E+02,9.162686E-03,1.150429E-01,0.000000E+00,0.000000E+00,0.000000E+00,0.000000E+00,0.000000E+00,0.000000E+00,0.000000E+00,0.000000E+00,2.110402E+01,6.140682E+01,2.389780E+01,5.250527E+01,0.000000E+00,4.061721E+03,0.000000E+00,5.034514E-01,0.000000E+00,0.000000E+00,0.000000E+00,0.000000E+00,0.000000E+00,0.000000E+00,0.000000E+00,0.000000E+00,2.389831E+01,6.151658E+01,2.389740E+01,5.213900E+01
03:15:00,8.867162E+02,2.004575E+03,3.031464E-02,2.484562E-01,0.000000E+00,0.000000E+00,0.000000E+00,0.000000E+00,0.000000E+00,0.000000E+00,0.000000E+00,0.000000E+00,2.110429E+01,5.075558E+01,2.389776E+01,5.261815E+01,2.680150E+02,9.203423E+02,9.162686E-03,1.140710E-01,0.000000E+00,0.000000E+00,0.000000E+00,0.000000E+00,0.000000E+00,0.000000E+00,0.000000E+00,0.000000E+00,2.110402E+01,6.140682E+01,2.389779E+01,5.254704E+01,7.449737E+02,2.029069E+03,2.546874E-02,2.514929E-01,0.000000E+00,0.000000E+00,0.000000E+00,0.000000E+00,0.000000E+00,0.000000E+00,0.000000E+00,0.000000E+00,2.110421E+01,5.471239E+01,2.389774E+01,5.256086E+01,2.680150E+02,9.210368E+02,9.162686E-03,1.141570E-01,0.000000E+00,0.000000E+00,0.000000E+00,0.000000E+00,0.000000E+00,0.000000E+00,0.000000E+00,0.000000E+00,2.110402E+01,6.140682E+01,2.389779E+01,5.254299E+01,0.000000E+00,4.044319E+03,0.000000E+00,5.012945E-01,0.000000E+00,0.000000E+00,0.000000E+00,0.000000E+00,0.000000E+00,0.000000E+00,0.000000E+00,0.000000E+00,2.389831E+01,6.151658E+01,2.389740E+01,5.215847E+01
03:30:00,8.867162E+02,1.989056E+03,3.031464E-02,2.465327E-01,0.000000E+00,0.000000E+00,0.000000E+00,0.000000E+00,0.000000E+00,0.000000E+00,0.000000E+00,0.000000E+00,2.110429E+01,5.075558E+01,2.389776E+01,5.265676E+01,2.680150E+02,9.136032E+02,9.162686E-03,1.132357E-01,0.000000E+00,0.000000E+00,0.000000E+00,0.000000E+00,0.000000E+00,0.000000E+00,0.000000E+00,0.000000E+00,2.110402E+01,6.140682E+01,2.389779E+01,5.258307E+01,7.449737E+02,2.014034E+03,2.546874E-02,2.496294E-01,0.000000E+00,0.000000E+00,0.000000E+00,0.000000E+00,0.000000E+00,0.000000E+00,0.000000E+00,0.000000E+00,2.110421E+01,5.471239E+01,2.389774E+01,5.259739E+01,2.680150E+02,9.141765E+02,9.162686E-03,1.133068E-01,0.000000E+00,0.000000E+00,0.000000E+00,0.000000E+00,0.000000E+00,0.000000E+00,0.000000E+00,0.000000E+00,2.110402E+01,6.140682E+01,2.389779E+01,5.257968E+01,0.000000E+00,4.027612E+03,0.000000E+00,4.992237E-01,0.000000E+00,0.000000E+00,0.000000E+00,0.000000E+00,0.000000E+00,0.000000E+00,0.000000E+00,0.000000E+00,2.389831E+01,6.151658E+01,2.389740E+01,5.217732E+01
03:45:00,8.867162E+02,1.974052E+03,3.031464E-02,2.446731E-01,0.000000E+00,0.000000E+00,0.000000E+00,0.000000E+00,0.000000E+00,0.000000E+00,0.000000E+00,0.000000E+00,2.110429E+01,5.075558E+01,2.389776E+01,5.269463E+01,2.680150E+02,9.071033E+02,9.162686E-03,1.124301E-01,0.000000E+00,0.000000E+00,0.000000E+00,0.000000E+00,0.000000E+00,0.000000E+00,0.000000E+00,0.000000E+00,2.110402E+01,6.140682E+01,2.389779E+01,5.261832E+01,7.449737E+02,1.999497E+03,2.546874E-02,2.478277E-01,0.000000E+00,0.000000E+00,0.000000E+00,0.000000E+00,0.000000E+00,0.000000E+00,0.000000E+00,0.000000E+00,2.110421E+01,5.471239E+01,2.389774E+01,5.263321E+01,2.680150E+02,9.075773E+02,9.162686E-03,1.124888E-01,0.000000E+00,0.000000E+00,0.000000E+00,0.000000E+00,0.000000E+00,0.000000E+00,0.000000E+00,0.000000E+00,2.110402E+01,6.140682E+01,2.389779E+01,5.261547E+01,0.000000E+00,4.011570E+03,0.000000E+00,4.972353E-01,0.000000E+00,0.000000E+00,0.000000E+00,0.000000E+00,0.000000E+00,0.000000E+00,0.000000E+00,0.000000E+00,2.389831E+01,6.151658E+01,2.389740E+01,5.219559E+01
04:00:00,8.867162E+02,1.959523E+03,3.031464E-02,2.428723E-01,0.000000E+00,0.000000E+00,0.000000E+00,0.000000E+00,0.000000E+00,0.000000E+00,0.000000E+00,0.000000E+00,2.110429E+01,5.075558E+01,2.389776E+01,5.273183E+01,2.680150E+02,9.008238E+02,9.162686E-03,1.116518E-01,0.000000E+00,0.000000E+00,0.000000E+00,0.000000E+00,0.000000E+00,0.000000E+00,0.000000E+00,0.000000E+00,2.110402E+01,6.140682E+01,2.389779E+01,5.265284E+01,7.449737E+02,1.985419E+03,2.546874E-02,2.460828E-01,0.000000E+00,0.000000E+00,0.000000E+00,0.000000E+00,0.000000E+00,0.000000E+00,0.000000E+00,0.000000E+00,2.110421E+01,5.471239E+01,2.389774E+01,5.266838E+01,2.680150E+02,9.012161E+02,9.162686E-03,1.117004E-01,0.000000E+00,0.000000E+00,0.000000E+00,0.000000E+00,0.000000E+00,0.000000E+00,0.000000E+00,0.000000E+00,2.110402E+01,6.140682E+01,2.389779E+01,5.265045E+01,0.000000E+00,3.996162E+03,0.000000E+00,4.953255E-01,0.000000E+00,0.000000E+00,0.000000E+00,0.000000E+00,0.000000E+00,0.000000E+00,0.000000E+00,0.000000E+00,2.389831E+01,6.151658E+01,2.389740E+01,5.221327E+01
04:15:00,8.867162E+02,1.945824E+03,3.031464E-02,2.411744E-01,0.000000E+00,0.000000E+00,0.000000E+00,0.000000E+00,0.000000E+00,0.000000E+00,0.000000E+00,0.000000E+00,2.110429E+01,5.075558E+01,2.389776E+01,5.276842E+01,2.680150E+02,8.948898E+02,9.162686E-03,1.109163E-01,0.000000E+00,0.000000E+00,0.000000E+00,0.000000E+00,0.000000E+00,0.000000E+00,0.000000E+00,0.000000E+00,2.110402E+01,6.140682E+01,2.389779E+01,5.268669E+01,7.449737E+02,1.972138E+03,2.546874E-02,2.444367E-01,0.000000E+00,0.000000E+00,0.000000E+00,0.000000E+00,0.000000E+00,0.000000E+00,0.000000E+00,0.000000E+00,2.110421E+01,5.471239E+01,2.389774E+01,5.270294E+01,2.680150E+02,8.952151E+02,9.162686E-03,1.109566E-01,0.000000E+00,0.000000E+00,0.000000E+00,0.000000E+00,0.000000E+00,0.000000E+00,0.000000E+00,0.000000E+00,2.110402E+01,6.140682E+01,2.389779E+01,5.268467E+01,0.000000E+00,3.982175E+03,0.000000E+00,4.935918E-01,0.000000E+00,0.000000E+00,0.000000E+00,0.000000E+00,0.000000E+00,0.000000E+00,0.000000E+00,0.000000E+00,2.389831E+01,6.151658E+01,2.389740E+01,5.223040E+01
04:30:00,8.867162E+02,1.932976E+03,3.031464E-02,2.395820E-01,0.000000E+00,0.000000E+00,0.000000E+00,0.000000E+00,0.000000E+00,0.000000E+00,0.000000E+00,0.000000E+00,2.110429E+01,5.075558E+01,2.389776E+01,5.280316E+01,2.680150E+02,8.893072E+02,9.162686E-03,1.102244E-01,0.000000E+00,0.000000E+00,0.000000E+00,0.000000E+00,0.000000E+00,0.000000E+00,0.000000E+00,0.000000E+00,2.110402E+01,6.140682E+01,2.389779E+01,5.271888E+01,7.449737E+02,1.959673E+03,2.546874E-02,2.428917E-01,0.000000E+00,0.000000E+00,0.000000E+00,0.000000E+00,0.000000E+00,0.000000E+00,0.000000E+00,0.000000E+00,2.110421E+01,5.471239E+01,2.389773E+01,5.273577E+01,2.680150E+02,8.895772E+02,9.162686E-03,1.102579E-01,0.000000E+00,0.000000E+00,0.000000E+00,0.000000E+00,0.000000E+00,0.000000E+00,0.000000E+00,0.000000E+00,2.110402E+01,6.140682E+01,2.389779E+01,5.271718E+01,0.000000E+00,3.969013E+03,0.000000E+00,4.919604E-01,0.000000E+00,0.000000E+00,0.000000E+00,0.000000E+00,0.000000E+00,0.000000E+00,0.000000E+00,0.000000E+00,2.389831E+01,6.151658E+01,2.389739E+01,5.224577E+01
04:45:00,8.867162E+02,1.924442E+03,3.031464E-02,2.385242E-01,0.000000E+00,0.000000E+00,0.000000E+00,0.000000E+00,0.000000E+00,0.000000E+00,0.000000E+00,0.000000E+00,2.110429E+01,5.075558E+01,2.389776E+01,5.283574E+01,2.680150E+02,8.975943E+02,9.162686E-03,1.112516E-01,0.000000E+00,0.000000E+00,0.000000E+00,0.000000E+00,0.000000E+00,0.000000E+00,0.000000E+00,0.000000E+00,2.110402E+01,6.140682E+01,2.389779E+01,5.274917E+01,7.449737E+02,2.001761E+03,2.546874E-02,2.481084E-01,0.000000E+00,0.000000E+00,0.000000E+00,0.000000E+00,0.000000E+00,0.000000E+00,0.000000E+00,0.000000E+00,2.110421E+01,5.471239E+01,2.389773E+01,5.276655E+01,2.680150E+02,8.857449E+02,9.162686E-03,1.097829E-01,0.000000E+00,0.000000E+00,0.000000E+00,0.000000E+00,0.000000E+00,0.000000E+00,0.000000E+00,0.000000E+00,2.110402E+01,6.140682E+01,2.389779E+01,5.274774E+01,0.000000E+00,3.956981E+03,0.000000E+00,4.904692E-01,0.000000E+00,0.000000E+00,0.000000E+00,0.000000E+00,0.000000E+00,0.000000E+00,0.000000E+00,0.000000E+00,2.389831E+01,6.151658E+01,2.389739E+01,5.226010E+01
05:00:00,8.867162E+02,1.932316E+03,3.031464E-02,2.395004E-01,0.000000E+00,0.000000E+00,0.000000E+00,0.000000E+00,0.000000E+00,0.000000E+00,0.000000E+00,0.000000E+00,2.110429E+01,5.075558E+01,2.389774E+01,5.285539E+01,2.680150E+02,9.704485E+02,9.162686E-03,1.202820E-01,0.000000E+00,0.000000E+00,0.000000E+00,0.000000E+00,0.000000E+00,0.000000E+00,0.000000E+00,0.000000E+00,2.110402E+01,6.140682E+01,2.389767E+01,5.268202E+01,7.449737E+02,2.268261E+03,2.546874E-02,2.811423E-01,0.000000E+00,0.000000E+00,0.000000E+00,0.000000E+00,0.000000E+00,0.000000E+00,0.000000E+00,0.000000E+00,2.110421E+01,5.471239E+01,2.389752E+01,5.263037E+01,2.680150E+02,8.888715E+02,9.162686E-03,1.101705E-01,0.000000E+00,0.000000E+00,0.000000E+00,0.000000E+00,0.000000E+00,0.000000E+00,0.000000E+00,0.000000E+00,2.110402E+01,6.140682E+01,2.389777E+01,5.276627E+01,0.000000E+00,3.948453E+03,0.000000E+00,4.894123E-01,0.000000E+00,0.000000E+00,0.000000E+00,0.000000E+00,0.000000E+00,0.000000E+00,0.000000E+00,0.000000E+00,2.389831E+01,6.151658E+01,2.389739E+01,5.227352E+01
05:15:00,8.867162E+02,1.966624E+03,3.031464E-02,2.437534E-01,0.000000E+00,0.000000E+00,0.000000E+00,0.000000E+00,0.000000E+00,0.000000E+00,0.000000E+00,0.000000E+00,2.110429E+01,5.075558E+01,2.389768E+01,5.282217E+01,2.680150E+02,1.130606E+03,9.162686E-03,1.401364E-01,0.000000E+00,0.000000E+00,0.000000E+00,0.000000E+00,0.000000E+00,0.000000E+00,0.000000E+00,0.000000E+00,2.110402E+01,6.140682E+01,2.389716E+01,5.219827E+01,7.449737E+02,2.788385E+03,2.546874E-02,3.456250E-01,0.000000E+00,0.000000E+00,0.000000E+00,0.000000E+00,0.000000E+00,0.000000E+00,0.000000E+00,0.000000E+00,2.110421E+01,5.471239E+01,2.389673E+01,5.190445E+01,2.680150E+02,9.036617E+02,9.162686E-03,1.120039E-01,0.000000E+00,0.000000E+00,0.000000E+00,0.000000E+00,0.000000E+00,0.000000E+00,0.000000E+00,0.000000E+00,2.110402E+01,6.140682E+01,2.389772E+01,5.273497E+01,0.000000E+00,3.948112E+03,0.000000E+00,4.893701E-01,0.000000E+00,0.000000E+00,0.000000E+00,0.000000E+00,0.000000E+00,0.000000E+00,0.000000E+00,0.000000E+00,2.389831E+01,6.151658E+01,2.389739E+01,5.228256E+01
05:30:00,8.867162E+02,2.028383E+03,3.031464E-02,2.514095E-01,0.000000E+00,0.000000E+00,0.000000E+00,0.000000E+00,0.000000E+00,0.000000E+00,0.000000E+00,0.000000E+00,2.110429E+01,5.075558E+01,2.389759E+01,5.270454E+01,2.680150E+02,1.377912E+03,9.162686E-03,1.707965E-01,0.000000E+00,0.000000E+00,0.000000E+00,0.000000E+00,0.000000E+00,0.000000E+00,0.000000E+00,0.000000E+00,2.110402E+01,6.140682E+01,2.389669E+01,5.134045E+01,7.449737E+02,3.516637E+03,2.546874E-02,4.359168E-01,0.000000E+00,0.000000E+00,0.000000E+00,0.000000E+00,0.000000E+00,0.000000E+00,0.000000E+00,0.000000E+00,2.110421E+01,5.471239E+01,2.389623E+01,5.084210E+01,2.680150E+02,9.312265E+02,9.162686E-03,1.154210E-01,0.000000E+00,0.000000E+00,0.000000E+00,0.000000E+00,0.000000E+00,0.000000E+00,0.000000E+00,0.000000E+00,2.110402E+01,6.140682E+01,2.389763E+01,5.262170E+01,0.000000E+00,3.961852E+03,0.000000E+00,4.910736E-01,0.000000E+00,0.000000E+00,0.000000E+00,0.000000E+00,0.000000E+00,0.000000E+00,0.000000E+00,0.000000E+00,2.389831E+01,6.151658E+01,2.389737E+01,5.227867E+01
05:45:00,8.867162E+02,2.114174E+03,3.031464E-02,2.620449E-01,0.000000E+00,0.000000E+00,0.000000E+00,0.000000E+00,0.000000E+00,0.000000E+00,0.000000E+00,0.000000E+00,2.110429E+01,5.075558E+01,2.389753E+01,5.252138E+01,2.680150E+02,1.696688E+03,9.162686E-03,2.103172E-01,0.000000E+00,0.000000E+00,0.000000E+00,0.000000E+00,0.000000E+00,0.000000E+00,0.000000E+00,0.000000E+00,2.110402E+01,6.140682E+01,2.389661E+01,5.048994E+01,7.449737E+02,4.357544E+03,2.546874E-02,5.401724E-01,0.000000E+00,0.000000E+00,0.000000E+00,0.000000E+00,0.000000E+00,0.000000E+00,0.000000E+00,0.000000E+00,2.110421E+01,5.471239E+01,2.389638E+01,5.000060E+01,2.680150E+02,9.705180E+02,9.162686E-03,1.202919E-01,0.000000E+00,0.000000E+00,0.000000E+00,0.000000E+00,0.000000E+00,0.000000E+00,0.000000E+00,0.000000E+00,2.110402E+01,6.140682E+01,2.389757E+01,5.244086E+01,0.000000E+00,3.992516E+03,0.000000E+00,4.948752E-01,0.000000E+00,0.000000E+00,0.000000E+00,0.000000E+00,0.000000E+00,0.000000E+00,0.000000E+00,0.000000E+00,2.389831E+01,6.151658E+01,2.389734E+01,5.225472E+01
06:00:00,8.867162E+02,2.211199E+03,3.031464E-02,2.740729E-01,0.000000E+00,0.000000E+00,0.000000E+00,0.000000E+00,0.000000E+00,0.000000E+00,0.000000E+00,0.000000E+00,2.110429E+01,5.075558E+01,2.389750E+01,5.231151E+01,2.680150E+02,2.031206E+03,9.162686E-03,2.517879E-01,0.000000E+00,0.000000E+00,0.000000E+00,0.000000E+00,0.000000E+00,0.000000E+00,0.000000E+00,0.000000E+00,2.110402E+01,6.140682E+01,2.389681E+01,4.989681E+01,7.449737E+02,5.100283E+03,2.546874E-02,6.322503E-01,0.000000E+00,0.000000E+00,0.000000E+00,0.000000E+00,0.000000E+00,0.000000E+00,0.000000E+00,0.000000E+00,2.110421E+01,5.471239E+01,2.389682E+01,4.955925E+01,2.680150E+02,1.016191E+03,9.162686E-03,1.259538E-01,0.000000E+00,0.000000E+00,0.000000E+00,0.000000E+00,0.000000E+00,0.000000E+00,0.000000E+00,0.000000E+00,2.110402E+01,6.140682E+01,2.389754E+01,5.222877E+01,0.000000E+00,4.038871E+03,0.000000E+00,5.006222E-01,0.000000E+00,0.000000E+00,0.000000E+00,0.000000E+00,0.000000E+00,0.000000E+00,0.000000E+00,0.000000E+00,2.389831E+01,6.151658E+01,2.389732E+01,5.221063E+01
06:15:00,8.867162E+02,2.309835E+03,3.031464E-02,2.863001E-01,0.000000E+00,0.000000E+00,0.000000E+00,0.000000E+00,0.000000E+00,0.000000E+00,0.000000E+00,0.000000E+00,2.110429E+01,5.075558E+01,2.389750E+01,5.210567E+01,2.680150E+02,2.353322E+03,9.162686E-03,2.917165E-01,0.000000E+00,0.000000E+00,0.000000E+00,0.000000E+00,0.000000E+00,0.000000E+00,0.000000E+00,0.000000E+00,2.110402E+01,6.140682E+01,2.389707E+01,4.955033E+01,7.449737E+02,5.680907E+03,2.546874E-02,7.042138E-01,0.000000E+00,0.000000E+00,0.000000E+00,0.000000E+00,0.000000E+00,0.000000E+00,0.000000E+00,0.000000E+00,2.110421E+01,5.471239E+01,2.389718E+01,4.937212E+01,2.680150E+02,1.063526E+03,9.162686E-03,1.318215E-01,0.000000E+00,0.000000E+00,0.000000E+00,0.000000E+00,0.000000E+00,0.000000E+00,0.000000E+00,0.000000E+00,2.110402E+01,6.140682E+01,2.389754E+01,5.201728E+01,0.000000E+00,4.095742E+03,0.000000E+00,5.076727E-01,0.000000E+00,0.000000E+00,0.000000E+00,0.000000E+00,0.000000E+00,0.000000E+00,0.000000E+00,0.000000E+00,2.389831E+01,6.151658E+01,2.389730E+01,5.215249E+01
06:30:00,8.867162E+02,2.408188E+03,3.031464E-02,2.984915E-01,0.000000E+00,0.000000E+00,0.000000E+00,0.000000E+00,0.000000E+00,0.000000E+00,0.000000E+00,0.000000E+00,2.110429E+01,5.075558E+01,2.389751E+01,5.191393E+01,2.680150E+02,2.656276E+03,9.162686E-03,3.292644E-01,0.000000E+00,0.000000E+00,0.000000E+00,0.000000E+00,0.000000E+00,0.000000E+00,0.000000E+00,0.000000E+00,2.110402E+01,6.140682E+01,2.389725E+01,4.933552E+01,7.449737E+02,6.112061E+03,2.546874E-02,7.576339E-01,0.000000E+00,0.000000E+00,0.000000E+00,0.000000E+00,0.000000E+00,0.000000E+00,0.000000E+00,0.000000E+00,2.110421E+01,5.471239E+01,2.389737E+01,4.927463E+01,2.680150E+02,1.110829E+03,9.162686E-03,1.376850E-01,0.000000E+00,0.000000E+00,0.000000E+00,0.000000E+00,0.000000E+00,0.000000E+00,0.000000E+00,0.000000E+00,2.110402E+01,6.140682E+01,2.389754E+01,5.182023E+01,0.000000E+00,4.157018E+03,0.000000E+00,5.152691E-01,0.000000E+00,0.000000E+00,0.000000E+00,0.000000E+00,0.000000E+00,0.000000E+00,0.000000E+00,0.000000E+00,2.389831E+01,6.151658E+01,2.389729E+01,5.208745E+01
06:45:00,8.867162E+02,2.505214E+03,3.031464E-02,3.105178E-01,0.000000E+00,0.000000E+00,0.000000E+00,0.000000E+00,0.000000E+00,0.000000E+00,0.000000E+00,0.000000E+00,2.110429E+01,5.075558E+01,2.389752E+01,5.173873E+01,2.680150E+02,2.934860E+03,9.162686E-03,3.637886E-01,0.000000E+00,0.000000E+00,0.000000E+00,0.000000E+00,0.000000E+00,0.000000E+00,0.000000E+00,0.000000E+00,2.110402E+01,6.140682E+01,2.389735E+01,4.917718E+01,7.449737E+02,6.406426E+03,2.546874E-02,7.940966E-01,0.000000E+00,0.000000E+00,0.000000E+00,0.000000E+00,0.000000E+00,0.000000E+00,0.000000E+00,0.000000E+00,2.110421E+01,5.471239E+01,2.389747E+01,4.920624E+01,2.680150E+02,1.157018E+03,9.162686E-03,1.434101E-01,0.000000E+00,0.000000E+00,0.000000E+00,0.000000E+00,0.000000E+00,0.000000E+00,0.000000E+00,0.000000E+00,2.110402E+01,6.140682E+01,2.389756E+01,5.164259E+01,0.000000E+00,4.218294E+03,0.000000E+00,5.228652E-01,0.000000E+00,0.000000E+00,0.000000E+00,0.000000E+00,0.000000E+00,0.000000E+00,0.000000E+00,0.000000E+00,2.389831E+01,6.151658E+01,2.389729E+01,5.202169E+01
07:00:00,8.867162E+02,2.600140E+03,3.031464E-02,3.222834E-01,0.000000E+00,0.000000E+00,0.000000E+00,0.000000E+00,0.000000E+00,0.000000E+00,0.000000E+00,0.000000E+00,2.110429E+01,5.075558E+01,2.389753E+01,5.158039E+01,2.680150E+02,3.186550E+03,9.162686E-03,3.949796E-01,0.000000E+00,0.000000E+00,0.000000E+00,0.000000E+00,0.000000E+00,0.000000E+00,0.000000E+00,0.000000E+00,2.110402E+01,6.140682E+01,2.389742E+01,4.905341E+01,7.449737E+02,6.579332E+03,2.546874E-02,8.155109E-01,0.000000E+00,0.000000E+00,0.000000E+00,0.000000E+00,0.000000E+00,0.000000E+00,0.000000E+00,0.000000E+00,2.110421E+01,5.471239E+01,2.389755E+01,4.916438E+01,2.680150E+02,1.201561E+03,9.162686E-03,1.489310E-01,0.000000E+00,0.000000E+00,0.000000E+00,0.000000E+00,0.000000E+00,0.000000E+00,0.000000E+00,0.000000E+00,2.110402E+01,6.140682E+01,2.389757E+01,5.148536E+01,0.000000E+00,4.276927E+03,0.000000E+00,5.301333E-01,0.000000E+00,0.000000E+00,0.000000E+00,0.000000E+00,0.000000E+00,0.000000E+00,0.000000E+00,0.000000E+00,2.389831E+01,6.151658E+01,2.389729E+01,5.195928E+01
07:15:00,8.867162E+02,2.695340E+03,3.031464E-02,3.340828E-01,0.000000E+00,0.000000E+00,0.000000E+00,0.000000E+00,0.000000E+00,0.000000E+00,0.000000E+00,0.000000E+00,2.110429E+01,5.075558E+01,2.389755E+01,5.143926E+01,2.680150E+02,3.410180E+03,9.162686E-03,4.226937E-01,0.000000E+00,0.000000E+00,0.000000E+00,0.000000E+00,0.000000E+00,0.000000E+00,0.000000E+00,0.000000E+00,2.110402E+01,6.140682E+01,2.389748E+01,4.895964E+01,7.449737E+02,6.645852E+03,2.546874E-02,8.237449E-01,0.000000E+00,0.000000E+00,0.000000E+00,0.000000E+00,0.000000E+00,0.000000E+00,0.000000E+00,0.000000E+00,2.110421E+01,5.471239E+01,2.389761E+01,4.915132E+01,2.680150E+02,1.244810E+03,9.162686E-03,1.542913E-01,0.000000E+00,0.000000E+00,0.000000E+00,0.000000E+00,0.000000E+00,0.000000E+00,0.000000E+00,0.000000E+00,2.110402E+01,6.140682E+01,2.389759E+01,5.134757E+01,0.000000E+00,4.331705E+03,0.000000E+00,5.369232E-01,0.000000E+00,0.000000E+00,0.000000E+00,0.000000E+00,0.000000E+00,0.000000E+00,0.000000E+00,0.000000E+00,2.389831E+01,6.151658E+01,2.389730E+01,5.190240E+01
07:30:00,8.867162E+02,2.796454E+03,3.031464E-02,3.466153E-01,0.000000E+00,0.000000E+00,0.000000E+00,0.000000E+00,0.000000E+00,0.000000E+00,0.000000E+00,0.000000E+00,2.110429E+01,5.075558E+01,2.389755E+01,5.130552E+01,2.680150E+02,3.602664E+03,9.162686E-03,4.465483E-01,0.000000E+00,0.000000E+00,0.000000E+00,0.000000E+00,0.000000E+00,0.000000E+00,0.000000E+00,0.000000E+00,2.110402E+01,6.140682E+01,2.389753E+01,4.888890E+01,7.449737E+02,6.618133E+03,2.546874E-02,8.203015E-01,0.000000E+00,0.000000E+00,0.000000E+00,0.000000E+00,0.000000E+00,0.000000E+00,0.000000E+00,0.000000E+00,2.110421E+01,5.471239E+01,2.389767E+01,4.916100E+01,2.680150E+02,1.289362E+03,9.162686E-03,1.598131E-01,0.000000E+00,0.000000E+00,0.000000E+00,0.000000E+00,0.000000E+00,0.000000E+00,0.000000E+00,0.000000E+00,2.110402E+01,6.140682E+01,2.389760E+01,5.122191E+01,0.000000E+00,4.381994E+03,0.000000E+00,5.431564E-01,0.000000E+00,0.000000E+00,0.000000E+00,0.000000E+00,0.000000E+00,0.000000E+00,0.000000E+00,0.000000E+00,2.389831E+01,6.151658E+01,2.389731E+01,5.185086E+01
07:45:00,8.867162E+02,2.899695E+03,3.031464E-02,3.594116E-01,0.000000E+00,0.000000E+00,0.000000E+00,0.000000E+00,0.000000E+00,0.000000E+00,0.000000E+00,0.000000E+00,2.110429E+01,5.075558E+01,2.389754E+01,5.116679E+01,2.680150E+02,3.766162E+03,9.162686E-03,4.668105E-01,0.000000E+00,0.000000E+00,0.000000E+00,0.000000E+00,0.000000E+00,0.000000E+00,0.000000E+00,0.000000E+00,2.110402E+01,6.140682E+01,2.389758E+01,4.883723E+01,7.449737E+02,6.511774E+03,2.546874E-02,8.071125E-01,0.000000E+00,0.000000E+00,0.000000E+00,0.000000E+00,0.000000E+00,0.000000E+00,0.000000E+00,0.000000E+00,2.110421E+01,5.471239E+01,2.389771E+01,4.918989E+01,2.680150E+02,1.333127E+03,9.162686E-03,1.652374E-01,0.000000E+00,0.000000E+00,0.000000E+00,0.000000E+00,0.000000E+00,0.000000E+00,0.000000E+00,0.000000E+00,2.110402E+01,6.140682E+01,2.389759E+01,5.109528E+01,0.000000E+00,4.427734E+03,0.000000E+00,5.488255E-01,0.000000E+00,0.000000E+00,0.000000E+00,0.000000E+00,0.000000E+00,0.000000E+00,0.000000E+00,0.000000E+00,2.389831E+01,6.151658E+01,2.389731E+01,5.180450E+01
08:00:00,8.867162E+02,3.003802E+03,3.031464E-02,3.723153E-01,0.000000E+00,0.000000E+00,0.000000E+00,0.000000E+00,0.000000E+00,0.000000E+00,0.000000E+00,0.000000E+00,2.110429E+01,5.075558E+01,2.389754E+01,5.103416E+01,2.680150E+02,3.901248E+03,9.162686E-03,4.835514E-01,0.000000E+00,0.000000E+00,0.000000E+00,0.000000E+00,0.000000E+00,0.000000E+00,0.000000E+00,0.000000E+00,2.110402E+01,6.140682E+01,2.389761E+01,4.879792E+01,7.449737E+02,6.340301E+03,2.546874E-02,7.858540E-01,0.000000E+00,0.000000E+00,0.000000E+00,0.000000E+00,0.000000E+00,0.000000E+00,0.000000E+00,0.000000E+00,2.110421E+01,5.471239E+01,2.389775E+01,4.923501E+01,2.680150E+02,1.376403E+03,9.162686E-03,1.706013E-01,0.000000E+00,0.000000E+00,0.000000E+00,0.000000E+00,0.000000E+00,0.000000E+00,0.000000E+00,0.000000E+00,2.110402E+01,6.140682E+01,2.389761E+01,5.097863E+01,0.000000E+00,4.469009E+03,0.000000E+00,5.539413E-01,0.000000E+00,0.000000E+00,0.000000E+00,0.000000E+00,0.000000E+00,0.000000E+00,0.000000E+00,0.000000E+00,2.389831E+01,6.151658E+01,2.389732E+01,5.176323E+01
08:15:00,8.867162E+02,3.106561E+03,3.031464E-02,3.850518E-01,0.000000E+00,0.000000E+00,0.000000E+00,0.000000E+00,0.000000E+00,0.000000E+00,0.000000E+00,0.000000E+00,2.110429E+01,5.075558E+01,2.389756E+01,5.091860E+01,2.680150E+02,4.007646E+03,9.162686E-03,4.967369E-01,0.000000E+00,0.000000E+00,0.000000E+00,0.000000E+00,0.000000E+00,0.000000E+00,0.000000E+00,0.000000E+00,2.110402E+01,6.140682E+01,2.389763E+01,4.876824E+01,7.449737E+02,6.114970E+03,2.546874E-02,7.579213E-01,0.000000E+00,0.000000E+00,0.000000E+00,0.000000E+00,0.000000E+00,0.000000E+00,0.000000E+00,0.000000E+00,2.110421E+01,5.471239E+01,2.389778E+01,4.929582E+01,2.680150E+02,1.418230E+03,9.162686E-03,1.757854E-01,0.000000E+00,0.000000E+00,0.000000E+00,0.000000E+00,0.000000E+00,0.000000E+00,0.000000E+00,0.000000E+00,2.110402E+01,6.140682E+01,2.389762E+01,5.087727E+01,0.000000E+00,4.506003E+03,0.000000E+00,5.585263E-01,0.000000E+00,0.000000E+00,0.000000E+00,0.000000E+00,0.000000E+00,0.000000E+00,0.000000E+00,0.000000E+00,2.389831E+01,6.151658E+01,2.389732E+01,5.172708E+01
08:30:00,8.867162E+02,3.200817E+03,3.031464E-02,3.967344E-01,0.000000E+00,0.000000E+00,0.000000E+00,0.000000E+00,0.000000E+00,0.000000E+00,0.000000E+00,0.000000E+00,2.110429E+01,5.075558E+01,2.389758E+01,5.081676E+01,2.680150E+02,4.088397E+03,9.162686E-03,5.067438E-01,0.000000E+00,0.000000E+00,0.000000E+00,0.000000E+00,0.000000E+00,0.000000E+00,0.000000E+00,0.000000E+00,2.110402E+01,6.140682E+01,2.389766E+01,4.874723E+01,7.449737E+02,5.851978E+03,2.546874E-02,7.253214E-01,0.000000E+00,0.000000E+00,0.000000E+00,0.000000E+00,0.000000E+00,0.000000E+00,0.000000E+00,0.000000E+00,2.110421E+01,5.471239E+01,2.389781E+01,4.937197E+01,2.680150E+02,1.455963E+03,9.162686E-03,1.804621E-01,0.000000E+00,0.000000E+00,0.000000E+00,0.000000E+00,0.000000E+00,0.000000E+00,0.000000E+00,0.000000E+00,2.110402E+01,6.140682E+01,2.389763E+01,5.078920E+01,0.000000E+00,4.538870E+03,0.000000E+00,5.625998E-01,0.000000E+00,0.000000E+00,0.000000E+00,0.000000E+00,0.000000E+00,0.000000E+00,0.000000E+00,0.000000E+00,2.389831E+01,6.151658E+01,2.389733E+01,5.169514E+01
08:45:00,8.867162E+02,3.291855E+03,3.031464E-02,4.080177E-01,0.000000E+00,0.000000E+00,0.000000E+00,0.000000E+00,0.000000E+00,0.000000E+00,0.000000E+00,0.000000E+00,2.110429E+01,5.075558E+01,2.389759E+01,5.072639E+01,2.680150E+02,4.141875E+03,9.162686E-03,5.133706E-01,0.000000E+00,0.000000E+00,0.000000E+00,0.000000E+00,0.000000E+00,0.000000E+00,0.000000E+00,0.000000E+00,2.110402E+01,6.140682E+01,2.389768E+01,4.873434E+01,7.449737E+02,5.564559E+03,2.546874E-02,6.896948E-01,0.000000E+00,0.000000E+00,0.000000E+00,0.000000E+00,0.000000E+00,0.000000E+00,0.000000E+00,0.000000E+00,2.110421E+01,5.471239E+01,2.389783E+01,4.946258E+01,2.680150E+02,1.491945E+03,9.162686E-03,1.849216E-01,0.000000E+00,0.000000E+00,0.000000E+00,0.000000E+00,0.000000E+00,0.000000E+00,0.000000E+00,0.000000E+00,2.110402E+01,6.140682E+01,2.389764E+01,5.071117E+01,0.000000E+00,4.568371E+03,0.000000E+00,5.662561E-01,0.000000E+00,0.000000E+00,0.000000E+00,0.000000E+00,0.000000E+00,0.000000E+00,0.000000E+00,0.000000E+00,2.389831E+01,6.151658E+01,2.389734E+01,5.166706E+01
09:00:00,8.867162E+02,3.385596E+03,3.031464E-02,4.196359E-01,0.000000E+00,0.000000E+00,0.000000E+00,0.000000E+00,0.000000E+00,0.000000E+00,0.000000E+00,0.000000E+00,2.110429E+01,5.075558E+01,2.389759E+01,5.064308E+01,2.680150E+02,4.161708E+03,9.162686E-03,5.158274E-01,0.000000E+00,0.000000E+00,0.000000E+00,0.000000E+00,0.000000E+00,0.000000E+00,0.000000E+00,0.000000E+00,2.110402E+01,6.140682E+01,2.389770E+01,4.872896E+01,7.449737E+02,5.268126E+03,2.546874E-02,6.529514E-01,0.000000E+00,0.000000E+00,0.000000E+00,0.000000E+00,0.000000E+00,0.000000E+00,0.000000E+00,0.000000E+00,2.110421E+01,5.471239E+01,2.389785E+01,4.956551E+01,2.680150E+02,1.528383E+03,9.162686E-03,1.894378E-01,0.000000E+00,0.000000E+00,0.000000E+00,0.000000E+00,0.000000E+00,0.000000E+00,0.000000E+00,0.000000E+00,2.110402E+01,6.140682E+01,2.389765E+01,5.064063E+01,0.000000E+00,4.595174E+03,0.000000E+00,5.695779E-01,0.000000E+00,0.000000E+00,0.000000E+00,0.000000E+00,0.000000E+00,0.000000E+00,0.000000E+00,0.000000E+00,2.389831E+01,6.151658E+01,2.389734E+01,5.164204E+01
09:15:00,8.867162E+02,3.476543E+03,3.031464E-02,4.309082E-01,0.000000E+00,0.000000E+00,0.000000E+00,0.000000E+00,0.000000E+00,0.000000E+00,0.000000E+00,0.000000E+00,2.110429E+01,5.075558E+01,2.389759E+01,5.055948E+01,2.680150E+02,4.152922E+03,9.162686E-03,5.147369E-01,0.000000E+00,0.000000E+00,0.000000E+00,0.000000E+00,0.000000E+00,0.000000E+00,0.000000E+00,0.000000E+00,2.110402E+01,6.140682E+01,2.389773E+01,4.873543E+01,7.449737E+02,4.980916E+03,2.546874E-02,6.173519E-01,0.000000E+00,0.000000E+00,0.000000E+00,0.000000E+00,0.000000E+00,0.000000E+00,0.000000E+00,0.000000E+00,2.110421E+01,5.471239E+01,2.389786E+01,4.967752E+01,2.680150E+02,1.563486E+03,9.162686E-03,1.937885E-01,0.000000E+00,0.000000E+00,0.000000E+00,0.000000E+00,0.000000E+00,0.000000E+00,0.000000E+00,0.000000E+00,2.110402E+01,6.140682E+01,2.389765E+01,5.056888E+01,0.000000E+00,4.619432E+03,0.000000E+00,5.725845E-01,0.000000E+00,0.000000E+00,0.000000E+00,0.000000E+00,0.000000E+00,0.000000E+00,0.000000E+00,0.000000E+00,2.389831E+01,6.151658E+01,2.389734E+01,5.161953E+01
09:30:00,8.867162E+02,3.564961E+03,3.031464E-02,4.418671E-01,0.000000E+00,0.000000E+00,0.000000E+00,0.000000E+00,0.000000E+00,0.000000E+00,0.000000E+00,0.000000E+00,2.110429E+01,5.075558E+01,2.389760E+01,5.048183E+01,2.680150E+02,4.116856E+03,9.162686E-03,5.102652E-01,0.000000E+00,0.000000E+00,0.000000E+00,0.000000E+00,0.000000E+00,0.000000E+00,0.000000E+00,0.000000E+00,2.110402E+01,6.140682E+01,2.389775E+01,4.874797E+01,7.449737E+02,4.720110E+03,2.546874E-02,5.850258E-01,0.000000E+00,0.000000E+00,0.000000E+00,0.000000E+00,0.000000E+00,0.000000E+00,0.000000E+00,0.000000E+00,2.110421E+01,5.471239E+01,2.389786E+01,4.979060E+01,2.680150E+02,1.597276E+03,9.162686E-03,1.979765E-01,0.000000E+00,0.000000E+00,0.000000E+00,0.000000E+00,0.000000E+00,0.000000E+00,0.000000E+00,0.000000E+00,2.110402E+01,6.140682E+01,2.389766E+01,5.050247E+01,0.000000E+00,4.642295E+03,0.000000E+00,5.754180E-01,0.000000E+00,0.000000E+00,0.000000E+00,0.000000E+00,0.000000E+00,0.000000E+00,0.000000E+00,0.000000E+00,2.389831E+01,6.151658E+01,2.389735E+01,5.159908E+01
09:45:00,8.867162E+02,3.649072E+03,3.031464E-02,4.522921E-01,0.000000E+00,0.000000E+00,0.000000E+00,0.000000E+00,0.000000E+00,0.000000E+00,0.000000E+00,0.000000E+00,2.110429E+01,5.075558E+01,2.389761E+01,5.041465E+01,2.680150E+02,4.054475E+03,9.162686E-03,5.025320E-01,0.000000E+00,0.000000E+00,0.000000E+00,0.000000E+00,0.000000E+00,0.000000E+00,0.000000E+00,0.000000E+00,2.110402E+01,6.140682E+01,2.389776E+01,4.876543E+01,7.449737E+02,4.500882E+03,2.546874E-02,5.578536E-01,0.000000E+00,0.000000E+00,0.000000E+00,0.000000E+00,0.000000E+00,0.000000E+00,0.000000E+00,0.000000E+00,2.110421E+01,5.471239E+01,2.389784E+01,4.989522E+01,2.680150E+02,1.629774E+03,9.162686E-03,2.020044E-01,0.000000E+00,0.000000E+00,0.000000E+00,0.000000E+00,0.000000E+00,0.000000E+00,0.000000E+00,0.000000E+00,2.110402E+01,6.140682E+01,2.389767E+01,5.044490E+01,0.000000E+00,4.664315E+03,0.000000E+00,5.781472E-01,0.000000E+00,0.000000E+00,0.000000E+00,0.000000E+00,0.000000E+00,0.000000E+00,0.000000E+00,0.000000E+00,2.389831E+01,6.151658E+01,2.389735E+01,5.157990E+01
10:00:00,8.867162E+02,3.725088E+03,3.031464E-02,4.617136E-01,0.000000E+00,0.000000E+00,0.000000E+00,0.000000E+00,0.000000E+00,0.000000E+00,0.000000E+00,0.000000E+00,2.110429E+01,5.075558E+01,2.389762E+01,5.035686E+01,2.680150E+02,3.973540E+03,9.162686E-03,4.924994E-01,0.000000E+00,0.000000E+00,0.000000E+00,0.000000E+00,0.000000E+00,0.000000E+00,0.000000E+00,0.000000E+00,2.110402E+01,6.140682E+01,2.389778E+01,4.878958E+01,7.449737E+02,4.337336E+03,2.546874E-02,5.375838E-01,0.000000E+00,0.000000E+00,0.000000E+00,0.000000E+00,0.000000E+00,0.000000E+00,0.000000E+00,0.000000E+00,2.110421E+01,5.471239E+01,2.389781E+01,4.998157E+01,2.680150E+02,1.659063E+03,9.162686E-03,2.056346E-01,0.000000E+00,0.000000E+00,0.000000E+00,0.000000E+00,0.000000E+00,0.000000E+00,0.000000E+00,0.000000E+00,2.110402E+01,6.140682E+01,2.389767E+01,5.039464E+01,0.000000E+00,4.687630E+03,0.000000E+00,5.810371E-01,0.000000E+00,0.000000E+00,0.000000E+00,0.000000E+00,0.000000E+00,0.000000E+00,0.000000E+00,0.000000E+00,2.389831E+01,6.151658E+01,2.389735E+01,5.156111E+01
10:15:00,8.867162E+02,3.803841E+03,3.031464E-02,4.714742E-01,0.000000E+00,0.000000E+00,0.000000E+00,0.000000E+00,0.000000E+00,0.000000E+00,0.000000E+00,0.000000E+00,2.110429E+01,5.075558E+01,2.389763E+01,5.030495E+01,2.680150E+02,3.870073E+03,9.162686E-03,4.796740E-01,0.000000E+00,0.000000E+00,0.000000E+00,0.000000E+00,0.000000E+00,0.000000E+00,0.000000E+00,0.000000E+00,2.110402E+01,6.140682E+01,2.389780E+01,4.882175E+01,7.449737E+02,4.230990E+03,2.546874E-02,5.244043E-01,0.000000E+00,0.000000E+00,0.000000E+00,0.000000E+00,0.000000E+00,0.000000E+00,0.000000E+00,0.000000E+00,2.110421E+01,5.471239E+01,2.389777E+01,5.003929E+01,2.680150E+02,1.686911E+03,9.162686E-03,2.090859E-01,0.000000E+00,0.000000E+00,0.000000E+00,0.000000E+00,0.000000E+00,0.000000E+00,0.000000E+00,0.000000E+00,2.110402E+01,6.140682E+01,2.389768E+01,5.034843E+01,0.000000E+00,4.712559E+03,0.000000E+00,5.841270E-01,0.000000E+00,0.000000E+00,0.000000E+00,0.000000E+00,0.000000E+00,0.000000E+00,0.000000E+00,0.000000E+00,2.389831E+01,6.151658E+01,2.389735E+01,5.154059E+01
10:30:00,8.867162E+02,3.901253E+03,3.031464E-02,4.835478E-01,0.000000E+00,0.000000E+00,0.000000E+00,0.000000E+00,0.000000E+00,0.000000E+00,0.000000E+00,0.000000E+00,2.110429E+01,5.075558E+01,2.389762E+01,5.024806E+01,2.680150E+02,3.744744E+03,9.162686E-03,4.641392E-01,0.000000E+00,0.000000E+00,0.000000E+00,0.000000E+00,0.000000E+00,0.000000E+00,0.000000E+00,0.000000E+00,2.110402E+01,6.140682E+01,2.389782E+01,4.886307E+01,7.449737E+02,4.174864E+03,2.546874E-02,5.174500E-01,0.000000E+00,0.000000E+00,0.000000E+00,0.000000E+00,0.000000E+00,0.000000E+00,0.000000E+00,0.000000E+00,2.110421E+01,5.471239E+01,2.389773E+01,5.006716E+01,2.680150E+02,1.713739E+03,9.162686E-03,2.124110E-01,0.000000E+00,0.000000E+00,0.000000E+00,0.000000E+00,0.000000E+00,0.000000E+00,0.000000E+00,0.000000E+00,2.110402E+01,6.140682E+01,2.389768E+01,5.030545E+01,0.000000E+00,4.740043E+03,0.000000E+00,5.875337E-01,0.000000E+00,0.000000E+00,0.000000E+00,0.000000E+00,0.000000E+00,0.000000E+00,0.000000E+00,0.000000E+00,2.389831E+01,6.151658E+01,2.389734E+01,5.151840E+01
10:45:00,8.867162E+02,4.032550E+03,3.031464E-02,4.998221E-01,0.000000E+00,0.000000E+00,0.000000E+00,0.000000E+00,0.000000E+00,0.000000E+00,0.000000E+00,0.000000E+00,2.110429E+01,5.075558E+01,2.389759E+01,5.017003E+01,2.680150E+02,3.599285E+03,9.162686E-03,4.461094E-01,0.000000E+00,0.000000E+00,0.000000E+00,0.000000E+00,0.000000E+00,0.000000E+00,0.000000E+00,0.000000E+00,2.110402E+01,6.140682E+01,2.389784E+01,4.891441E+01,7.449737E+02,4.155336E+03,2.546874E-02,5.150320E-01,0.000000E+00,0.000000E+00,0.000000E+00,0.000000E+00,0.000000E+00,0.000000E+00,0.000000E+00,0.000000E+00,2.110421E+01,5.471239E+01,2.389770E+01,5.007361E+01,2.680150E+02,1.739817E+03,9.162686E-03,2.156432E-01,0.000000E+00,0.000000E+00,0.000000E+00,0.000000E+00,0.000000E+00,0.000000E+00,0.000000E+00,0.000000E+00,2.110402E+01,6.140682E+01,2.389769E+01,5.026513E+01,0.000000E+00,4.770675E+03,0.000000E+00,5.913306E-01,0.000000E+00,0.000000E+00,0.000000E+00,0.000000E+00,0.000000E+00,0.000000E+00,0.000000E+00,0.000000E+00,2.389831E+01,6.151658E+01,2.389734E+01,5.149441E+01
11:00:00,8.867162E+02,4.211191E+03,3.031464E-02,5.219654E-01,0.000000E+00,0.000000E+00,0.000000E+00,0.000000E+00,0.000000E+00,0.000000E+00,0.000000E+00,0.000000E+00,2.110429E+01,5.075558E+01,2.389755E+01,5.006396E+01,2.680150E+02,3.436222E+03,9.162686E-03,4.258976E-01,0.000000E+00,0.000000E+00,0.000000E+00,0.000000E+00,0.000000E+00,0.000000E+00,0.000000E+00,0.000000E+00,2.110402E+01,6.140682E+01,2.389786E+01,4.897669E+01,7.449737E+02,4.156458E+03,2.546874E-02,5.151732E-01,0.000000E+00,0.000000E+00,0.000000E+00,0.000000E+00,0.000000E+00,0.000000E+00,0.000000E+00,0.000000E+00,2.110421E+01,5.471239E+01,2.389768E+01,5.007024E+01,2.680150E+02,1.765187E+03,9.162686E-03,2.187875E-01,0.000000E+00,0.000000E+00,0.000000E+00,0.000000E+00,0.000000E+00,0.000000E+00,0.000000E+00,0.000000E+00,2.110402E+01,6.140682E+01,2.389769E+01,5.022688E+01,0.000000E+00,4.803727E+03,0.000000E+00,5.954277E-01,0.000000E+00,0.000000E+00,0.000000E+00,0.000000E+00,0.000000E+00,0.000000E+00,0.000000E+00,0.000000E+00,2.389831E+01,6.151658E+01,2.389734E+01,5.146847E+01
11:15:00,8.867162E+02,4.438384E+03,3.031464E-02,5.501275E-01,0.000000E+00,0.000000E+00,0.000000E+00,0.000000E+00,0.000000E+00,0.000000E+00,0.000000E+00,0.000000E+00,2.110429E+01,5.075558E+01,2.389751E+01,4.993482E+01,2.680150E+02,3.259039E+03,9.162686E-03,4.039359E-01,0.000000E+00,0.000000E+00,0.000000E+00,0.000000E+00,0.000000E+00,0.000000E+00,0.000000E+00,0.000000E+00,2.110402E+01,6.140682E+01,2.389788E+01,4.905080E+01,7.449737E+02,4.166045E+03,2.546874E-02,5.163631E-01,0.000000E+00,0.000000E+00,0.000000E+00,0.000000E+00,0.000000E+00,0.000000E+00,0.000000E+00,0.000000E+00,2.110421E+01,5.471239E+01,2.389767E+01,5.006307E+01,2.680150E+02,1.789657E+03,9.162686E-03,2.218204E-01,0.000000E+00,0.000000E+00,0.000000E+00,0.000000E+00,0.000000E+00,0.000000E+00,0.000000E+00,0.000000E+00,2.110402E+01,6.140682E+01,2.389769E+01,5.019019E+01,0.000000E+00,4.839423E+03,0.000000E+00,5.998525E-01,0.000000E+00,0.000000E+00,0.000000E+00,0.000000E+00,0.000000E+00,0.000000E+00,0.000000E+00,0.000000E+00,2.389831E+01,6.151658E+01,2.389734E+01,5.144048E+01
11:30:00,8.867162E+02,4.710408E+03,3.031464E-02,5.838469E-01,0.000000E+00,0.000000E+00,0.000000E+00,0.000000E+00,0.000000E+00,0.000000E+00,0.000000E+00,0.000000E+00,2.110429E+01,5.075558E+01,2.389748E+01,4.979686E+01,2.680150E+02,3.072969E+03,9.162686E-03,3.808728E-01,0.000000E+00,0.000000E+00,0.000000E+00,0.000000E+00,0.000000E+00,0.000000E+00,0.000000E+00,0.000000E+00,2.110402E+01,6.140682E+01,2.389790E+01,4.913791E+01,7.449737E+02,4.179306E+03,2.546874E-02,5.180077E-01,0.000000E+00,0.000000E+00,0.000000E+00,0.000000E+00,0.000000E+00,0.000000E+00,0.000000E+00,0.000000E+00,2.110421E+01,5.471239E+01,2.389767E+01,5.005531E+01,2.680150E+02,1.813333E+03,9.162686E-03,2.247549E-01,0.000000E+00,0.000000E+00,0.000000E+00,0.000000E+00,0.000000E+00,0.000000E+00,0.000000E+00,0.000000E+00,2.110402E+01,6.140682E+01,2.389769E+01,5.015645E+01,0.000000E+00,4.877782E+03,0.000000E+00,6.046072E-01,0.000000E+00,0.000000E+00,0.000000E+00,0.000000E+00,0.000000E+00,0.000000E+00,0.000000E+00,0.000000E+00,2.389831E+01,6.151658E+01,2.389733E+01,5.141123E+01
11:45:00,8.867162E+02,5.015443E+03,3.031464E-02,6.216577E-01,0.000000E+00,0.000000E+00,0.000000E+00,0.000000E+00,0.000000E+00,0.000000E+00,0.000000E+00,0.000000E+00,2.110429E+01,5.075558E+01,2.389747E+01,4.965826E+01,2.680150E+02,2.884935E+03,9.162686E-03,3.575664E-01,0.000000E+00,0.000000E+00,0.000000E+00,0.000000E+00,0.000000E+00,0.000000E+00,0.000000E+00,0.000000E+00,2.110402E+01,6.140682E+01,2.389792E+01,4.923723E+01,7.449737E+02,4.195533E+03,2.546874E-02,5.200194E-01,0.000000E+00,0.000000E+00,0.000000E+00,0.000000E+00,0.000000E+00,0.000000E+00,0.000000E+00,0.000000E+00,2.110421E+01,5.471239E+01,2.389767E+01,5.004661E+01,2.680150E+02,1.836245E+03,9.162686E-03,2.275946E-01,0.000000E+00,0.000000E+00,0.000000E+00,0.000000E+00,0.000000E+00,0.000000E+00,0.000000E+00,0.000000E+00,2.110402E+01,6.140682E+01,2.389770E+01,5.012514E+01,0.000000E+00,4.918272E+03,0.000000E+00,6.096263E-01,0.000000E+00,0.000000E+00,0.000000E+00,0.000000E+00,0.000000E+00,0.000000E+00,0.000000E+00,0.000000E+00,2.389831E+01,6.151658E+01,2.389733E+01,5.138060E+01
12:00:00,8.867162E+02,5.345694E+03,3.031464E-02,6.625935E-01,0.000000E+00,0.000000E+00,0.000000E+00,0.000000E+00,0.000000E+00,0.000000E+00,0.000000E+00,0.000000E+00,2.110429E+01,5.075558E+01,2.389747E+01,4.952797E+01,2.680150E+02,2.703894E+03,9.162686E-03,3.351270E-01,0.000000E+00,0.000000E+00,0.000000E+00,0.000000E+00,0.000000E+00,0.000000E+00,0.000000E+00,0.000000E+00,2.110402E+01,6.140682E+01,2.389793E+01,4.934558E+01,7.449737E+02,4.214113E+03,2.546874E-02,5.223226E-01,0.000000E+00,0.000000E+00,0.000000E+00,0.000000E+00,0.000000E+00,0.000000E+00,0.000000E+00,0.000000E+00,2.110421E+01,5.471239E+01,2.389767E+01,5.003624E+01,2.680150E+02,1.858530E+03,9.162686E-03,2.303567E-01,0.000000E+00,0.000000E+00,0.000000E+00,0.000000E+00,0.000000E+00,0.000000E+00,0.000000E+00,0.000000E+00,2.110402E+01,6.140682E+01,2.389770E+01,5.009528E+01,0.000000E+00,4.961087E+03,0.000000E+00,6.149334E-01,0.000000E+00,0.000000E+00,0.000000E+00,0.000000E+00,0.000000E+00,0.000000E+00,0.000000E+00,0.000000E+00,2.389831E+01,6.151658E+01,2.389733E+01,5.134892E+01
12:15:00,8.867162E+02,5.689228E+03,3.031464E-02,7.051749E-01,0.000000E+00,0.000000E+00,0.000000E+00,0.000000E+00,0.000000E+00,0.000000E+00,0.000000E+00,0.000000E+00,2.110429E+01,5.075558E+01,2.389747E+01,4.940808E+01,2.680150E+02,2.539199E+03,9.162686E-03,3.147139E-01,0.000000E+00,0.000000E+00,0.000000E+00,0.000000E+00,0.000000E+00,0.000000E+00,0.000000E+00,0.000000E+00,2.110402E+01,6.140682E+01,2.389793E+01,4.945614E+01,7.449737E+02,4.235303E+03,2.546874E-02,5.249492E-01,0.000000E+00,0.000000E+00,0.000000E+00,0.000000E+00,0.000000E+00,0.000000E+00,0.000000E+00,0.000000E+00,2.110421E+01,5.471239E+01,2.389766E+01,5.002381E+01,2.680150E+02,1.880554E+03,9.162686E-03,2.330864E-01,0.000000E+00,0.000000E+00,0.000000E+00,0.000000E+00,0.000000E+00,0.000000E+00,0.000000E+00,0.000000E+00,2.110402E+01,6.140682E+01,2.389770E+01,5.006601E+01,0.000000E+00,5.006004E+03,0.000000E+00,6.205011E-01,0.000000E+00,0.000000E+00,0.000000E+00,0.000000E+00,0.000000E+00,0.000000E+00,0.000000E+00,0.000000E+00,2.389831E+01,6.151658E+01,2.389733E+01,5.131584E+01
12:30:00,8.867162E+02,6.034416E+03,3.031464E-02,7.479604E-01,0.000000E+00,0.000000E+00,0.000000E+00,0.000000E+00,0.000000E+00,0.000000E+00,0.000000E+00,0.000000E+00,2.110429E+01,5.075558E+01,2.389749E+01,4.930312E+01,2.680150E+02,2.400211E+03,9.162686E-03,2.974871E-01,0.000000E+00,0.000000E+00,0.000000E+00,0.000000E+00,0.000000E+00,0.000000E+00,0.000000E+00,0.000000E+00,2.110402E+01,6.140682E+01,2.389791E+01,4.956105E+01,7.449737E+02,4.258629E+03,2.546874E-02,5.278404E-01,0.000000E+00,0.000000E+00,0.000000E+00,0.000000E+00,0.000000E+00,0.000000E+00,0.000000E+00,0.000000E+00,2.110421E+01,5.471239E+01,2.389766E+01,5.001049E+01,2.680150E+02,1.902316E+03,9.162686E-03,2.357836E-01,0.000000E+00,0.000000E+00,0.000000E+00,0.000000E+00,0.000000E+00,0.000000E+00,0.000000E+00,0.000000E+00,2.110402E+01,6.140682E+01,2.389770E+01,5.003788E+01,0.000000E+00,5.052679E+03,0.000000E+00,6.262867E-01,0.000000E+00,0.000000E+00,0.000000E+00,0.000000E+00,0.000000E+00,0.000000E+00,0.000000E+00,0.000000E+00,2.389831E+01,6.151658E+01,2.389733E+01,5.128207E+01
12:45:00,8.867162E+02,6.374657E+03,3.031464E-02,7.901319E-01,0.000000E+00,0.000000E+00,0.000000E+00,0.000000E+00,0.000000E+00,0.000000E+00,0.000000E+00,0.000000E+00,2.110429E+01,5.075558E+01,2.389751E+01,4.921254E+01,2.680150E+02,2.294488E+03,9.162686E-03,2.843839E-01,0.000000E+00,0.000000E+00,0.000000E+00,0.000000E+00,0.000000E+00,0.000000E+00,0.000000E+00,0.000000E+00,2.110402E+01,6.140682E+01,2.389789E+01,4.964916E+01,7.449737E+02,4.283676E+03,2.546874E-02,5.309451E-01,0.000000E+00,0.000000E+00,0.000000E+00,0.000000E+00,0.000000E+00,0.000000E+00,0.000000E+00,0.000000E+00,2.110421E+01,5.471239E+01,2.389766E+01,4.999659E+01,2.680150E+02,1.924666E+03,9.162686E-03,2.385538E-01,0.000000E+00,0.000000E+00,0.000000E+00,0.000000E+00,0.000000E+00,0.000000E+00,0.000000E+00,0.000000E+00,2.110402E+01,6.140682E+01,2.389770E+01,5.001095E+01,0.000000E+00,5.100992E+03,0.000000E+00,6.322752E-01,0.000000E+00,0.000000E+00,0.000000E+00,0.000000E+00,0.000000E+00,0.000000E+00,0.000000E+00,0.000000E+00,2.389831E+01,6.151658E+01,2.389732E+01,5.124776E+01
13:00:00,8.867162E+02,6.698774E+03,3.031464E-02,8.303044E-01,0.000000E+00,0.000000E+00,0.000000E+00,0.000000E+00,0.000000E+00,0.000000E+00,0.000000E+00,0.000000E+00,2.110429E+01,5.075558E+01,2.389753E+01,4.913479E+01,2.680150E+02,2.221962E+03,9.162686E-03,2.753955E-01,0.000000E+00,0.000000E+00,0.000000E+00,0.000000E+00,0.000000E+00,0.000000E+00,0.000000E+00,0.000000E+00,2.110402E+01,6.140682E+01,2.389784E+01,4.970936E+01,7.449737E+02,4.309725E+03,2.546874E-02,5.341739E-01,0.000000E+00,0.000000E+00,0.000000E+00,0.000000E+00,0.000000E+00,0.000000E+00,0.000000E+00,0.000000E+00,2.110421E+01,5.471239E+01,2.389766E+01,4.998213E+01,2.680150E+02,1.955143E+03,9.162686E-03,2.423313E-01,0.000000E+00,0.000000E+00,0.000000E+00,0.000000E+00,0.000000E+00,0.000000E+00,0.000000E+00,0.000000E+00,2.110402E+01,6.140682E+01,2.389770E+01,4.998295E+01,0.000000E+00,5.150112E+03,0.000000E+00,6.383638E-01,0.000000E+00,0.000000E+00,0.000000E+00,0.000000E+00,0.000000E+00,0.000000E+00,0.000000E+00,0.000000E+00,2.389831E+01,6.151658E+01,2.389732E+01,5.121322E+01
13:15:00,8.867162E+02,7.002817E+03,3.031464E-02,8.679882E-01,0.000000E+00,0.000000E+00,0.000000E+00,0.000000E+00,0.000000E+00,0.000000E+00,0.000000E+00,0.000000E+00,2.110429E+01,5.075558E+01,2.389754E+01,4.906883E+01,2.680150E+02,2.177034E+03,9.162686E-03,2.698282E-01,0.000000E+00,0.000000E+00,0.000000E+00,0.000000E+00,0.000000E+00,0.000000E+00,0.000000E+00,0.000000E+00,2.110402E+01,6.140682E+01,2.389780E+01,4.974314E+01,7.449737E+02,4.335933E+03,2.546874E-02,5.374223E-01,0.000000E+00,0.000000E+00,0.000000E+00,0.000000E+00,0.000000E+00,0.000000E+00,0.000000E+00,0.000000E+00,2.110421E+01,5.471239E+01,2.389766E+01,4.996721E+01,2.680150E+02,2.004101E+03,9.162686E-03,2.483996E-01,0.000000E+00,0.000000E+00,0.000000E+00,0.000000E+00,0.000000E+00,0.000000E+00,0.000000E+00,0.000000E+00,2.110402E+01,6.140682E+01,2.389767E+01,4.993626E+01,0.000000E+00,5.200049E+03,0.000000E+00,6.445537E-01,0.000000E+00,0.000000E+00,0.000000E+00,0.000000E+00,0.000000E+00,0.000000E+00,0.000000E+00,0.000000E+00,2.389831E+01,6.151658E+01,2.389732E+01,5.117873E+01
13:30:00,8.867162E+02,7.279900E+03,3.031464E-02,9.023301E-01,0.000000E+00,0.000000E+00,0.000000E+00,0.000000E+00,0.000000E+00,0.000000E+00,0.000000E+00,0.000000E+00,2.110429E+01,5.075558E+01,2.389756E+01,4.901424E+01,2.680150E+02,2.151348E+03,9.162686E-03,2.666457E-01,0.000000E+00,0.000000E+00,0.000000E+00,0.000000E+00,0.000000E+00,0.000000E+00,0.000000E+00,0.000000E+00,2.110402E+01,6.140682E+01,2.389778E+01,4.976280E+01,7.449737E+02,4.361669E+03,2.546874E-02,5.406123E-01,0.000000E+00,0.000000E+00,0.000000E+00,0.000000E+00,0.000000E+00,0.000000E+00,0.000000E+00,0.000000E+00,2.110421E+01,5.471239E+01,2.389766E+01,4.995320E+01,2.680150E+02,2.082786E+03,9.162686E-03,2.581530E-01,0.000000E+00,0.000000E+00,0.000000E+00,0.000000E+00,0.000000E+00,0.000000E+00,0.000000E+00,0.000000E+00,2.110402E+01,6.140682E+01,2.389762E+01,4.985441E+01,0.000000E+00,5.250152E+03,0.000000E+00,6.507641E-01,0.000000E+00,0.000000E+00,0.000000E+00,0.000000E+00,0.000000E+00,0.000000E+00,0.000000E+00,0.000000E+00,2.389831E+01,6.151658E+01,2.389732E+01,5.114472E+01
13:45:00,8.867162E+02,7.525352E+03,3.031464E-02,9.327511E-01,0.000000E+00,0.000000E+00,0.000000E+00,0.000000E+00,0.000000E+00,0.000000E+00,0.000000E+00,0.000000E+00,2.110429E+01,5.075558E+01,2.389758E+01,4.896980E+01,2.680150E+02,2.135490E+03,9.162686E-03,2.646812E-01,0.000000E+00,0.000000E+00,0.000000E+00,0.000000E+00,0.000000E+00,0.000000E+00,0.000000E+00,0.000000E+00,2.110402E+01,6.140682E+01,2.389777E+01,4.977667E+01,7.449737E+02,4.386389E+03,2.546874E-02,5.436761E-01,0.000000E+00,0.000000E+00,0.000000E+00,0.000000E+00,0.000000E+00,0.000000E+00,0.000000E+00,0.000000E+00,2.110421E+01,5.471239E+01,2.389766E+01,4.994023E+01,2.680150E+02,2.200855E+03,9.162686E-03,2.727885E-01,0.000000E+00,0.000000E+00,0.000000E+00,0.000000E+00,0.000000E+00,0.000000E+00,0.000000E+00,0.000000E+00,2.110402E+01,6.140682E+01,2.389756E+01,4.973376E+01,0.000000E+00,5.300196E+03,0.000000E+00,6.569671E-01,0.000000E+00,0.000000E+00,0.000000E+00,0.000000E+00,0.000000E+00,0.000000E+00,0.000000E+00,0.000000E+00,2.389831E+01,6.151658E+01,2.389732E+01,5.111139E+01
14:00:00,8.867162E+02,7.735587E+03,3.031464E-02,9.588070E-01,0.000000E+00,0.000000E+00,0.000000E+00,0.000000E+00,0.000000E+00,0.000000E+00,0.000000E+00,0.000000E+00,2.110429E+01,5.075558E+01,2.389760E+01,4.893422E+01,2.680150E+02,2.124286E+03,9.162686E-03,2.632933E-01,0.000000E+00,0.000000E+00,0.000000E+00,0.000000E+00,0.000000E+00,0.000000E+00,0.000000E+00,0.000000E+00,2.110402E+01,6.140682E+01,2.389776E+01,4.978724E+01,7.449737E+02,4.409518E+03,2.546874E-02,5.465429E-01,0.000000E+00,0.000000E+00,0.000000E+00,0.000000E+00,0.000000E+00,0.000000E+00,0.000000E+00,0.000000E+00,2.110421E+01,5.471239E+01,2.389766E+01,4.992799E+01,2.680150E+02,2.359157E+03,9.162686E-03,2.924114E-01,0.000000E+00,0.000000E+00,0.000000E+00,0.000000E+00,0.000000E+00,0.000000E+00,0.000000E+00,0.000000E+00,2.110402E+01,6.140682E+01,2.389750E+01,4.958505E+01,0.000000E+00,5.349771E+03,0.000000E+00,6.631119E-01,0.000000E+00,0.000000E+00,0.000000E+00,0.000000E+00,0.000000E+00,0.000000E+00,0.000000E+00,0.000000E+00,2.389831E+01,6.151658E+01,2.389732E+01,5.107888E+01
14:15:00,8.867162E+02,7.907128E+03,3.031464E-02,9.800667E-01,0.000000E+00,0.000000E+00,0.000000E+00,0.000000E+00,0.000000E+00,0.000000E+00,0.000000E+00,0.000000E+00,2.110429E+01,5.075558E+01,2.389762E+01,4.890660E+01,2.680150E+02,2.116004E+03,9.162686E-03,2.622671E-01,0.000000E+00,0.000000E+00,0.000000E+00,0.000000E+00,0.000000E+00,0.000000E+00,0.000000E+00,0.000000E+00,2.110402E+01,6.140682E+01,2.389775E+01,4.979481E+01,7.449737E+02,4.430043E+03,2.546874E-02,5.490869E-01,0.000000E+00,0.000000E+00,0.000000E+00,0.000000E+00,0.000000E+00,0.000000E+00,0.000000E+00,0.000000E+00,2.110421E+01,5.471239E+01,2.389766E+01,4.991642E+01,2.680150E+02,2.552887E+03,9.162686E-03,3.164258E-01,0.000000E+00,0.000000E+00,0.000000E+00,0.000000E+00,0.000000E+00,0.000000E+00,0.000000E+00,0.000000E+00,2.110402E+01,6.140682E+01,2.389746E+01,4.942605E+01,0.000000E+00,5.398268E+03,0.000000E+00,6.691232E-01,0.000000E+00,0.000000E+00,0.000000E+00,0.000000E+00,0.000000E+00,0.000000E+00,0.000000E+00,0.000000E+00,2.389831E+01,6.151658E+01,2.389733E+01,5.104736E+01
14:30:00,8.867162E+02,8.037774E+03,3.031464E-02,9.962576E-01,0.000000E+00,0.000000E+00,0.000000E+00,0.000000E+00,0.000000E+00,0.000000E+00,0.000000E+00,0.000000E+00,2.110429E+01,5.075558E+01,2.389764E+01,4.888704E+01,2.680150E+02,2.109420E+03,9.162686E-03,2.614513E-01,0.000000E+00,0.000000E+00,0.000000E+00,0.000000E+00,0.000000E+00,0.000000E+00,0.000000E+00,0.000000E+00,2.110402E+01,6.140682E+01,2.389775E+01,4.980112E+01,7.449737E+02,4.447201E+03,2.546874E-02,5.512133E-01,0.000000E+00,0.000000E+00,0.000000E+00,0.000000E+00,0.000000E+00,0.000000E+00,0.000000E+00,0.000000E+00,2.110421E+01,5.471239E+01,2.389767E+01,4.990729E+01,2.680150E+02,2.773984E+03,9.162686E-03,3.438321E-01,0.000000E+00,0.000000E+00,0.000000E+00,0.000000E+00,0.000000E+00,0.000000E+00,0.000000E+00,0.000000E+00,2.110402E+01,6.140682E+01,2.389745E+01,4.927373E+01,0.000000E+00,5.445139E+03,0.000000E+00,6.749329E-01,0.000000E+00,0.000000E+00,0.000000E+00,0.000000E+00,0.000000E+00,0.000000E+00,0.000000E+00,0.000000E+00,2.389831E+01,6.151658E+01,2.389733E+01,5.101743E+01
14:45:00,8.867162E+02,8.125929E+03,3.031464E-02,1.007182E+00,0.000000E+00,0.000000E+00,0.000000E+00,0.000000E+00,0.000000E+00,0.000000E+00,0.000000E+00,0.000000E+00,2.110429E+01,5.075558E+01,2.389766E+01,4.887486E+01,2.680150E+02,2.103514E+03,9.162686E-03,2.607195E-01,0.000000E+00,0.000000E+00,0.000000E+00,0.000000E+00,0.000000E+00,0.000000E+00,0.000000E+00,0.000000E+00,2.110402E+01,6.140682E+01,2.389775E+01,4.980709E+01,7.449737E+02,4.460307E+03,2.546874E-02,5.528377E-01,0.000000E+00,0.000000E+00,0.000000E+00,0.000000E+00,0.000000E+00,0.000000E+00,0.000000E+00,0.000000E+00,2.110421E+01,5.471239E+01,2.389767E+01,4.990081E+01,2.680150E+02,3.012645E+03,9.162686E-03,3.734149E-01,0.000000E+00,0.000000E+00,0.000000E+00,0.000000E+00,0.000000E+00,0.000000E+00,0.000000E+00,0.000000E+00,2.110402E+01,6.140682E+01,2.389746E+01,4.913726E+01,0.000000E+00,5.489776E+03,0.000000E+00,6.804655E-01,0.000000E+00,0.000000E+00,0.000000E+00,0.000000E+00,0.000000E+00,0.000000E+00,0.000000E+00,0.000000E+00,2.389831E+01,6.151658E+01,2.389733E+01,5.098940E+01
15:00:00,8.867162E+02,8.180325E+03,3.031464E-02,1.013922E+00,0.000000E+00,0.000000E+00,0.000000E+00,0.000000E+00,0.000000E+00,0.000000E+00,0.000000E+00,0.000000E+00,2.110429E+01,5.075558E+01,2.389767E+01,4.886936E+01,2.680150E+02,2.095181E+03,9.162686E-03,2.596868E-01,0.000000E+00,0.000000E+00,0.000000E+00,0.000000E+00,0.000000E+00,0.000000E+00,0.000000E+00,0.000000E+00,2.110402E+01,6.140682E+01,2.389775E+01,4.981311E+01,7.449737E+02,4.463522E+03,2.546874E-02,5.532359E-01,0.000000E+00,0.000000E+00,0.000000E+00,0.000000E+00,0.000000E+00,0.000000E+00,0.000000E+00,0.000000E+00,2.110421E+01,5.471239E+01,2.389767E+01,4.989648E+01,2.680150E+02,3.263801E+03,9.162686E-03,4.045458E-01,0.000000E+00,0.000000E+00,0.000000E+00,0.000000E+00,0.000000E+00,0.000000E+00,0.000000E+00,0.000000E+00,2.110402E+01,6.140682E+01,2.389747E+01,4.901962E+01,0.000000E+00,5.531573E+03,0.000000E+00,6.856462E-01,0.000000E+00,0.000000E+00,0.000000E+00,0.000000E+00,0.000000E+00,0.000000E+00,0.000000E+00,0.000000E+00,2.389831E+01,6.151658E+01,2.389733E+01,5.096345E+01
15:15:00,8.867162E+02,8.191434E+03,3.031464E-02,1.015297E+00,0.000000E+00,0.000000E+00,0.000000E+00,0.000000E+00,0.000000E+00,0.000000E+00,0.000000E+00,0.000000E+00,2.110429E+01,5.075558E+01,2.389768E+01,4.886649E+01,2.680150E+02,2.085195E+03,9.162686E-03,2.584490E-01,0.000000E+00,0.000000E+00,0.000000E+00,0.000000E+00,0.000000E+00,0.000000E+00,0.000000E+00,0.000000E+00,2.110402E+01,6.140682E+01,2.389776E+01,4.982441E+01,7.449737E+02,4.459843E+03,2.546874E-02,5.527796E-01,0.000000E+00,0.000000E+00,0.000000E+00,0.000000E+00,0.000000E+00,0.000000E+00,0.000000E+00,0.000000E+00,2.110421E+01,5.471239E+01,2.389769E+01,4.989928E+01,2.680150E+02,3.514634E+03,9.162686E-03,4.356361E-01,0.000000E+00,0.000000E+00,0.000000E+00,0.000000E+00,0.000000E+00,0.000000E+00,0.000000E+00,0.000000E+00,2.110402E+01,6.140682E+01,2.389749E+01,4.891606E+01,0.000000E+00,5.569769E+03,0.000000E+00,6.903805E-01,0.000000E+00,0.000000E+00,0.000000E+00,0.000000E+00,0.000000E+00,0.000000E+00,0.000000E+00,0.000000E+00,2.389831E+01,6.151658E+01,2.389733E+01,5.093970E+01
15:30:00,8.867162E+02,8.158250E+03,3.031464E-02,1.011182E+00,0.000000E+00,0.000000E+00,0.000000E+00,0.000000E+00,0.000000E+00,0.000000E+00,0.000000E+00,0.000000E+00,2.110429E+01,5.075558E+01,2.389770E+01,4.887199E+01,2.680150E+02,2.073226E+03,9.162686E-03,2.569653E-01,0.000000E+00,0.000000E+00,0.000000E+00,0.000000E+00,0.000000E+00,0.000000E+00,0.000000E+00,0.000000E+00,2.110402E+01,6.140682E+01,2.389776E+01,4.983856E+01,7.449737E+02,4.449376E+03,2.546874E-02,5.514817E-01,0.000000E+00,0.000000E+00,0.000000E+00,0.000000E+00,0.000000E+00,0.000000E+00,0.000000E+00,0.000000E+00,2.110421E+01,5.471239E+01,2.389769E+01,4.990632E+01,2.680150E+02,3.757115E+03,9.162686E-03,4.656905E-01,0.000000E+00,0.000000E+00,0.000000E+00,0.000000E+00,0.000000E+00,0.000000E+00,0.000000E+00,0.000000E+00,2.110402E+01,6.140682E+01,2.389751E+01,4.883152E+01,0.000000E+00,5.603832E+03,0.000000E+00,6.946023E-01,0.000000E+00,0.000000E+00,0.000000E+00,0.000000E+00,0.000000E+00,0.000000E+00,0.000000E+00,0.000000E+00,2.389831E+01,6.151658E+01,2.389734E+01,5.091884E+01
15:45:00,8.867162E+02,8.078757E+03,3.031464E-02,1.001327E+00,0.000000E+00,0.000000E+00,0.000000E+00,0.000000E+00,0.000000E+00,0.000000E+00,0.000000E+00,0.000000E+00,2.110429E+01,5.075558E+01,2.389772E+01,4.888670E+01,2.680150E+02,2.058869E+03,9.162686E-03,2.551858E-01,0.000000E+00,0.000000E+00,0.000000E+00,0.000000E+00,0.000000E+00,0.000000E+00,0.000000E+00,0.000000E+00,2.110402E+01,6.140682E+01,2.389776E+01,4.985340E+01,7.449737E+02,4.431877E+03,2.546874E-02,5.493125E-01,0.000000E+00,0.000000E+00,0.000000E+00,0.000000E+00,0.000000E+00,0.000000E+00,0.000000E+00,0.000000E+00,2.110421E+01,5.471239E+01,2.389769E+01,4.991488E+01,2.680150E+02,3.984832E+03,9.162686E-03,4.939145E-01,0.000000E+00,0.000000E+00,0.000000E+00,0.000000E+00,0.000000E+00,0.000000E+00,0.000000E+00,0.000000E+00,2.110402E+01,6.140682E+01,2.389754E+01,4.876452E+01,0.000000E+00,5.633075E+03,0.000000E+00,6.982268E-01,0.000000E+00,0.000000E+00,0.000000E+00,0.000000E+00,0.000000E+00,0.000000E+00,0.000000E+00,0.000000E+00,2.389831E+01,6.151658E+01,2.389734E+01,5.090105E+01
16:00:00,8.867162E+02,7.943434E+03,3.031464E-02,9.845523E-01,0.000000E+00,0.000000E+00,0.000000E+00,0.000000E+00,0.000000E+00,0.000000E+00,0.000000E+00,0.000000E+00,2.110429E+01,5.075558E+01,2.389774E+01,4.891001E+01,2.680150E+02,2.043982E+03,9.162686E-03,2.533406E-01,0.000000E+00,0.000000E+00,0.000000E+00,0.000000E+00,0.000000E+00,0.000000E+00,0.000000E+00,0.000000E+00,2.110402E+01,6.140682E+01,2.389776E+01,4.986921E+01,7.449737E+02,4.412205E+03,2.546874E-02,5.468737E-01,0.000000E+00,0.000000E+00,0.000000E+00,0.000000E+00,0.000000E+00,0.000000E+00,0.000000E+00,0.000000E+00,2.110421E+01,5.471239E+01,2.389770E+01,4.992479E+01,2.680150E+02,4.187663E+03,9.162686E-03,5.190534E-01,0.000000E+00,0.000000E+00,0.000000E+00,0.000000E+00,0.000000E+00,0.000000E+00,0.000000E+00,0.000000E+00,2.110402E+01,6.140682E+01,2.389757E+01,4.871098E+01,0.000000E+00,5.656757E+03,0.000000E+00,7.011619E-01,0.000000E+00,0.000000E+00,0.000000E+00,0.000000E+00,0.000000E+00,0.000000E+00,0.000000E+00,0.000000E+00,2.389831E+01,6.151658E+01,2.389735E+01,5.088646E+01
16:15:00,8.867162E+02,7.762380E+03,3.031464E-02,9.621092E-01,0.000000E+00,0.000000E+00,0.000000E+00,0.000000E+00,0.000000E+00,0.000000E+00,0.000000E+00,0.000000E+00,2.110429E+01,5.075558E+01,2.389776E+01,4.894135E+01,2.680150E+02,2.027048E+03,9.162686E-03,2.512416E-01,0.000000E+00,0.000000E+00,0.000000E+00,0.000000E+00,0.000000E+00,0.000000E+00,0.000000E+00,0.000000E+00,2.110402E+01,6.140682E+01,2.389777E+01,4.988715E+01,7.449737E+02,4.387255E+03,2.546874E-02,5.437811E-01,0.000000E+00,0.000000E+00,0.000000E+00,0.000000E+00,0.000000E+00,0.000000E+00,0.000000E+00,0.000000E+00,2.110421E+01,5.471239E+01,2.389770E+01,4.993702E+01,2.680150E+02,4.365450E+03,9.162686E-03,5.410879E-01,0.000000E+00,0.000000E+00,0.000000E+00,0.000000E+00,0.000000E+00,0.000000E+00,0.000000E+00,0.000000E+00,2.110402E+01,6.140682E+01,2.389760E+01,4.866832E+01,0.000000E+00,5.674560E+03,0.000000E+00,7.033682E-01,0.000000E+00,0.000000E+00,0.000000E+00,0.000000E+00,0.000000E+00,0.000000E+00,0.000000E+00,0.000000E+00,2.389831E+01,6.151658E+01,2.389735E+01,5.087530E+01
16:30:00,8.867162E+02,7.537833E+03,3.031464E-02,9.342754E-01,0.000000E+00,0.000000E+00,0.000000E+00,0.000000E+00,0.000000E+00,0.000000E+00,0.000000E+00,0.000000E+00,2.110429E+01,5.075558E+01,2.389778E+01,4.898172E+01,2.680150E+02,2.004952E+03,9.162686E-03,2.485028E-01,0.000000E+00,0.000000E+00,0.000000E+00,0.000000E+00,0.000000E+00,0.000000E+00,0.000000E+00,0.000000E+00,2.110402E+01,6.140682E+01,2.389777E+01,4.990860E+01,7.449737E+02,4.349995E+03,2.546874E-02,5.391626E-01,0.000000E+00,0.000000E+00,0.000000E+00,0.000000E+00,0.000000E+00,0.000000E+00,0.000000E+00,0.000000E+00,2.110421E+01,5.471239E+01,2.389771E+01,4.995299E+01,2.680150E+02,4.517945E+03,9.162686E-03,5.599875E-01,0.000000E+00,0.000000E+00,0.000000E+00,0.000000E+00,0.000000E+00,0.000000E+00,0.000000E+00,0.000000E+00,2.110402E+01,6.140682E+01,2.389762E+01,4.863549E+01,0.000000E+00,5.685925E+03,0.000000E+00,7.047764E-01,0.000000E+00,0.000000E+00,0.000000E+00,0.000000E+00,0.000000E+00,0.000000E+00,0.000000E+00,0.000000E+00,2.389831E+01,6.151658E+01,2.389736E+01,5.086789E+01
16:45:00,8.867162E+02,7.273319E+03,3.031464E-02,9.014881E-01,0.000000E+00,0.000000E+00,0.000000E+00,0.000000E+00,0.000000E+00,0.000000E+00,0.000000E+00,0.000000E+00,2.110429E+01,5.075558E+01,2.389780E+01,4.903200E+01,2.680150E+02,1.979269E+03,9.162686E-03,2.453193E-01,0.000000E+00,0.000000E+00,0.000000E+00,0.000000E+00,0.000000E+00,0.000000E+00,0.000000E+00,0.000000E+00,2.110402E+01,6.140682E+01,2.389779E+01,4.994012E+01,7.449737E+02,4.304533E+03,2.546874E-02,5.335273E-01,0.000000E+00,0.000000E+00,0.000000E+00,0.000000E+00,0.000000E+00,0.000000E+00,0.000000E+00,0.000000E+00,2.110421E+01,5.471239E+01,2.389772E+01,4.997960E+01,2.680150E+02,4.639850E+03,9.162686E-03,5.750955E-01,0.000000E+00,0.000000E+00,0.000000E+00,0.000000E+00,0.000000E+00,0.000000E+00,0.000000E+00,0.000000E+00,2.110402E+01,6.140682E+01,2.389764E+01,4.860980E+01,0.000000E+00,5.690385E+03,0.000000E+00,7.053289E-01,0.000000E+00,0.000000E+00,0.000000E+00,0.000000E+00,0.000000E+00,0.000000E+00,0.000000E+00,0.000000E+00,2.389831E+01,6.151658E+01,2.389736E+01,5.086434E+01
17:00:00,8.867162E+02,6.971971E+03,3.031464E-02,8.641356E-01,0.000000E+00,0.000000E+00,0.000000E+00,0.000000E+00,0.000000E+00,0.000000E+00,0.000000E+00,0.000000E+00,2.110429E+01,5.075558E+01,2.389782E+01,4.909354E+01,2.680150E+02,1.950010E+03,9.162686E-03,2.416927E-01,0.000000E+00,0.000000E+00,0.000000E+00,0.000000E+00,0.000000E+00,0.000000E+00,0.000000E+00,0.000000E+00,2.110402E+01,6.140682E+01,2.389779E+01,4.997649E+01,7.449737E+02,4.250995E+03,2.546874E-02,5.268910E-01,0.000000E+00,0.000000E+00,0.000000E+00,0.000000E+00,0.000000E+00,0.000000E+00,0.000000E+00,0.000000E+00,2.110421E+01,5.471239E+01,2.389773E+01,5.001103E+01,2.680150E+02,4.727420E+03,9.162686E-03,5.859479E-01,0.000000E+00,0.000000E+00,0.000000E+00,0.000000E+00,0.000000E+00,0.000000E+00,0.000000E+00,0.000000E+00,2.110402E+01,6.140682E+01,2.389766E+01,4.859287E+01,0.000000E+00,5.687656E+03,0.000000E+00,7.049902E-01,0.000000E+00,0.000000E+00,0.000000E+00,0.000000E+00,0.000000E+00,0.000000E+00,0.000000E+00,0.000000E+00,2.389831E+01,6.151658E+01,2.389737E+01,5.086479E+01
17:15:00,8.867162E+02,6.638708E+03,3.031464E-02,8.228275E-01,0.000000E+00,0.000000E+00,0.000000E+00,0.000000E+00,0.000000E+00,0.000000E+00,0.000000E+00,0.000000E+00,2.110429E+01,5.075558E+01,2.389784E+01,4.916759E+01,2.680150E+02,1.917036E+03,9.162686E-03,2.376054E-01,0.000000E+00,0.000000E+00,0.000000E+00,0.000000E+00,0.000000E+00,0.000000E+00,0.000000E+00,0.000000E+00,2.110402E+01,6.140682E+01,2.389780E+01,5.001489E+01,7.449737E+02,4.189075E+03,2.546874E-02,5.192158E-01,0.000000E+00,0.000000E+00,0.000000E+00,0.000000E+00,0.000000E+00,0.000000E+00,0.000000E+00,0.000000E+00,2.110421E+01,5.471239E+01,2.389773E+01,5.004409E+01,2.680150E+02,4.776503E+03,9.162686E-03,5.920298E-01,0.000000E+00,0.000000E+00,0.000000E+00,0.000000E+00,0.000000E+00,0.000000E+00,0.000000E+00,0.000000E+00,2.110402E+01,6.140682E+01,2.389769E+01,4.858510E+01,0.000000E+00,5.677552E+03,0.000000E+00,7.037372E-01,0.000000E+00,0.000000E+00,0.000000E+00,0.000000E+00,0.000000E+00,0.000000E+00,0.000000E+00,0.000000E+00,2.389831E+01,6.151658E+01,2.389737E+01,5.086938E+01
17:30:00,8.867162E+02,6.279195E+03,3.031464E-02,7.782660E-01,0.000000E+00,0.000000E+00,0.000000E+00,0.000000E+00,0.000000E+00,0.000000E+00,0.000000E+00,0.000000E+00,2.110429E+01,5.075558E+01,2.389786E+01,4.925586E+01,2.680150E+02,1.882764E+03,9.162686E-03,2.333574E-01,0.000000E+00,0.000000E+00,0.000000E+00,0.000000E+00,0.000000E+00,0.000000E+00,0.000000E+00,0.000000E+00,2.110402E+01,6.140682E+01,2.389780E+01,5.005707E+01,7.449737E+02,4.124408E+03,2.546874E-02,5.112002E-01,0.000000E+00,0.000000E+00,0.000000E+00,0.000000E+00,0.000000E+00,0.000000E+00,0.000000E+00,0.000000E+00,2.110421E+01,5.471239E+01,2.389774E+01,5.008065E+01,2.680150E+02,4.778820E+03,9.162686E-03,5.923153E-01,0.000000E+00,0.000000E+00,0.000000E+00,0.000000E+00,0.000000E+00,0.000000E+00,0.000000E+00,0.000000E+00,2.110402E+01,6.140682E+01,2.389771E+01,4.858671E+01,0.000000E+00,5.659881E+03,0.000000E+00,7.015464E-01,0.000000E+00,0.000000E+00,0.000000E+00,0.000000E+00,0.000000E+00,0.000000E+00,0.000000E+00,0.000000E+00,2.389831E+01,6.151658E+01,2.389738E+01,5.087830E+01
17:45:00,8.867162E+02,5.901405E+03,3.031464E-02,7.314392E-01,0.000000E+00,0.000000E+00,0.000000E+00,0.000000E+00,0.000000E+00,0.000000E+00,0.000000E+00,0.000000E+00,2.110429E+01,5.075558E+01,2.389788E+01,4.935964E+01,2.680150E+02,1.845047E+03,9.162686E-03,2.286825E-01,0.000000E+00,0.000000E+00,0.000000E+00,0.000000E+00,0.000000E+00,0.000000E+00,0.000000E+00,0.000000E+00,2.110402E+01,6.140682E+01,2.389781E+01,5.010519E+01,7.449737E+02,4.051627E+03,2.546874E-02,5.021790E-01,0.000000E+00,0.000000E+00,0.000000E+00,0.000000E+00,0.000000E+00,0.000000E+00,0.000000E+00,0.000000E+00,2.110421E+01,5.471239E+01,2.389774E+01,5.012306E+01,2.680150E+02,4.729972E+03,9.162686E-03,5.862589E-01,0.000000E+00,0.000000E+00,0.000000E+00,0.000000E+00,0.000000E+00,0.000000E+00,0.000000E+00,0.000000E+00,2.110402E+01,6.140682E+01,2.389774E+01,4.859878E+01,0.000000E+00,5.634666E+03,0.000000E+00,6.984204E-01,0.000000E+00,0.000000E+00,0.000000E+00,0.000000E+00,0.000000E+00,0.000000E+00,0.000000E+00,0.000000E+00,2.389831E+01,6.151658E+01,2.389739E+01,5.089158E+01
18:00:00,8.867162E+02,5.514389E+03,3.031464E-02,6.834693E-01,0.000000E+00,0.000000E+00,0.000000E+00,0.000000E+00,0.000000E+00,0.000000E+00,0.000000E+00,0.000000E+00,2.110429E+01,5.075558E+01,2.389791E+01,4.947981E+01,2.680150E+02,1.803283E+03,9.162686E-03,2.235059E-01,0.000000E+00,0.000000E+00,0.000000E+00,0.000000E+00,0.000000E+00,0.000000E+00,0.000000E+00,0.000000E+00,2.110402E+01,6.140682E+01,2.389782E+01,5.016065E+01,7.449737E+02,3.969155E+03,2.546874E-02,4.919565E-01,0.000000E+00,0.000000E+00,0.000000E+00,0.000000E+00,0.000000E+00,0.000000E+00,0.000000E+00,0.000000E+00,2.110421E+01,5.471239E+01,2.389775E+01,5.017282E+01,2.680150E+02,4.622606E+03,9.162686E-03,5.729494E-01,0.000000E+00,0.000000E+00,0.000000E+00,0.000000E+00,0.000000E+00,0.000000E+00,0.000000E+00,0.000000E+00,2.110402E+01,6.140682E+01,2.389778E+01,4.862370E+01,0.000000E+00,5.601803E+03,0.000000E+00,6.943465E-01,0.000000E+00,0.000000E+00,0.000000E+00,0.000000E+00,0.000000E+00,0.000000E+00,0.000000E+00,0.000000E+00,2.389831E+01,6.151658E+01,2.389739E+01,5.090926E+01
18:15:00,8.867162E+02,5.127004E+03,3.031464E-02,6.354540E-01,0.000000E+00,0.000000E+00,0.000000E+00,0.000000E+00,0.000000E+00,0.000000E+00,0.000000E+00,0.000000E+00,2.110429E+01,5.075558E+01,2.389792E+01,4.961645E+01,2.680150E+02,1.756524E+03,9.162686E-03,2.177102E-01,0.000000E+00,0.000000E+00,0.000000E+00,0.000000E+00,0.000000E+00,0.000000E+00,0.000000E+00,0.000000E+00,2.110402E+01,6.140682E+01,2.389783E+01,5.022477E+01,7.449737E+02,3.874435E+03,2.546874E-02,4.802160E-01,0.000000E+00,0.000000E+00,0.000000E+00,0.000000E+00,0.000000E+00,0.000000E+00,0.000000E+00,0.000000E+00,2.110421E+01,5.471239E+01,2.389777E+01,5.023131E+01,2.680150E+02,4.446126E+03,9.162686E-03,5.510734E-01,0.000000E+00,0.000000E+00,0.000000E+00,0.000000E+00,0.000000E+00,0.000000E+00,0.000000E+00,0.000000E+00,2.110402E+01,6.140682E+01,2.389782E+01,4.866548E+01,0.000000E+00,5.561112E+03,0.000000E+00,6.893023E-01,0.000000E+00,0.000000E+00,0.000000E+00,0.000000E+00,0.000000E+00,0.000000E+00,0.000000E+00,0.000000E+00,2.389831E+01,6.151658E+01,2.389740E+01,5.093154E+01
18:30:00,8.867162E+02,4.749512E+03,3.031464E-02,5.886651E-01,0.000000E+00,0.000000E+00,0.000000E+00,0.000000E+00,0.000000E+00,0.000000E+00,0.000000E+00,0.000000E+00,2.110429E+01,5.075558E+01,2.389794E+01,4.977045E+01,2.680150E+02,1.704161E+03,9.162686E-03,2.112199E-01,0.000000E+00,0.000000E+00,0.000000E+00,0.000000E+00,0.000000E+00,0.000000E+00,0.000000E+00,0.000000E+00,2.110402E+01,6.140682E+01,2.389785E+01,5.030120E+01,7.449737E+02,3.765786E+03,2.546874E-02,4.667488E-01,0.000000E+00,0.000000E+00,0.000000E+00,0.000000E+00,0.000000E+00,0.000000E+00,0.000000E+00,0.000000E+00,2.110421E+01,5.471239E+01,2.389778E+01,5.030266E+01,2.680150E+02,4.188351E+03,9.162686E-03,5.191212E-01,0.000000E+00,0.000000E+00,0.000000E+00,0.000000E+00,0.000000E+00,0.000000E+00,0.000000E+00,0.000000E+00,2.110402E+01,6.140682E+01,2.389787E+01,4.873225E+01,0.000000E+00,5.512495E+03,0.000000E+00,6.832756E-01,0.000000E+00,0.000000E+00,0.000000E+00,0.000000E+00,0.000000E+00,0.000000E+00,0.000000E+00,0.000000E+00,2.389831E+01,6.151658E+01,2.389741E+01,5.095888E+01
18:45:00,8.867162E+02,4.387537E+03,3.031464E-02,5.437998E-01,0.000000E+00,0.000000E+00,0.000000E+00,0.000000E+00,0.000000E+00,0.000000E+00,0.000000E+00,0.000000E+00,2.110429E+01,5.075558E+01,2.389796E+01,4.993998E+01,2.680150E+02,1.644828E+03,9.162686E-03,2.038655E-01,0.000000E+00,0.000000E+00,0.000000E+00,0.000000E+00,0.000000E+00,0.000000E+00,0.000000E+00,0.000000E+00,2.110402E+01,6.140682E+01,2.389786E+01,5.039252E+01,7.449737E+02,3.639674E+03,2.546874E-02,4.511171E-01,0.000000E+00,0.000000E+00,0.000000E+00,0.000000E+00,0.000000E+00,0.000000E+00,0.000000E+00,0.000000E+00,2.110421E+01,5.471239E+01,2.389780E+01,5.038968E+01,2.680150E+02,3.827709E+03,9.162686E-03,4.744190E-01,0.000000E+00,0.000000E+00,0.000000E+00,0.000000E+00,0.000000E+00,0.000000E+00,0.000000E+00,0.000000E+00,2.110402E+01,6.140682E+01,2.389794E+01,4.883731E+01,0.000000E+00,5.455706E+03,0.000000E+00,6.762360E-01,0.000000E+00,0.000000E+00,0.000000E+00,0.000000E+00,0.000000E+00,0.000000E+00,0.000000E+00,0.000000E+00,2.389831E+01,6.151658E+01,2.389741E+01,5.099152E+01
19:00:00,8.867162E+02,4.052798E+03,3.031464E-02,5.023107E-01,0.000000E+00,0.000000E+00,0.000000E+00,0.000000E+00,0.000000E+00,0.000000E+00,0.000000E+00,0.000000E+00,2.110429E+01,5.075558E+01,2.389797E+01,5.012594E+01,2.680150E+02,1.580026E+03,9.162686E-03,1.958333E-01,0.000000E+00,0.000000E+00,0.000000E+00,0.000000E+00,0.000000E+00,0.000000E+00,0.000000E+00,0.000000E+00,2.110402E+01,6.140682E+01,2.389789E+01,5.050354E+01,7.449737E+02,3.499291E+03,2.546874E-02,4.337164E-01,0.000000E+00,0.000000E+00,0.000000E+00,0.000000E+00,0.000000E+00,0.000000E+00,0.000000E+00,0.000000E+00,2.110421E+01,5.471239E+01,2.389783E+01,5.049749E+01,2.680150E+02,3.358852E+03,9.162686E-03,4.163040E-01,0.000000E+00,0.000000E+00,0.000000E+00,0.000000E+00,0.000000E+00,0.000000E+00,0.000000E+00,0.000000E+00,2.110402E+01,6.140682E+01,2.389806E+01,4.901406E+01,0.000000E+00,5.390192E+03,0.000000E+00,6.681149E-01,0.000000E+00,0.000000E+00,0.000000E+00,0.000000E+00,0.000000E+00,0.000000E+00,0.000000E+00,0.000000E+00,2.389831E+01,6.151658E+01,2.389742E+01,5.102979E+01
19:15:00,8.867162E+02,3.762393E+03,3.031464E-02,4.663167E-01,0.000000E+00,0.000000E+00,0.000000E+00,0.000000E+00,0.000000E+00,0.000000E+00,0.000000E+00,0.000000E+00,2.110429E+01,5.075558E+01,2.389797E+01,5.031888E+01,2.680150E+02,1.515218E+03,9.162686E-03,1.878004E-01,0.000000E+00,0.000000E+00,0.000000E+00,0.000000E+00,0.000000E+00,0.000000E+00,0.000000E+00,0.000000E+00,2.110402E+01,6.140682E+01,2.389790E+01,5.063059E+01,7.449737E+02,3.357415E+03,2.546874E-02,4.161307E-01,0.000000E+00,0.000000E+00,0.000000E+00,0.000000E+00,0.000000E+00,0.000000E+00,0.000000E+00,0.000000E+00,2.110421E+01,5.471239E+01,2.389785E+01,5.062262E+01,2.680150E+02,2.846027E+03,9.162686E-03,3.527394E-01,0.000000E+00,0.000000E+00,0.000000E+00,0.000000E+00,0.000000E+00,0.000000E+00,0.000000E+00,0.000000E+00,2.110402E+01,6.140682E+01,2.389821E+01,4.930574E+01,0.000000E+00,5.316928E+03,0.000000E+00,6.590331E-01,0.000000E+00,0.000000E+00,0.000000E+00,0.000000E+00,0.000000E+00,0.000000E+00,0.000000E+00,0.000000E+00,2.389831E+01,6.151658E+01,2.389743E+01,5.107449E+01
19:30:00,8.867162E+02,3.524446E+03,3.031464E-02,4.368251E-01,0.000000E+00,0.000000E+00,0.000000E+00,0.000000E+00,0.000000E+00,0.000000E+00,0.000000E+00,0.000000E+00,2.110429E+01,5.075558E+01,2.389794E+01,5.049720E+01,2.680150E+02,1.455855E+03,9.162686E-03,1.804426E-01,0.000000E+00,0.000000E+00,0.000000E+00,0.000000E+00,0.000000E+00,0.000000E+00,0.000000E+00,0.000000E+00,2.110402E+01,6.140682E+01,2.389790E+01,5.075721E+01,7.449737E+02,3.226531E+03,2.546874E-02,3.999075E-01,0.000000E+00,0.000000E+00,0.000000E+00,0.000000E+00,0.000000E+00,0.000000E+00,0.000000E+00,0.000000E+00,2.110421E+01,5.471239E+01,2.389785E+01,5.074832E+01,2.680150E+02,2.382715E+03,9.162686E-03,2.953121E-01,0.000000E+00,0.000000E+00,0.000000E+00,0.000000E+00,0.000000E+00,0.000000E+00,0.000000E+00,0.000000E+00,2.110402E+01,6.140682E+01,2.389829E+01,4.967473E+01,0.000000E+00,5.238128E+03,0.000000E+00,6.492652E-01,0.000000E+00,0.000000E+00,0.000000E+00,0.000000E+00,0.000000E+00,0.000000E+00,0.000000E+00,0.000000E+00,2.389831E+01,6.151658E+01,2.389744E+01,5.112510E+01
19:45:00,8.867162E+02,3.340084E+03,3.031464E-02,4.139757E-01,0.000000E+00,0.000000E+00,0.000000E+00,0.000000E+00,0.000000E+00,0.000000E+00,0.000000E+00,0.000000E+00,2.110429E+01,5.075558E+01,2.389790E+01,5.064611E+01,2.680150E+02,1.405661E+03,9.162686E-03,1.742212E-01,0.000000E+00,0.000000E+00,0.000000E+00,0.000000E+00,0.000000E+00,0.000000E+00,0.000000E+00,0.000000E+00,2.110402E+01,6.140682E+01,2.389788E+01,5.086675E+01,7.449737E+02,3.115354E+03,2.546874E-02,3.861277E-01,0.000000E+00,0.000000E+00,0.000000E+00,0.000000E+00,0.000000E+00,0.000000E+00,0.000000E+00,0.000000E+00,2.110421E+01,5.471239E+01,2.389782E+01,5.085770E+01,2.680150E+02,2.020277E+03,9.162686E-03,2.503893E-01,0.000000E+00,0.000000E+00,0.000000E+00,0.000000E+00,0.000000E+00,0.000000E+00,0.000000E+00,0.000000E+00,2.110402E+01,6.140682E+01,2.389818E+01,4.998582E+01,0.000000E+00,5.157309E+03,0.000000E+00,6.392471E-01,0.000000E+00,0.000000E+00,0.000000E+00,0.000000E+00,0.000000E+00,0.000000E+00,0.000000E+00,0.000000E+00,2.389831E+01,6.151658E+01,2.389744E+01,5.117941E+01
20:00:00,8.867162E+02,3.199819E+03,3.031464E-02,3.965923E-01,0.000000E+00,0.000000E+00,0.000000E+00,0.000000E+00,0.000000E+00,0.000000E+00,0.000000E+00,0.000000E+00,2.110429E+01,5.075558E+01,2.389787E+01,5.077070E+01,2.680150E+02,1.365177E+03,9.162686E-03,1.692036E-01,0.000000E+00,0.000000E+00,0.000000E+00,0.000000E+00,0.000000E+00,0.000000E+00,0.000000E+00,0.000000E+00,2.110402E+01,6.140682E+01,2.389786E+01,5.095895E+01,7.449737E+02,3.025415E+03,2.546874E-02,3.749806E-01,0.000000E+00,0.000000E+00,0.000000E+00,0.000000E+00,0.000000E+00,0.000000E+00,0.000000E+00,0.000000E+00,2.110421E+01,5.471239E+01,2.389780E+01,5.095031E+01,2.680150E+02,1.789640E+03,9.162686E-03,2.218041E-01,0.000000E+00,0.000000E+00,0.000000E+00,0.000000E+00,0.000000E+00,0.000000E+00,0.000000E+00,0.000000E+00,2.110402E+01,6.140682E+01,2.389806E+01,5.021570E+01,0.000000E+00,5.078725E+03,0.000000E+00,6.295063E-01,0.000000E+00,0.000000E+00,0.000000E+00,0.000000E+00,0.000000E+00,0.000000E+00,0.000000E+00,0.000000E+00,2.389831E+01,6.151658E+01,2.389744E+01,5.123439E+01
20:15:00,8.867162E+02,3.087783E+03,3.031464E-02,3.827078E-01,0.000000E+00,0.000000E+00,0.000000E+00,0.000000E+00,0.000000E+00,0.000000E+00,0.000000E+00,0.000000E+00,2.110429E+01,5.075558E+01,2.389785E+01,5.088130E+01,2.680150E+02,1.331799E+03,9.162686E-03,1.650670E-01,0.000000E+00,0.000000E+00,0.000000E+00,0.000000E+00,0.000000E+00,0.000000E+00,0.000000E+00,0.000000E+00,2.110402E+01,6.140682E+01,2.389784E+01,5.104074E+01,7.449737E+02,2.951010E+03,2.546874E-02,3.657593E-01,0.000000E+00,0.000000E+00,0.000000E+00,0.000000E+00,0.000000E+00,0.000000E+00,0.000000E+00,0.000000E+00,2.110421E+01,5.471239E+01,2.389779E+01,5.103285E+01,2.680150E+02,1.654744E+03,9.162686E-03,2.050868E-01,0.000000E+00,0.000000E+00,0.000000E+00,0.000000E+00,0.000000E+00,0.000000E+00,0.000000E+00,0.000000E+00,2.110402E+01,6.140682E+01,2.389800E+01,5.040008E+01,0.000000E+00,5.005186E+03,0.000000E+00,6.203910E-01,0.000000E+00,0.000000E+00,0.000000E+00,0.000000E+00,0.000000E+00,0.000000E+00,0.000000E+00,0.000000E+00,2.389831E+01,6.151658E+01,2.389744E+01,5.128758E+01
20:30:00,8.867162E+02,2.991758E+03,3.031464E-02,3.708075E-01,0.000000E+00,0.000000E+00,0.000000E+00,0.000000E+00,0.000000E+00,0.000000E+00,0.000000E+00,0.000000E+00,2.110429E+01,5.075558E+01,2.389784E+01,5.098301E+01,2.680150E+02,1.302160E+03,9.162686E-03,1.613939E-01,0.000000E+00,0.000000E+00,0.000000E+00,0.000000E+00,0.000000E+00,0.000000E+00,0.000000E+00,0.000000E+00,2.110402E+01,6.140682E+01,2.389784E+01,5.111658E+01,7.449737E+02,2.884740E+03,2.546874E-02,3.575462E-01,0.000000E+00,0.000000E+00,0.000000E+00,0.000000E+00,0.000000E+00,0.000000E+00,0.000000E+00,0.000000E+00,2.110421E+01,5.471239E+01,2.389778E+01,5.110941E+01,2.680150E+02,1.551776E+03,9.162686E-03,1.923271E-01,0.000000E+00,0.000000E+00,0.000000E+00,0.000000E+00,0.000000E+00,0.000000E+00,0.000000E+00,0.000000E+00,2.110402E+01,6.140682E+01,2.389796E+01,5.056625E+01,0.000000E+00,4.937699E+03,0.000000E+00,6.120259E-01,0.000000E+00,0.000000E+00,0.000000E+00,0.000000E+00,0.000000E+00,0.000000E+00,0.000000E+00,0.000000E+00,2.389831E+01,6.151658E+01,2.389744E+01,5.133771E+01
20:45:00,8.867162E+02,2.908163E+03,3.031464E-02,3.604473E-01,0.000000E+00,0.000000E+00,0.000000E+00,0.000000E+00,0.000000E+00,0.000000E+00,0.000000E+00,0.000000E+00,2.110429E+01,5.075558E+01,2.389783E+01,5.107777E+01,2.680150E+02,1.275372E+03,9.162686E-03,1.580739E-01,0.000000E+00,0.000000E+00,0.000000E+00,0.000000E+00,0.000000E+00,0.000000E+00,0.000000E+00,0.000000E+00,2.110402E+01,6.140682E+01,2.389783E+01,5.118852E+01,7.449737E+02,2.824838E+03,2.546874E-02,3.501222E-01,0.000000E+00,0.000000E+00,0.000000E+00,0.000000E+00,0.000000E+00,0.000000E+00,0.000000E+00,0.000000E+00,2.110421E+01,5.471239E+01,2.389778E+01,5.118195E+01,2.680150E+02,1.469523E+03,9.162686E-03,1.821341E-01,0.000000E+00,0.000000E+00,0.000000E+00,0.000000E+00,0.000000E+00,0.000000E+00,0.000000E+00,0.000000E+00,2.110402E+01,6.140682E+01,2.389794E+01,5.072175E+01,0.000000E+00,4.875906E+03,0.000000E+00,6.043669E-01,0.000000E+00,0.000000E+00,0.000000E+00,0.000000E+00,0.000000E+00,0.000000E+00,0.000000E+00,0.000000E+00,2.389831E+01,6.151658E+01,2.389743E+01,5.138474E+01
21:00:00,8.867162E+02,2.834592E+03,3.031464E-02,3.513292E-01,0.000000E+00,0.000000E+00,0.000000E+00,0.000000E+00,0.000000E+00,0.000000E+00,0.000000E+00,0.000000E+00,2.110429E+01,5.075558E+01,2.389782E+01,5.116650E+01,2.680150E+02,1.250910E+03,9.162686E-03,1.550421E-01,0.000000E+00,0.000000E+00,0.000000E+00,0.000000E+00,0.000000E+00,0.000000E+00,0.000000E+00,0.000000E+00,2.110402E+01,6.140682E+01,2.389783E+01,5.125744E+01,7.449737E+02,2.770194E+03,2.546874E-02,3.433497E-01,0.000000E+00,0.000000E+00,0.000000E+00,0.000000E+00,0.000000E+00,0.000000E+00,0.000000E+00,0.000000E+00,2.110421E+01,5.471239E+01,2.389777E+01,5.125140E+01,2.680150E+02,1.402595E+03,9.162686E-03,1.738399E-01,0.000000E+00,0.000000E+00,0.000000E+00,0.000000E+00,0.000000E+00,0.000000E+00,0.000000E+00,0.000000E+00,2.110402E+01,6.140682E+01,2.389792E+01,5.086545E+01,0.000000E+00,4.818968E+03,0.000000E+00,5.973097E-01,0.000000E+00,0.000000E+00,0.000000E+00,0.000000E+00,0.000000E+00,0.000000E+00,0.000000E+00,0.000000E+00,2.389831E+01,6.151658E+01,2.389743E+01,5.142914E+01
21:15:00,8.867162E+02,2.768547E+03,3.031464E-02,3.431438E-01,0.000000E+00,0.000000E+00,0.000000E+00,0.000000E+00,0.000000E+00,0.000000E+00,0.000000E+00,0.000000E+00,2.110429E+01,5.075558E+01,2.389781E+01,5.125009E+01,2.680150E+02,1.228169E+03,9.162686E-03,1.522236E-01,0.000000E+00,0.000000E+00,0.000000E+00,0.000000E+00,0.000000E+00,0.000000E+00,0.000000E+00,0.000000E+00,2.110402E+01,6.140682E+01,2.389782E+01,5.132391E+01,7.449737E+02,2.719354E+03,2.546874E-02,3.370486E-01,0.000000E+00,0.000000E+00,0.000000E+00,0.000000E+00,0.000000E+00,0.000000E+00,0.000000E+00,0.000000E+00,2.110421E+01,5.471239E+01,2.389777E+01,5.131841E+01,2.680150E+02,1.347117E+03,9.162686E-03,1.669643E-01,0.000000E+00,0.000000E+00,0.000000E+00,0.000000E+00,0.000000E+00,0.000000E+00,0.000000E+00,0.000000E+00,2.110402E+01,6.140682E+01,2.389790E+01,5.099625E+01,0.000000E+00,4.765985E+03,0.000000E+00,5.907428E-01,0.000000E+00,0.000000E+00,0.000000E+00,0.000000E+00,0.000000E+00,0.000000E+00,0.000000E+00,0.000000E+00,2.389831E+01,6.151658E+01,2.389743E+01,5.147139E+01
21:30:00,8.867162E+02,2.708536E+03,3.031464E-02,3.357061E-01,0.000000E+00,0.000000E+00,0.000000E+00,0.000000E+00,0.000000E+00,0.000000E+00,0.000000E+00,0.000000E+00,2.110429E+01,5.075558E+01,2.389780E+01,5.132945E+01,2.680150E+02,1.206842E+03,9.162686E-03,1.495804E-01,0.000000E+00,0.000000E+00,0.000000E+00,0.000000E+00,0.000000E+00,0.000000E+00,0.000000E+00,0.000000E+00,2.110402E+01,6.140682E+01,2.389782E+01,5.138840E+01,7.449737E+02,2.671614E+03,2.546874E-02,3.311316E-01,0.000000E+00,0.000000E+00,0.000000E+00,0.000000E+00,0.000000E+00,0.000000E+00,0.000000E+00,0.000000E+00,2.110421E+01,5.471239E+01,2.389777E+01,5.138351E+01,2.680150E+02,1.300425E+03,9.162686E-03,1.611776E-01,0.000000E+00,0.000000E+00,0.000000E+00,0.000000E+00,0.000000E+00,0.000000E+00,0.000000E+00,0.000000E+00,2.110402E+01,6.140682E+01,2.389788E+01,5.111499E+01,0.000000E+00,4.716338E+03,0.000000E+00,5.845893E-01,0.000000E+00,0.000000E+00,0.000000E+00,0.000000E+00,0.000000E+00,0.000000E+00,0.000000E+00,0.000000E+00,2.389831E+01,6.151658E+01,2.389742E+01,5.151187E+01
21:45:00,8.867162E+02,2.653415E+03,3.031464E-02,3.288745E-01,0.000000E+00,0.000000E+00,0.000000E+00,0.000000E+00,0.000000E+00,0.000000E+00,0.000000E+00,0.000000E+00,2.110429E+01,5.075558E+01,2.389780E+01,5.140542E+01,2.680150E+02,1.186699E+03,9.162686E-03,1.470838E-01,0.000000E+00,0.000000E+00,0.000000E+00,0.000000E+00,0.000000E+00,0.000000E+00,0.000000E+00,0.000000E+00,2.110402E+01,6.140682E+01,2.389782E+01,5.145133E+01,7.449737E+02,2.626451E+03,2.546874E-02,3.255341E-01,0.000000E+00,0.000000E+00,0.000000E+00,0.000000E+00,0.000000E+00,0.000000E+00,0.000000E+00,0.000000E+00,2.110421E+01,5.471239E+01,2.389777E+01,5.144715E+01,2.680150E+02,1.260547E+03,9.162686E-03,1.562354E-01,0.000000E+00,0.000000E+00,0.000000E+00,0.000000E+00,0.000000E+00,0.000000E+00,0.000000E+00,0.000000E+00,2.110402E+01,6.140682E+01,2.389787E+01,5.122347E+01,0.000000E+00,4.669549E+03,0.000000E+00,5.787900E-01,0.000000E+00,0.000000E+00,0.000000E+00,0.000000E+00,0.000000E+00,0.000000E+00,0.000000E+00,0.000000E+00,2.389831E+01,6.151658E+01,2.389742E+01,5.155082E+01
22:00:00,8.867162E+02,2.602360E+03,3.031464E-02,3.225467E-01,0.000000E+00,0.000000E+00,0.000000E+00,0.000000E+00,0.000000E+00,0.000000E+00,0.000000E+00,0.000000E+00,2.110429E+01,5.075558E+01,2.389780E+01,5.147869E+01,2.680150E+02,1.167586E+03,9.162686E-03,1.447149E-01,0.000000E+00,0.000000E+00,0.000000E+00,0.000000E+00,0.000000E+00,0.000000E+00,0.000000E+00,0.000000E+00,2.110402E+01,6.140682E+01,2.389782E+01,5.151307E+01,7.449737E+02,2.583525E+03,2.546874E-02,3.202137E-01,0.000000E+00,0.000000E+00,0.000000E+00,0.000000E+00,0.000000E+00,0.000000E+00,0.000000E+00,0.000000E+00,2.110421E+01,5.471239E+01,2.389776E+01,5.150971E+01,2.680150E+02,1.226026E+03,9.162686E-03,1.519570E-01,0.000000E+00,0.000000E+00,0.000000E+00,0.000000E+00,0.000000E+00,0.000000E+00,0.000000E+00,0.000000E+00,2.110402E+01,6.140682E+01,2.389786E+01,5.132343E+01,0.000000E+00,4.625415E+03,0.000000E+00,5.733197E-01,0.000000E+00,0.000000E+00,0.000000E+00,0.000000E+00,0.000000E+00,0.000000E+00,0.000000E+00,0.000000E+00,2.389831E+01,6.151658E+01,2.389742E+01,5.158841E+01
22:15:00,8.867162E+02,2.555280E+03,3.031464E-02,3.167117E-01,0.000000E+00,0.000000E+00,0.000000E+00,0.000000E+00,0.000000E+00,0.000000E+00,0.000000E+00,0.000000E+00,2.110429E+01,5.075558E+01,2.389779E+01,5.154966E+01,2.680150E+02,1.149572E+03,9.162686E-03,1.424823E-01,0.000000E+00,0.000000E+00,0.000000E+00,0.000000E+00,0.000000E+00,0.000000E+00,0.000000E+00,0.000000E+00,2.110402E+01,6.140682E+01,2.389782E+01,5.157376E+01,7.449737E+02,2.543091E+03,2.546874E-02,3.152023E-01,0.000000E+00,0.000000E+00,0.000000E+00,0.000000E+00,0.000000E+00,0.000000E+00,0.000000E+00,0.000000E+00,2.110421E+01,5.471239E+01,2.389776E+01,5.157133E+01,2.680150E+02,1.195940E+03,9.162686E-03,1.482283E-01,0.000000E+00,0.000000E+00,0.000000E+00,0.000000E+00,0.000000E+00,0.000000E+00,0.000000E+00,0.000000E+00,2.110402E+01,6.140682E+01,2.389785E+01,5.141615E+01,0.000000E+00,4.583646E+03,0.000000E+00,5.681426E-01,0.000000E+00,0.000000E+00,0.000000E+00,0.000000E+00,0.000000E+00,0.000000E+00,0.000000E+00,0.000000E+00,2.389831E+01,6.151658E+01,2.389742E+01,5.162459E+01
22:30:00,8.867162E+02,2.511693E+03,3.031464E-02,3.113094E-01,0.000000E+00,0.000000E+00,0.000000E+00,0.000000E+00,0.000000E+00,0.000000E+00,0.000000E+00,0.000000E+00,2.110429E+01,5.075558E+01,2.389779E+01,5.161738E+01,2.680150E+02,1.132571E+03,9.162686E-03,1.403750E-01,0.000000E+00,0.000000E+00,0.000000E+00,0.000000E+00,0.000000E+00,0.000000E+00,0.000000E+00,0.000000E+00,2.110402E+01,6.140682E+01,2.389781E+01,5.163249E+01,7.449737E+02,2.504964E+03,2.546874E-02,3.104767E-01,0.000000E+00,0.000000E+00,0.000000E+00,0.000000E+00,0.000000E+00,0.000000E+00,0.000000E+00,0.000000E+00,2.110421E+01,5.471239E+01,2.389776E+01,5.163090E+01,2.680150E+02,1.169452E+03,9.162686E-03,1.449454E-01,0.000000E+00,0.000000E+00,0.000000E+00,0.000000E+00,0.000000E+00,0.000000E+00,0.000000E+00,0.000000E+00,2.110402E+01,6.140682E+01,2.389784E+01,5.150167E+01,0.000000E+00,4.544019E+03,0.000000E+00,5.632310E-01,0.000000E+00,0.000000E+00,0.000000E+00,0.000000E+00,0.000000E+00,0.000000E+00,0.000000E+00,0.000000E+00,2.389831E+01,6.151658E+01,2.389742E+01,5.165945E+01
22:45:00,8.867162E+02,2.471198E+03,3.031464E-02,3.062905E-01,0.000000E+00,0.000000E+00,0.000000E+00,0.000000E+00,0.000000E+00,0.000000E+00,0.000000E+00,0.000000E+00,2.110429E+01,5.075558E+01,2.389779E+01,5.168198E+01,2.680150E+02,1.116507E+03,9.162686E-03,1.383840E-01,0.000000E+00,0.000000E+00,0.000000E+00,0.000000E+00,0.000000E+00,0.000000E+00,0.000000E+00,0.000000E+00,2.110402E+01,6.140682E+01,2.389781E+01,5.168927E+01,7.449737E+02,2.468978E+03,2.546874E-02,3.060166E-01,0.000000E+00,0.000000E+00,0.000000E+00,0.000000E+00,0.000000E+00,0.000000E+00,0.000000E+00,0.000000E+00,2.110421E+01,5.471239E+01,2.389776E+01,5.168839E+01,2.680150E+02,1.145911E+03,9.162686E-03,1.420279E-01,0.000000E+00,0.000000E+00,0.000000E+00,0.000000E+00,0.000000E+00,0.000000E+00,0.000000E+00,0.000000E+00,2.110402E+01,6.140682E+01,2.389784E+01,5.158079E+01,0.000000E+00,4.506359E+03,0.000000E+00,5.585632E-01,0.000000E+00,0.000000E+00,0.000000E+00,0.000000E+00,0.000000E+00,0.000000E+00,0.000000E+00,0.000000E+00,2.389831E+01,6.151658E+01,2.389742E+01,5.169315E+01
23:00:00,8.867162E+02,2.433415E+03,3.031464E-02,3.016076E-01,0.000000E+00,0.000000E+00,0.000000E+00,0.000000E+00,0.000000E+00,0.000000E+00,0.000000E+00,0.000000E+00,2.110429E+01,5.075558E+01,2.389778E+01,5.174430E+01,2.680150E+02,1.101296E+03,9.162686E-03,1.364988E-01,0.000000E+00,0.000000E+00,0.000000E+00,0.000000E+00,0.000000E+00,0.000000E+00,0.000000E+00,0.000000E+00,2.110402E+01,6.140682E+01,2.389781E+01,5.174466E+01,7.449737E+02,2.434942E+03,2.546874E-02,3.017981E-01,0.000000E+00,0.000000E+00,0.000000E+00,0.000000E+00,0.000000E+00,0.000000E+00,0.000000E+00,0.000000E+00,2.110421E+01,5.471239E+01,2.389776E+01,5.174444E+01,2.680150E+02,1.124791E+03,9.162686E-03,1.394103E-01,0.000000E+00,0.000000E+00,0.000000E+00,0.000000E+00,0.000000E+00,0.000000E+00,0.000000E+00,0.000000E+00,2.110402E+01,6.140682E+01,2.389783E+01,5.165476E+01,0.000000E+00,4.470358E+03,0.000000E+00,5.541010E-01,0.000000E+00,0.000000E+00,0.000000E+00,0.000000E+00,0.000000E+00,0.000000E+00,0.000000E+00,0.000000E+00,2.389831E+01,6.151658E+01,2.389741E+01,5.172586E+01
23:15:00,8.867162E+02,2.397481E+03,3.031464E-02,2.971540E-01,0.000000E+00,0.000000E+00,0.000000E+00,0.000000E+00,0.000000E+00,0.000000E+00,0.000000E+00,0.000000E+00,2.110429E+01,5.075558E+01,2.389778E+01,5.180514E+01,2.680150E+02,1.086680E+03,9.162686E-03,1.346872E-01,0.000000E+00,0.000000E+00,0.000000E+00,0.000000E+00,0.000000E+00,0.000000E+00,0.000000E+00,0.000000E+00,2.110402E+01,6.140682E+01,2.389781E+01,5.179918E+01,7.449737E+02,2.402177E+03,2.546874E-02,2.977371E-01,0.000000E+00,0.000000E+00,0.000000E+00,0.000000E+00,0.000000E+00,0.000000E+00,0.000000E+00,0.000000E+00,2.110421E+01,5.471239E+01,2.389776E+01,5.179966E+01,2.680150E+02,1.105493E+03,9.162686E-03,1.370186E-01,0.000000E+00,0.000000E+00,0.000000E+00,0.000000E+00,0.000000E+00,0.000000E+00,0.000000E+00,0.000000E+00,2.110402E+01,6.140682E+01,2.389783E+01,5.172467E+01,0.000000E+00,4.435902E+03,0.000000E+00,5.498303E-01,0.000000E+00,0.000000E+00,0.000000E+00,0.000000E+00,0.000000E+00,0.000000E+00,0.000000E+00,0.000000E+00,2.389831E+01,6.151658E+01,2.389741E+01,5.175766E+01
23:30:00,8.867162E+02,2.363129E+03,3.031464E-02,2.928963E-01,0.000000E+00,0.000000E+00,0.000000E+00,0.000000E+00,0.000000E+00,0.000000E+00,0.000000E+00,0.000000E+00,2.110429E+01,5.075558E+01,2.389778E+01,5.186495E+01,2.680150E+02,1.072594E+03,9.162686E-03,1.329414E-01,0.000000E+00,0.000000E+00,0.000000E+00,0.000000E+00,0.000000E+00,0.000000E+00,0.000000E+00,0.000000E+00,2.110402E+01,6.140682E+01,2.389781E+01,5.185310E+01,7.449737E+02,2.370534E+03,2.546874E-02,2.938150E-01,0.000000E+00,0.000000E+00,0.000000E+00,0.000000E+00,0.000000E+00,0.000000E+00,0.000000E+00,0.000000E+00,2.110421E+01,5.471239E+01,2.389775E+01,5.185440E+01,2.680150E+02,1.087689E+03,9.162686E-03,1.348120E-01,0.000000E+00,0.000000E+00,0.000000E+00,0.000000E+00,0.000000E+00,0.000000E+00,0.000000E+00,0.000000E+00,2.110402E+01,6.140682E+01,2.389782E+01,5.179133E+01,0.000000E+00,4.402887E+03,0.000000E+00,5.457382E-01,0.000000E+00,0.000000E+00,0.000000E+00,0.000000E+00,0.000000E+00,0.000000E+00,0.000000E+00,0.000000E+00,2.389831E+01,6.151658E+01,2.389741E+01,5.178861E+01
23:45:00,8.867162E+02,2.330158E+03,3.031464E-02,2.888097E-01,0.000000E+00,0.000000E+00,0.000000E+00,0.000000E+00,0.000000E+00,0.000000E+00,0.000000E+00,0.000000E+00,2.110429E+01,5.075558E+01,2.389778E+01,5.192397E+01,2.680150E+02,1.058987E+03,9.162686E-03,1.312550E-01,0.000000E+00,0.000000E+00,0.000000E+00,0.000000E+00,0.000000E+00,0.000000E+00,0.000000E+00,0.000000E+00,2.110402E+01,6.140682E+01,2.389781E+01,5.190654E+01,7.449737E+02,2.339904E+03,2.546874E-02,2.900187E-01,0.000000E+00,0.000000E+00,0.000000E+00,0.000000E+00,0.000000E+00,0.000000E+00,0.000000E+00,0.000000E+00,2.110421E+01,5.471239E+01,2.389775E+01,5.190877E+01,2.680150E+02,1.071124E+03,9.162686E-03,1.327590E-01,0.000000E+00,0.000000E+00,0.000000E+00,0.000000E+00,0.000000E+00,0.000000E+00,0.000000E+00,0.000000E+00,2.110402E+01,6.140682E+01,2.389782E+01,5.185530E+01,0.000000E+00,4.371218E+03,0.000000E+00,5.418128E-01,0.000000E+00,0.000000E+00,0.000000E+00,0.000000E+00,0.000000E+00,0.000000E+00,0.000000E+00,0.000000E+00,2.389831E+01,6.151658E+01,2.389741E+01,5.181874E+01
24:00:00,8.867162E+02,2.298399E+03,3.031464E-02,2.848735E-01,0.000000E+00,0.000000E+00,0.000000E+00,0.000000E+00,0.000000E+00,0.000000E+00,0.000000E+00,0.000000E+00,2.110429E+01,5.075558E+01,2.389778E+01,5.198235E+01,2.680150E+02,1.045817E+03,9.162686E-03,1.296225E-01,0.000000E+00,0.000000E+00,0.000000E+00,0.000000E+00,0.000000E+00,0.000000E+00,0.000000E+00,0.000000E+00,2.110402E+01,6.140682E+01,2.389781E+01,5.195955E+01,7.449737E+02,2.310193E+03,2.546874E-02,2.863362E-01,0.000000E+00,0.000000E+00,0.000000E+00,0.000000E+00,0.000000E+00,0.000000E+00,0.000000E+00,0.000000E+00,2.110421E+01,5.471239E+01,2.389775E+01,5.196284E+01,2.680150E+02,1.055594E+03,9.162686E-03,1.308342E-01,0.000000E+00,0.000000E+00,0.000000E+00,0.000000E+00,0.000000E+00,0.000000E+00,0.000000E+00,0.000000E+00,2.110402E+01,6.140682E+01,2.389782E+01,5.191701E+01,0.000000E+00,4.340806E+03,0.000000E+00,5.380433E-01,0.000000E+00,0.000000E+00,0.000000E+00,0.000000E+00,0.000000E+00,0.000000E+00,0.000000E+00,0.000000E+00,2.389831E+01,6.151658E+01,2.389741E+01,5.184809E+01
Peak,8.867162E+02,8.191434E+03,3.031464E-02,1.015297E+00,0.000000E+00,0.000000E+00,0.000000E+00,0.000000E+00,0.000000E+00,0.000000E+00,0.000000E+00,0.000000E+00,,,,,2.680150E+02,4.161708E+03,9.162686E-03,5.158274E-01,0.000000E+00,0.000000E+00,0.000000E+00,0.000000E+00,0.000000E+00,0.000000E+00,0.000000E+00,0.000000E+00,,,,,7.449737E+02,6.645852E+03,2.546874E-02,8.237449E-01,0.000000E+00,0.000000E+00,0.000000E+00,0.000000E+00,0.000000E+00,0.000000E+00,0.000000E+00,0.000000E+00,,,,,2.680150E+02,4.778820E+03,9.162686E-03,5.923153E-01,0.000000E+00,0.000000E+00,0.000000E+00,0.000000E+00,0.000000E+00,0.000000E+00,0.000000E+00,0.000000E+00,,,,,0.000000E+00,5.690385E+03,0.000000E+00,7.053289E-01,0.000000E+00,0.000000E+00,0.000000E+00,0.000000E+00,0.000000E+00,0.000000E+00,0.000000E+00,0.000000E+00,,,,

Peak Vol Flow (m3/s),,,2.578028E-02,8.634324E-01,,,0.000000E+00,0.000000E+00,,,,,,,,,,,7.792164E-03,4.386717E-01,,,0.000000E+00,0.000000E+00,,,,,,,,,,,2.165922E-02,7.005321E-01,,,0.000000E+00,0.000000E+00,,,,,,,,,,,7.792164E-03,5.037189E-01,,,0.000000E+00,0.000000E+00,,,,,,,,,,,0.000000E+00,5.998283E-01,,,0.000000E+00,0.000000E+00,,,,,,,,
