DayOfYear,Hour,Minute,Out_Temp_C,Out_RH_pct,Outdoor_Air_Temp_C,Outdoor_Air_RH_pct,Outdoor_Air_Flow_kg_s,Outdoor_Air_CO2_ppm,Relief_Air_Temp_C,Relief_Air_RH_pct,Relief_Air_Flow_kg_s,Relief_Air_CO2_ppm,Mixer_Inlet_Temp_C,Mixer_Inlet_RH_pct,Mixer_Inlet_Flow_kg_s,Mixer_Inlet_CO2_ppm,Mixed_Air_Temp_C,Mixed_Air_RH_pct,Mixed_Air_Flow_kg_s,Mixed_Air_CO2_ppm,CC_Out_Temp_C,CC_Out_RH_pct,CC_Out_Flow_kg_s,CC_Out_CO2_ppm,HC_Out_Temp_C,HC_Out_RH_pct,HC_Out_Flow_kg_s,HC_Out_CO2_ppm,Fan_Out_Temp_C,Fan_Out_RH_pct,Fan_Out_Flow_kg_s,Fan_Out_CO2_ppm,SPACE1-1_Temp_C,SPACE1-1_RH_pct,SPACE1-1_VAV_Flow_kg_s,SPACE1-1_Reheater_W,SPACE1-1_CO2_ppm,SPACE1-1_Occupants,SPACE1-1_EquipLoad_W,SPACE2-1_Temp_C,SPACE2-1_RH_pct,SPACE2-1_VAV_Flow_kg_s,SPACE2-1_Reheater_W,SPACE2-1_CO2_ppm,SPACE2-1_Occupants,SPACE2-1_EquipLoad_W,SPACE3-1_Temp_C,SPACE3-1_RH_pct,SPACE3-1_VAV_Flow_kg_s,SPACE3-1_Reheater_W,SPACE3-1_CO2_ppm,SPACE3-1_Occupants,SPACE3-1_EquipLoad_W,SPACE4-1_Temp_C,SPACE4-1_RH_pct,SPACE4-1_VAV_Flow_kg_s,SPACE4-1_Reheater_W,SPACE4-1_CO2_ppm,SPACE4-1_Occupants,SPACE4-1_EquipLoad_W,SPACE5-1_Temp_C,SPACE5-1_RH_pct,SPACE5-1_VAV_Flow_kg_s,SPACE5-1_Reheater_W,SPACE5-1_CO2_ppm,SPACE5-1_Occupants,SPACE5-1_EquipLoad_W,CC_Power_W,HC_Power_W,Fan_Power_W
182,0,18,17.15,89.25,17.15,89.25,0.7,420.0,24.75,53.58,0.7,423.4,24.75,53.58,0.7,423.4,17.15,89.25,0.7,420.0,13.0,100.0,0.7,420.0,13.58,100.0,0.7,420.0,14.42,97.48,0.7,420.0,23.11,58.72,0.18,0.0,423.36,11.0,1056.0,22.98,59.19,0.1,0.0,423.08,5.0,456.0,23.55,57.07,0.12,0.0,423.92,11.0,1056.0,22.53,60.94,0.14,0.0,422.49,5.0,456.0,24.28,54.19,0.16,0.0,423.61,20.0,1976.0,983.18,518.06,602.6
182,0,33,17.1,88.5,17.1,88.5,0.7,462.89,24.04,55.39,0.7,436.79,24.04,55.39,0.7,436.79,17.1,88.5,0.7,462.89,13.0,100.0,0.7,462.89,13.58,100.0,0.7,462.89,14.42,96.46,0.7,462.89,22.29,61.49,0.18,0.0,440.05,0.0,468.72,22.09,61.82,0.1,0.0,443.24,0.0,200.89,22.94,59.41,0.12,0.0,435.84,0.0,574.22,21.32,64.3,0.14,103.44,447.85,0.0,0.0,23.44,58.81,0.16,0.0,432.53,0.0,199.21,971.34,518.06,602.6
182,0,50,17.05,87.75,17.05,87.75,0.7,462.69,23.76,56.05,0.7,438.97,23.76,56.05,0.7,438.97,17.05,87.75,0.7,462.69,13.0,100.0,0.7,462.69,13.58,100.0,0.7,462.69,14.42,95.44,0.7,462.69,21.68,62.8,0.18,0.0,443.74,0.0,458.88,21.49,63.08,0.1,0.0,447.08,0.0,196.69,22.43,60.55,0.12,0.0,439.0,0.0,574.21,21.36,62.26,0.14,0.0,451.58,0.0,0.0,22.7,60.34,0.16,0.0,435.2,0.0,205.08,959.54,518.06,602.6
182,1,1,17.0,87.0,17.0,87.0,0.7,462.31,23.55,55.72,0.7,447.01,23.55,55.72,0.7,447.01,17.0,87.0,0.7,462.31,13.0,100.0,0.7,462.31,13.58,99.72,0.7,462.31,14.42,94.42,0.7,462.31,21.28,63.4,0.18,0.0,449.02,0.0,468.72,21.15,63.23,0.1,82.6,452.32,0.0,200.88,22.05,61.19,0.12,0.0,443.79,0.0,562.5,24.01,50.4,0.14,0.0,456.28,0.0,2400.0,22.21,61.39,0.16,0.0,439.38,0.0,205.08,947.76,518.06,602.6
182,1,18,16.93,87.0,16.93,87.0,0.7,464.27,23.08,56.94,0.7,449.72,23.08,56.94,0.7,449.72,16.92,87.0,0.7,464.27,13.0,100.0,0.7,464.27,13.58,99.4,0.7,464.27,14.42,94.12,0.7,464.27,21.11,63.16,0.18,353.16,452.54,0.0,459.0,21.1,62.76,0.1,281.95,455.79,0.0,196.69,21.74,61.78,0.12,0.0,447.08,0.0,574.22,21.85,62.32,0.14,204.7,459.42,0.0,0.0,21.82,62.27,0.16,0.0,442.32,0.0,199.22,931.57,518.06,602.6
182,1,35,16.85,87.0,16.85,87.0,0.7,462.7,22.77,57.72,0.7,450.53,22.77,57.72,0.7,450.53,16.85,87.0,0.7,462.7,13.0,100.0,0.7,462.7,13.58,99.08,0.7,462.7,14.42,93.81,0.7,462.7,21.1,62.74,0.18,645.54,453.94,0.0,439.44,21.1,62.37,0.1,413.74,456.82,0.0,188.33,21.47,62.38,0.12,0.0,448.74,0.0,562.5,21.13,61.99,0.14,462.92,459.8,0.0,0.0,21.49,63.01,0.16,0.0,443.99,0.0,199.22,915.34,518.06,602.6
182,1,45,16.77,87.0,16.77,87.0,0.7,462.89,22.73,57.58,0.7,452.36,22.73,57.58,0.7,452.36,16.77,87.0,0.7,462.89,13.0,100.0,0.7,462.89,13.58,98.75,0.7,462.89,14.42,93.5,0.7,462.89,21.1,62.44,0.18,818.24,455.3,0.0,439.44,21.1,62.1,0.1,501.83,457.84,0.0,188.34,21.22,62.69,0.12,0.0,450.43,0.0,574.21,21.1,61.78,0.14,825.2,460.31,0.0,0.0,21.2,63.4,0.16,0.0,445.76,0.0,199.22,899.05,518.06,602.6
182,2,0,16.7,87.0,16.7,87.0,0.7,462.7,22.54,57.96,0.7,453.65,22.54,57.96,0.7,453.65,16.7,87.0,0.7,462.7,13.0,100.0,0.7,462.7,13.58,98.43,0.7,462.7,14.42,93.2,0.7,462.7,21.1,61.95,0.18,977.97,458.39,0.0,439.44,21.1,61.69,0.1,572.23,460.25,0.0,188.33,21.11,62.53,0.12,209.68,454.21,0.0,562.5,21.1,61.47,0.14,102.5,461.75,0.0,0.0,21.11,63.18,0.16,452.26,449.73,0.0,199.21,882.71,518.06,602.6
182,2,15,16.62,87.0,16.62,87.0,0.7,463.31,22.5,57.67,0.7,456.63,22.5,57.67,0.7,456.63,16.63,87.0,0.7,463.31,13.0,100.0,0.7,463.31,13.58,98.11,0.7,463.31,14.42,92.89,0.7,463.31,21.1,61.57,0.18,1078.49,460.62,0.0,439.44,21.1,61.37,0.1,622.8,461.86,0.0,188.33,21.1,62.09,0.12,394.1,457.25,0.0,562.5,21.1,61.22,0.14,843.04,462.68,0.0,0.0,21.1,62.69,0.16,628.45,453.18,0.0,199.21,866.32,518.06,602.6
182,2,30,16.55,87.0,16.55,87.0,0.7,464.29,22.28,58.05,0.7,458.93,22.28,58.05,0.7,458.93,16.55,87.0,0.7,464.29,13.0,100.0,0.7,464.29,13.58,97.79,0.7,464.29,14.42,92.59,0.7,464.29,21.1,61.27,0.18,1124.68,462.16,0.0,478.56,21.1,61.12,0.1,647.09,462.99,0.0,205.08,21.1,61.71,0.12,483.38,459.55,0.0,574.22,21.1,61.0,0.14,1034.9,463.48,0.0,0.0,21.1,62.26,0.16,685.1,455.98,0.0,199.21,849.88,518.06,602.6
182,2,48,16.47,87.0,16.47,87.0,0.7,463.12,22.01,58.24,0.7,460.99,22.01,58.24,0.7,460.99,16.47,87.0,0.7,463.12,13.0,100.0,0.7,463.12,13.58,97.47,0.7,463.12,14.42,92.29,0.7,463.12,21.1,61.0,0.18,1198.66,462.44,0.0,478.44,21.1,60.87,0.1,681.52,462.99,0.0,205.06,21.1,61.37,0.12,572.24,460.41,0.0,585.94,22.4,54.8,0.14,0.0,463.22,0.0,2400.0,21.1,61.87,0.16,808.91,457.32,0.0,199.21,833.38,518.06,602.6
182,3,3,16.4,87.0,16.4,87.0,0.7,463.29,21.89,58.31,0.7,461.65,21.89,58.31,0.7,461.65,16.4,87.0,0.7,463.29,13.0,100.0,0.7,463.29,13.58,97.15,0.7,463.29,14.42,91.99,0.7,463.29,21.1,60.76,0.18,1234.51,462.81,0.0,478.44,21.1,60.64,0.1,703.32,463.14,0.0,205.08,21.1,61.08,0.12,623.48,461.36,0.0,585.94,21.29,60.54,0.14,635.45,463.26,0.0,0.0,21.1,61.53,0.16,878.57,458.82,0.0,199.21,816.83,518.06,602.6
182,3,15,16.32,87.75,16.32,87.75,0.7,463.89,21.88,58.28,0.7,461.79,21.88,58.28,0.7,461.79,16.32,87.75,0.7,463.89,13.0,100.0,0.7,463.89,13.58,97.67,0.7,463.89,14.42,92.47,0.7,463.89,21.1,60.74,0.18,1275.04,463.17,0.0,478.56,21.1,60.66,0.1,721.4,463.39,0.0,205.08,21.1,61.0,0.12,679.04,462.05,0.0,574.22,21.1,60.6,0.14,1354.99,463.48,0.0,0.0,21.1,61.4,0.16,944.3,459.87,0.0,199.21,800.14,518.06,602.6
182,3,30,16.25,88.5,16.25,88.5,0.7,463.51,21.78,58.51,0.7,462.32,21.78,58.51,0.7,462.32,16.25,88.5,0.7,463.51,13.0,100.0,0.7,463.51,13.58,98.18,0.7,463.51,14.42,92.96,0.7,463.51,21.1,60.81,0.18,1332.28,463.43,0.0,449.28,21.1,60.78,0.1,746.94,463.55,0.0,192.52,21.1,60.98,0.12,739.56,462.69,0.0,550.78,21.1,60.79,0.14,1189.83,463.59,0.0,0.0,21.1,61.29,0.16,1079.52,460.98,0.0,199.21,783.62,518.06,602.6
182,3,48,16.18,89.25,16.18,89.25,0.7,463.91,21.61,59.09,0.7,462.99,21.61,59.09,0.7,462.99,16.18,89.25,0.7,463.91,13.0,100.0,0.7,463.91,13.58,98.69,0.7,463.91,14.42,93.44,0.7,463.91,21.1,61.07,0.18,1352.94,463.61,0.0,459.0,21.1,61.1,0.1,756.34,463.71,0.0,196.72,21.1,61.12,0.12,773.62,462.99,0.0,550.79,22.4,54.9,0.14,0.0,463.78,0.0,2400.0,21.1,61.33,0.16,1134.45,461.53,0.0,205.08,767.03,518.06,602.6
182,4,3,16.1,90.0,16.1,90.0,0.7,464.89,21.53,59.57,0.7,463.57,21.53,59.57,0.7,463.57,16.1,90.0,0.7,464.89,13.0,100.0,0.7,464.89,13.58,99.19,0.7,464.89,14.42,93.92,0.7,464.89,21.1,61.36,0.18,1379.28,464.14,0.0,459.0,21.1,61.42,0.1,769.09,464.3,0.0,196.69,21.1,61.33,0.12,797.77,463.59,0.0,550.78,21.29,61.5,0.14,709.73,464.46,0.0,0.0,21.1,61.45,0.16,1159.0,462.35,0.0,205.08,750.37,518.06,602.6
182,4,15,16.1,90.0,16.1,90.0,0.7,462.9,21.51,59.71,0.7,463.72,21.51,59.71,0.7,463.72,16.1,90.0,0.7,462.9,13.0,100.0,0.7,462.9,13.58,99.2,0.7,462.9,14.42,93.92,0.7,462.9,21.1,61.5,0.18,1400.15,463.87,0.0,449.28,21.1,61.56,0.1,779.75,463.91,0.0,192.53,21.1,61.45,0.12,814.65,463.53,0.0,550.79,21.1,61.62,0.14,1417.49,463.92,0.0,0.0,21.1,61.52,0.16,1188.74,462.56,0.0,199.21,750.27,518.06,602.6
182,4,33,16.1,90.0,16.1,90.0,0.7,463.09,21.42,60.31,0.7,463.32,21.42,60.31,0.7,463.32,16.1,90.0,0.7,463.09,13.0,100.0,0.7,463.09,13.58,99.2,0.7,463.09,14.42,93.92,0.7,463.09,21.1,61.61,0.18,1407.21,463.55,0.0,429.72,21.1,61.65,0.1,780.93,463.51,0.0,184.16,21.1,61.56,0.12,781.01,463.39,0.0,550.79,22.57,54.66,0.14,0.0,463.41,0.0,2520.0,21.1,61.61,0.16,1202.05,462.64,0.0,205.07,750.16,518.06,602.6
182,4,48,16.1,90.0,16.1,90.0,0.7,462.7,21.34,60.7,0.7,463.15,21.34,60.7,0.7,463.15,16.1,90.0,0.7,462.7,13.0,100.0,0.7,462.7,13.58,99.2,0.7,462.7,14.42,93.92,0.7,462.7,21.1,61.65,0.18,1375.31,463.3,0.0,439.44,21.1,61.68,0.1,766.27,463.21,0.0,188.34,21.1,61.61,0.12,746.55,463.23,0.0,562.5,21.28,61.69,0.14,635.71,463.07,0.0,0.0,21.1,61.64,0.16,1216.39,462.61,0.0,199.21,750.06,518.06,602.6
182,5,0,16.1,90.0,16.1,90.0,0.7,462.49,21.31,60.85,0.7,463.07,21.31,60.85,0.7,463.07,16.1,90.0,0.7,462.49,13.0,100.0,0.7,462.49,13.58,99.2,0.7,462.49,14.42,93.93,0.7,462.49,21.1,61.67,0.18,1355.4,463.14,0.0,429.72,21.1,61.69,0.1,758.35,463.04,0.0,184.14,21.1,61.64,0.12,717.8,463.12,0.0,562.5,21.1,61.69,0.14,1402.46,462.9,0.0,0.0,21.1,61.67,0.16,1216.91,462.59,0.0,205.08,749.95,518.06,602.6
182,5,18,16.1,90.75,16.1,90.75,0.7,462.9,21.25,61.11,0.7,462.94,21.25,61.11,0.7,462.94,16.1,90.75,0.7,462.9,13.0,100.0,0.7,462.9,13.58,100.0,0.7,462.9,14.42,94.71,0.7,462.9,21.1,61.89,0.18,1328.84,463.07,0.0,429.72,21.1,61.94,0.1,746.99,463.0,0.0,184.14,21.1,61.81,0.12,706.86,463.08,0.0,550.79,22.35,56.13,0.14,0.0,462.92,0.0,2400.0,21.1,61.8,0.16,1234.05,462.66,0.0,199.22,750.3,518.06,602.6
182,5,33,16.1,91.5,16.1,91.5,0.7,464.66,21.2,61.51,0.7,463.44,21.2,61.51,0.7,463.44,16.1,91.5,0.7,464.66,13.0,100.0,0.7,464.66,13.58,100.0,0.7,464.66,14.42,95.49,0.7,464.66,21.1,62.24,0.18,1268.49,463.7,0.0,458.88,21.1,62.33,0.1,715.92,463.8,0.0,196.7,21.1,62.1,0.12,666.8,463.54,0.0,562.5,21.27,62.43,0.14,672.65,463.98,0.0,0.0,21.1,62.03,0.16,1239.54,463.11,0.0,199.22,750.65,518.06,602.6
182,5,45,16.1,92.25,16.1,92.25,0.7,462.7,21.18,61.63,0.7,463.61,21.18,61.63,0.7,463.61,16.1,92.25,0.7,462.7,13.0,100.0,0.7,462.7,13.58,100.0,0.7,462.7,14.42,96.28,0.7,462.7,21.1,62.52,0.18,1140.82,463.43,0.0,468.72,21.1,62.63,0.1,646.16,463.46,0.0,200.89,21.1,62.33,0.12,491.32,463.35,0.0,574.22,21.1,62.76,0.14,1292.15,463.51,0.0,0.0,21.1,62.21,0.16,1250.52,463.05,0.0,199.22,751.24,518.06,602.6
182,6,3,16.1,93.0,16.1,93.0,0.7,462.1,21.19,62.18,0.7,462.91,21.19,62.18,0.7,462.91,16.1,93.0,0.7,462.1,13.0,100.0,0.7,462.1,13.58,100.0,0.7,462.1,14.42,97.06,0.7,462.1,21.1,63.06,0.18,1029.51,462.87,0.0,459.0,21.1,63.21,0.1,570.27,462.78,0.0,196.7,21.1,62.8,0.12,323.83,462.97,0.0,562.5,22.46,57.0,0.14,0.0,462.63,0.0,2400.0,21.1,62.6,0.16,1248.17,462.82,0.0,199.22,751.61,518.06,602.6
182,6,18,16.1,93.0,16.1,93.0,0.7,463.12,21.16,62.55,0.7,463.08,21.16,62.55,0.7,463.08,16.1,93.0,0.7,463.12,13.0,100.0,0.7,463.12,13.58,100.0,0.7,463.12,14.42,97.06,0.7,463.12,21.1,63.27,0.18,896.69,463.13,0.0,459.0,21.1,63.4,0.1,484.08,463.11,0.0,196.72,21.1,63.01,0.12,141.74,463.15,0.0,562.5,21.28,63.54,0.14,501.44,463.09,0.0,0.0,21.1,62.8,0.16,1230.59,462.97,0.0,199.22,751.5,518.06,602.6
182,6,30,16.1,93.0,16.1,93.0,0.7,462.49,21.15,62.72,0.7,463.09,21.15,62.72,0.7,463.09,16.1,93.0,0.7,462.49,13.0,100.0,0.7,462.49,13.58,100.0,0.7,462.49,14.42,97.06,0.7,462.49,21.1,63.38,0.18,762.33,463.04,0.0,449.16,21.1,63.5,0.1,396.56,463.0,0.0,192.52,21.11,63.12,0.12,0.0,463.08,0.0,539.06,21.1,63.61,0.14,1144.91,462.96,0.0,0.0,21.1,62.93,0.16,1415.15,462.94,0.0,0.0,751.39,518.06,602.6
182,6,45,16.1,93.0,16.1,93.0,0.7,462.29,21.14,62.9,0.7,463.0,21.14,62.9,0.7,463.0,16.1,93.0,0.7,462.29,13.0,100.0,0.7,462.29,13.58,100.0,0.7,462.29,14.42,97.06,0.7,462.29,21.1,63.57,0.18,652.43,462.8,0.0,459.0,21.1,63.65,0.1,332.23,462.74,0.0,196.72,21.16,63.13,0.12,0.0,462.89,0.0,539.06,21.1,63.71,0.14,887.48,462.66,0.0,0.0,21.1,63.18,0.16,1400.18,462.83,0.0,0.0,751.28,518.06,602.6
182,7,0,16.1,93.0,16.1,93.0,0.7,462.7,21.13,63.14,0.7,462.79,21.13,63.14,0.7,462.79,16.1,93.0,0.7,462.7,13.0,100.0,0.7,462.7,13.58,100.0,0.7,462.7,14.42,97.06,0.7,462.7,21.1,63.69,0.18,545.25,462.68,0.0,459.0,21.1,63.74,0.1,271.57,462.62,0.0,196.72,21.25,62.96,0.12,0.0,462.77,0.0,539.06,21.1,63.75,0.14,905.89,462.57,0.0,0.0,21.1,63.38,0.16,1383.08,462.76,0.0,0.0,751.18,518.06,602.6
182,7,15,16.25,93.0,16.25,93.0,0.7,461.71,21.15,63.25,0.7,462.68,21.15,63.25,0.7,462.68,16.25,93.0,0.7,461.71,13.0,100.0,0.7,461.71,13.58,100.0,0.7,461.71,14.42,97.7,0.7,461.71,21.1,63.85,0.18,446.73,462.41,0.0,449.16,21.1,63.89,0.1,216.81,462.34,0.0,192.52,21.36,62.73,0.12,0.0,462.55,0.0,539.06,21.1,63.91,0.14,890.75,462.25,0.0,0.0,21.1,63.58,0.16,1356.7,462.59,0.0,0.0,785.01,518.06,602.6
182,7,30,16.4,93.0,16.4,93.0,0.7,463.68,21.17,63.29,0.7,462.43,21.17,63.29,0.7,462.43,16.4,93.0,0.7,463.68,13.0,100.0,0.7,463.68,13.58,100.0,0.7,463.68,14.42,98.33,0.7,463.68,21.1,64.11,0.18,193.82,462.62,0.0,449.28,21.1,64.16,0.1,98.04,462.75,1.0,192.53,21.5,62.44,0.12,0.0,462.65,0.0,574.21,21.1,64.22,0.14,855.39,462.66,0.0,0.0,21.1,63.82,0.16,1122.35,462.66,0.0,199.22,818.66,518.06,602.6
182,7,45,16.55,93.0,16.55,93.0,0.7,464.9,21.23,63.2,0.7,462.66,21.23,63.2,0.7,462.66,16.55,93.0,0.7,464.9,13.0,100.0,0.7,464.9,13.58,100.0,0.7,464.9,14.42,98.98,0.7,464.9,21.1,64.45,0.18,18.55,463.37,1.0,459.0,21.1,64.53,0.1,10.18,463.6,0.0,196.72,21.65,62.17,0.12,0.0,463.15,0.0,574.21,21.1,64.62,0.14,808.51,463.69,0.0,0.0,21.1,64.11,0.16,1098.92,463.03,0.0,199.22,852.12,518.06,602.6
182,8,0,16.7,93.0,16.7,93.0,0.7,464.3,21.29,63.19,0.7,463.35,21.29,63.19,0.7,463.35,16.7,93.0,0.7,464.3,13.0,100.0,0.7,464.3,13.58,100.0,0.7,464.3,14.42,99.62,0.7,464.3,21.16,64.59,0.18,0.0,463.93,0.0,458.88,21.17,64.66,0.1,0.0,464.14,0.0,196.69,21.8,61.93,0.12,0.0,463.6,0.0,574.21,21.1,65.05,0.14,756.04,464.28,0.0,0.0,21.1,64.44,0.16,1053.96,463.4,0.0,205.08,885.41,518.06,602.6
182,8,15,16.82,92.25,16.82,92.25,0.7,465.28,21.35,63.25,0.7,463.85,21.35,63.25,0.7,463.85,16.83,92.25,0.7,465.28,13.0,100.0,0.7,465.28,13.58,100.0,0.7,465.28,14.42,99.36,0.7,465.28,21.27,64.4,0.18,0.0,464.43,0.0,459.0,21.29,64.42,0.1,0.0,464.61,0.0,196.72,21.96,61.57,0.12,0.0,464.13,1.0,574.22,21.1,65.25,0.14,699.5,464.76,0.0,0.0,21.1,64.71,0.16,1010.82,463.8,0.0,205.08,912.62,518.06,602.6
182,8,35,16.95,91.5,16.95,91.5,0.7,464.5,21.67,62.65,0.7,464.31,21.67,62.65,0.7,464.31,16.95,91.5,0.7,464.5,13.0,100.0,0.7,464.5,13.58,100.0,0.7,464.5,14.42,99.08,0.7,464.5,22.0,60.73,0.18,0.0,464.5,1.0,1123.08,21.96,61.02,0.1,0.0,464.52,0.0,481.32,22.15,60.75,0.12,0.0,464.27,1.0,621.1,21.1,65.17,0.14,639.01,464.58,0.0,0.0,21.1,64.86,0.16,871.4,463.9,0.0,199.22,939.68,518.06,602.6
182,8,50,17.07,90.75,17.07,90.75,0.7,464.1,21.89,61.96,0.7,464.3,21.89,61.96,0.7,464.3,17.07,90.75,0.7,464.1,13.0,100.0,0.7,464.1,13.58,100.0,0.7,464.1,14.42,98.81,0.7,464.1,22.64,58.77,0.18,0.0,464.45,1.0,1123.08,22.54,59.2,0.1,0.0,464.32,0.0,481.31,22.36,60.0,0.12,0.0,464.35,1.0,632.82,21.1,65.0,0.14,573.74,464.29,0.0,0.0,21.1,64.91,0.16,766.1,463.96,0.0,199.21,966.57,518.06,602.6
182,9,7,17.2,90.0,17.2,90.0,0.7,466.5,22.04,61.43,0.7,464.63,22.04,61.43,0.7,464.63,17.2,90.0,0.7,466.5,13.0,100.0,0.7,466.5,13.58,100.0,0.7,466.5,14.42,98.52,0.7,466.5,23.07,57.29,0.18,0.0,465.4,3.0,1123.08,22.93,57.77,0.1,0.0,465.26,0.0,481.32,22.55,59.3,0.12,0.0,464.94,1.0,632.82,21.1,64.85,0.14,507.85,465.48,0.0,0.0,21.1,64.9,0.16,650.8,464.41,0.0,199.21,993.31,518.06,602.6
182,9,17,17.35,89.25,17.35,89.25,0.7,467.29,22.39,59.96,0.7,466.09,22.39,59.96,0.7,466.09,17.35,89.25,0.7,467.29,13.0,100.0,0.7,467.29,13.58,100.0,0.7,467.29,14.42,98.34,0.7,467.29,23.42,55.96,0.18,0.0,467.25,12.0,1122.96,23.26,56.5,0.1,0.0,466.16,0.0,481.3,22.72,58.56,0.12,0.0,465.74,2.0,621.1,23.13,55.34,0.14,0.0,466.69,1.0,2400.0,21.1,64.84,0.16,528.56,465.2,4.0,199.21,1025.42,518.06,602.6
182,9,33,17.5,88.5,17.5,88.5,0.7,470.29,22.67,58.91,0.7,467.63,22.67,58.91,0.7,467.63,17.5,88.5,0.7,470.29,13.0,100.0,0.7,470.29,13.58,100.0,0.7,470.29,14.42,98.14,0.7,470.29,24.19,52.83,0.18,0.0,470.11,23.0,1787.16,23.97,53.64,0.1,0.0,467.89,0.0,765.91,22.97,57.49,0.12,0.0,467.25,5.0,738.28,21.61,64.54,0.14,315.08,469.55,5.0,0.0,21.14,64.57,0.16,0.0,466.18,4.0,609.38,1057.33,518.06,602.6
182,9,50,17.65,87.75,17.65,87.75,0.7,468.29,22.88,58.08,0.7,467.78,22.88,58.08,0.7,467.78,17.65,87.75,0.7,468.29,13.0,100.0,0.7,468.29,13.58,100.0,0.7,468.29,14.42,97.94,0.7,468.29,24.82,51.04,0.18,0.0,470.47,24.0,1787.16,24.53,51.96,0.1,0.0,467.5,0.0,765.91,23.22,56.6,0.12,0.0,467.32,5.0,750.0,21.14,64.42,0.14,62.59,468.86,4.0,0.0,21.22,64.12,0.16,0.0,466.32,5.0,609.37,1089.04,518.06,602.6
182,10,7,17.8,87.0,17.8,87.0,0.7,471.51,23.06,57.4,0.7,468.38,23.06,57.4,0.7,468.38,17.8,87.0,0.7,471.51,13.0,100.0,0.7,471.51,13.58,100.0,0.7,471.51,14.42,97.74,0.7,471.51,25.3,49.68,0.18,0.0,471.93,24.0,1787.04,24.97,50.64,0.1,0.0,469.2,2.0,765.89,23.43,55.84,0.12,0.0,468.22,4.0,738.29,21.1,64.3,0.14,77.68,470.8,6.0,0.0,21.32,63.62,0.16,0.0,466.96,2.0,609.37,1120.54,518.06,602.6
182,10,22,17.93,87.0,17.93,87.0,0.7,472.69,23.32,56.4,0.7,470.78,23.32,56.4,0.7,470.78,17.92,87.0,0.7,472.69,13.0,100.0,0.7,472.69,13.58,100.0,0.7,472.69,14.42,98.27,0.7,472.69,25.72,48.57,0.18,0.0,474.82,24.0,1787.16,25.35,49.62,0.1,0.0,471.48,2.0,765.89,23.65,55.13,0.12,0.0,470.29,6.0,738.28,21.1,64.39,0.14,60.63,473.37,7.0,0.0,21.45,63.12,0.16,0.0,468.46,2.0,609.37,1146.97,518.06,602.6
182,10,35,18.05,87.0,18.05,87.0,0.7,473.07,23.84,54.62,0.7,471.99,23.84,54.62,0.7,471.99,18.05,87.0,0.7,473.07,13.0,100.0,0.7,473.07,13.58,100.0,0.7,473.07,14.42,98.8,0.7,473.07,26.02,47.83,0.18,0.0,475.68,24.0,1669.92,25.63,48.98,0.1,0.0,472.17,2.0,715.68,23.86,54.45,0.12,0.0,471.08,6.0,738.29,21.95,60.39,0.14,0.0,474.07,7.0,0.0,21.62,62.39,0.16,0.0,469.12,3.0,609.37,1173.3,518.06,602.6
182,10,46,18.18,87.0,18.18,87.0,0.7,476.69,24.18,53.66,0.7,474.21,24.18,53.66,0.7,474.21,18.17,87.0,0.7,476.69,13.0,100.0,0.7,476.69,13.58,100.0,0.7,476.69,14.42,99.33,0.7,476.69,26.29,47.24,0.18,0.0,476.9,12.0,1669.92,25.87,48.52,0.1,0.0,474.65,2.0,715.68,24.07,53.92,0.12,0.0,472.96,5.0,750.0,24.31,51.62,0.14,0.0,476.88,7.0,2400.0,21.81,61.82,0.16,0.0,470.64,2.0,609.37,1199.54,518.06,602.6
182,11,2,18.3,87.0,18.3,87.0,0.7,480.64,24.5,52.77,0.7,476.25,24.5,52.77,0.7,476.25,18.3,87.0,0.7,480.64,13.0,100.0,0.7,480.64,13.58,100.0,0.7,480.64,14.42,99.86,0.7,480.64,26.55,46.74,0.18,0.0,478.67,7.0,1669.92,26.08,48.17,0.1,0.0,477.24,1.0,715.68,24.26,53.51,0.12,0.0,474.94,4.0,750.0,25.51,49.07,0.14,0.0,480.44,9.0,2400.0,21.98,61.33,0.16,0.0,472.33,2.0,609.37,1225.68,518.06,602.6
182,11,20,18.3,87.0,18.3,87.0,0.7,474.69,24.81,51.89,0.7,475.12,24.81,51.89,0.7,475.12,18.3,87.0,0.7,474.69,13.0,100.0,0.7,474.69,13.58,100.0,0.7,474.69,14.42,99.86,0.7,474.69,26.8,46.16,0.18,0.0,476.94,7.0,1669.92,26.26,47.74,0.1,0.0,475.41,2.0,715.68,24.44,53.04,0.12,0.0,474.0,3.0,750.0,26.35,47.15,0.14,0.0,477.52,8.0,2520.0,22.16,60.81,0.16,0.0,471.84,2.0,609.38,1225.68,518.06,602.6
182,11,31,18.3,87.0,18.3,87.0,0.7,475.49,24.98,51.55,0.7,475.51,24.98,51.55,0.7,475.51,18.3,87.0,0.7,475.49,13.0,100.0,0.7,475.49,13.58,100.0,0.7,475.49,14.42,99.86,0.7,475.49,27.0,45.72,0.18,0.0,477.12,7.0,1640.52,26.4,47.48,0.1,0.0,475.87,2.0,703.12,24.6,52.65,0.12,0.0,474.83,5.0,750.0,23.86,58.25,0.14,0.0,477.49,6.0,0.0,22.28,60.48,0.16,0.0,472.48,1.0,603.52,1225.68,518.06,602.6
182,11,52,18.3,87.0,18.3,87.0,0.7,477.49,25.26,50.71,0.7,475.79,25.26,50.71,0.7,475.79,18.3,87.0,0.7,477.49,13.0,100.0,0.7,477.49,13.58,100.0,0.7,477.49,14.42,99.86,0.7,477.49,27.22,45.21,0.18,0.0,477.93,8.0,1650.36,26.54,47.14,0.1,0.0,476.79,2.0,707.3,24.76,52.26,0.12,0.0,475.6,6.0,750.0,23.74,55.49,0.14,0.0,479.03,9.0,0.0,22.41,60.13,0.16,0.0,473.07,2.0,603.52,1225.68,518.06,602.6
182,12,7,18.3,87.0,18.3,87.0,0.7,475.09,25.55,49.95,0.7,476.71,25.55,49.95,0.7,476.71,18.3,87.0,0.7,475.09,13.0,100.0,0.7,475.09,13.58,100.0,0.7,475.09,14.42,99.86,0.7,475.09,27.43,44.74,0.18,0.0,477.97,10.0,1640.64,26.66,46.88,0.1,0.0,476.7,2.0,703.12,24.92,51.87,0.12,0.0,476.49,7.0,750.0,24.24,53.97,0.14,0.0,478.21,6.0,0.0,22.55,59.79,0.16,0.0,473.96,3.0,609.38,1225.68,518.06,602.6
182,12,22,18.45,86.25,18.45,86.25,0.7,469.68,25.73,49.49,0.7,476.02,25.73,49.49,0.7,476.02,18.45,86.25,0.7,469.68,13.0,100.0,0.7,469.68,13.58,100.0,0.7,469.68,14.42,99.64,0.7,469.68,27.64,44.18,0.18,0.0,477.47,30.0,1640.64,26.77,46.55,0.1,0.0,474.19,3.0,703.12,25.07,51.42,0.12,0.0,475.33,5.0,750.0,23.71,56.48,0.14,0.0,475.14,10.0,0.0,22.67,59.4,0.16,0.0,473.29,0.0,609.37,1256.41,518.06,602.6
182,12,37,18.6,85.5,18.6,85.5,0.7,474.89,25.87,49.11,0.7,475.24,25.87,49.11,0.7,475.24,18.6,85.5,0.7,474.89,13.0,100.0,0.7,474.89,13.58,100.0,0.7,474.89,14.42,99.42,0.7,474.89,27.92,43.39,0.18,0.0,478.98,31.0,1787.04,26.94,45.99,0.1,0.0,474.65,4.0,765.91,25.24,50.89,0.12,0.0,475.51,8.0,785.16,23.19,57.79,0.14,0.0,475.33,5.0,0.0,22.71,59.34,0.16,0.0,473.29,0.0,404.29,1286.95,518.06,602.6
182,12,45,18.75,84.75,18.75,84.75,0.7,478.49,25.92,48.95,0.7,475.74,25.92,48.95,0.7,475.74,18.75,84.75,0.7,478.49,13.0,100.0,0.7,478.49,13.58,100.0,0.7,478.49,14.42,99.18,0.7,478.49,28.13,42.95,0.18,0.0,480.82,31.0,1787.04,27.06,45.69,0.1,0.0,476.11,4.0,765.91,25.36,50.57,0.12,0.0,476.28,7.0,785.15,22.9,58.5,0.14,0.0,477.02,6.0,0.0,22.75,59.18,0.16,0.0,473.82,0.0,404.3,1317.3,518.06,602.6
182,13,0,18.9,84.0,18.9,84.0,0.7,479.29,26.07,48.51,0.7,477.01,26.07,48.51,0.7,477.01,18.9,84.0,0.7,479.29,13.0,100.0,0.7,479.29,13.58,100.0,0.7,479.29,14.42,98.94,0.7,479.29,28.25,42.55,0.18,0.0,483.24,31.0,1787.04,27.12,45.41,0.1,0.0,478.42,4.0,765.89,25.44,50.27,0.12,0.0,477.75,6.0,785.16,22.73,58.94,0.14,0.0,479.4,6.0,0.0,22.8,58.94,0.16,0.0,474.94,0.0,404.3,1347.46,518.06,602.6
182,13,16,18.62,85.5,18.62,85.5,0.7,477.47,27.81,43.71,0.7,479.3,27.81,43.71,0.7,479.3,18.63,85.5,0.7,477.47,13.0,100.0,0.7,477.47,13.58,100.0,0.7,477.47,14.42,99.52,0.7,477.47,28.33,42.36,0.18,0.0,483.87,31.0,1787.16,27.16,45.36,0.1,0.0,478.78,4.0,765.91,25.48,50.14,0.12,0.0,478.09,4.0,785.16,41.37,16.01,0.14,0.0,479.25,6.0,14640.0,22.86,58.65,0.16,0.0,475.53,0.0,404.29,1292.69,518.06,602.6
182,13,31,18.35,87.0,18.35,87.0,0.7,477.69,27.36,44.92,0.7,479.71,27.36,44.92,0.7,479.71,18.35,87.0,0.7,477.69,13.0,100.0,0.7,477.69,13.58,100.0,0.7,477.69,14.42,100.0,0.7,477.69,28.24,42.82,0.18,0.0,484.18,31.0,1542.96,27.03,45.98,0.1,0.0,479.47,6.0,661.26,25.51,50.16,0.12,0.0,478.29,4.0,703.13,33.61,35.53,0.14,0.0,479.81,8.0,0.0,23.06,57.85,0.16,0.0,475.96,2.0,609.37,1237.23,518.06,602.6
182,13,46,18.08,88.5,18.08,88.5,0.7,478.7,27.3,45.18,0.7,479.57,27.3,45.18,0.7,479.57,18.08,88.5,0.7,478.7,13.0,100.0,0.7,478.7,13.58,100.0,0.7,478.7,14.42,100.0,0.7,478.7,28.18,43.08,0.18,0.0,481.57,0.0,1542.96,26.94,46.37,0.1,0.0,480.69,8.0,661.27,25.56,50.12,0.12,0.0,478.65,3.0,714.84,29.03,43.8,0.14,0.0,480.6,8.0,0.0,23.23,57.39,0.16,0.0,476.43,1.0,609.38,1181.05,518.06,602.6
182,14,0,17.8,90.0,17.8,90.0,0.7,480.09,27.3,45.19,0.7,479.58,27.3,45.19,0.7,479.58,17.8,90.0,0.7,480.09,13.0,100.0,0.7,480.09,13.58,100.0,0.7,480.09,14.42,100.0,0.7,480.09,28.14,43.22,0.18,0.0,481.93,11.0,1542.96,26.87,46.6,0.1,0.0,481.26,7.0,661.28,25.59,50.15,0.12,0.0,479.22,6.0,714.84,28.94,41.38,0.14,0.0,481.15,7.0,2400.0,23.38,57.2,0.16,0.0,476.82,1.0,609.37,1124.14,518.06,602.6
182,14,20,17.8,90.0,17.8,90.0,0.7,478.68,27.52,44.78,0.7,480.44,27.52,44.78,0.7,480.44,17.8,90.0,0.7,478.68,13.0,100.0,0.7,478.68,13.58,100.0,0.7,478.68,14.42,100.0,0.7,478.68,28.13,43.43,0.18,0.0,483.47,30.0,1542.96,26.82,46.95,0.1,0.0,481.55,8.0,661.27,25.6,50.3,0.12,0.0,479.48,5.0,714.85,29.38,40.14,0.14,0.0,481.6,11.0,2520.0,23.46,57.02,0.16,0.0,477.24,2.0,609.37,1124.14,518.06,602.6
182,14,31,17.8,90.0,17.8,90.0,0.7,480.89,27.63,44.68,0.7,482.13,27.63,44.68,0.7,482.13,17.8,90.0,0.7,480.89,13.0,100.0,0.7,480.89,13.58,100.0,0.7,480.89,14.42,100.0,0.7,480.89,29.37,39.59,0.18,0.0,485.91,38.0,3818.4,27.91,43.32,0.1,0.0,482.89,8.0,1636.44,25.61,50.36,0.12,0.0,480.39,5.0,726.56,26.46,50.84,0.14,0.0,483.62,13.0,0.0,23.4,57.51,0.16,0.0,478.14,3.0,410.16,1124.14,518.06,602.6
182,14,47,17.8,90.0,17.8,90.0,0.7,483.29,27.7,44.54,0.7,483.48,27.7,44.54,0.7,483.48,17.8,90.0,0.7,483.29,13.0,100.0,0.7,483.29,13.58,100.0,0.7,483.29,14.42,100.0,0.7,483.29,30.01,38.59,0.18,0.0,487.79,38.0,3808.56,28.43,42.45,0.1,0.0,484.93,10.0,1632.26,25.53,50.75,0.12,0.0,481.38,4.0,726.56,25.13,52.89,0.14,0.0,485.37,12.0,0.0,23.35,57.71,0.16,0.0,479.11,3.0,410.16,1124.14,518.06,602.6
182,15,2,17.8,90.0,17.8,90.0,0.7,482.99,27.86,44.21,0.7,484.96,27.86,44.21,0.7,484.96,17.8,90.0,0.7,482.99,13.0,100.0,0.7,482.99,13.58,100.0,0.7,482.99,14.42,100.0,0.7,482.99,30.31,38.37,0.18,0.0,489.66,38.0,3818.4,28.73,42.01,0.1,0.0,486.18,10.0,1636.44,25.35,51.42,0.12,0.0,482.84,8.0,714.84,26.88,45.48,0.14,0.0,486.03,11.0,2520.0,23.32,57.87,0.16,0.0,480.3,3.0,410.16,1124.14,518.06,602.6
182,15,18,17.38,91.75,17.38,91.75,0.7,486.49,27.95,44.01,0.7,486.04,27.95,44.01,0.7,486.04,17.37,91.75,0.7,486.49,13.0,100.0,0.7,486.49,13.58,100.0,0.7,486.49,14.42,100.0,0.7,486.49,30.32,38.48,0.18,0.0,490.86,32.0,3808.56,28.78,42.0,0.1,0.0,487.89,9.0,1632.26,25.12,52.26,0.12,0.0,484.24,8.0,726.55,27.51,44.89,0.14,0.0,487.86,9.0,2400.0,23.31,57.95,0.16,0.0,481.43,4.0,410.15,1034.12,518.06,602.6
182,15,35,16.95,93.5,16.95,93.5,0.7,489.28,27.97,43.98,0.7,487.37,27.97,43.98,0.7,487.37,16.95,93.5,0.7,489.28,13.0,100.0,0.7,489.28,13.58,100.0,0.7,489.28,14.42,100.0,0.7,489.28,29.63,40.68,0.18,0.0,493.11,38.0,2890.68,28.28,43.69,0.1,0.0,489.96,10.0,1238.84,24.85,53.21,0.12,0.0,485.31,4.0,761.72,27.61,45.0,0.14,0.0,490.26,11.0,2400.0,23.4,57.57,0.16,0.0,482.81,7.0,609.37,942.46,518.06,602.6
182,15,46,16.53,95.25,16.53,95.25,0.7,489.88,27.75,44.61,0.7,489.72,27.75,44.61,0.7,489.72,16.53,95.25,0.7,489.88,13.0,100.0,0.7,489.88,13.58,100.0,0.7,489.88,14.42,100.0,0.7,489.88,29.16,41.46,0.18,0.0,494.85,38.0,2890.56,27.95,44.35,0.1,0.0,491.54,10.0,1238.84,24.6,53.99,0.12,0.0,486.86,6.0,761.72,24.7,56.6,0.14,0.0,491.71,11.0,0.0,23.45,57.47,0.16,0.0,484.26,7.0,609.37,849.1,518.06,602.6
182,16,7,16.1,97.0,16.1,97.0,0.7,491.88,27.68,44.78,0.7,489.41,27.68,44.78,0.7,489.41,16.1,97.0,0.7,491.88,13.0,100.0,0.7,491.88,13.58,100.0,0.7,491.88,14.42,100.0,0.7,491.88,28.82,42.13,0.18,0.0,495.78,38.0,2890.68,27.7,44.92,0.1,0.0,492.19,8.0,1238.84,24.37,54.7,0.12,0.0,487.64,6.0,761.72,25.7,49.13,0.14,0.0,493.15,13.0,2400.0,23.47,57.51,0.16,0.0,484.94,7.0,603.52,753.98,518.06,602.6
182,16,17,15.98,97.75,15.98,97.75,0.7,492.71,27.38,45.63,0.7,491.89,27.38,45.63,0.7,491.89,15.97,97.75,0.7,492.71,13.0,100.0,0.7,492.71,13.58,100.0,0.7,492.71,14.42,100.0,0.7,492.71,28.57,42.78,0.18,0.0,496.45,25.0,2890.56,27.51,45.46,0.1,0.0,493.83,8.0,1238.84,24.16,55.46,0.12,0.0,489.37,6.0,761.72,23.6,59.75,0.14,0.0,494.45,10.0,0.0,23.44,57.69,0.16,0.0,486.53,5.0,609.38,725.75,518.06,602.6
182,16,33,15.85,98.5,15.85,98.5,0.7,493.48,27.18,46.19,0.7,492.99,27.18,46.19,0.7,492.99,15.85,98.5,0.7,493.48,13.0,100.0,0.7,493.48,13.58,100.0,0.7,493.48,14.42,100.0,0.7,493.48,28.64,42.41,0.18,0.0,498.33,36.0,3388.68,27.59,45.11,0.1,0.0,494.62,7.0,1452.29,23.94,56.31,0.12,0.0,490.24,4.0,714.84,22.62,61.52,0.14,0.0,495.39,10.0,0.0,23.3,58.44,0.16,0.0,487.65,6.0,404.3,697.34,518.06,602.6
182,16,46,15.72,99.25,15.72,99.25,0.7,492.08,27.5,45.41,0.7,493.56,27.5,45.41,0.7,493.56,15.72,99.25,0.7,492.08,13.0,100.0,0.7,492.08,13.58,100.0,0.7,492.08,14.42,100.0,0.7,492.08,28.64,42.56,0.18,0.0,498.63,36.0,3378.96,27.58,45.3,0.1,0.0,495.12,10.0,1448.1,23.74,57.02,0.12,0.0,490.65,4.0,726.56,25.44,49.18,0.14,0.0,494.94,10.0,2400.0,23.16,58.97,0.16,0.0,488.39,7.0,398.44,668.53,518.06,602.6
182,17,3,15.6,100.0,15.6,100.0,0.7,493.08,27.11,46.51,0.7,494.24,27.11,46.51,0.7,494.24,15.6,100.0,0.7,493.08,13.0,100.0,0.7,493.08,13.58,100.0,0.7,493.08,14.42,100.0,0.7,493.08,28.6,42.78,0.18,0.0,499.44,36.0,3388.68,27.53,45.54,0.1,0.0,495.93,10.0,1452.29,23.56,57.71,0.12,0.0,491.48,5.0,714.84,23.35,61.36,0.14,0.0,495.84,11.0,0.0,23.05,59.39,0.16,0.0,489.17,6.0,404.3,639.79,518.06,602.6
182,17,18,15.72,100.0,15.72,100.0,0.7,488.51,26.97,46.95,0.7,493.28,26.97,46.95,0.7,493.28,15.73,100.0,0.7,488.51,13.0,100.0,0.7,488.51,13.58,100.0,0.7,488.51,14.42,100.0,0.7,488.51,28.53,43.12,0.18,0.0,497.97,36.0,3378.84,27.46,45.92,0.1,0.0,494.01,10.0,1448.09,23.4,58.41,0.12,0.0,490.61,5.0,714.84,24.91,51.63,0.14,0.0,493.4,12.0,2520.0,22.96,59.83,0.16,0.0,488.74,6.0,404.3,669.02,518.06,602.6
182,17,35,15.85,100.0,15.85,100.0,0.7,488.09,27.1,46.68,0.7,492.95,27.1,46.68,0.7,492.95,15.85,100.0,0.7,488.09,13.0,100.0,0.7,488.09,13.58,100.0,0.7,488.09,14.42,100.0,0.7,488.09,27.77,45.96,0.18,0.0,497.08,30.0,2246.04,26.85,48.28,0.1,0.0,493.54,10.0,962.6,23.25,59.09,0.12,0.0,490.46,5.0,714.85,23.71,59.49,0.14,0.0,492.83,12.0,0.0,23.05,59.41,0.16,0.0,488.74,5.0,808.6,697.89,518.06,602.6
182,17,47,15.98,100.0,15.98,100.0,0.7,487.69,27.03,47.13,0.7,491.64,27.03,47.13,0.7,491.64,15.98,100.0,0.7,487.69,13.0,100.0,0.7,487.69,13.58,100.0,0.7,487.69,14.42,100.0,0.7,487.69,27.3,46.97,0.18,0.0,494.11,8.0,2246.04,26.44,49.42,0.1,0.0,492.7,9.0,962.6,23.11,59.84,0.12,0.0,490.21,5.0,714.84,26.03,48.61,0.14,0.0,491.51,9.0,2400.0,23.11,59.46,0.16,0.0,488.62,3.0,808.6,726.62,518.06,602.6
182,18,2,16.1,100.0,16.1,100.0,0.7,481.69,26.97,47.45,0.7,488.9,26.97,47.45,0.7,488.9,16.1,100.0,0.7,481.69,13.0,100.0,0.7,481.69,13.58,100.0,0.7,481.69,14.42,100.0,0.7,481.69,27.0,47.91,0.18,0.0,490.01,3.0,2246.04,26.16,50.39,0.1,0.0,489.3,9.0,962.6,22.97,60.58,0.12,0.0,488.23,5.0,714.85,27.27,46.2,0.14,0.0,487.12,8.0,2400.0,23.13,59.63,0.16,0.0,487.19,3.0,808.6,755.22,518.06,602.6
182,18,18,16.1,100.0,16.1,100.0,0.7,479.5,26.79,48.1,0.7,487.09,26.79,48.1,0.7,487.09,16.1,100.0,0.7,479.5,13.0,100.0,0.7,479.5,13.58,100.0,0.7,479.5,14.42,100.0,0.7,479.5,26.75,48.68,0.18,0.0,487.91,8.0,2246.04,25.92,51.2,0.1,0.0,486.55,6.0,962.62,22.82,61.27,0.12,0.0,486.4,1.0,714.84,25.54,53.87,0.14,0.0,484.75,8.0,0.0,23.13,59.8,0.16,0.0,486.27,5.0,814.45,755.22,518.06,602.6
182,18,30,16.1,100.0,16.1,100.0,0.7,478.69,26.78,48.2,0.7,486.45,26.78,48.2,0.7,486.45,16.1,100.0,0.7,478.69,13.0,100.0,0.7,478.69,13.58,100.0,0.7,478.69,14.42,100.0,0.7,478.69,26.91,48.1,0.18,0.0,487.01,12.0,2646.48,26.04,50.71,0.1,0.0,485.29,5.0,1134.2,22.66,61.81,0.12,0.0,485.44,1.0,691.4,25.84,51.39,0.14,0.0,484.06,10.0,2400.0,23.06,60.14,0.16,0.0,485.67,5.0,404.29,755.22,518.06,602.6
182,18,52,16.1,100.0,16.1,100.0,0.7,476.29,26.59,48.89,0.7,485.28,26.59,48.89,0.7,485.28,16.1,100.0,0.7,476.29,13.0,100.0,0.7,476.29,13.58,100.0,0.7,476.29,14.42,100.0,0.7,476.29,27.04,47.77,0.18,0.0,485.61,24.0,2656.2,26.13,50.46,0.1,0.0,483.99,12.0,1138.39,22.52,62.65,0.12,0.0,483.63,2.0,703.13,26.31,49.69,0.14,0.0,481.37,7.0,2400.0,23.0,60.6,0.16,0.0,484.25,3.0,398.44,755.22,518.06,602.6
182,19,1,16.1,100.0,16.1,100.0,0.7,475.69,26.37,49.69,0.7,482.53,26.37,49.69,0.7,482.53,16.1,100.0,0.7,475.69,13.0,100.0,0.7,475.69,13.58,100.0,0.7,475.69,14.42,100.0,0.7,475.69,27.07,47.78,0.18,0.0,484.64,29.0,2656.2,26.15,50.51,0.1,0.0,482.87,13.0,1138.39,22.37,63.38,0.12,0.0,481.76,1.0,691.4,23.54,62.42,0.14,0.0,478.91,4.0,0.0,22.95,60.91,0.16,0.0,482.83,3.0,404.29,755.22,518.06,602.6
182,19,17,16.1,100.0,16.1,100.0,0.7,476.09,26.14,50.42,0.7,482.13,26.14,50.42,0.7,482.13,16.1,100.0,0.7,476.09,13.0,100.0,0.7,476.09,13.58,100.0,0.7,476.09,14.42,100.0,0.7,476.09,27.04,47.94,0.18,0.0,484.44,30.0,2656.32,26.12,50.66,0.1,0.0,482.63,13.0,1138.38,22.2,64.07,0.12,0.0,481.0,1.0,691.4,22.23,65.04,0.14,0.0,478.69,5.0,0.0,22.9,61.18,0.16,0.0,482.13,2.0,404.29,755.22,518.06,602.6
182,19,35,16.1,100.0,16.1,100.0,0.7,474.09,26.04,50.75,0.7,481.47,26.04,50.75,0.7,481.47,16.1,100.0,0.7,474.09,13.0,100.0,0.7,474.09,13.58,100.0,0.7,474.09,14.42,100.0,0.7,474.09,27.21,47.3,0.18,0.0,483.43,30.0,3066.36,26.27,50.03,0.1,0.0,481.48,13.0,1314.17,22.02,64.89,0.12,0.0,479.8,0.0,691.4,21.37,68.21,0.14,0.0,477.25,5.0,0.0,22.9,61.12,0.16,0.0,481.22,2.0,609.38,755.22,518.06,602.6
182,19,45,16.1,100.0,16.1,100.0,0.7,473.09,26.0,50.87,0.7,480.79,26.0,50.87,0.7,480.79,16.1,100.0,0.7,473.09,13.0,100.0,0.7,473.09,13.58,100.0,0.7,473.09,14.42,100.0,0.7,473.09,27.32,47.17,0.18,0.0,482.67,30.0,3066.48,26.37,49.9,0.1,0.0,480.68,13.0,1314.19,21.85,65.37,0.12,0.0,478.81,0.0,703.13,21.11,68.47,0.14,366.53,476.48,6.0,0.0,22.9,61.22,0.16,0.0,480.33,1.0,609.37,755.22,518.06,602.6
182,20,2,16.1,100.0,16.1,100.0,0.7,471.69,25.89,51.29,0.7,478.33,25.89,51.29,0.7,478.33,16.1,100.0,0.7,471.69,13.0,100.0,0.7,471.69,13.58,100.0,0.7,471.69,14.42,100.0,0.7,471.69,27.33,47.17,0.18,0.0,480.99,30.0,3066.36,26.38,49.88,0.1,0.0,478.93,13.0,1314.17,21.72,66.08,0.12,0.0,476.66,0.0,691.42,23.13,58.64,0.14,0.0,474.65,6.0,2520.0,22.86,61.48,0.16,0.0,478.41,1.0,609.37,755.22,518.06,602.6
182,20,18,16.1,100.0,16.1,100.0,0.7,472.67,25.83,51.48,0.7,478.14,25.83,51.48,0.7,478.14,16.1,100.0,0.7,472.67,13.0,100.0,0.7,472.67,13.58,100.0,0.7,472.67,14.42,100.0,0.7,472.67,27.33,47.18,0.18,0.0,480.92,30.0,3066.36,26.38,49.88,0.1,0.0,478.97,13.0,1314.17,21.61,66.58,0.12,0.0,476.2,0.0,691.42,24.07,56.38,0.14,0.0,474.89,6.0,2400.0,22.82,61.67,0.16,0.0,477.91,1.0,609.38,755.1,518.06,602.6
182,20,37,16.1,100.0,16.1,100.0,0.7,472.29,25.78,51.66,0.7,478.24,25.78,51.66,0.7,478.24,16.1,100.0,0.7,472.29,13.0,100.0,0.7,472.29,13.58,100.0,0.7,472.29,14.42,100.0,0.7,472.29,27.15,47.84,0.18,0.0,480.73,30.0,2695.32,26.22,50.51,0.1,0.0,478.79,13.0,1155.13,21.47,67.14,0.12,0.0,475.9,0.0,621.1,24.54,55.35,0.14,0.0,474.86,7.0,2400.0,22.78,61.83,0.16,0.0,477.65,2.0,603.52,754.99,518.06,602.6
182,20,46,16.1,100.0,16.1,100.0,0.7,472.69,25.54,52.43,0.7,477.39,25.54,52.43,0.7,477.39,16.1,100.0,0.7,472.69,13.0,100.0,0.7,472.69,13.58,100.0,0.7,472.69,14.42,100.0,0.7,472.69,27.03,48.11,0.18,0.0,480.43,30.0,2695.32,26.11,50.77,0.1,0.0,478.38,12.0,1155.14,21.37,67.57,0.12,0.0,475.17,0.0,621.1,21.91,68.54,0.14,168.32,474.91,7.0,0.0,22.75,61.99,0.16,0.0,476.88,2.0,603.52,754.88,518.06,602.6
182,21,5,16.1,100.0,16.1,100.0,0.7,472.89,25.41,52.85,0.7,477.4,25.41,52.85,0.7,477.4,16.1,100.0,0.7,472.89,13.0,100.0,0.7,472.89,13.58,100.0,0.7,472.89,14.42,100.0,0.7,472.89,26.96,48.3,0.18,0.0,480.4,30.0,2695.32,26.04,50.95,0.1,0.0,478.37,12.0,1155.14,21.29,67.92,0.12,0.0,474.95,0.0,621.1,21.13,68.53,0.14,355.07,475.01,7.0,0.0,22.72,62.15,0.16,0.0,476.62,2.0,603.52,754.76,518.06,602.6
182,21,15,16.38,97.5,16.38,97.5,0.7,473.29,25.39,52.92,0.7,477.24,25.39,52.92,0.7,477.24,16.38,97.5,0.7,473.29,13.0,100.0,0.7,473.29,13.58,100.0,0.7,473.29,14.42,100.0,0.7,473.29,26.89,48.27,0.18,0.0,479.21,9.0,2695.2,25.98,50.88,0.1,0.0,477.17,2.0,1155.12,21.21,67.97,0.12,0.0,474.79,0.0,621.08,21.1,68.2,0.14,648.43,475.19,7.0,0.0,22.68,62.16,0.16,0.0,476.31,0.0,609.37,815.99,518.06,602.6
182,21,32,16.65,95.0,16.65,95.0,0.7,470.89,24.91,54.16,0.7,475.03,24.91,54.16,0.7,475.03,16.65,95.0,0.7,470.89,13.0,100.0,0.7,470.89,13.58,100.0,0.7,470.89,14.42,100.0,0.7,470.89,25.44,53.45,0.18,0.0,476.32,6.0,498.0,24.67,55.54,0.1,0.0,474.01,0.0,213.44,21.13,67.91,0.12,6.48,473.61,0.0,562.5,22.78,59.05,0.14,0.0,473.84,7.0,2400.0,22.35,63.55,0.16,0.0,475.08,0.0,205.08,876.35,518.06,602.6
182,21,48,16.92,92.5,16.92,92.5,0.7,471.49,24.56,55.05,0.7,474.7,24.56,55.05,0.7,474.7,16.92,92.5,0.7,471.49,13.0,100.0,0.7,471.49,13.58,100.0,0.7,471.49,14.42,100.0,0.7,471.49,24.45,55.56,0.18,0.0,475.77,6.0,498.12,23.82,57.28,0.1,0.0,473.56,0.0,213.47,21.1,67.41,0.12,109.9,473.41,0.0,562.5,23.74,55.69,0.14,0.0,473.58,5.0,2400.0,22.05,64.26,0.16,0.0,474.77,0.0,199.22,935.84,518.06,602.6
182,22,2,17.2,90.0,17.2,90.0,0.7,471.29,24.13,55.89,0.7,473.99,24.13,55.89,0.7,473.99,17.2,90.0,0.7,471.29,13.0,100.0,0.7,471.29,13.58,100.0,0.7,471.29,14.42,98.51,0.7,471.29,23.84,56.61,0.18,0.0,474.97,6.0,498.0,23.29,58.1,0.1,0.0,472.82,0.0,213.44,21.1,66.78,0.12,170.52,473.0,0.0,562.5,21.7,65.3,0.14,0.0,473.25,5.0,0.0,21.82,64.63,0.16,0.0,474.29,0.0,199.22,994.47,518.06,602.6
182,22,22,17.2,90.0,17.2,90.0,0.7,469.7,24.01,56.25,0.7,473.93,24.01,56.25,0.7,473.93,17.2,90.0,0.7,469.7,13.0,100.0,0.7,469.7,13.58,100.0,0.7,469.7,14.42,98.51,0.7,469.7,23.38,57.68,0.18,0.0,474.17,5.0,498.12,22.88,59.11,0.1,0.0,472.04,0.0,213.44,21.1,66.46,0.12,238.46,472.5,0.0,562.5,21.14,65.15,0.14,724.47,472.4,5.0,0.0,21.61,65.05,0.16,0.0,473.85,0.0,199.22,994.47,518.06,602.6
182,22,37,17.2,90.0,17.2,90.0,0.7,470.29,23.72,56.67,0.7,472.57,23.72,56.67,0.7,472.57,17.2,90.0,0.7,470.29,13.0,100.0,0.7,470.29,13.58,100.0,0.7,470.29,14.42,98.51,0.7,470.29,23.02,58.34,0.18,0.0,472.82,5.0,498.0,22.55,59.77,0.1,0.0,470.96,0.0,213.47,21.1,65.9,0.12,303.15,471.69,0.0,562.5,21.1,64.86,0.14,841.05,471.89,5.0,0.0,21.34,65.61,0.16,0.0,472.88,0.0,0.0,994.47,518.06,602.6
182,22,48,17.2,90.0,17.2,90.0,0.7,471.69,23.49,56.81,0.7,472.45,23.49,56.81,0.7,472.45,17.2,90.0,0.7,471.69,13.0,100.0,0.7,471.69,13.58,100.0,0.7,471.69,14.42,98.51,0.7,471.69,22.75,59.17,0.18,0.0,472.7,1.0,498.12,22.3,60.59,0.1,0.0,471.5,0.0,213.44,21.1,65.62,0.12,363.44,471.87,0.0,562.5,22.59,57.67,0.14,0.0,472.79,5.0,2400.0,21.15,66.08,0.16,111.92,472.86,0.0,0.0,994.47,518.06,602.6
182,23,2,17.2,90.0,17.2,90.0,0.7,472.09,23.69,55.91,0.7,472.55,23.69,55.91,0.7,472.55,17.2,90.0,0.7,472.09,13.0,100.0,0.7,472.09,13.58,100.0,0.7,472.09,14.42,98.51,0.7,472.09,22.52,59.87,0.18,0.0,472.68,1.0,498.0,22.08,61.32,0.1,0.0,471.75,0.0,213.44,21.1,65.45,0.12,410.53,471.96,0.0,562.5,24.38,51.71,0.14,0.0,473.2,5.0,2520.0,21.1,65.9,0.16,410.28,472.79,0.0,0.0,994.47,518.06,602.6
182,23,22,17.2,90.0,17.2,90.0,0.7,470.5,23.53,56.44,0.7,472.3,23.53,56.44,0.7,472.3,17.2,90.0,0.7,470.5,13.0,100.0,0.7,470.5,13.58,100.0,0.7,470.5,14.42,98.51,0.7,470.5,22.33,60.41,0.18,0.0,472.11,1.0,498.12,21.89,61.93,0.1,0.0,471.12,0.0,213.47,21.1,65.34,0.12,435.11,471.58,0.0,562.5,24.6,52.48,0.14,0.0,472.41,5.0,2400.0,21.1,65.76,0.16,509.14,472.46,0.0,0.0,994.62,518.06,602.6
182,23,37,17.2,90.0,17.2,90.0,0.7,468.09,23.22,57.31,0.7,471.42,23.22,57.31,0.7,471.42,17.2,90.0,0.7,468.09,13.0,100.0,0.7,468.09,13.58,100.0,0.7,468.09,14.42,98.51,0.7,468.09,21.88,62.26,0.18,0.0,470.57,0.0,449.16,21.46,63.72,0.1,0.0,469.78,0.0,192.52,21.1,65.15,0.12,462.12,470.61,0.0,562.5,24.56,52.39,0.14,0.0,470.89,5.0,2400.0,21.1,65.52,0.16,415.52,471.51,0.0,199.21,994.77,518.06,602.6
182,23,52,17.2,90.0,17.2,90.0,0.7,470.49,22.91,58.26,0.7,470.49,22.91,58.26,0.7,470.49,17.2,90.0,0.7,470.49,13.0,100.0,0.7,470.49,13.58,100.0,0.7,470.49,14.42,98.51,0.7,470.49,21.46,63.63,0.18,0.0,470.21,0.0,459.0,21.12,64.72,0.1,113.3,469.8,0.0,196.72,21.1,65.02,0.12,492.13,470.34,0.0,562.5,24.61,52.29,0.14,0.0,470.91,3.0,2400.0,21.1,65.34,0.16,514.99,471.07,0.0,199.21,994.91,518.06,602.6
182,24,3,17.2,90.0,17.2,90.0,0.7,469.69,22.8,58.54,0.7,470.38,22.8,58.54,0.7,470.38,17.2,90.0,0.7,469.69,13.0,100.0,0.7,469.69,13.58,100.0,0.7,469.69,14.42,98.51,0.7,469.69,21.19,64.71,0.18,0.0,470.05,0.0,449.28,21.1,64.72,0.1,235.33,469.73,0.0,192.54,21.1,64.95,0.12,518.49,470.19,0.0,562.5,22.98,59.26,0.14,0.0,470.71,3.0,0.0,21.1,65.23,0.16,604.64,470.86,0.0,199.21,995.06,518.06,602.6
183,0,18,17.2,90.0,17.2,90.0,0.7,469.69,22.65,59.06,0.7,470.26,22.65,59.06,0.7,470.26,17.2,90.0,0.7,469.69,13.0,100.0,0.7,469.69,13.58,100.0,0.7,469.69,14.42,98.51,0.7,469.69,21.1,64.77,0.18,297.01,469.97,0.0,449.16,21.1,64.73,0.1,329.19,469.71,0.0,192.52,21.1,64.93,0.12,537.31,470.11,0.0,562.5,22.26,60.81,0.14,0.0,470.3,1.0,0.0,21.1,65.18,0.16,676.4,470.73,0.0,199.21,994.91,518.06,602.6
183,0,33,17.2,90.0,17.2,90.0,0.7,468.89,22.15,60.87,0.7,469.83,22.15,60.87,0.7,469.83,17.2,90.0,0.7,468.89,13.0,100.0,0.7,468.89,13.58,100.0,0.7,468.89,14.42,98.51,0.7,468.89,21.1,64.77,0.18,703.75,469.52,0.0,459.0,21.1,64.73,0.1,492.96,469.31,0.0,196.7,21.1,64.89,0.12,590.62,469.74,0.0,527.35,21.25,64.7,0.14,114.5,469.62,1.0,0.0,21.1,65.11,0.16,752.95,470.29,0.0,199.22,994.77,518.06,602.6
183,0,45,17.2,90.0,17.2,90.0,0.7,469.49,22.12,60.95,0.7,469.72,22.12,60.95,0.7,469.72,17.2,90.0,0.7,469.49,13.0,100.0,0.7,469.49,13.58,100.0,0.7,469.49,14.42,98.51,0.7,469.49,21.1,64.77,0.18,881.79,469.49,0.0,459.0,21.1,64.74,0.1,572.07,469.36,0.0,196.72,21.1,64.87,0.12,613.63,469.67,0.0,539.06,21.1,64.71,0.14,805.51,469.62,1.0,0.0,21.1,65.07,0.16,856.55,470.13,0.0,199.22,994.62,518.06,602.6
183,1,0,17.2,90.0,17.2,90.0,0.7,471.69,21.99,61.46,0.7,469.67,21.99,61.46,0.7,469.67,17.2,90.0,0.7,471.69,13.0,100.0,0.7,471.69,13.58,100.0,0.7,471.69,14.42,98.51,0.7,471.69,21.1,64.76,0.18,1019.43,469.98,0.0,459.0,21.1,64.74,0.1,623.98,470.03,0.0,196.7,21.1,64.85,0.12,646.32,469.96,0.0,539.06,21.1,64.71,0.14,896.01,470.47,1.0,0.0,21.1,65.02,0.16,943.59,470.23,0.0,199.22,994.47,518.06,602.6
183,1,15,17.2,90.75,17.2,90.75,0.7,470.09,21.88,61.84,0.7,470.14,21.88,61.84,0.7,470.14,17.2,90.75,0.7,470.09,13.0,100.0,0.7,470.09,13.58,100.0,0.7,470.09,14.42,99.33,0.7,470.09,21.1,64.88,0.18,1108.37,470.27,0.0,459.0,21.1,64.88,0.1,660.84,470.37,0.0,196.7,21.1,64.92,0.12,685.52,470.17,0.0,527.35,21.1,64.9,0.14,221.33,470.7,0.0,0.0,21.1,65.04,0.16,1013.62,470.31,0.0,199.22,994.92,518.06,602.6
183,1,33,17.2,91.5,17.2,91.5,0.7,469.89,21.74,62.48,0.7,470.17,21.74,62.48,0.7,470.17,17.2,91.5,0.7,469.89,13.0,100.0,0.7,469.89,13.58,100.0,0.7,469.89,14.42,100.0,0.7,469.89,21.1,65.27,0.18,1180.83,470.1,0.0,449.16,21.1,65.34,0.1,693.4,470.11,0.0,192.53,21.1,65.21,0.12,656.54,470.07,0.0,574.21,22.65,58.01,0.14,0.0,470.19,0.0,2400.0,21.1,65.24,0.16,1048.47,470.21,0.0,205.08,995.38,518.06,602.6
183,1,48,17.2,92.25,17.2,92.25,0.7,469.89,21.75,62.63,0.7,470.12,21.75,62.63,0.7,470.12,17.2,92.25,0.7,469.89,13.0,100.0,0.7,469.89,13.58,100.0,0.7,469.89,14.42,100.0,0.7,469.89,21.1,65.63,0.18,1215.29,470.06,0.0,459.0,21.1,65.75,0.1,709.71,470.06,0.0,196.7,21.1,65.49,0.12,657.89,470.05,0.0,585.94,23.52,56.22,0.14,0.0,470.1,0.0,2520.0,21.1,65.45,0.16,1091.49,470.18,0.0,199.22,995.84,518.06,602.6
183,2,2,17.2,93.0,17.2,93.0,0.7,468.89,21.55,63.82,0.7,469.69,21.55,63.82,0.7,469.69,17.2,93.0,0.7,468.89,13.0,100.0,0.7,468.89,13.58,100.0,0.7,468.89,14.42,100.0,0.7,468.89,21.1,66.07,0.18,1246.71,469.59,0.0,449.28,21.1,66.23,0.1,724.85,469.5,0.0,192.53,21.1,65.84,0.12,679.45,469.71,0.0,574.21,21.49,66.43,0.14,328.62,469.39,0.0,0.0,21.1,65.73,0.16,1110.14,469.9,0.0,199.22,996.32,518.06,602.6
183,2,22,17.2,92.25,17.2,92.25,0.7,469.29,21.52,63.93,0.7,469.83,21.52,63.93,0.7,469.83,17.2,92.25,0.7,469.29,13.0,100.0,0.7,469.29,13.58,100.0,0.7,469.29,14.42,100.0,0.7,469.29,21.1,66.07,0.18,1271.88,469.65,0.0,449.16,21.1,66.18,0.1,736.5,469.58,0.0,192.52,21.1,65.88,0.12,692.99,469.74,0.0,574.22,21.13,66.27,0.14,928.57,469.51,0.0,0.0,21.1,65.77,0.16,1137.73,469.92,0.0,199.22,995.84,518.06,602.6
183,2,30,17.2,91.5,17.2,91.5,0.7,457.7,21.47,64.29,0.7,469.69,21.47,64.29,0.7,469.69,17.2,91.5,0.7,457.7,13.0,100.0,0.7,457.7,13.58,100.0,0.7,457.7,14.42,100.0,0.7,457.7,21.1,66.01,0.18,1294.73,466.76,0.0,449.16,21.1,66.06,0.1,745.16,466.14,0.0,192.5,21.1,65.88,0.12,743.11,467.62,0.0,539.06,21.1,66.09,0.14,1042.88,465.24,0.0,0.0,21.1,65.8,0.16,1108.6,468.29,0.0,199.21,995.38,518.06,602.6
183,2,48,17.2,90.75,17.2,90.75,0.7,457.5,21.42,64.65,0.7,464.37,21.42,64.65,0.7,464.37,17.2,90.75,0.7,457.5,13.0,100.0,0.7,457.5,13.58,100.0,0.7,457.5,14.42,99.33,0.7,457.5,21.1,65.71,0.18,1312.93,463.22,0.0,449.16,21.1,65.66,0.1,751.54,462.15,0.0,192.53,21.1,65.72,0.12,768.5,464.82,0.0,527.34,22.36,59.34,0.14,0.0,460.72,0.0,2400.0,21.1,65.71,0.16,1118.73,466.06,0.0,199.21,994.92,518.06,602.6
183,3,3,17.2,90.0,17.2,90.0,0.7,459.1,21.36,64.64,0.7,462.08,21.36,64.64,0.7,462.08,17.2,90.0,0.7,459.1,13.0,100.0,0.7,459.1,13.58,100.0,0.7,459.1,14.42,98.51,0.7,459.1,21.1,65.29,0.18,1325.18,461.29,0.0,449.16,21.1,65.18,0.1,756.57,460.43,0.0,192.54,21.1,65.42,0.12,771.49,462.87,0.0,539.06,21.27,65.02,0.14,696.9,459.58,0.0,0.0,21.1,65.5,0.16,1129.07,464.26,0.0,199.22,994.47,518.06,602.6
183,3,15,17.2,90.0,17.2,90.0,0.7,461.4,21.33,64.66,0.7,461.77,21.33,64.66,0.7,461.77,17.2,90.0,0.7,461.4,13.0,100.0,0.7,461.4,13.58,100.0,0.7,461.4,14.42,98.51,0.7,461.4,21.1,65.11,0.18,1338.03,460.63,0.0,449.16,21.1,64.99,0.1,762.04,460.02,0.0,192.52,21.1,65.28,0.12,797.68,462.02,0.0,527.34,21.1,64.84,0.14,1375.1,459.59,0.0,0.0,21.1,65.39,0.16,1142.03,463.38,0.0,199.22,994.47,518.06,602.6
183,3,30,17.2,90.0,17.2,90.0,0.7,456.7,21.29,64.66,0.7,461.2,21.29,64.66,0.7,461.2,17.2,90.0,0.7,456.7,13.0,100.0,0.7,456.7,13.58,100.0,0.7,456.7,14.42,98.51,0.7,456.7,21.1,64.92,0.18,1353.0,459.47,0.0,449.16,21.1,64.81,0.1,767.4,459.02,0.0,192.53,21.1,65.1,0.12,776.4,460.66,0.0,562.5,21.1,64.71,0.14,1201.44,458.75,0.0,0.0,21.1,65.25,0.16,1213.91,462.0,0.0,199.22,994.47,518.06,602.6
183,3,45,17.2,90.0,17.2,90.0,0.7,455.9,21.22,64.75,0.7,460.04,21.22,64.75,0.7,460.04,17.2,90.0,0.7,455.9,13.0,100.0,0.7,455.9,13.58,100.0,0.7,455.9,14.42,98.51,0.7,455.9,21.1,64.83,0.18,1366.46,458.2,0.0,458.88,21.1,64.76,0.1,770.51,457.76,0.0,196.69,21.1,65.0,0.12,791.6,459.32,0.0,562.5,21.1,64.7,0.14,1256.2,457.39,0.0,0.0,21.1,65.15,0.16,1239.89,460.63,0.0,205.08,994.47,518.06,602.6
183,4,3,17.2,90.0,17.2,90.0,0.7,457.3,21.17,64.63,0.7,458.52,21.17,64.63,0.7,458.52,17.2,90.0,0.7,457.3,13.0,100.0,0.7,457.3,13.58,100.0,0.7,457.3,14.42,98.51,0.7,457.3,21.1,64.8,0.18,1381.69,457.92,0.0,459.0,21.1,64.75,0.1,776.09,457.61,0.0,196.72,21.1,64.94,0.12,804.6,458.83,0.0,562.5,22.22,59.19,0.14,0.0,457.4,0.0,2400.0,21.1,65.08,0.16,1276.26,460.01,0.0,199.22,994.47,518.06,602.6
183,4,20,17.2,90.0,17.2,90.0,0.7,457.89,21.18,64.6,0.7,458.53,21.18,64.6,0.7,458.53,17.2,90.0,0.7,457.89,13.0,100.0,0.7,457.89,13.58,100.0,0.7,457.89,14.42,98.51,0.7,457.89,21.1,64.81,0.18,1395.16,458.02,0.0,449.16,21.1,64.76,0.1,782.73,457.81,0.0,192.53,21.1,64.93,0.12,806.94,458.78,0.0,562.5,22.92,57.39,0.14,0.0,457.7,0.0,2400.0,21.1,65.07,0.16,1280.0,459.85,0.0,205.08,994.33,518.06,602.6
183,4,33,17.2,90.0,17.2,90.0,0.7,457.1,21.11,64.87,0.7,458.16,21.11,64.87,0.7,458.16,17.2,90.0,0.7,457.1,13.0,100.0,0.7,457.1,13.58,100.0,0.7,457.1,14.42,98.51,0.7,457.1,21.1,64.8,0.18,1319.34,457.66,0.0,468.72,21.1,64.76,0.1,739.45,457.44,0.0,200.89,21.1,64.92,0.12,696.99,458.37,0.0,562.5,21.31,64.73,0.14,649.72,457.29,0.0,0.0,21.1,65.05,0.16,1284.49,459.4,0.0,199.21,994.18,518.06,602.6
183,4,45,17.2,90.0,17.2,90.0,0.7,458.5,21.1,64.9,0.7,458.07,21.1,64.9,0.7,458.07,17.2,90.0,0.7,458.5,13.0,100.0,0.7,458.5,13.58,100.0,0.7,458.5,14.42,98.52,0.7,458.5,21.1,64.81,0.18,1278.79,457.88,0.0,468.72,21.1,64.77,0.1,705.58,457.75,0.0,200.89,21.1,64.92,0.12,585.72,458.46,0.0,562.5,21.1,64.73,0.14,1358.12,457.71,0.0,0.0,21.1,65.05,0.16,1286.23,459.37,0.0,199.21,994.03,518.06,602.6
183,5,0,17.2,90.0,17.2,90.0,0.7,459.5,21.07,65.02,0.7,458.27,21.07,65.02,0.7,458.27,17.2,90.0,0.7,459.5,13.0,100.0,0.7,459.5,13.58,100.0,0.7,459.5,14.42,98.52,0.7,459.5,21.1,64.8,0.18,1221.43,458.34,0.0,468.72,21.1,64.77,0.1,641.19,458.37,0.0,200.89,21.1,64.9,0.12,423.81,458.61,0.0,562.5,21.1,64.73,0.14,1092.52,458.51,0.0,0.0,21.1,65.03,0.16,1278.23,459.27,0.0,205.07,993.89,518.06,602.6
183,5,18,17.35,89.25,17.35,89.25,0.7,460.5,21.07,64.96,0.7,459.2,21.07,64.96,0.7,459.2,17.35,89.25,0.7,460.5,13.0,100.0,0.7,460.5,13.58,100.0,0.7,460.5,14.42,98.33,0.7,460.5,21.1,64.74,0.18,1130.97,459.19,0.0,468.72,21.1,64.7,0.1,601.4,459.37,0.0,200.88,21.1,64.84,0.12,346.44,459.16,0.0,562.5,22.38,58.4,0.14,0.0,459.69,0.0,2400.0,21.1,64.97,0.16,1270.84,459.55,0.0,205.07,1025.87,518.06,602.6
183,5,33,17.5,88.5,17.5,88.5,0.7,461.1,21.13,64.66,0.7,459.96,21.13,64.66,0.7,459.96,17.5,88.5,0.7,461.1,13.0,100.0,0.7,461.1,13.58,100.0,0.7,461.1,14.42,98.14,0.7,461.1,21.1,64.65,0.18,1050.74,460.02,0.0,449.16,21.1,64.6,0.1,563.04,460.27,0.0,192.54,21.1,64.76,0.12,273.96,459.78,0.0,550.78,23.21,56.27,0.14,0.0,460.59,0.0,2400.0,21.1,64.89,0.16,1255.96,459.93,0.0,199.21,1057.64,518.06,602.6
183,5,47,17.65,87.75,17.65,87.75,0.7,463.5,21.08,64.8,0.7,461.09,21.08,64.8,0.7,461.09,17.65,87.75,0.7,463.5,13.0,100.0,0.7,463.5,13.58,100.0,0.7,463.5,14.42,97.94,0.7,463.5,21.1,64.56,0.18,922.85,461.28,0.0,458.88,21.1,64.5,0.1,495.34,461.71,0.0,196.7,21.1,64.69,0.12,139.75,460.74,0.0,550.79,21.42,64.43,0.14,387.95,462.27,0.0,0.0,21.1,64.82,0.16,1226.62,460.63,0.0,199.21,1089.2,518.06,602.6
183,6,7,17.8,87.0,17.8,87.0,0.7,464.7,21.09,64.75,0.7,461.03,21.09,64.75,0.7,461.03,17.8,87.0,0.7,464.7,13.0,100.0,0.7,464.7,13.58,100.0,0.7,464.7,14.42,97.74,0.7,464.7,21.1,64.48,0.18,812.14,461.87,0.0,459.0,21.1,64.41,0.1,432.48,462.37,0.0,196.72,21.1,64.62,0.12,5.09,461.21,0.0,550.79,21.12,64.31,0.14,816.81,463.02,0.0,0.0,21.1,64.76,0.16,1205.36,461.01,0.0,199.22,1120.54,518.06,602.6
183,6,15,17.8,87.0,17.8,87.0,0.7,465.49,21.07,64.78,0.7,461.86,21.07,64.78,0.7,461.86,17.8,87.0,0.7,465.49,13.0,100.0,0.7,465.49,13.58,100.0,0.7,465.49,14.42,97.74,0.7,465.49,21.1,64.43,0.18,708.06,462.69,0.0,449.16,21.1,64.36,0.1,371.42,463.22,0.0,192.54,21.15,64.36,0.12,0.0,461.93,0.0,550.79,21.1,64.29,0.14,844.75,463.87,0.0,0.0,21.1,64.72,0.16,1188.87,461.58,0.0,199.22,1120.38,518.06,602.6
183,6,30,17.8,87.0,17.8,87.0,0.7,465.89,21.08,64.71,0.7,462.62,21.08,64.71,0.7,462.62,17.8,87.0,0.7,465.89,13.0,100.0,0.7,465.89,13.58,100.0,0.7,465.89,14.42,97.74,0.7,465.89,21.1,64.37,0.18,597.04,463.98,0.0,449.16,21.1,64.31,0.1,306.86,464.5,0.0,192.52,21.26,63.89,0.12,0.0,463.11,0.0,562.5,21.1,64.25,0.14,895.97,465.06,0.0,0.0,21.1,64.66,0.16,1165.03,462.56,0.0,205.08,1120.21,518.06,602.6
183,6,48,17.8,87.0,17.8,87.0,0.7,466.89,21.2,64.06,0.7,464.66,21.2,64.06,0.7,464.66,17.8,87.0,0.7,466.89,13.0,100.0,0.7,466.89,13.58,100.0,0.7,466.89,14.42,97.74,0.7,466.89,21.1,64.34,0.18,474.3,465.12,0.0,459.0,21.1,64.29,0.1,235.89,465.63,0.0,196.72,21.38,63.23,0.12,0.0,464.18,0.0,562.5,22.66,56.88,0.14,0.0,466.16,0.0,2400.0,21.1,64.62,0.16,1146.42,463.49,0.0,199.21,1120.05,518.06,602.6
183,7,3,17.8,87.0,17.8,87.0,0.7,466.49,21.24,63.9,0.7,464.87,21.24,63.9,0.7,464.87,17.8,87.0,0.7,466.49,13.0,100.0,0.7,466.49,13.58,100.0,0.7,466.49,14.42,97.74,0.7,466.49,21.1,64.34,0.18,339.95,465.33,0.0,459.0,21.1,64.29,0.1,162.03,465.76,0.0,196.69,21.53,62.61,0.12,0.0,464.47,0.0,562.5,21.36,64.24,0.14,209.67,466.15,0.0,0.0,21.1,64.6,0.16,1120.2,463.78,0.0,199.21,1119.88,518.06,602.6
183,7,15,17.93,85.5,17.93,85.5,0.7,468.23,21.22,63.96,0.7,465.05,21.22,63.96,0.7,465.05,17.92,85.5,0.7,468.23,13.0,100.0,0.7,468.23,13.58,100.0,0.7,468.23,14.42,96.58,0.7,468.23,21.1,64.14,0.18,218.06,465.91,0.0,449.28,21.1,64.06,0.1,93.82,466.37,0.0,192.53,21.7,62.0,0.12,0.0,465.01,0.0,562.5,21.1,63.96,0.14,915.63,466.82,0.0,0.0,21.1,64.48,0.16,1085.23,464.25,0.0,199.21,1145.18,518.06,602.6
183,7,30,18.05,84.0,18.05,84.0,0.7,467.69,21.26,63.8,0.7,465.63,21.26,63.8,0.7,465.63,18.05,84.0,0.7,467.69,13.0,100.0,0.7,467.69,13.58,100.0,0.7,467.69,14.42,95.4,0.7,467.69,21.1,63.71,0.18,73.07,466.73,0.0,459.0,21.1,63.56,0.1,14.86,467.12,0.0,196.72,21.87,61.02,0.12,0.0,465.89,0.0,574.21,21.1,63.38,0.14,643.47,467.46,0.0,0.0,21.1,64.2,0.16,995.06,465.1,0.0,199.22,1170.31,518.06,602.6
183,7,45,18.18,82.5,18.18,82.5,0.7,467.29,21.31,63.46,0.7,466.41,21.31,63.46,0.7,466.41,18.17,82.5,0.7,467.29,13.0,100.0,0.7,467.29,13.58,99.5,0.7,467.29,14.42,94.21,0.7,467.29,21.13,62.97,0.18,0.0,467.14,0.0,468.84,21.16,62.65,0.1,0.0,467.39,0.0,200.89,22.05,59.89,0.12,0.0,466.47,0.0,585.95,21.1,62.64,0.14,631.7,467.56,0.0,0.0,21.1,63.78,0.16,920.8,465.74,0.0,199.22,1195.25,518.06,602.6
183,8,0,18.3,81.0,18.3,81.0,0.7,467.29,21.38,62.9,0.7,466.82,21.38,62.9,0.7,466.82,18.3,81.0,0.7,467.29,13.0,100.0,0.7,467.29,13.58,98.22,0.7,467.29,14.42,93.0,0.7,467.29,21.22,61.95,0.18,0.0,467.26,0.0,459.0,21.28,61.47,0.1,0.0,467.39,0.0,196.7,22.22,58.7,0.12,0.0,466.79,0.0,574.21,21.1,61.85,0.14,608.16,467.43,0.0,0.0,21.1,63.26,0.16,869.5,466.17,0.0,199.22,1220.01,518.06,602.6
183,8,16,18.58,79.75,18.58,79.75,0.7,467.01,21.84,59.71,0.7,466.95,21.84,59.71,0.7,466.95,18.57,79.75,0.7,467.01,13.0,100.0,0.7,467.01,13.58,97.87,0.7,467.01,14.42,92.66,0.7,467.01,21.34,60.72,0.18,0.0,467.15,0.0,459.0,21.42,60.18,0.1,0.0,467.19,0.0,196.69,22.39,57.35,0.12,0.0,466.96,1.0,574.22,23.86,49.56,0.14,0.0,467.17,0.0,2400.0,21.1,62.74,0.16,807.48,466.36,0.0,199.22,1275.33,518.06,602.6
183,8,33,18.85,78.5,18.85,78.5,0.7,467.59,21.83,59.56,0.7,467.12,21.83,59.56,0.7,467.12,18.85,78.5,0.7,467.59,13.0,100.0,0.7,467.59,13.58,97.49,0.7,467.59,14.42,92.3,0.7,467.59,21.51,59.77,0.18,0.0,467.36,0.0,449.28,21.6,59.22,0.1,0.0,467.44,0.0,192.53,22.64,56.15,0.12,0.0,467.19,1.0,644.53,22.01,60.61,0.14,0.0,467.48,0.0,0.0,21.1,62.49,0.16,798.12,466.55,0.0,199.22,1329.96,518.06,602.6
183,8,50,19.12,77.25,19.12,77.25,0.7,465.92,21.88,59.1,0.7,466.77,21.88,59.1,0.7,466.77,19.13,77.25,0.7,465.92,13.0,100.0,0.7,465.92,13.58,97.08,0.7,465.92,14.42,91.92,0.7,465.92,21.68,58.9,0.18,0.0,466.76,0.0,459.0,21.76,58.37,0.1,0.0,466.69,0.0,196.72,22.86,55.21,0.12,0.0,466.82,1.0,644.53,21.22,60.69,0.14,77.46,466.53,0.0,0.0,21.1,62.23,0.16,739.06,466.3,0.0,199.22,1383.93,518.06,602.6
183,9,0,19.4,76.0,19.4,76.0,0.7,469.29,21.88,58.96,0.7,466.61,21.88,58.96,0.7,466.61,19.4,76.0,0.7,469.29,13.0,100.0,0.7,469.29,13.58,96.65,0.7,469.29,14.42,91.51,0.7,469.29,21.84,58.27,0.18,0.0,467.35,0.0,459.0,21.92,57.77,0.1,0.0,467.42,0.0,196.69,23.06,54.57,0.12,0.0,467.29,1.0,644.53,21.1,60.52,0.14,161.13,467.49,0.0,0.0,21.1,62.01,0.16,683.3,466.67,0.0,199.22,1437.22,518.06,602.6
183,9,15,19.55,74.75,19.55,74.75,0.7,468.49,21.96,58.46,0.7,467.22,21.96,58.46,0.7,467.22,19.55,74.75,0.7,468.49,13.0,99.37,0.7,468.49,13.58,95.68,0.7,468.49,14.42,90.6,0.7,468.49,21.98,57.32,0.18,0.0,467.87,0.0,449.28,22.06,56.85,0.1,0.0,468.01,0.0,192.53,23.22,53.63,0.12,0.0,467.8,1.0,644.52,21.1,60.06,0.14,164.27,468.31,1.0,0.0,21.1,61.55,0.16,627.49,467.19,2.0,199.22,1465.53,518.06,602.6
183,9,30,19.7,73.5,19.7,73.5,0.7,471.29,22.07,57.78,0.7,467.81,22.07,57.78,0.7,467.81,19.7,73.5,0.7,471.29,13.0,98.35,0.7,471.29,13.58,94.7,0.7,471.29,14.42,89.66,0.7,471.29,22.13,56.3,0.18,0.0,468.91,0.0,468.72,22.2,55.84,0.1,0.0,469.18,0.0,200.9,23.4,52.57,0.12,0.0,468.7,1.0,726.56,21.1,59.51,0.14,176.83,470.12,4.0,0.0,21.1,61.03,0.16,100.08,468.09,3.0,410.15,1493.62,518.06,602.6
183,9,45,19.85,72.25,19.85,72.25,0.7,472.09,22.22,56.91,0.7,468.96,22.22,56.91,0.7,468.96,19.85,72.25,0.7,472.09,13.0,97.31,0.7,472.09,13.58,93.7,0.7,472.09,14.42,88.71,0.7,472.09,22.26,55.32,0.18,0.0,470.12,0.0,459.0,22.34,54.82,0.1,0.0,470.49,0.0,196.72,23.55,51.59,0.12,0.0,469.77,1.0,726.56,21.1,58.89,0.14,180.21,472.05,5.0,0.0,21.1,60.47,0.16,2.8,469.15,3.0,404.3,1521.48,518.06,602.6
183,10,0,20.0,71.0,20.0,71.0,0.7,473.69,22.36,55.97,0.7,470.28,22.36,55.97,0.7,470.28,20.0,71.0,0.7,473.69,13.0,96.25,0.7,473.69,13.58,92.68,0.7,473.69,14.42,87.74,0.7,473.69,22.34,54.47,0.18,0.0,471.43,0.0,468.72,22.52,53.63,0.1,0.0,471.87,0.0,200.9,23.64,50.8,0.12,0.0,471.03,2.0,726.56,21.1,58.26,0.14,197.54,473.68,4.0,0.0,21.13,59.8,0.16,0.0,470.36,4.0,410.16,1549.13,518.06,602.6
183,10,15,20.27,70.25,20.27,70.25,0.7,475.49,22.49,55.01,0.7,471.63,22.49,55.01,0.7,471.63,20.28,70.25,0.7,475.49,13.0,96.36,0.7,475.49,13.58,92.79,0.7,475.49,14.42,87.85,0.7,475.49,22.42,53.79,0.18,0.0,472.89,0.0,459.0,22.68,52.74,0.1,0.0,473.39,0.0,196.72,23.71,50.17,0.12,0.0,472.59,4.0,726.55,21.1,57.88,0.14,190.85,475.24,4.0,0.0,21.17,59.15,0.16,0.0,471.58,1.0,410.15,1601.04,518.06,602.6
183,10,30,20.55,69.5,20.55,69.5,0.7,477.29,22.62,54.02,0.7,473.08,22.62,54.02,0.7,473.08,20.55,69.5,0.7,477.29,13.0,96.47,0.7,477.29,13.58,92.89,0.7,477.29,14.42,87.94,0.7,477.29,22.67,52.76,0.18,0.0,474.5,0.0,683.64,22.94,51.75,0.1,0.0,475.04,0.0,292.97,23.77,49.74,0.12,0.0,474.44,6.0,679.69,21.1,57.78,0.14,179.43,476.89,4.0,0.0,21.28,58.38,0.16,0.0,472.88,1.0,603.52,1652.43,518.06,602.6
183,10,52,20.83,68.75,20.83,68.75,0.7,476.89,22.92,52.37,0.7,474.65,22.92,52.37,0.7,474.65,20.83,68.75,0.7,476.89,13.0,96.56,0.7,476.89,13.58,92.97,0.7,476.89,14.42,88.03,0.7,476.89,22.91,51.74,0.18,0.0,475.11,0.0,683.52,23.24,50.59,0.1,0.0,475.62,0.0,292.97,23.82,49.36,0.12,0.0,475.31,6.0,691.4,21.1,57.81,0.14,169.99,477.39,4.0,0.0,21.38,57.7,0.16,0.0,473.44,1.0,603.52,1703.29,518.06,602.6
183,11,0,21.1,68.0,21.1,68.0,0.7,480.29,22.98,52.02,0.7,475.29,22.98,52.02,0.7,475.29,21.1,68.0,0.7,480.29,13.0,96.63,0.7,480.29,13.58,93.05,0.7,480.29,14.42,88.1,0.7,480.29,23.17,51.12,0.18,0.0,476.24,3.0,673.8,23.53,49.94,0.1,0.0,476.69,0.0,288.79,23.87,49.23,0.12,0.0,476.27,7.0,691.4,21.1,57.86,0.14,167.65,478.98,7.0,0.0,21.47,57.36,0.16,0.0,474.11,1.0,609.37,1753.65,518.06,602.6
183,11,15,21.53,66.5,21.53,66.5,0.7,483.09,23.12,51.48,0.7,476.37,23.12,51.48,0.7,476.37,21.53,66.5,0.7,483.09,13.0,96.24,0.7,483.09,13.58,92.67,0.7,483.09,14.42,87.74,0.7,483.09,23.46,50.19,0.18,0.0,478.94,6.0,683.64,23.75,49.26,0.1,0.0,479.16,0.0,292.98,23.93,48.97,0.12,0.0,478.6,7.0,679.69,21.1,57.82,0.14,136.04,482.25,9.0,0.0,21.56,56.92,0.16,0.0,475.92,3.0,603.52,1829.93,518.06,602.6
183,11,33,21.95,65.0,21.95,65.0,0.7,486.09,23.6,49.88,0.7,481.27,23.6,49.88,0.7,481.27,21.95,65.0,0.7,486.09,13.0,95.79,0.7,486.09,13.58,92.24,0.7,486.09,14.42,87.33,0.7,486.09,24.66,45.43,0.18,0.0,482.83,12.0,2324.16,24.67,45.68,0.1,0.0,482.62,1.0,996.11,23.96,48.72,0.12,0.0,481.36,7.0,632.81,21.1,57.58,0.14,121.24,486.13,9.0,0.0,21.56,56.71,0.16,0.0,478.07,1.0,404.29,1904.94,518.06,602.6
183,11,48,22.38,63.5,22.38,63.5,0.7,485.09,23.89,48.85,0.7,483.64,23.89,48.85,0.7,483.64,22.37,63.5,0.7,485.09,13.0,95.3,0.7,485.09,13.58,91.76,0.7,485.09,14.42,86.87,0.7,485.09,25.68,43.1,0.18,0.0,485.2,12.0,2324.28,25.23,44.47,0.1,0.0,484.23,1.0,996.08,24.03,48.3,0.12,0.0,483.47,7.0,644.53,21.1,57.3,0.14,85.02,487.34,9.0,0.0,21.6,56.3,0.16,0.0,479.92,1.0,404.29,1978.71,518.06,602.6
183,12,5,22.8,62.0,22.8,62.0,0.7,485.89,24.14,48.03,0.7,483.94,24.14,48.03,0.7,483.94,22.8,62.0,0.7,485.89,13.0,94.75,0.7,485.89,13.58,91.23,0.7,485.89,14.42,86.37,0.7,485.89,26.38,41.25,0.18,0.0,485.83,12.0,2324.28,25.48,43.75,0.1,0.0,484.56,0.0,996.08,24.12,47.87,0.12,0.0,484.16,8.0,644.53,21.1,57.03,0.14,45.72,487.31,6.0,0.0,21.67,55.84,0.16,0.0,480.63,4.0,404.29,2051.25,518.06,602.6
183,12,20,23.08,61.0,23.08,61.0,0.7,485.28,24.41,47.06,0.7,485.11,24.41,47.06,0.7,485.11,23.08,61.0,0.7,485.28,13.0,94.32,0.7,485.28,13.58,90.81,0.7,485.28,14.42,85.98,0.7,485.28,27.02,39.6,0.18,0.0,486.91,12.0,2324.16,25.62,43.22,0.1,0.0,485.19,1.0,996.1,24.22,47.36,0.12,0.0,485.31,6.0,644.53,21.1,56.73,0.14,1.84,487.07,5.0,0.0,21.78,55.23,0.16,0.0,482.15,5.0,404.29,2097.47,518.06,602.6
183,12,37,23.35,60.0,23.35,60.0,0.7,486.89,24.63,46.31,0.7,485.26,24.63,46.31,0.7,485.26,23.35,60.0,0.7,486.89,13.0,93.86,0.7,486.89,13.58,90.38,0.7,486.89,14.42,85.57,0.7,486.89,27.44,38.65,0.18,0.0,487.49,11.0,1826.16,25.56,43.32,0.1,0.0,485.91,1.0,782.65,24.36,46.77,0.12,0.0,485.75,5.0,714.84,21.15,56.29,0.14,0.0,487.98,6.0,0.0,21.95,54.42,0.16,0.0,482.67,4.0,597.66,2143.19,518.06,602.6
183,12,52,23.62,59.0,23.62,59.0,0.7,486.49,24.92,45.31,0.7,486.48,24.92,45.31,0.7,486.48,23.62,59.0,0.7,486.49,13.0,93.38,0.7,486.49,13.58,89.91,0.7,486.49,14.42,85.13,0.7,486.49,27.9,37.39,0.18,0.0,488.3,11.0,1835.88,25.55,43.06,0.1,0.0,486.73,2.0,786.83,24.49,46.19,0.12,0.0,486.74,6.0,726.56,21.22,55.72,0.14,0.0,488.33,6.0,0.0,22.13,53.58,0.16,0.0,484.05,6.0,603.52,2188.4,518.06,602.6
183,13,7,23.9,58.0,23.9,58.0,0.7,484.89,25.2,44.33,0.7,486.82,25.2,44.33,0.7,486.82,23.9,58.0,0.7,484.89,13.0,92.88,0.7,484.89,13.58,89.43,0.7,484.89,14.42,84.67,0.7,484.89,28.39,36.15,0.18,0.0,487.54,4.0,1836.0,25.6,42.68,0.1,0.0,486.41,2.0,786.83,24.59,45.72,0.12,0.0,486.97,6.0,714.85,21.34,54.99,0.14,0.0,487.37,5.0,0.0,22.29,52.84,0.16,0.0,484.86,8.0,603.52,2233.11,518.06,602.6
183,13,16,23.9,58.5,23.9,58.5,0.7,486.49,27.02,39.58,0.7,487.12,27.02,39.58,0.7,487.12,23.9,58.5,0.7,486.49,13.0,93.67,0.7,486.49,13.58,90.19,0.7,486.49,14.42,85.39,0.7,486.49,28.84,35.19,0.18,0.0,487.74,5.0,1826.16,25.65,42.65,0.1,0.0,486.96,2.0,782.64,24.67,45.47,0.12,0.0,487.48,6.0,714.85,40.27,14.47,0.14,0.0,488.05,6.0,14640.0,22.43,52.25,0.16,0.0,485.56,7.0,603.52,2234.46,518.06,602.6
183,13,33,23.9,59.0,23.9,59.0,0.7,485.49,27.05,39.51,0.7,487.05,27.05,39.51,0.7,487.05,23.9,59.0,0.7,485.49,13.0,94.46,0.7,485.49,13.58,90.95,0.7,485.49,14.42,86.11,0.7,485.49,29.62,33.57,0.18,0.0,487.99,12.0,2187.48,25.95,41.92,0.1,0.0,486.55,2.0,937.51,24.77,45.29,0.12,0.0,487.22,5.0,667.97,35.71,26.65,0.14,0.0,487.68,7.0,2520.0,22.71,51.24,0.16,0.0,485.73,9.0,814.45,2235.84,518.06,602.6
183,13,46,23.9,59.5,23.9,59.5,0.7,487.49,27.12,39.5,0.7,487.9,27.12,39.5,0.7,487.9,23.9,59.5,0.7,487.49,13.0,95.25,0.7,487.49,13.58,91.71,0.7,487.49,14.42,86.83,0.7,487.49,30.15,32.87,0.18,0.0,489.07,13.0,2197.2,26.17,41.7,0.1,0.0,487.54,2.0,941.68,24.9,45.06,0.12,0.0,487.88,5.0,679.69,30.04,36.28,0.14,0.0,488.57,5.0,0.0,22.99,50.51,0.16,0.0,486.47,8.0,820.32,2237.23,518.06,602.6
183,14,7,23.9,60.0,23.9,60.0,0.7,488.09,27.35,38.95,0.7,487.76,27.35,38.95,0.7,487.76,23.9,60.0,0.7,488.09,13.0,96.04,0.7,488.09,13.58,92.47,0.7,488.09,14.42,87.55,0.7,488.09,30.52,32.5,0.18,0.0,489.33,12.0,2187.6,26.33,41.56,0.1,0.0,487.9,2.0,937.51,25.03,44.9,0.12,0.0,488.3,7.0,667.97,29.91,33.39,0.14,0.0,488.96,5.0,2520.0,23.24,50.01,0.16,0.0,486.57,5.0,814.45,2238.65,518.06,602.6
183,14,18,23.9,59.5,23.9,59.5,0.7,489.28,27.86,38.0,0.7,488.85,27.86,38.0,0.7,488.85,23.9,59.5,0.7,489.28,13.0,95.25,0.7,489.28,13.58,91.71,0.7,489.28,14.42,86.83,0.7,489.28,30.65,32.37,0.18,0.0,490.28,12.0,2187.48,26.49,41.19,0.1,0.0,489.06,3.0,937.5,25.16,44.57,0.12,0.0,489.02,6.0,667.97,28.62,37.27,0.14,0.0,489.99,5.0,0.0,23.44,49.42,0.16,0.0,487.27,5.0,814.45,2237.23,518.06,602.6
183,14,35,23.9,59.0,23.9,59.0,0.7,487.29,28.04,37.66,0.7,488.65,28.04,37.66,0.7,488.65,23.9,59.0,0.7,487.29,13.0,94.46,0.7,487.29,13.58,90.95,0.7,487.29,14.42,86.11,0.7,487.29,30.53,32.66,0.18,0.0,489.83,12.0,2177.76,26.48,41.21,0.1,0.0,488.46,3.0,933.31,25.31,44.09,0.12,0.0,488.77,6.0,714.84,28.1,37.61,0.14,0.0,489.05,5.0,0.0,23.62,48.87,0.16,0.0,487.17,5.0,808.6,2235.84,518.06,602.6
183,14,48,23.9,58.5,23.9,58.5,0.7,489.48,28.16,37.36,0.7,489.54,28.16,37.36,0.7,489.54,23.9,58.5,0.7,489.48,13.0,93.67,0.7,489.48,13.58,90.19,0.7,489.48,14.42,85.39,0.7,489.48,30.46,32.59,0.18,0.0,490.84,12.0,2167.92,26.45,41.04,0.1,0.0,489.61,3.0,929.12,25.41,43.74,0.12,0.0,489.57,6.0,703.13,29.67,33.07,0.14,0.0,490.72,7.0,2400.0,23.77,48.33,0.16,0.0,487.82,4.0,814.45,2234.46,518.06,602.6
183,15,3,23.9,58.0,23.9,58.0,0.7,486.69,28.2,37.09,0.7,489.37,28.2,37.09,0.7,489.37,23.9,58.0,0.7,486.69,13.0,92.88,0.7,486.69,13.58,89.43,0.7,486.69,14.42,84.67,0.7,486.69,30.43,32.39,0.18,0.0,490.41,13.0,2177.76,26.42,40.78,0.1,0.0,488.82,3.0,933.32,25.48,43.37,0.12,0.0,489.17,4.0,714.85,27.99,38.32,0.14,0.0,489.75,8.0,0.0,23.91,47.8,0.16,0.0,487.92,5.0,808.6,2233.11,518.06,602.6
183,15,18,23.62,59.5,23.62,59.5,0.7,489.88,28.33,36.72,0.7,490.21,28.33,36.72,0.7,490.21,23.62,59.5,0.7,489.88,13.0,94.16,0.7,489.88,13.58,90.67,0.7,489.88,14.42,85.84,0.7,489.88,30.39,32.59,0.18,0.0,491.56,13.0,2167.92,26.38,41.09,0.1,0.0,490.16,3.0,929.12,25.49,43.47,0.12,0.0,490.04,5.0,703.12,29.49,33.2,0.14,0.0,491.68,9.0,2400.0,24.0,47.62,0.16,0.0,488.61,5.0,808.6,2189.69,518.06,602.6
183,15,33,23.35,61.0,23.35,61.0,0.7,495.68,28.44,36.53,0.7,492.65,28.44,36.53,0.7,492.65,23.35,61.0,0.7,495.68,13.0,95.41,0.7,495.68,13.58,91.86,0.7,495.68,14.42,86.98,0.7,495.68,30.44,32.66,0.18,0.0,494.6,13.0,2382.72,26.41,41.27,0.1,0.0,493.57,3.0,1021.2,25.49,43.68,0.12,0.0,492.32,5.0,738.28,28.04,38.85,0.14,0.0,495.51,7.0,0.0,23.94,48.16,0.16,0.0,490.52,4.0,398.45,2145.66,518.06,602.6
183,15,48,23.08,62.5,23.08,62.5,0.7,488.89,28.57,36.43,0.7,491.43,28.57,36.43,0.7,491.43,23.08,62.5,0.7,488.89,13.0,96.61,0.7,488.89,13.58,93.02,0.7,488.89,14.42,88.07,0.7,488.89,30.49,32.83,0.18,0.0,492.45,11.0,2392.56,26.42,41.68,0.1,0.0,491.08,3.0,1025.38,25.47,44.03,0.12,0.0,491.06,5.0,738.28,29.91,33.02,0.14,0.0,492.04,7.0,2520.0,23.88,48.48,0.16,0.0,489.7,4.0,404.3,2101.01,518.06,602.6
183,16,3,22.8,64.0,22.8,64.0,0.7,491.28,28.76,36.37,0.7,491.83,28.76,36.37,0.7,491.83,22.8,64.0,0.7,491.28,13.0,97.77,0.7,491.28,13.58,94.14,0.7,491.28,14.42,89.13,0.7,491.28,30.49,33.27,0.18,0.0,493.01,11.0,2382.72,26.39,42.3,0.1,0.0,491.58,2.0,1021.2,25.43,44.55,0.12,0.0,491.77,6.0,738.28,31.09,31.96,0.14,0.0,492.86,7.0,2400.0,23.86,48.88,0.16,0.0,490.38,5.0,404.29,2055.76,518.06,602.6
183,16,17,22.8,64.0,22.8,64.0,0.7,493.28,28.64,36.88,0.7,493.0,28.64,36.88,0.7,493.0,22.8,64.0,0.7,493.28,13.0,97.77,0.7,493.28,13.58,94.14,0.7,493.28,14.42,89.13,0.7,493.28,30.44,33.52,0.18,0.0,494.09,11.0,2382.84,26.35,42.55,0.1,0.0,493.44,5.0,1021.2,25.4,44.83,0.12,0.0,492.46,4.0,738.29,29.26,37.01,0.14,0.0,494.74,9.0,0.0,23.64,49.97,0.16,0.0,491.31,8.0,0.0,2055.76,518.06,602.6
183,16,33,22.8,64.0,22.8,64.0,0.7,494.28,28.92,36.43,0.7,493.7,28.92,36.43,0.7,493.7,22.8,64.0,0.7,494.28,13.0,97.77,0.7,494.28,13.58,94.14,0.7,494.28,14.42,89.13,0.7,494.28,30.6,33.17,0.18,0.0,494.9,11.0,2548.8,26.53,42.06,0.1,0.0,494.25,4.0,1092.35,25.32,45.23,0.12,0.0,493.22,5.0,667.97,31.01,31.61,0.14,0.0,495.42,7.0,2400.0,23.77,49.28,0.16,0.0,492.02,8.0,609.37,2055.76,518.06,602.6
183,16,52,22.8,64.0,22.8,64.0,0.7,496.48,29.15,35.98,0.7,493.87,29.15,35.98,0.7,493.87,22.8,64.0,0.7,496.48,13.0,97.77,0.7,496.48,13.58,94.14,0.7,496.48,14.42,89.13,0.7,496.48,30.58,33.4,0.18,0.0,495.68,9.0,2558.64,26.64,41.93,0.1,0.0,495.49,5.0,1096.54,25.23,45.54,0.12,0.0,493.98,5.0,679.69,30.45,34.13,0.14,0.0,496.81,8.0,0.0,23.91,49.06,0.16,0.0,492.67,8.0,615.24,2055.76,518.06,602.6
183,17,7,22.8,64.0,22.8,64.0,0.7,491.08,29.35,35.71,0.7,494.94,29.35,35.71,0.7,494.94,22.8,64.0,0.7,491.08,13.0,97.77,0.7,491.08,13.58,94.14,0.7,491.08,14.42,89.13,0.7,491.08,30.35,34.01,0.18,0.0,494.88,5.0,2548.8,26.66,42.0,0.1,0.0,494.7,3.0,1092.36,25.12,45.98,0.12,0.0,494.03,4.0,679.69,29.96,34.69,0.14,0.0,495.49,8.0,0.0,24.02,48.96,0.16,0.0,493.16,7.0,615.24,2055.76,518.06,602.6
183,17,18,22.53,65.75,22.53,65.75,0.7,488.09,29.01,36.58,0.7,492.94,29.01,36.58,0.7,492.94,22.53,65.75,0.7,488.09,13.0,99.26,0.7,488.09,13.58,95.58,0.7,488.09,14.42,90.49,0.7,488.09,30.03,34.96,0.18,0.0,492.25,0.0,2548.8,26.62,42.47,0.1,0.0,491.6,0.0,1092.36,25.0,46.66,0.12,0.0,493.0,7.0,667.97,28.96,37.64,0.14,0.0,492.8,9.0,0.0,24.07,49.05,0.16,0.0,492.25,6.0,615.23,2010.45,518.06,602.6
183,17,33,22.25,67.5,22.25,67.5,0.7,485.29,28.92,36.99,0.7,491.13,28.92,36.99,0.7,491.13,22.25,67.5,0.7,485.29,13.0,100.0,0.7,485.29,13.58,96.97,0.7,485.29,14.42,91.81,0.7,485.29,29.4,36.76,0.18,0.0,490.07,0.0,2070.24,26.32,43.84,0.1,0.0,489.18,0.0,887.28,24.85,47.46,0.12,0.0,491.63,6.0,667.97,30.6,33.2,0.14,0.0,490.86,12.0,2449.2,24.1,49.32,0.16,0.0,491.29,6.0,615.23,1964.48,518.06,602.6
183,17,48,21.97,69.25,21.97,69.25,0.7,485.89,28.71,37.84,0.7,489.34,28.71,37.84,0.7,489.34,21.97,69.25,0.7,485.89,13.0,100.0,0.7,485.89,13.58,98.31,0.7,485.89,14.42,93.09,0.7,485.89,28.85,38.3,0.18,0.0,488.13,0.0,2070.36,26.08,44.96,0.1,0.0,487.38,0.0,887.26,24.67,48.48,0.12,0.0,490.4,6.0,667.97,28.85,39.61,0.14,0.0,489.19,8.0,0.0,24.09,49.85,0.16,0.0,490.24,5.0,609.37,1917.85,518.06,602.6
183,18,3,21.7,71.0,21.7,71.0,0.7,485.69,28.46,38.86,0.7,488.23,28.46,38.86,0.7,488.23,21.7,71.0,0.7,485.69,13.0,100.0,0.7,485.69,13.58,99.61,0.7,485.69,14.42,94.32,0.7,485.69,28.39,39.8,0.18,0.0,487.02,0.0,2070.24,25.89,46.05,0.1,0.0,486.47,0.0,887.28,24.49,49.58,0.12,0.0,489.55,6.0,667.97,27.59,42.19,0.14,0.0,487.92,5.0,0.0,24.06,50.49,0.16,0.0,489.25,2.0,615.23,1870.56,518.06,602.6
183,18,17,21.42,69.75,21.42,69.75,0.7,484.89,28.4,39.18,0.7,487.58,28.4,39.18,0.7,487.58,21.43,69.75,0.7,484.89,13.0,100.0,0.7,484.89,13.58,96.75,0.7,484.89,14.42,91.6,0.7,484.89,27.98,40.45,0.18,0.0,486.4,0.0,2070.36,25.71,46.06,0.1,0.0,485.87,0.0,887.28,24.31,49.95,0.12,0.0,488.71,3.0,667.97,29.62,35.38,0.14,0.0,487.36,6.0,2460.96,24.0,50.6,0.16,0.0,488.65,1.0,609.37,1816.76,518.06,602.6
183,18,33,21.15,68.5,21.15,68.5,0.7,483.49,28.33,39.23,0.7,486.77,28.33,39.23,0.7,486.77,21.15,68.5,0.7,483.49,13.0,97.55,0.7,483.49,13.58,93.93,0.7,483.49,14.42,88.93,0.7,483.49,27.63,40.71,0.18,0.0,485.47,0.0,2158.2,25.58,45.63,0.1,0.0,485.33,2.0,924.94,24.06,50.34,0.12,0.0,487.85,3.0,574.21,30.53,33.6,0.14,0.0,486.05,5.0,2402.28,23.93,50.54,0.16,0.0,487.86,0.0,603.52,1763.23,518.06,602.6
183,18,46,20.88,67.25,20.88,67.25,0.7,481.69,27.99,39.51,0.7,485.42,27.99,39.51,0.7,485.42,20.87,67.25,0.7,481.69,13.0,94.67,0.7,481.69,13.58,91.16,0.7,481.69,14.42,86.31,0.7,481.69,27.27,40.82,0.18,0.0,484.5,3.0,2158.2,25.42,45.08,0.1,0.0,484.1,2.0,924.95,23.81,50.4,0.12,0.0,486.58,2.0,562.5,28.16,39.35,0.14,0.0,483.91,2.0,0.0,23.86,50.28,0.16,0.0,486.9,1.0,609.38,1709.88,518.06,602.6
183,19,2,20.6,66.0,20.6,66.0,0.7,474.29,27.71,39.61,0.7,482.13,27.71,39.61,0.7,482.13,20.6,66.0,0.7,474.29,13.0,91.84,0.7,474.29,13.58,88.43,0.7,474.29,14.42,83.72,0.7,474.29,26.9,40.85,0.18,0.0,480.92,4.0,2158.32,25.25,44.5,0.1,0.0,479.87,2.0,924.96,23.58,50.27,0.12,0.0,483.47,1.0,574.22,26.59,41.38,0.14,0.0,478.83,3.0,0.0,23.77,49.94,0.16,0.0,484.48,0.0,609.38,1656.6,518.06,602.6
183,19,22,20.03,65.75,20.03,65.75,0.7,479.69,27.7,39.62,0.7,483.61,27.7,39.62,0.7,483.61,20.03,65.75,0.7,479.69,13.0,89.27,0.7,479.69,13.58,85.95,0.7,479.69,14.42,81.37,0.7,479.69,26.52,40.96,0.18,0.0,482.17,4.0,2158.2,25.04,44.13,0.1,0.0,481.49,2.0,924.95,23.32,50.3,0.12,0.0,484.06,0.0,562.5,26.08,40.94,0.14,0.0,481.09,3.0,0.0,23.66,49.67,0.16,0.0,484.91,0.0,603.52,1547.69,518.06,602.6
183,19,37,19.45,65.5,19.45,65.5,0.7,477.69,27.66,38.86,0.7,482.02,27.66,38.86,0.7,482.02,19.45,65.5,0.7,477.69,13.0,86.76,0.7,477.69,13.58,83.53,0.7,477.69,14.42,79.08,0.7,477.69,26.25,40.11,0.18,0.0,480.67,3.0,1865.16,24.91,42.87,0.1,0.0,480.13,2.0,799.38,23.04,49.69,0.12,0.0,482.06,0.0,562.5,25.47,41.22,0.14,0.0,480.05,5.0,0.0,23.47,49.11,0.16,0.0,483.17,0.0,404.29,1437.0,518.06,602.6
183,19,52,18.88,65.25,18.88,65.25,0.7,476.49,27.53,38.05,0.7,480.44,27.53,38.05,0.7,480.44,18.87,65.25,0.7,476.49,13.0,84.31,0.7,476.49,13.58,81.17,0.7,476.49,14.42,76.84,0.7,476.49,26.08,39.26,0.18,0.0,478.95,0.0,1855.44,24.84,41.73,0.1,0.0,478.58,1.0,795.2,22.79,48.97,0.12,0.0,480.27,0.0,574.21,24.94,41.1,0.14,0.0,478.71,4.0,0.0,23.3,48.37,0.16,0.0,481.52,0.0,410.15,1324.28,518.06,602.6
183,20,7,18.3,65.0,18.3,65.0,0.7,476.89,27.31,37.42,0.7,479.1,27.31,37.42,0.7,479.1,18.3,65.0,0.7,476.89,13.0,81.91,0.7,476.89,13.58,78.87,0.7,476.89,14.43,74.66,0.7,476.89,25.92,38.49,0.18,0.0,477.92,0.0,1865.16,24.76,40.71,0.1,0.0,477.98,2.0,799.37,22.57,48.25,0.12,0.0,479.08,0.0,562.5,24.56,40.83,0.14,0.0,478.22,4.0,0.0,23.16,47.53,0.16,0.0,480.28,0.0,410.16,1209.26,518.06,602.6
183,20,18,17.9,67.5,17.9,67.5,0.7,476.69,26.81,37.21,0.7,478.55,26.81,37.21,0.7,478.55,17.9,67.5,0.7,476.69,13.0,83.59,0.7,476.69,13.58,80.48,0.7,476.69,14.43,76.19,0.7,476.69,25.76,38.59,0.18,0.0,477.62,0.0,1855.44,24.67,40.77,0.1,0.0,477.87,2.0,795.2,22.37,48.35,0.12,0.0,478.66,0.0,562.5,25.87,36.75,0.14,0.0,477.91,3.0,2414.04,23.03,47.35,0.16,0.0,479.8,0.0,404.29,1128.44,518.06,602.6
183,20,35,17.5,70.0,17.5,70.0,0.7,475.49,26.63,37.27,0.7,478.13,26.63,37.27,0.7,478.13,17.5,70.0,0.7,475.49,13.0,85.19,0.7,475.49,13.58,82.02,0.7,475.49,14.43,77.65,0.7,475.49,25.73,38.65,0.18,0.0,477.34,4.0,2099.52,24.69,40.87,0.1,0.0,477.03,1.0,899.83,22.17,48.81,0.12,0.0,478.05,0.0,574.22,26.37,36.71,0.14,0.0,477.11,3.0,2437.56,22.88,47.62,0.16,0.0,479.23,0.0,404.29,1046.27,518.06,602.6
183,20,45,17.1,72.5,17.1,72.5,0.7,476.29,26.62,37.15,0.7,477.8,26.62,37.15,0.7,477.8,17.1,72.5,0.7,476.29,13.0,86.71,0.7,476.29,13.58,83.48,0.7,476.29,14.43,79.03,0.7,476.29,25.67,38.97,0.18,0.0,477.42,5.0,2099.64,24.67,41.24,0.1,0.0,476.93,1.0,899.82,21.99,49.25,0.12,0.0,477.8,0.0,585.94,26.38,37.27,0.14,0.0,477.04,2.0,2425.8,22.73,47.86,0.16,0.0,478.91,0.0,404.3,962.47,518.06,602.6
183,21,7,16.7,75.0,16.7,75.0,0.7,475.69,26.5,37.33,0.7,477.64,26.5,37.33,0.7,477.64,16.7,75.0,0.7,475.69,13.0,88.15,0.7,475.69,13.58,84.87,0.7,475.69,14.42,80.35,0.7,475.69,25.59,39.65,0.18,0.0,477.27,5.0,2099.64,24.62,42.01,0.1,0.0,476.67,1.0,899.82,21.84,50.02,0.12,0.0,477.38,0.0,574.22,27.0,36.19,0.14,0.0,476.87,3.0,2414.04,22.62,48.22,0.16,0.0,478.42,0.0,404.3,877.03,518.06,602.6
183,21,20,16.55,76.5,16.55,76.5,0.7,474.49,26.46,37.67,0.7,477.0,26.46,37.67,0.7,477.0,16.55,76.5,0.7,474.49,13.0,89.32,0.7,474.49,13.58,86.0,0.7,474.49,14.42,81.42,0.7,474.49,25.5,40.32,0.18,0.0,476.7,5.0,2099.52,24.55,42.74,0.1,0.0,475.93,1.0,899.83,21.69,50.82,0.12,0.0,476.74,0.0,574.21,27.58,35.56,0.14,0.0,475.88,2.0,2402.28,22.52,48.67,0.16,0.0,477.8,0.0,404.29,844.63,518.06,602.6
183,21,31,16.4,78.0,16.4,78.0,0.7,475.89,25.82,39.68,0.7,476.85,25.82,39.68,0.7,476.85,16.4,78.0,0.7,475.89,13.0,90.48,0.7,475.89,13.58,87.12,0.7,475.89,14.42,82.48,0.7,475.89,25.25,41.54,0.18,0.0,476.81,3.0,1767.6,24.33,43.98,0.1,0.0,476.3,1.0,757.52,21.56,51.67,0.12,0.0,476.72,0.0,562.5,24.58,45.52,0.14,0.0,476.44,2.0,0.0,22.34,49.61,0.16,0.0,477.63,0.0,199.22,811.98,518.06,602.6
183,21,46,16.25,79.5,16.25,79.5,0.7,474.49,25.4,41.01,0.7,476.23,25.4,41.01,0.7,476.23,16.25,79.5,0.7,474.49,13.0,91.62,0.7,474.49,13.58,88.22,0.7,474.49,14.42,83.52,0.7,474.49,25.05,42.43,0.18,0.0,476.06,2.0,1767.6,24.17,44.88,0.1,0.0,475.59,1.0,757.55,21.43,52.52,0.12,0.0,476.15,0.0,562.5,22.8,50.2,0.14,0.0,475.58,2.0,0.0,22.17,50.38,0.16,0.0,477.09,0.0,205.08,779.08,518.06,602.6
183,22,3,16.1,81.0,16.1,81.0,0.7,475.09,25.1,41.97,0.7,476.25,25.1,41.97,0.7,476.25,16.1,81.0,0.7,475.09,13.0,92.74,0.7,475.09,13.58,89.29,0.7,475.09,14.42,84.54,0.7,475.09,24.88,43.3,0.18,0.0,476.0,1.0,1767.6,24.04,45.74,0.1,0.0,475.73,1.0,757.55,21.29,53.42,0.12,0.0,476.1,0.0,562.5,21.7,53.76,0.14,0.0,475.81,2.0,0.0,22.01,51.16,0.16,0.0,476.96,0.0,205.08,745.93,518.06,602.6
183,22,15,15.83,81.75,15.83,81.75,0.7,475.09,25.07,42.22,0.7,476.16,25.07,42.22,0.7,476.16,15.82,81.75,0.7,475.09,13.0,92.48,0.7,475.09,13.58,89.05,0.7,475.09,14.42,84.3,0.7,475.09,24.72,43.76,0.18,0.0,475.93,1.0,1767.6,23.92,46.14,0.1,0.0,475.62,0.0,757.52,21.15,53.97,0.12,0.0,476.02,0.0,562.5,21.73,52.99,0.14,0.0,475.85,2.0,0.0,21.86,51.62,0.16,0.0,476.83,0.0,199.21,684.24,518.06,602.6
183,22,37,15.55,82.5,15.55,82.5,0.7,474.49,24.79,43.37,0.7,475.96,24.79,43.37,0.7,475.96,15.55,82.5,0.7,474.49,13.0,92.22,0.7,474.49,13.58,88.79,0.7,474.49,14.42,84.06,0.7,474.49,24.33,45.4,0.18,0.0,475.56,1.0,1357.44,23.58,47.6,0.1,0.0,475.17,0.0,581.76,21.1,54.51,0.12,177.41,475.68,0.0,562.5,21.18,55.15,0.14,337.28,475.32,1.0,0.0,21.71,52.52,0.16,0.0,476.45,0.0,199.21,621.76,518.06,602.6
183,22,52,15.28,83.25,15.28,83.25,0.7,475.89,24.4,44.7,0.7,475.64,24.4,44.7,0.7,475.64,15.27,83.25,0.7,475.89,13.0,91.94,0.7,475.89,13.58,88.53,0.7,475.89,14.42,83.81,0.7,475.89,23.97,46.32,0.18,0.0,475.64,1.0,1357.44,23.28,48.33,0.1,0.0,475.35,0.0,581.76,21.1,54.72,0.12,299.87,475.62,0.0,562.5,21.11,55.12,0.14,586.92,475.67,1.0,0.0,21.54,53.22,0.16,0.0,476.2,0.0,199.21,558.44,518.06,602.6
183,23,0,15.0,84.0,15.0,84.0,0.7,474.89,24.31,45.04,0.7,475.73,24.31,45.04,0.7,475.73,15.0,84.0,0.7,474.89,13.0,91.67,0.7,474.89,13.58,88.26,0.7,474.89,14.42,83.56,0.7,474.89,23.72,46.89,0.18,0.0,475.46,1.0,1357.44,23.08,48.76,0.1,0.0,475.17,0.0,581.76,21.1,54.8,0.12,407.66,475.41,0.0,562.5,21.1,55.01,0.14,794.8,475.49,1.0,0.0,21.39,53.7,0.16,0.0,475.9,0.0,199.21,494.29,518.06,602.6
183,23,15,14.85,84.75,14.85,84.75,0.7,474.49,24.12,45.68,0.7,475.52,24.12,45.68,0.7,475.52,14.85,84.75,0.7,474.49,13.0,91.88,0.7,474.49,13.58,88.47,0.7,474.49,14.42,83.76,0.7,474.49,23.54,47.41,0.18,0.0,475.23,1.0,1357.44,22.93,49.18,0.1,0.0,474.94,0.0,581.76,21.1,54.88,0.12,497.57,475.17,0.0,562.5,21.1,54.97,0.14,108.37,475.21,1.0,0.0,21.27,54.22,0.16,0.0,475.58,0.0,199.21,458.9,518.06,602.6
183,23,37,14.7,85.5,14.7,85.5,0.7,474.49,23.9,46.35,0.7,475.23,23.9,46.35,0.7,475.23,14.7,85.5,0.7,474.49,13.0,92.09,0.7,474.49,13.58,88.67,0.7,474.49,14.42,83.95,0.7,474.49,22.92,49.76,0.18,0.0,475.08,1.0,830.04,22.38,51.36,0.1,0.0,474.77,0.0,355.74,21.1,54.97,0.12,559.91,475.04,0.0,562.5,21.14,54.87,0.14,0.0,475.01,1.0,0.0,21.16,54.77,0.16,0.0,475.44,0.0,205.08,423.26,518.06,602.6
183,23,52,14.55,86.25,14.55,86.25,0.7,473.89,23.45,47.65,0.7,474.9,23.45,47.65,0.7,474.9,14.55,86.25,0.7,473.89,13.0,92.29,0.7,473.89,13.58,88.86,0.7,473.89,14.42,84.13,0.7,473.89,22.36,51.29,0.18,0.0,474.64,0.0,830.16,21.9,52.73,0.1,0.0,474.37,0.0,355.75,21.1,55.07,0.12,621.28,474.71,0.0,562.5,21.1,55.17,0.14,744.81,474.56,1.0,0.0,21.1,54.98,0.16,226.98,475.1,0.0,199.22,387.35,518.06,602.6
183,24,7,14.4,87.0,14.4,87.0,0.7,475.09,23.08,48.8,0.7,474.69,23.08,48.8,0.7,474.69,14.4,87.0,0.7,475.09,13.0,92.48,0.7,475.09,13.58,89.05,0.7,475.09,14.42,84.31,0.7,475.09,22.02,52.44,0.18,0.0,474.69,0.0,830.04,21.59,53.79,0.1,0.0,474.59,0.0,355.74,21.1,55.17,0.12,684.68,474.73,0.0,550.78,21.1,55.28,0.14,961.12,474.76,0.0,0.0,21.1,55.09,0.16,374.04,475.01,0.0,205.08,351.17,518.06,602.6
184,0,15,14.0,88.5,14.0,88.5,0.7,471.93,23.01,49.04,0.7,474.77,23.01,49.04,0.7,474.77,14.0,88.5,0.7,471.93,13.0,92.45,0.7,471.93,13.58,89.02,0.7,471.93,14.42,84.28,0.7,471.93,21.72,53.21,0.18,0.0,473.99,0.0,820.32,21.33,54.52,0.1,0.0,473.81,0.0,351.56,21.1,55.22,0.12,754.76,474.21,0.0,550.79,21.1,55.32,0.14,1102.02,473.73,0.0,0.0,21.1,55.14,0.16,509.38,474.56,0.0,199.22,253.43,518.06,602.6
184,0,33,13.6,90.0,13.6,90.0,0.7,472.89,22.51,50.67,0.7,473.81,22.51,50.67,0.7,473.81,13.6,90.0,0.7,472.89,13.0,92.4,0.7,472.89,13.58,88.97,0.7,472.89,14.42,84.23,0.7,472.89,21.18,55.29,0.18,225.1,473.6,0.0,439.44,21.1,55.3,0.1,363.46,473.41,0.0,188.34,21.1,55.25,0.12,822.07,473.87,0.0,550.78,22.31,50.25,0.14,0.0,473.27,0.0,2367.12,21.1,55.18,0.16,646.16,474.24,0.0,199.22,152.56,518.06,602.6
184,0,50,13.2,91.5,13.2,91.5,0.7,472.11,22.34,51.22,0.7,473.51,22.34,51.22,0.7,473.51,13.2,91.5,0.7,472.11,13.0,92.31,0.7,472.11,13.58,88.88,0.7,472.11,14.42,84.15,0.7,472.11,21.1,55.27,0.18,924.9,473.17,0.0,439.44,21.1,55.27,0.1,563.72,472.93,0.0,188.33,21.1,55.24,0.12,886.76,473.52,0.0,550.78,23.08,48.48,0.14,0.0,472.7,0.0,2437.56,21.1,55.19,0.16,770.17,473.94,0.0,199.22,50.72,518.06,602.6
184,1,7,12.8,93.0,12.8,93.0,0.7,472.1,22.24,51.52,0.7,473.41,22.24,51.52,0.7,473.41,12.8,93.0,0.7,472.1,12.8,93.0,0.7,472.1,13.38,89.54,0.7,472.1,14.22,84.76,0.7,472.1,21.1,55.16,0.18,1245.64,473.0,0.0,449.16,21.1,55.14,0.1,697.49,472.78,0.0,192.52,21.1,55.17,0.12,961.83,473.37,0.0,562.5,23.38,47.83,0.14,0.0,472.56,0.0,2402.28,21.1,55.14,0.16,912.8,473.79,0.0,199.22,0.0,518.06,602.6
184,1,18,12.8,93.0,12.8,93.0,0.7,472.49,22.3,51.28,0.7,473.1,22.3,51.28,0.7,473.1,12.8,93.0,0.7,472.49,12.8,93.0,0.7,472.49,13.38,89.54,0.7,472.49,14.22,84.76,0.7,472.49,21.1,55.08,0.18,1412.84,472.9,0.0,449.16,21.1,55.05,0.1,771.21,472.73,0.0,192.53,21.1,55.11,0.12,990.41,473.22,0.0,562.5,24.41,44.24,0.14,0.0,472.59,0.0,2437.56,21.1,55.1,0.16,988.12,473.62,0.0,199.22,0.0,518.06,602.6
184,1,35,12.8,93.0,12.8,93.0,0.7,472.11,22.36,51.04,0.7,472.94,22.36,51.04,0.7,472.94,12.8,93.0,0.7,472.11,12.8,93.0,0.7,472.11,13.38,89.54,0.7,472.11,14.22,84.76,0.7,472.11,21.1,55.04,0.18,1483.5,472.68,0.0,449.16,21.1,55.01,0.1,813.57,472.5,0.0,192.54,21.1,55.07,0.12,1006.38,473.02,0.0,562.5,25.19,42.44,0.14,0.0,472.34,0.0,2425.8,21.1,55.08,0.16,1023.66,473.44,0.0,205.08,0.0,518.06,602.6
184,1,46,12.8,93.0,12.8,93.0,0.7,472.08,21.98,52.16,0.7,472.68,21.98,52.16,0.7,472.68,12.8,93.0,0.7,472.08,12.8,93.0,0.7,472.08,13.38,89.54,0.7,472.08,14.22,84.76,0.7,472.08,21.1,55.0,0.18,1546.83,472.51,0.0,439.44,21.1,54.98,0.1,850.19,472.35,0.0,188.33,21.1,55.04,0.12,1031.1,472.83,0.0,550.79,22.37,53.23,0.14,0.0,472.22,0.0,0.0,21.1,55.05,0.16,1052.89,473.23,0.0,199.22,0.0,518.06,602.6
184,2,3,12.8,93.0,12.8,93.0,0.7,471.51,21.68,53.12,0.7,472.46,21.68,53.12,0.7,472.46,12.8,93.0,0.7,471.51,12.8,93.0,0.7,471.51,13.38,89.54,0.7,471.51,14.22,84.76,0.7,471.51,21.1,54.99,0.18,1591.46,472.2,0.0,449.28,21.1,54.96,0.1,873.48,472.01,0.0,192.52,21.1,55.02,0.12,1064.73,472.56,0.0,550.78,21.18,54.94,0.14,528.82,471.83,0.0,0.0,21.1,55.04,0.16,1100.78,472.99,0.0,199.22,0.0,518.06,602.6
184,2,15,12.65,93.0,12.65,93.0,0.7,471.5,21.66,53.15,0.7,472.34,21.66,53.15,0.7,472.34,12.65,93.0,0.7,471.5,12.65,93.0,0.7,471.5,13.23,89.54,0.7,471.5,14.07,84.75,0.7,471.5,21.1,54.84,0.18,1699.19,472.07,0.0,449.28,21.1,54.8,0.1,916.13,471.89,0.0,192.53,21.1,54.91,0.12,1120.85,472.43,0.0,562.5,21.1,54.74,0.14,1066.43,471.73,0.0,0.0,21.1,54.95,0.16,1203.71,472.85,0.0,199.22,0.0,518.06,602.6
184,2,30,12.5,93.0,12.5,93.0,0.7,472.12,21.54,53.53,0.7,472.22,21.54,53.53,0.7,472.22,12.5,93.0,0.7,472.12,12.5,93.0,0.7,472.12,13.08,89.53,0.7,472.12,13.92,84.74,0.7,472.12,21.1,54.53,0.18,1813.09,471.97,0.0,429.72,21.1,54.45,0.1,970.91,471.86,0.0,184.14,21.1,54.67,0.12,1186.49,472.24,0.0,562.5,21.1,54.34,0.14,357.61,471.79,0.0,0.0,21.1,54.76,0.16,1214.8,472.61,0.0,199.21,0.0,518.06,602.6
184,2,45,12.35,93.0,12.35,93.0,0.7,472.88,21.59,53.3,0.7,472.11,21.59,53.3,0.7,472.11,12.35,93.0,0.7,472.88,12.35,93.0,0.7,472.88,12.93,89.53,0.7,472.88,13.77,84.73,0.7,472.88,21.1,54.11,0.18,1895.8,472.18,0.0,429.72,21.1,53.98,0.1,1009.4,472.18,0.0,184.16,21.1,54.32,0.12,1245.34,472.3,0.0,562.5,21.1,53.83,0.14,1157.07,472.24,0.0,0.0,21.1,54.47,0.16,1263.92,472.57,0.0,199.21,0.0,518.06,602.6
184,3,3,12.2,93.0,12.2,93.0,0.7,471.31,21.32,53.5,0.7,472.01,21.32,53.5,0.7,472.01,12.2,93.0,0.7,471.31,12.2,93.0,0.7,471.31,12.78,89.52,0.7,471.31,13.62,84.72,0.7,471.31,21.1,53.55,0.18,1974.98,471.82,0.0,429.6,21.1,53.38,0.1,1045.3,471.74,0.0,184.15,21.1,53.84,0.12,1303.61,472.01,0.0,562.5,22.15,48.91,0.14,0.0,471.66,0.0,2402.4,21.1,54.08,0.16,1324.31,472.3,0.0,199.22,0.0,518.06,602.6
184,3,20,12.07,92.25,12.07,92.25,0.7,470.92,21.22,53.55,0.7,471.83,21.22,53.55,0.7,471.83,12.07,92.25,0.7,470.92,12.07,92.25,0.7,470.92,12.66,88.8,0.7,470.92,13.5,84.03,0.7,470.92,21.1,53.04,0.18,2036.28,471.58,0.0,429.72,21.1,52.81,0.1,1073.68,471.47,0.0,184.15,21.1,53.42,0.12,1349.13,471.81,0.0,562.5,21.14,52.53,0.14,1009.17,471.34,0.0,0.0,21.1,53.73,0.16,1368.55,472.12,0.0,199.22,0.0,518.06,602.6
184,3,30,11.95,91.5,11.95,91.5,0.7,471.81,21.2,53.4,0.7,471.68,21.2,53.4,0.7,471.68,11.95,91.5,0.7,471.81,11.95,91.5,0.7,471.81,12.53,88.07,0.7,471.81,13.37,83.34,0.7,471.81,21.1,52.58,0.18,2086.54,471.68,0.0,439.44,21.1,52.32,0.1,1098.39,471.61,0.0,188.34,21.1,53.03,0.12,1393.94,471.85,0.0,562.5,21.1,52.01,0.14,895.75,471.56,0.0,0.0,21.1,53.41,0.16,1466.71,472.12,0.0,199.22,0.0,518.06,602.6
184,3,45,11.82,90.75,11.82,90.75,0.7,471.49,21.29,52.84,0.7,471.77,21.29,52.84,0.7,471.77,11.83,90.75,0.7,471.49,11.83,90.75,0.7,471.49,12.41,87.34,0.7,471.49,13.25,82.64,0.7,471.49,21.1,51.75,0.18,2112.89,471.63,0.0,449.28,21.1,51.45,0.1,1115.15,471.6,0.0,192.5,21.1,52.29,0.12,1435.96,471.77,0.0,550.79,21.1,51.12,0.14,490.12,471.58,0.0,0.0,21.1,52.77,0.16,1515.62,471.99,0.0,205.08,0.0,518.06,602.6
184,4,0,11.7,90.0,11.7,90.0,0.7,471.11,21.24,52.52,0.7,471.72,21.24,52.52,0.7,471.72,11.7,90.0,0.7,471.11,11.7,90.0,0.7,471.11,12.28,86.62,0.7,471.11,13.13,81.95,0.7,471.11,21.1,50.89,0.18,2163.9,471.5,0.0,449.28,21.1,50.58,0.1,1141.67,471.45,0.0,192.52,21.1,51.5,0.12,1458.74,471.62,0.0,562.5,21.1,50.25,0.14,1309.86,471.41,0.0,0.0,21.1,52.06,0.16,1564.3,471.82,0.0,199.22,0.0,518.06,602.6
184,4,20,11.82,89.0,11.82,89.0,0.7,466.89,20.94,52.01,0.7,470.49,20.94,52.01,0.7,470.49,11.83,89.0,0.7,466.89,11.83,89.0,0.7,466.89,12.41,85.66,0.7,466.89,13.25,81.05,0.7,466.89,21.1,50.19,0.18,2155.13,469.77,0.0,449.28,21.1,49.9,0.1,1133.61,469.38,0.0,192.54,21.1,50.79,0.12,1468.76,470.34,0.0,550.78,22.06,45.92,0.14,0.0,468.82,0.0,2425.8,21.1,51.39,0.16,1570.19,470.84,0.0,205.08,0.0,518.06,602.6
184,4,35,11.95,88.0,11.95,88.0,0.7,466.9,20.93,51.18,0.7,468.97,20.93,51.18,0.7,468.97,11.95,88.0,0.7,466.9,11.95,88.0,0.7,466.9,12.53,84.7,0.7,466.9,13.38,80.14,0.7,466.9,21.1,49.74,0.18,2084.94,468.46,0.0,449.16,21.1,49.51,0.1,1067.13,468.03,0.0,192.52,21.1,50.26,0.12,1261.07,469.2,0.0,550.78,22.65,44.66,0.14,0.0,467.52,0.0,2414.04,21.1,50.84,0.16,1576.51,469.85,0.0,199.21,0.0,518.06,602.6
184,4,48,12.07,87.0,12.07,87.0,0.7,468.09,21.0,50.41,0.7,468.89,21.0,50.41,0.7,468.89,12.08,87.0,0.7,468.09,12.08,87.0,0.7,468.09,12.66,83.74,0.7,468.09,13.5,79.24,0.7,468.09,21.1,49.48,0.18,1986.83,468.62,0.0,459.0,21.1,49.29,0.1,914.62,468.33,0.0,196.72,21.1,49.96,0.12,750.91,469.2,0.0,550.79,21.38,49.14,0.14,109.43,468.07,0.0,0.0,21.1,50.52,0.16,1553.26,469.77,0.0,199.21,0.0,518.06,602.6
184,5,0,12.2,86.0,12.2,86.0,0.7,470.29,20.99,50.35,0.7,468.83,20.99,50.35,0.7,468.83,12.2,86.0,0.7,470.29,12.2,86.0,0.7,470.29,12.78,82.78,0.7,470.29,13.63,78.34,0.7,470.29,21.1,49.38,0.18,1885.4,469.32,0.0,449.28,21.1,49.2,0.1,667.75,469.21,0.0,192.54,21.12,49.77,0.12,0.0,469.67,0.0,550.78,21.1,49.05,0.14,1288.07,469.17,0.0,0.0,21.1,50.37,0.16,1497.96,470.09,0.0,205.07,0.0,518.06,602.6
184,5,15,12.62,84.75,12.62,84.75,0.7,460.12,20.86,50.65,0.7,469.51,20.86,50.65,0.7,469.51,12.62,84.75,0.7,460.12,12.62,84.75,0.7,460.12,13.21,81.59,0.7,460.12,14.05,77.22,0.7,460.12,21.1,49.32,0.18,1696.55,467.37,0.0,449.16,21.1,49.22,0.1,409.9,466.91,0.0,192.52,21.41,48.71,0.12,0.0,468.14,0.0,550.78,21.1,49.16,0.14,1175.55,466.3,0.0,0.0,21.1,50.12,0.16,1396.35,468.85,0.0,205.07,0.0,518.06,602.6
184,5,37,13.05,83.5,13.05,83.5,0.7,454.12,20.79,50.55,0.7,466.01,20.79,50.55,0.7,466.01,13.05,83.5,0.7,454.12,13.05,83.5,0.7,454.12,13.63,80.4,0.7,454.12,14.48,76.11,0.7,454.12,21.1,49.58,0.18,1499.98,462.94,0.0,449.28,21.1,49.59,0.1,128.51,461.71,0.0,192.53,21.89,47.03,0.12,0.0,464.78,0.0,550.79,21.1,49.67,0.14,1187.52,460.03,0.0,0.0,21.1,50.06,0.16,1295.23,466.23,0.0,199.21,0.0,518.06,602.6
184,5,50,13.48,82.25,13.48,82.25,0.7,456.91,20.98,50.0,0.7,463.25,20.98,50.0,0.7,463.25,13.47,82.25,0.7,456.91,13.0,84.02,0.7,456.91,13.58,80.89,0.7,456.91,14.43,76.58,0.7,456.91,21.1,49.82,0.18,1414.05,461.8,0.0,449.16,21.31,49.04,0.1,0.0,460.68,0.0,192.52,22.55,45.05,0.12,0.0,463.65,0.0,550.78,21.1,49.99,0.14,368.12,459.31,0.0,0.0,21.1,50.1,0.16,1262.08,465.21,0.0,199.21,115.54,518.06,602.6
184,6,5,13.9,81.0,13.9,81.0,0.7,454.5,21.04,50.06,0.7,460.18,21.04,50.06,0.7,460.18,13.9,81.0,0.7,454.5,13.0,84.31,0.7,454.5,13.58,81.17,0.7,454.5,14.43,76.84,0.7,454.5,21.1,50.1,0.18,1249.23,458.68,0.0,449.28,21.78,47.75,0.1,0.0,457.55,0.0,192.53,23.3,43.32,0.12,0.0,460.75,0.0,550.78,21.1,50.29,0.14,523.42,456.34,0.0,0.0,21.1,50.19,0.16,1177.57,462.64,0.0,199.22,219.65,518.06,602.6
184,6,18,14.45,78.75,14.45,78.75,0.7,451.89,21.17,49.87,0.7,457.91,21.17,49.87,0.7,457.91,14.45,78.75,0.7,451.89,13.0,83.96,0.7,451.89,13.58,80.84,0.7,451.89,14.43,76.52,0.7,451.89,21.1,50.14,0.18,1092.43,456.64,0.0,449.16,22.39,45.93,0.1,0.0,455.39,0.0,192.52,23.97,41.57,0.12,0.0,458.92,0.0,550.79,22.71,44.31,0.14,0.0,454.06,0.0,2437.56,21.1,50.21,0.16,1087.15,461.05,0.0,199.22,354.08,518.06,602.6
184,6,33,15.0,76.5,15.0,76.5,0.7,450.9,21.35,49.38,0.7,456.71,21.35,49.38,0.7,456.71,15.0,76.5,0.7,450.9,13.0,83.52,0.7,450.9,13.58,80.41,0.7,450.9,14.43,76.12,0.7,450.9,21.1,50.08,0.18,923.32,455.26,0.0,449.28,23.1,43.82,0.1,0.0,454.02,0.0,192.54,24.63,39.93,0.12,0.0,457.58,0.0,539.06,23.6,42.54,0.14,0.0,452.75,0.0,2414.04,21.1,50.18,0.16,972.94,459.83,0.0,205.08,488.45,518.06,602.6
184,6,47,15.55,74.25,15.55,74.25,0.7,450.49,21.44,49.05,0.7,455.19,21.44,49.05,0.7,455.19,15.55,74.25,0.7,450.49,13.0,83.0,0.7,450.49,13.58,79.92,0.7,450.49,14.43,75.65,0.7,450.49,21.1,49.95,0.18,752.44,454.02,0.0,449.16,23.82,41.85,0.1,0.0,452.87,0.0,192.54,25.19,38.64,0.12,0.0,456.26,0.0,539.06,21.62,49.88,0.14,19.52,451.8,0.0,0.0,21.1,50.1,0.16,897.17,458.56,0.0,199.21,619.76,518.06,602.6
184,7,5,16.1,72.0,16.1,72.0,0.7,450.7,21.57,48.66,0.7,454.98,21.57,48.66,0.7,454.98,16.1,72.0,0.7,450.7,13.0,82.45,0.7,450.7,13.58,79.38,0.7,450.7,14.43,75.15,0.7,450.7,21.1,49.78,0.18,580.78,453.54,0.0,449.16,24.54,39.87,0.1,0.0,452.5,0.0,192.52,25.67,37.53,0.12,0.0,455.65,0.0,550.79,21.12,49.62,0.14,516.9,451.59,0.0,0.0,21.1,50.01,0.16,758.29,457.91,0.0,199.21,743.1,518.06,602.6
184,7,20,16.38,70.25,16.38,70.25,0.7,451.31,21.74,47.96,0.7,453.57,21.74,47.96,0.7,453.57,16.38,70.25,0.7,451.31,13.0,81.42,0.7,451.31,13.58,78.39,0.7,451.31,14.43,74.2,0.7,451.31,21.1,49.37,0.18,422.4,452.48,0.0,449.28,25.29,37.86,0.1,0.0,451.8,0.0,192.54,26.06,36.58,0.12,0.0,454.15,0.0,539.06,21.1,49.1,0.14,612.52,451.35,0.0,35.16,21.1,49.74,0.16,645.4,456.22,0.0,199.21,803.46,518.06,602.6
184,7,35,16.65,68.5,16.65,68.5,0.7,452.3,21.94,47.03,0.7,453.1,21.94,47.03,0.7,453.1,16.65,68.5,0.7,452.3,13.0,80.35,0.7,452.3,13.58,77.36,0.7,452.3,14.43,73.23,0.7,452.3,21.1,48.87,0.18,214.33,452.34,0.0,468.72,26.04,35.77,0.1,0.0,452.01,0.0,200.89,26.37,35.6,0.12,0.0,453.49,0.0,585.94,21.1,48.51,0.14,642.9,451.9,0.0,0.0,21.1,49.39,0.16,451.1,455.2,0.0,199.22,862.99,518.06,602.6
184,7,50,16.92,66.75,16.92,66.75,0.7,453.1,22.15,46.0,0.7,453.15,22.15,46.0,0.7,453.15,16.92,66.75,0.7,453.1,13.0,79.24,0.7,453.1,13.58,76.29,0.7,453.1,14.43,72.22,0.7,453.1,21.1,48.29,0.18,41.56,452.64,0.0,478.56,26.73,33.95,0.1,0.0,452.54,0.0,205.08,26.56,34.95,0.12,0.0,453.32,0.0,574.22,21.1,47.87,0.14,623.34,452.63,0.0,0.0,21.1,48.96,0.16,326.95,454.65,0.0,199.22,921.7,518.06,602.6
184,8,5,17.2,65.0,17.2,65.0,0.7,454.1,22.36,44.93,0.7,453.49,22.36,44.93,0.7,453.49,17.2,65.0,0.7,454.1,13.0,78.1,0.7,454.1,13.58,75.19,0.7,454.1,14.43,71.18,0.7,454.1,21.15,47.47,0.18,0.0,453.23,0.0,468.72,27.35,32.34,0.1,0.0,453.31,0.0,200.89,26.61,34.48,0.12,0.0,453.53,0.0,585.94,21.1,47.2,0.14,588.45,453.52,0.0,0.0,21.1,48.47,0.16,213.69,454.48,0.0,199.22,979.62,518.06,602.6
184,8,17,17.47,64.0,17.47,64.0,0.7,455.69,22.68,43.53,0.7,454.32,22.68,43.53,0.7,454.32,17.47,64.0,0.7,455.69,13.0,77.83,0.7,455.69,13.58,74.93,0.7,455.69,14.43,70.93,0.7,455.69,21.25,46.79,0.18,0.0,454.12,0.0,468.72,27.88,31.14,0.1,0.0,454.37,0.0,200.89,26.57,34.39,0.12,0.0,454.25,1.0,574.22,23.03,40.42,0.14,0.0,454.74,0.0,2402.28,21.1,48.16,0.16,108.89,454.81,0.0,199.22,1036.94,518.06,602.6
184,8,33,17.75,63.0,17.75,63.0,0.7,459.28,22.86,42.84,0.7,455.61,22.86,42.84,0.7,455.61,17.75,63.0,0.7,459.28,13.0,77.54,0.7,459.28,13.58,74.65,0.7,459.28,14.43,70.66,0.7,459.28,21.4,46.1,0.18,0.0,455.87,0.0,478.44,28.38,30.1,0.1,0.0,456.46,0.0,205.06,26.44,34.51,0.12,0.0,455.56,1.0,562.5,21.53,46.66,0.14,323.37,457.2,0.0,0.0,21.1,47.93,0.16,89.14,455.68,0.0,199.22,1093.52,518.06,602.6
184,8,52,18.03,62.0,18.03,62.0,0.7,461.46,22.98,42.43,0.7,455.9,22.98,42.43,0.7,455.9,18.03,62.0,0.7,461.46,13.0,77.23,0.7,461.46,13.58,74.35,0.7,461.46,14.43,70.38,0.7,461.46,21.54,45.52,0.18,0.0,457.02,0.0,468.72,28.78,29.36,0.1,0.0,457.78,0.0,200.9,26.25,34.76,0.12,0.0,456.47,1.0,574.22,21.13,46.47,0.14,296.69,458.69,0.0,0.0,21.1,47.71,0.16,15.63,456.34,0.0,199.22,1149.38,518.06,602.6
184,9,7,18.3,61.0,18.3,61.0,0.7,462.28,23.16,41.67,0.7,458.4,23.16,41.67,0.7,458.4,18.3,61.0,0.7,462.28,13.0,76.9,0.7,462.28,13.58,74.03,0.7,462.28,14.43,70.08,0.7,462.28,21.7,44.78,0.18,0.0,459.37,0.0,478.56,29.1,28.69,0.1,0.0,460.22,0.0,205.08,26.0,35.02,0.12,0.0,458.51,1.0,574.22,21.1,46.23,0.14,291.66,461.06,0.0,0.0,21.12,47.28,0.16,0.0,457.79,0.0,199.22,1204.53,518.06,602.6
184,9,17,18.73,59.5,18.73,59.5,0.7,466.09,23.52,40.31,0.7,461.36,23.52,40.31,0.7,461.36,18.73,59.5,0.7,466.09,13.0,76.41,0.7,466.09,13.58,73.56,0.7,466.09,14.43,69.64,0.7,466.09,21.83,44.12,0.18,0.0,461.8,0.0,468.72,29.31,28.19,0.1,0.0,462.89,0.0,200.88,25.74,35.41,0.12,0.0,460.55,1.0,574.22,23.26,38.94,0.14,0.0,464.36,2.0,2378.88,21.15,46.88,0.16,0.0,459.43,1.0,199.22,1288.43,518.06,602.6
184,9,33,19.15,58.0,19.15,58.0,0.7,467.51,23.76,39.61,0.7,462.43,23.76,39.61,0.7,462.43,19.15,58.0,0.7,467.51,13.0,75.88,0.7,467.51,13.58,73.05,0.7,467.51,14.43,69.15,0.7,467.51,21.98,43.49,0.18,0.0,463.19,0.0,459.0,29.44,27.85,0.1,0.0,464.35,0.0,196.69,25.54,35.58,0.12,0.0,461.78,1.0,714.84,21.72,45.65,0.14,186.21,466.31,4.0,0.0,21.34,45.9,0.16,0.0,460.44,1.0,410.15,1370.93,518.06,602.6
184,9,50,19.57,56.5,19.57,56.5,0.7,470.24,23.93,39.05,0.7,463.78,23.93,39.05,0.7,463.78,19.58,56.5,0.7,470.24,13.0,75.3,0.7,470.24,13.58,72.49,0.7,470.24,14.43,68.62,0.7,470.24,22.13,42.83,0.18,0.0,465.02,0.0,468.72,29.49,27.65,0.1,0.0,466.35,0.0,200.9,25.35,35.81,0.12,0.0,463.34,1.0,714.85,21.17,45.39,0.14,50.38,468.75,5.0,0.0,21.52,45.22,0.16,0.0,461.72,1.0,404.3,1451.67,518.06,602.6
184,10,0,20.0,55.0,20.0,55.0,0.7,470.49,23.93,38.95,0.7,464.91,23.93,38.95,0.7,464.91,20.0,55.0,0.7,470.49,13.0,74.66,0.7,470.49,13.58,71.88,0.7,470.49,14.43,68.04,0.7,470.49,22.28,42.34,0.18,0.0,466.09,0.0,468.72,29.44,27.59,0.1,0.0,467.35,0.0,200.9,25.16,35.91,0.12,0.0,464.41,1.0,703.12,21.1,45.15,0.14,97.74,469.86,6.0,0.0,21.67,44.77,0.16,0.0,462.86,6.0,410.16,1530.9,518.06,602.6
184,10,15,20.7,50.75,20.7,50.75,0.7,472.48,24.11,38.4,0.7,466.0,24.11,38.4,0.7,466.0,20.7,50.75,0.7,472.48,13.0,71.03,0.7,472.48,13.58,68.38,0.7,472.48,14.43,64.73,0.7,472.48,22.46,41.11,0.18,0.0,468.5,0.0,468.84,29.31,27.22,0.1,0.0,469.64,0.0,200.89,25.06,35.56,0.12,0.0,466.81,1.0,714.84,21.1,44.09,0.14,54.1,472.28,6.0,35.16,21.78,43.87,0.16,0.0,465.12,1.0,410.15,1656.94,518.06,602.6
184,10,31,21.4,46.5,21.4,46.5,0.7,473.28,24.67,35.71,0.7,470.09,24.67,35.71,0.7,470.09,21.4,46.5,0.7,473.28,13.0,67.1,0.7,473.28,13.58,64.6,0.7,473.28,14.43,61.14,0.7,473.28,22.69,38.65,0.18,0.0,470.45,0.0,468.72,29.11,26.27,0.1,0.0,471.45,0.0,200.89,25.08,34.28,0.12,0.0,469.19,4.0,808.6,23.5,34.62,0.14,0.0,474.04,6.0,2402.4,21.92,42.13,0.16,0.0,467.0,1.0,603.52,1778.79,518.06,602.6
184,10,46,22.1,42.25,22.1,42.25,0.7,474.1,25.33,33.29,0.7,471.18,25.33,33.29,0.7,471.18,22.1,42.25,0.7,474.1,13.0,62.86,0.7,474.1,13.58,60.51,0.7,474.1,14.43,57.27,0.7,474.1,23.02,36.27,0.18,0.0,471.47,0.0,468.72,28.82,25.52,0.1,0.0,472.41,0.0,200.88,25.1,33.12,0.12,0.0,470.39,4.0,808.6,25.62,28.87,0.14,0.0,474.97,6.0,2402.28,22.06,40.68,0.16,0.0,468.14,3.0,603.52,1896.61,518.06,602.6
184,11,2,22.8,38.0,22.8,38.0,0.7,474.08,25.69,31.64,0.7,471.7,25.69,31.64,0.7,471.7,22.8,38.0,0.7,474.08,13.0,58.29,0.7,474.08,13.58,56.11,0.7,474.08,14.43,53.11,0.7,474.08,23.43,33.61,0.18,0.0,472.03,0.0,468.84,28.46,24.66,0.1,0.0,472.85,0.0,200.9,25.16,31.7,0.12,0.0,471.17,4.0,808.6,27.21,25.09,0.14,0.0,475.29,6.0,2437.56,22.2,39.06,0.16,0.0,468.84,2.0,609.37,2010.35,518.06,602.6
184,11,22,22.93,38.75,22.93,38.75,0.7,474.48,25.79,31.31,0.7,471.49,25.79,31.31,0.7,471.49,22.93,38.75,0.7,474.48,13.0,59.75,0.7,474.48,13.58,57.52,0.7,474.48,14.43,54.44,0.7,474.48,23.91,32.16,0.18,0.0,472.3,0.0,468.72,28.02,24.96,0.1,0.0,473.1,0.0,200.9,25.21,31.08,0.12,0.0,471.51,4.0,808.6,27.44,25.12,0.14,0.0,475.06,3.0,2414.04,22.34,38.17,0.16,0.0,469.31,5.0,603.52,2031.81,518.06,602.6
184,11,31,23.05,39.5,23.05,39.5,0.7,474.88,25.86,29.45,0.7,472.98,25.86,29.45,0.7,472.98,23.05,39.5,0.7,474.88,13.0,61.23,0.7,474.88,13.58,58.95,0.7,474.88,14.43,55.79,0.7,474.88,24.41,30.73,0.18,0.0,473.2,0.0,459.0,27.55,25.51,0.1,0.0,473.87,0.0,196.72,25.27,30.4,0.12,0.0,472.69,4.0,820.32,24.59,31.51,0.14,0.0,475.7,4.0,0.0,22.4,37.34,0.16,0.0,470.56,5.0,404.29,2053.48,518.06,602.6
184,11,47,23.18,40.25,23.18,40.25,0.7,475.69,25.98,28.96,0.7,473.64,25.98,28.96,0.7,473.64,23.18,40.25,0.7,475.69,13.0,62.72,0.7,475.69,13.58,60.38,0.7,475.69,14.43,57.15,0.7,475.69,24.94,29.82,0.18,0.0,473.9,0.0,468.72,27.04,26.5,0.1,0.0,474.54,0.0,200.9,25.31,30.2,0.12,0.0,473.49,4.0,820.32,23.45,32.8,0.14,0.0,476.35,4.0,0.0,22.47,36.91,0.16,0.0,471.38,5.0,404.29,2074.97,518.06,602.6
184,12,7,23.3,41.0,23.3,41.0,0.7,471.69,26.1,28.71,0.7,472.9,26.1,28.71,0.7,472.9,23.3,41.0,0.7,471.69,13.0,64.23,0.7,471.69,13.58,61.83,0.7,471.69,14.43,58.52,0.7,471.69,25.48,29.08,0.18,0.0,472.7,0.0,468.72,26.51,27.57,0.1,0.0,473.03,0.0,200.9,25.35,30.14,0.12,0.0,472.83,5.0,820.31,22.88,34.15,0.14,0.0,474.71,6.0,0.0,22.54,36.63,0.16,0.0,470.68,0.0,404.29,2096.48,518.06,602.6
184,12,22,23.58,41.5,23.58,41.5,0.7,470.11,26.42,28.02,0.7,472.25,26.42,28.02,0.7,472.25,23.57,41.5,0.7,470.11,13.0,65.77,0.7,470.11,13.58,63.32,0.7,470.11,14.43,59.93,0.7,470.11,26.03,28.56,0.18,0.0,471.68,0.0,459.0,26.01,28.88,0.1,0.0,471.61,0.0,196.72,25.38,30.15,0.12,0.0,472.48,3.0,820.32,23.41,33.33,0.14,0.0,472.62,3.0,0.0,22.62,36.29,0.16,0.0,470.63,0.0,404.29,2142.12,518.06,602.6
184,12,37,23.85,42.0,23.85,42.0,0.7,472.46,26.64,27.79,0.7,471.69,26.64,27.79,0.7,471.69,23.85,42.0,0.7,472.46,13.0,67.34,0.7,472.46,13.58,64.83,0.7,472.46,14.43,61.37,0.7,472.46,26.54,28.2,0.18,0.0,471.73,0.0,478.56,25.6,30.21,0.1,0.0,471.72,0.0,205.08,25.43,30.36,0.12,0.0,472.51,2.0,832.03,23.14,35.38,0.14,0.0,472.71,3.0,0.0,22.77,36.01,0.16,0.0,470.91,0.0,597.66,2187.54,518.06,602.6
184,12,52,24.12,42.5,24.12,42.5,0.7,475.87,26.77,27.91,0.7,472.62,26.77,27.91,0.7,472.62,24.12,42.5,0.7,475.87,13.0,68.94,0.7,475.87,13.58,66.37,0.7,475.87,14.43,62.82,0.7,475.87,27.04,27.97,0.18,0.0,473.25,0.0,478.56,25.28,31.46,0.1,0.0,473.55,0.0,205.08,25.49,30.7,0.12,0.0,473.58,2.0,832.03,22.71,36.95,0.14,0.0,475.28,5.0,0.0,22.91,36.02,0.16,0.0,472.18,5.0,603.52,2232.79,518.06,602.6
184,13,7,24.4,43.0,24.4,43.0,0.7,476.66,26.95,28.05,0.7,474.39,26.95,28.05,0.7,474.39,24.4,43.0,0.7,476.66,13.0,70.56,0.7,476.66,13.58,67.93,0.7,476.66,14.43,64.3,0.7,476.66,27.5,27.85,0.18,0.0,474.77,0.0,478.56,25.06,32.59,0.1,0.0,475.2,0.0,205.08,25.56,31.11,0.12,0.0,474.9,3.0,832.03,22.6,38.0,0.14,0.0,477.38,6.0,0.0,23.03,36.23,0.16,0.0,473.57,4.0,603.52,2277.89,518.06,602.6
184,13,22,24.12,43.5,24.12,43.5,0.7,478.08,27.16,28.22,0.7,475.81,27.16,28.22,0.7,475.81,24.12,43.5,0.7,478.08,13.0,70.55,0.7,478.08,13.58,67.92,0.7,478.08,14.43,64.29,0.7,478.08,27.9,27.64,0.18,0.0,476.14,0.0,478.56,24.9,33.36,0.1,0.0,476.59,0.0,205.08,25.63,31.43,0.12,0.0,476.21,3.0,832.03,22.63,38.33,0.14,0.0,478.74,5.0,0.0,23.13,36.43,0.16,0.0,474.89,4.0,603.52,2234.66,518.06,602.6
184,13,37,23.85,44.0,23.85,44.0,0.7,478.48,27.36,28.36,0.7,477.01,27.36,28.36,0.7,477.01,23.85,44.0,0.7,478.48,13.0,70.53,0.7,478.48,13.58,67.9,0.7,478.48,14.43,64.27,0.7,478.48,28.22,27.36,0.18,0.0,477.18,0.0,459.0,24.78,33.78,0.1,0.0,477.57,0.0,196.7,25.73,31.54,0.12,0.0,477.21,2.0,843.74,22.78,38.04,0.14,0.0,479.55,5.0,0.0,23.29,36.32,0.16,0.0,476.04,4.0,814.45,2191.01,518.06,602.6
184,13,48,23.58,44.5,23.58,44.5,0.7,479.7,27.86,27.91,0.7,478.13,27.86,27.91,0.7,478.13,23.57,44.5,0.7,479.7,13.0,70.49,0.7,479.7,13.58,67.86,0.7,479.7,14.43,64.24,0.7,479.7,28.52,26.95,0.18,0.0,478.0,0.0,468.84,24.67,34.09,0.1,0.0,478.44,0.0,200.89,25.79,31.59,0.12,0.0,478.34,6.0,855.47,23.88,35.04,0.14,0.0,481.05,8.0,0.0,23.43,36.16,0.16,0.0,476.78,4.0,820.32,2146.93,518.06,602.6
184,14,7,23.3,45.0,23.3,45.0,0.7,481.3,27.91,27.88,0.7,478.31,27.91,27.88,0.7,478.31,23.3,45.0,0.7,481.3,13.0,70.45,0.7,481.3,13.58,67.82,0.7,481.3,14.43,64.2,0.7,481.3,28.81,26.57,0.18,0.0,478.69,0.0,459.0,24.55,34.37,0.1,0.0,479.21,0.0,196.72,25.8,31.67,0.12,0.0,478.9,5.0,843.76,24.09,35.27,0.14,0.0,482.2,9.0,0.0,23.58,36.0,0.16,0.0,477.3,5.0,814.45,2102.4,518.06,602.6
184,14,16,23.45,45.25,23.45,45.25,0.7,484.71,28.24,27.55,0.7,481.25,28.24,27.55,0.7,481.25,23.45,45.25,0.7,484.71,13.0,71.29,0.7,484.71,13.58,68.63,0.7,484.71,14.43,64.97,0.7,484.71,29.06,26.36,0.18,0.0,481.09,0.0,459.0,24.44,34.83,0.1,0.0,481.84,0.0,196.69,25.8,31.89,0.12,0.0,481.02,5.0,843.74,26.8,29.03,0.14,0.0,484.95,7.0,2449.2,23.69,35.97,0.16,0.0,479.06,4.0,814.45,2127.74,518.06,602.6
184,14,32,23.6,45.5,23.6,45.5,0.7,485.53,28.53,27.23,0.7,482.43,28.53,27.23,0.7,482.43,23.6,45.5,0.7,485.53,13.0,72.14,0.7,485.53,13.58,69.45,0.7,485.53,14.43,65.74,0.7,485.53,29.28,26.24,0.18,0.0,482.27,0.0,459.0,24.34,35.34,0.1,0.0,483.04,0.0,196.72,25.75,32.24,0.12,0.0,482.16,5.0,773.44,28.48,27.09,0.14,0.0,486.53,9.0,2414.04,23.8,35.96,0.16,0.0,480.13,5.0,808.6,2153.03,518.06,602.6
184,14,48,23.75,45.75,23.75,45.75,0.7,483.48,28.64,27.16,0.7,482.28,28.64,27.16,0.7,482.28,23.75,45.75,0.7,483.48,13.0,72.99,0.7,483.48,13.58,70.27,0.7,483.48,14.43,66.52,0.7,483.48,29.42,26.29,0.18,0.0,482.06,0.0,468.72,24.27,35.8,0.1,0.0,482.63,0.0,200.9,25.74,32.5,0.12,0.0,482.25,5.0,773.44,27.17,31.02,0.14,0.0,485.81,9.0,35.16,23.91,35.97,0.16,0.0,480.3,4.0,814.45,2178.27,518.06,602.6
184,15,5,23.9,46.0,23.9,46.0,0.7,484.27,28.67,27.26,0.7,482.66,28.67,27.26,0.7,482.66,23.9,46.0,0.7,484.27,13.0,73.86,0.7,484.27,13.58,71.1,0.7,484.27,14.43,67.31,0.7,484.27,29.47,26.51,0.18,0.0,482.65,0.0,468.72,24.21,36.28,0.1,0.0,483.2,0.0,200.9,25.74,32.77,0.12,0.0,482.89,5.0,773.44,26.68,31.58,0.14,0.0,486.04,7.0,0.0,24.0,36.06,0.16,0.0,480.74,1.0,808.6,2203.47,518.06,602.6
184,15,15,23.9,46.0,23.9,46.0,0.7,479.13,28.66,27.4,0.7,483.01,28.66,27.4,0.7,483.01,23.9,46.0,0.7,479.13,13.0,73.85,0.7,479.13,13.58,71.1,0.7,479.13,14.43,67.3,0.7,479.13,29.42,26.72,0.18,0.0,481.69,0.0,468.84,24.15,36.54,0.1,0.0,481.94,0.0,200.89,25.74,32.94,0.12,0.0,482.38,5.0,773.44,26.7,31.5,0.14,0.0,484.25,7.0,0.0,24.09,36.14,0.16,0.0,480.4,1.0,808.6,2203.74,518.06,602.6
184,15,30,23.9,46.0,23.9,46.0,0.7,479.68,28.7,27.49,0.7,482.06,28.7,27.49,0.7,482.06,23.9,46.0,0.7,479.68,13.0,73.85,0.7,479.68,13.58,71.1,0.7,479.68,14.43,67.3,0.7,479.68,29.33,27.07,0.18,0.0,480.83,0.0,439.44,24.12,36.84,0.1,0.0,480.79,0.0,188.34,25.76,33.18,0.12,0.0,482.09,5.0,832.03,26.9,31.27,0.14,0.0,482.66,7.0,0.0,24.02,36.62,0.16,0.0,480.29,1.0,398.45,2204.01,518.06,602.6
184,15,48,23.9,46.0,23.9,46.0,0.7,482.71,29.0,27.46,0.7,481.99,29.0,27.46,0.7,481.99,23.9,46.0,0.7,482.71,13.0,73.85,0.7,482.71,13.58,71.1,0.7,482.71,14.43,67.3,0.7,482.71,29.2,27.46,0.18,0.0,481.68,0.0,449.16,24.08,37.07,0.1,0.0,481.81,0.0,192.53,25.74,33.43,0.12,0.0,482.83,5.0,820.31,27.99,28.85,0.14,0.0,484.08,7.0,0.0,23.97,37.04,0.16,0.0,480.92,1.0,404.3,2204.29,518.06,602.6
184,16,1,23.9,46.0,23.9,46.0,0.7,483.69,29.06,27.51,0.7,482.89,29.06,27.51,0.7,482.89,23.9,46.0,0.7,483.69,13.0,73.85,0.7,483.69,13.58,71.1,0.7,483.69,14.43,67.3,0.7,483.69,29.0,27.84,0.18,0.0,482.49,1.0,449.16,24.02,37.25,0.1,0.0,482.83,1.0,192.5,25.72,33.58,0.12,0.0,483.46,5.0,832.02,30.53,24.48,0.14,0.0,485.01,7.0,2367.24,23.95,37.2,0.16,0.0,481.53,2.0,404.29,2204.56,518.06,602.6
184,16,17,23.9,46.5,23.9,46.5,0.7,484.29,29.13,27.49,0.7,483.35,29.13,27.49,0.7,483.35,23.9,46.5,0.7,484.29,13.0,74.65,0.7,484.29,13.58,71.86,0.7,484.29,14.43,68.03,0.7,484.29,28.76,28.39,0.18,0.0,483.07,1.0,449.16,23.94,37.64,0.1,0.0,483.7,2.0,192.52,25.66,33.87,0.12,0.0,483.74,3.0,820.31,31.99,23.11,0.14,0.0,485.47,6.0,2449.2,23.94,37.39,0.16,0.0,481.93,1.0,398.44,2205.43,518.06,602.6
184,16,34,23.9,47.0,23.9,47.0,0.7,487.28,29.24,27.36,0.7,484.21,29.24,27.36,0.7,484.21,23.9,47.0,0.7,487.28,13.0,75.44,0.7,487.28,13.58,72.63,0.7,487.28,14.43,68.75,0.7,487.28,28.73,28.49,0.18,0.0,484.48,1.0,703.08,24.08,37.41,0.1,0.0,485.38,2.0,301.33,25.55,34.33,0.12,0.0,484.78,3.0,726.56,32.85,22.35,0.14,0.0,487.59,7.0,2414.04,24.08,37.12,0.16,0.0,482.8,1.0,814.45,2206.32,518.06,602.6
184,16,52,23.9,47.5,23.9,47.5,0.7,486.05,29.29,27.37,0.7,484.34,29.29,27.37,0.7,484.34,23.9,47.5,0.7,486.05,13.0,76.24,0.7,486.05,13.58,73.4,0.7,486.05,14.43,69.48,0.7,486.05,28.56,29.05,0.18,0.0,484.53,1.0,703.08,24.15,37.62,0.1,0.0,485.38,2.0,301.33,25.44,34.73,0.12,0.0,485.05,5.0,738.28,33.38,21.99,0.14,0.0,487.54,8.0,2437.56,24.2,37.13,0.16,0.0,482.96,1.0,814.45,2207.22,518.06,602.6
184,17,3,23.9,48.0,23.9,48.0,0.7,482.17,29.44,27.46,0.7,483.99,29.44,27.46,0.7,483.99,23.9,48.0,0.7,482.17,13.0,77.03,0.7,482.17,13.58,74.17,0.7,482.17,14.43,70.21,0.7,482.17,28.27,29.92,0.18,0.0,483.42,1.0,703.08,24.14,38.07,0.1,0.0,483.99,2.0,301.33,25.33,35.28,0.12,0.0,484.35,4.0,726.56,32.0,24.68,0.14,0.0,485.33,7.0,35.16,24.26,37.29,0.16,0.0,482.67,2.0,808.6,2208.14,518.06,602.6
184,17,17,24.02,48.0,24.02,48.0,0.7,487.66,29.04,28.33,0.7,485.75,29.04,28.33,0.7,485.75,24.03,48.0,0.7,487.66,13.0,77.44,0.7,487.66,13.58,74.56,0.7,487.66,14.43,70.58,0.7,487.66,27.9,30.8,0.18,0.0,485.54,1.0,712.92,24.09,38.45,0.1,0.0,486.51,2.0,305.52,25.21,35.74,0.12,0.0,485.94,4.0,726.56,30.57,26.87,0.14,0.0,488.45,7.0,0.0,24.31,37.42,0.16,0.0,484.1,4.0,814.46,2228.67,518.06,602.6
184,17,33,24.15,48.0,24.15,48.0,0.7,480.09,28.87,28.74,0.7,483.81,28.87,28.74,0.7,483.81,24.15,48.0,0.7,480.09,13.0,77.85,0.7,480.09,13.58,74.95,0.7,480.09,14.43,70.95,0.7,480.09,27.47,31.81,0.18,0.0,482.87,1.0,712.8,24.01,38.89,0.1,0.0,483.27,2.0,305.52,25.08,36.25,0.12,0.0,484.0,3.0,726.56,29.6,28.4,0.14,0.0,484.37,8.0,0.0,24.18,38.09,0.16,0.0,482.75,2.0,404.29,2249.14,518.06,602.6
184,17,47,24.27,48.0,24.27,48.0,0.7,477.71,28.77,29.14,0.7,482.01,28.77,29.14,0.7,482.01,24.27,48.0,0.7,477.71,13.0,78.26,0.7,477.71,13.58,75.35,0.7,477.71,14.43,71.33,0.7,477.71,27.0,32.9,0.18,0.0,481.13,0.0,712.92,23.91,39.37,0.1,0.0,481.38,2.0,305.53,24.94,36.78,0.12,0.0,482.76,3.0,738.28,31.37,24.8,0.14,0.0,481.36,4.0,2472.72,24.06,38.59,0.16,0.0,481.91,2.0,410.16,2269.56,518.06,602.6
184,18,5,24.4,48.0,24.4,48.0,0.7,475.9,28.67,29.39,0.7,481.33,28.67,29.39,0.7,481.33,24.4,48.0,0.7,475.9,13.0,78.67,0.7,475.9,13.58,75.75,0.7,475.9,14.43,71.7,0.7,475.9,26.53,34.03,0.18,0.0,479.95,1.0,703.08,23.79,39.89,0.1,0.0,479.98,2.0,301.33,24.79,37.34,0.12,0.0,481.87,4.0,726.56,31.97,24.65,0.14,0.0,479.48,3.0,2425.8,23.95,39.02,0.16,0.0,481.2,2.0,404.3,2289.93,518.06,602.6
184,18,22,24.12,49.0,24.12,49.0,0.7,474.48,28.58,29.66,0.7,480.85,28.58,29.66,0.7,480.85,24.13,49.0,0.7,474.48,13.0,79.37,0.7,474.48,13.58,76.42,0.7,474.48,14.43,72.34,0.7,474.48,26.03,35.22,0.18,0.0,479.03,2.0,703.2,23.65,40.5,0.1,0.0,478.88,2.0,301.34,24.61,37.96,0.12,0.0,480.97,3.0,726.56,31.84,25.22,0.14,0.0,478.37,4.0,2425.68,23.85,39.48,0.16,0.0,480.6,3.0,404.29,2247.37,518.06,602.6
184,18,37,23.85,50.0,23.85,50.0,0.7,471.71,28.4,30.21,0.7,478.11,28.4,30.21,0.7,478.11,23.85,50.0,0.7,471.71,13.0,80.04,0.7,471.71,13.58,77.06,0.7,471.71,14.43,72.95,0.7,471.71,25.65,36.27,0.18,0.0,476.22,3.0,810.48,23.58,41.02,0.1,0.0,475.74,2.0,347.36,24.33,39.05,0.12,0.0,478.39,3.0,562.5,31.41,26.12,0.14,0.0,474.84,3.0,2437.56,23.71,40.21,0.16,0.0,478.62,2.0,404.3,2204.3,518.06,602.6
184,18,52,23.58,51.0,23.58,51.0,0.7,471.91,28.3,30.66,0.7,475.84,28.3,30.66,0.7,475.84,23.58,51.0,0.7,471.91,13.0,80.68,0.7,471.91,13.58,77.68,0.7,471.91,14.43,73.54,0.7,471.91,25.32,37.36,0.18,0.0,474.5,3.0,810.48,23.48,41.67,0.1,0.0,474.04,2.0,347.36,24.08,39.98,0.12,0.0,476.41,2.0,574.21,31.78,25.47,0.14,0.0,473.68,5.0,2437.44,23.58,40.92,0.16,0.0,477.03,3.0,404.29,2160.7,518.06,602.6
184,19,7,23.3,52.0,23.3,52.0,0.7,470.89,28.08,31.36,0.7,474.53,28.08,31.36,0.7,474.53,23.3,52.0,0.7,470.89,13.0,81.3,0.7,470.89,13.58,78.28,0.7,470.89,14.43,74.1,0.7,470.89,24.97,38.45,0.18,0.0,473.29,3.0,800.76,23.34,42.38,0.1,0.0,473.12,3.0,343.2,23.85,40.9,0.12,0.0,474.86,2.0,562.5,31.15,27.16,0.14,0.0,472.69,3.0,2390.64,23.46,41.6,0.16,0.0,475.61,1.0,404.3,2116.57,518.06,602.6
184,19,16,23.03,53.25,23.03,53.25,0.7,468.31,27.46,33.04,0.7,472.37,27.46,33.04,0.7,472.37,23.02,53.25,0.7,468.31,13.0,82.28,0.7,468.31,13.58,79.21,0.7,468.31,14.43,74.99,0.7,468.31,24.66,39.61,0.18,0.0,471.6,3.0,810.6,23.19,43.21,0.1,0.0,471.4,3.0,347.38,23.64,41.85,0.12,0.0,473.26,2.0,562.5,27.76,34.67,0.14,0.0,470.55,3.0,0.0,23.35,42.29,0.16,0.0,474.12,0.0,404.3,2072.07,518.06,602.6
184,19,31,22.75,54.5,22.75,54.5,0.7,468.89,27.23,33.73,0.7,471.96,27.23,33.73,0.7,471.96,22.75,54.5,0.7,468.89,13.0,83.22,0.7,468.89,13.58,80.12,0.7,468.89,14.43,75.85,0.7,468.89,24.67,39.68,0.18,0.0,471.26,3.0,996.12,23.31,43.08,0.1,0.0,470.97,2.0,426.9,23.39,42.84,0.12,0.0,472.75,2.0,562.5,25.51,39.19,0.14,0.0,470.45,3.0,0.0,23.24,42.84,0.16,0.0,473.54,0.0,404.3,2027.01,518.06,602.6
184,19,48,22.47,55.75,22.47,55.75,0.7,468.7,26.96,34.46,0.7,471.59,26.96,34.46,0.7,471.59,22.47,55.75,0.7,468.7,13.0,84.12,0.7,468.7,13.58,81.0,0.7,468.7,14.42,76.68,0.7,468.7,24.64,40.14,0.18,0.0,470.84,3.0,1005.84,23.38,43.35,0.1,0.0,470.57,2.0,431.06,23.15,43.76,0.12,0.0,472.23,2.0,562.5,24.08,42.58,0.14,0.0,470.13,3.0,0.0,23.13,43.45,0.16,0.0,472.99,0.0,404.29,1981.38,518.06,602.6
184,20,0,22.2,57.0,22.2,57.0,0.7,469.48,26.95,34.57,0.7,471.39,26.95,34.57,0.7,471.39,22.2,57.0,0.7,469.48,13.0,85.0,0.7,469.48,13.58,81.84,0.7,469.48,14.42,77.47,0.7,469.48,24.56,40.54,0.18,0.0,470.77,2.0,996.12,23.4,43.62,0.1,0.0,470.64,2.0,426.9,22.92,44.41,0.12,0.0,472.07,2.0,562.5,23.84,42.65,0.14,0.0,470.32,3.0,0.0,23.0,43.9,0.16,0.0,472.78,1.0,404.29,1935.17,518.06,602.6
184,20,20,21.92,58.0,21.92,58.0,0.7,468.72,26.55,35.82,0.7,471.11,26.55,35.82,0.7,471.11,21.92,58.0,0.7,468.72,13.0,85.47,0.7,468.72,13.58,82.29,0.7,468.72,14.42,77.91,0.7,468.72,24.46,41.35,0.18,0.0,470.2,2.0,996.0,23.38,44.19,0.1,0.0,471.38,8.0,426.89,22.75,45.57,0.12,0.0,471.4,2.0,562.5,22.99,46.09,0.14,0.0,469.94,3.0,35.16,22.89,44.79,0.16,0.0,472.01,0.0,404.29,1888.02,518.06,602.6
184,20,33,21.65,59.0,21.65,59.0,0.7,469.47,26.33,36.7,0.7,471.02,26.33,36.7,0.7,471.02,21.65,59.0,0.7,469.47,13.0,85.92,0.7,469.47,13.58,82.73,0.7,469.47,14.42,78.32,0.7,469.47,24.61,41.07,0.18,0.0,470.35,3.0,1484.4,23.59,43.77,0.1,0.0,471.78,7.0,636.16,22.55,46.48,0.12,0.0,471.26,2.0,539.06,24.66,40.16,0.14,0.0,470.09,2.0,2402.4,22.7,45.78,0.16,0.0,471.78,1.0,304.69,1840.32,518.06,602.6
184,20,48,21.38,60.0,21.38,60.0,0.7,468.29,26.2,37.21,0.7,470.62,26.2,37.21,0.7,470.62,21.38,60.0,0.7,468.29,13.0,86.35,0.7,468.29,13.58,83.14,0.7,468.29,14.42,78.71,0.7,468.29,24.67,41.27,0.18,0.0,469.83,3.0,1494.12,23.69,43.86,0.1,0.0,471.38,7.0,640.36,22.37,47.28,0.12,0.0,470.74,2.0,539.06,25.49,39.04,0.14,0.0,469.55,3.0,2437.44,22.52,46.54,0.16,0.0,471.22,0.0,304.68,1792.07,518.06,602.6
184,21,1,21.1,61.0,21.1,61.0,0.7,468.89,25.89,38.24,0.7,470.52,25.89,38.24,0.7,470.52,21.1,61.0,0.7,468.89,13.0,86.76,0.7,468.89,13.58,83.53,0.7,468.89,14.42,79.08,0.7,468.89,24.65,41.63,0.18,0.0,469.87,3.0,1484.4,23.71,44.11,0.1,0.0,471.66,7.0,636.18,22.21,48.04,0.12,0.0,470.6,2.0,539.06,22.86,49.14,0.14,0.0,469.8,3.0,0.0,22.37,47.24,0.16,0.0,471.01,1.0,304.69,1743.25,518.06,602.6
184,21,17,20.98,61.5,20.98,61.5,0.7,468.68,25.61,39.05,0.7,470.28,25.61,39.05,0.7,470.28,20.98,61.5,0.7,468.68,13.0,87.0,0.7,468.68,13.58,83.76,0.7,468.68,14.42,79.3,0.7,468.68,24.6,41.94,0.18,0.0,469.62,2.0,1484.4,23.71,44.32,0.1,0.0,471.39,6.0,636.16,22.06,48.7,0.12,0.0,470.37,2.0,539.06,21.66,51.06,0.14,0.0,469.48,2.0,0.0,22.24,47.84,0.16,0.0,470.73,1.0,304.69,1720.93,518.06,602.6
184,21,37,20.85,62.0,20.85,62.0,0.7,469.86,25.59,39.13,0.7,470.5,25.59,39.13,0.7,470.5,20.85,62.0,0.7,469.86,13.0,87.23,0.7,469.86,13.58,83.99,0.7,469.86,14.42,79.52,0.7,469.86,24.28,43.11,0.18,0.0,469.97,2.0,957.0,23.45,45.34,0.1,0.0,471.84,6.0,410.14,21.94,49.19,0.12,0.0,470.6,2.0,585.95,21.81,49.66,0.14,0.0,470.05,2.0,0.0,22.12,48.35,0.16,0.0,470.82,0.0,298.82,1698.49,518.06,602.6
184,21,52,20.73,62.5,20.73,62.5,0.7,467.7,25.33,39.98,0.7,470.29,25.33,39.98,0.7,470.29,20.73,62.5,0.7,467.7,13.0,87.46,0.7,467.7,13.58,84.21,0.7,467.7,14.42,79.73,0.7,467.7,24.01,43.9,0.18,0.0,469.41,2.0,957.0,23.25,45.99,0.1,0.0,470.94,4.0,410.14,21.83,49.87,0.12,0.0,470.05,2.0,585.94,21.32,52.22,0.14,56.59,469.25,2.0,0.0,22.0,49.06,0.16,0.0,470.16,0.0,298.82,1675.92,518.06,602.6
184,22,0,20.6,63.0,20.6,63.0,0.7,468.67,25.16,40.53,0.7,469.88,25.16,40.53,0.7,469.88,20.6,63.0,0.7,468.67,13.0,87.69,0.7,468.67,13.58,84.43,0.7,468.67,14.42,79.93,0.7,468.67,23.84,44.42,0.18,0.0,469.29,2.0,947.28,23.12,46.41,0.1,0.0,470.71,4.0,405.97,21.71,50.37,0.12,0.0,469.85,2.0,585.94,21.11,52.49,0.14,461.3,469.21,2.0,0.0,21.89,49.58,0.16,0.0,469.82,0.0,298.82,1653.24,518.06,602.6
184,22,15,20.45,63.75,20.45,63.75,0.7,467.7,24.97,41.15,0.7,469.69,24.97,41.15,0.7,469.69,20.45,63.75,0.7,467.7,13.0,88.16,0.7,467.7,13.58,84.88,0.7,467.7,14.42,80.36,0.7,467.7,23.72,44.94,0.18,0.0,468.91,2.0,957.0,23.03,46.84,0.1,0.0,470.03,3.0,410.16,21.61,50.96,0.12,0.0,469.45,2.0,585.94,21.1,52.71,0.14,584.22,468.82,2.0,35.16,21.8,50.17,0.16,0.0,469.32,0.0,304.69,1626.0,518.06,602.6
184,22,31,20.3,64.5,20.3,64.5,0.7,467.09,24.83,42.02,0.7,468.63,24.83,42.02,0.7,468.63,20.3,64.5,0.7,467.09,13.0,88.62,0.7,467.09,13.58,85.33,0.7,467.09,14.42,80.78,0.7,467.09,23.47,46.06,0.18,0.0,468.24,1.0,761.64,22.83,47.86,0.1,0.0,469.2,3.0,326.45,21.49,51.71,0.12,0.0,468.94,2.0,550.78,23.69,43.47,0.14,0.0,467.92,1.0,2402.4,21.64,51.16,0.16,0.0,468.8,0.0,205.08,1598.58,518.06,602.6
184,22,48,20.15,65.25,20.15,65.25,0.7,466.52,24.55,42.82,0.7,468.34,24.55,42.82,0.7,468.34,20.15,65.25,0.7,466.52,13.0,89.07,0.7,466.52,13.58,85.76,0.7,466.52,14.42,81.19,0.7,466.52,23.27,46.74,0.18,0.0,467.83,1.0,761.76,22.66,48.5,0.1,0.0,468.72,3.0,326.46,21.38,52.25,0.12,0.0,468.4,0.0,550.79,24.49,42.97,0.14,0.0,467.6,2.0,2402.28,21.49,51.81,0.16,0.0,468.5,0.0,199.21,1570.97,518.06,602.6
184,23,1,20.0,66.0,20.0,66.0,0.7,466.71,24.17,44.04,0.7,467.99,24.17,44.04,0.7,467.99,20.0,66.0,0.7,466.71,13.0,89.51,0.7,466.71,13.58,86.18,0.7,466.71,14.42,81.59,0.7,466.71,23.12,47.35,0.18,0.0,467.52,0.0,761.76,22.53,49.09,0.1,0.0,468.53,3.0,326.46,21.28,52.78,0.12,0.0,468.1,0.0,550.79,21.89,53.5,0.14,152.16,467.54,2.0,0.0,21.36,52.39,0.16,0.0,468.26,0.0,205.08,1543.16,518.06,602.6
184,23,20,19.85,65.25,19.85,65.25,0.7,466.1,23.99,44.56,0.7,467.82,23.99,44.56,0.7,467.82,19.85,65.25,0.7,466.1,13.0,87.93,0.7,466.1,13.58,84.66,0.7,466.1,14.42,80.15,0.7,466.1,22.98,47.48,0.18,0.0,467.16,0.0,761.64,22.4,49.12,0.1,0.0,468.15,3.0,326.45,21.19,52.93,0.12,0.0,467.78,0.0,550.78,21.13,53.03,0.14,387.92,467.14,2.0,0.0,21.25,52.66,0.16,0.0,468.0,0.0,199.22,1513.84,518.06,602.6
184,23,37,19.7,64.5,19.7,64.5,0.7,466.88,23.72,45.3,0.7,467.84,23.72,45.3,0.7,467.84,19.7,64.5,0.7,466.88,13.0,86.36,0.7,466.88,13.58,83.15,0.7,466.88,14.42,78.72,0.7,466.88,22.4,49.19,0.18,0.0,467.28,0.0,517.56,21.89,50.56,0.1,0.0,468.34,3.0,221.81,21.11,52.85,0.12,68.64,467.8,0.0,562.5,21.1,52.44,0.14,654.96,467.44,2.0,0.0,21.16,52.71,0.16,0.0,468.0,0.0,199.22,1484.47,518.06,602.6
184,23,52,19.55,63.75,19.55,63.75,0.7,466.29,23.51,45.73,0.7,467.49,23.51,45.73,0.7,467.49,19.55,63.75,0.7,466.29,13.0,84.81,0.7,466.29,13.58,81.66,0.7,466.29,14.42,77.3,0.7,466.29,21.85,49.92,0.18,0.0,466.89,0.0,517.56,21.41,51.02,0.1,0.0,467.48,0.0,221.83,21.1,52.33,0.12,150.82,467.34,0.0,562.5,21.1,51.51,0.14,8.63,467.02,1.0,0.0,21.1,52.48,0.16,167.53,467.6,0.0,205.08,1455.04,518.06,602.6
184,24,7,19.4,63.0,19.4,63.0,0.7,466.1,23.24,46.05,0.7,467.0,23.24,46.05,0.7,467.0,19.4,63.0,0.7,466.1,13.0,83.28,0.7,466.1,13.58,80.18,0.7,466.1,14.43,75.9,0.7,466.1,21.52,50.1,0.18,0.0,466.55,0.0,517.56,21.14,50.91,0.1,63.77,466.73,0.0,221.82,21.1,51.66,0.12,226.95,466.93,0.0,562.5,21.1,50.59,0.14,699.86,466.63,1.0,0.0,21.1,51.97,0.16,276.12,467.22,0.0,199.22,1425.56,518.06,602.6
185,0,18,19.0,63.5,19.0,63.5,0.7,469.89,22.96,45.94,0.7,467.97,22.96,45.94,0.7,467.97,19.0,63.5,0.7,469.89,13.0,82.5,0.7,469.89,13.58,79.43,0.7,469.89,14.43,75.19,0.7,469.89,21.25,50.37,0.18,0.0,468.02,0.0,517.68,21.1,50.28,0.1,207.28,468.44,0.0,221.83,21.1,51.12,0.12,309.45,467.94,0.0,562.5,22.67,44.2,0.14,0.0,468.71,0.0,2402.4,21.1,51.51,0.16,416.53,467.94,0.0,199.22,1347.9,518.06,602.6
185,0,37,18.6,64.0,18.6,64.0,0.7,468.69,22.95,45.88,0.7,467.74,22.95,45.88,0.7,467.74,18.6,64.0,0.7,468.69,13.0,81.71,0.7,468.69,13.58,78.67,0.7,468.69,14.43,74.48,0.7,468.69,21.11,50.17,0.18,511.48,467.9,0.0,468.72,21.1,49.85,0.1,384.73,468.26,0.0,200.89,21.1,50.74,0.12,375.24,467.88,0.0,562.5,21.96,47.75,0.14,0.0,468.37,0.0,0.0,21.1,51.19,0.16,725.17,467.91,0.0,0.0,1269.0,518.06,602.6
185,0,47,18.2,64.5,18.2,64.5,0.7,467.3,22.94,45.07,0.7,467.65,22.94,45.07,0.7,467.65,18.2,64.5,0.7,467.3,13.0,80.93,0.7,467.3,13.58,77.92,0.7,467.3,14.43,73.76,0.7,467.3,21.1,49.58,0.18,671.02,467.53,0.0,478.44,21.1,49.26,0.1,472.96,467.68,0.0,205.08,21.1,50.18,0.12,434.2,467.6,0.0,550.78,24.07,39.47,0.14,0.0,467.62,0.0,2414.16,21.1,50.7,0.16,799.38,467.69,0.0,0.0,1188.6,518.06,602.6
185,1,3,17.8,65.0,17.8,65.0,0.7,468.89,22.62,45.65,0.7,468.08,22.62,45.65,0.7,468.08,17.8,65.0,0.7,468.89,13.0,80.15,0.7,468.89,13.58,77.17,0.7,468.89,14.43,73.05,0.7,468.89,21.1,49.12,0.18,819.98,468.13,0.0,468.72,21.1,48.8,0.1,538.05,468.37,0.0,200.88,21.1,49.75,0.12,464.96,468.04,0.0,562.5,24.59,39.05,0.14,0.0,468.5,0.0,2425.68,21.1,50.31,0.16,863.1,468.01,0.0,0.0,1107.08,518.06,602.6
185,1,15,17.65,66.25,17.65,66.25,0.7,469.49,22.62,45.46,0.7,468.19,22.62,45.46,0.7,468.19,17.65,66.25,0.7,469.49,13.0,81.16,0.7,469.49,13.58,78.14,0.7,469.49,14.43,73.97,0.7,469.49,21.1,49.06,0.18,931.5,468.49,0.0,468.72,21.1,48.8,0.1,588.78,468.74,0.0,200.89,21.1,49.63,0.12,516.78,468.31,0.0,550.79,24.59,39.3,0.14,0.0,468.93,0.0,2402.4,21.1,50.16,0.16,926.9,468.22,0.0,0.0,1076.5,518.06,602.6
185,1,31,17.5,67.5,17.5,67.5,0.7,470.69,22.31,45.85,0.7,469.29,22.31,45.85,0.7,469.29,17.5,67.5,0.7,470.69,13.0,82.15,0.7,470.69,13.58,79.09,0.7,470.69,14.43,74.87,0.7,470.69,21.1,49.16,0.18,1053.7,469.42,0.0,429.72,21.1,49.04,0.1,642.95,469.73,0.0,184.16,21.1,49.53,0.12,543.67,469.05,0.0,562.5,22.11,47.89,0.14,0.0,470.04,0.0,0.0,21.1,49.98,0.16,849.99,468.81,0.0,205.08,1045.68,518.06,602.6
185,1,48,17.35,68.75,17.35,68.75,0.7,471.69,22.12,46.4,0.7,469.75,22.12,46.4,0.7,469.75,17.35,68.75,0.7,471.69,13.0,83.13,0.7,471.69,13.58,80.03,0.7,471.69,14.43,75.76,0.7,471.69,21.1,49.44,0.18,1122.69,470.07,0.0,439.44,21.1,49.4,0.1,672.1,470.44,0.0,188.35,21.1,49.68,0.12,591.0,469.57,0.0,562.5,21.15,49.45,0.14,533.29,470.84,0.0,0.0,21.1,50.04,0.16,930.22,469.23,0.0,199.21,1014.63,518.06,602.6
185,2,0,17.2,70.0,17.2,70.0,0.7,471.09,22.12,46.44,0.7,470.0,22.12,46.44,0.7,470.0,17.2,70.0,0.7,471.09,13.0,84.08,0.7,471.09,13.58,80.96,0.7,471.09,14.43,76.64,0.7,471.09,21.1,49.69,0.18,1195.47,470.21,0.0,439.44,21.1,49.7,0.1,699.87,470.53,0.0,188.33,21.1,49.84,0.12,630.3,469.74,0.0,562.5,21.1,49.8,0.14,913.94,470.85,0.0,0.0,21.1,50.13,0.16,997.19,469.39,0.0,205.07,983.33,518.06,602.6
185,2,15,17.07,72.0,17.07,72.0,0.7,470.29,22.0,46.83,0.7,470.12,22.0,46.83,0.7,470.12,17.07,72.0,0.7,470.29,13.0,86.01,0.7,470.29,13.58,82.81,0.7,470.29,14.43,78.4,0.7,470.29,21.1,50.31,0.18,1259.77,470.43,0.0,439.44,21.1,50.42,0.1,723.12,470.62,0.0,188.33,21.1,50.27,0.12,675.11,470.05,0.0,562.5,21.1,50.62,0.14,1000.62,470.76,0.0,0.0,21.1,50.4,0.16,1066.3,469.71,0.0,199.21,957.59,518.06,602.6
185,2,33,16.95,74.0,16.95,74.0,0.7,471.29,21.85,48.19,0.7,470.57,21.85,48.19,0.7,470.57,16.95,74.0,0.7,471.29,13.0,87.92,0.7,471.29,13.58,84.65,0.7,471.29,14.42,80.14,0.7,471.29,21.1,51.37,0.18,1278.31,470.78,0.0,459.0,21.1,51.62,0.1,728.28,470.96,0.0,196.7,21.1,51.09,0.12,716.06,470.41,0.0,562.5,22.44,46.78,0.14,0.0,471.1,0.0,2449.2,21.1,51.01,0.16,1120.74,470.06,0.0,199.21,931.67,518.06,602.6
185,2,50,16.82,76.0,16.82,76.0,0.7,472.09,21.81,48.63,0.7,470.83,21.81,48.63,0.7,470.83,16.82,76.0,0.7,472.09,13.0,89.8,0.7,472.09,13.58,86.46,0.7,472.09,14.42,81.86,0.7,472.09,21.1,52.17,0.18,1304.43,471.18,0.0,468.72,21.1,52.49,0.1,738.62,471.4,0.0,200.88,21.1,51.72,0.12,747.75,470.75,0.0,562.5,23.16,46.23,0.14,0.0,471.61,0.0,2414.04,21.1,51.51,0.16,1148.96,470.35,0.0,205.08,905.56,518.06,602.6
185,3,2,16.7,78.0,16.7,78.0,0.7,469.99,21.68,50.13,0.7,470.45,21.68,50.13,0.7,470.45,16.7,78.0,0.7,469.99,13.0,91.66,0.7,469.99,13.58,88.25,0.7,469.99,14.42,83.55,0.7,469.99,21.1,53.18,0.18,1333.74,470.53,0.0,468.72,21.1,53.57,0.1,751.97,470.56,0.0,200.88,21.1,52.58,0.12,774.06,470.36,0.0,562.5,21.38,54.05,0.14,534.88,470.49,0.0,0.0,21.1,52.21,0.16,1170.21,470.11,0.0,199.22,879.25,518.06,602.6
185,3,15,16.82,78.75,16.82,78.75,0.7,468.69,21.67,50.37,0.7,470.4,21.67,50.37,0.7,470.4,16.83,78.75,0.7,468.69,13.0,93.04,0.7,468.69,13.58,89.59,0.7,468.69,14.42,84.82,0.7,468.69,21.1,53.73,0.18,1353.26,470.03,0.0,458.88,21.1,54.14,0.1,762.1,469.96,0.0,196.69,21.1,53.07,0.12,782.74,470.0,0.0,562.5,21.1,54.62,0.14,1350.55,469.76,0.0,0.0,21.1,52.64,0.16,1194.04,469.86,0.0,199.22,906.68,518.06,602.6
185,3,30,16.95,79.5,16.95,79.5,0.7,467.69,21.58,51.0,0.7,469.92,21.58,51.0,0.7,469.92,16.95,79.5,0.7,467.69,13.0,94.44,0.7,467.69,13.58,90.94,0.7,467.69,14.42,86.1,0.7,467.69,21.1,54.9,0.18,1363.45,469.16,0.0,468.72,21.1,55.29,0.1,766.8,468.95,0.0,200.89,21.1,54.18,0.12,825.34,469.37,0.0,527.35,21.1,55.71,0.14,1126.91,468.64,0.0,0.0,21.1,53.62,0.16,1214.29,469.41,0.0,205.08,934.25,518.06,602.6
185,3,48,17.07,80.25,17.07,80.25,0.7,468.49,21.48,53.41,0.7,468.99,21.48,53.41,0.7,468.99,17.07,80.25,0.7,468.49,13.0,95.85,0.7,468.49,13.58,92.29,0.7,468.49,14.42,87.38,0.7,468.49,21.1,56.1,0.18,1378.01,468.93,0.0,459.0,21.1,56.48,0.1,773.4,468.77,0.0,196.72,21.1,55.35,0.12,821.36,469.14,0.0,539.06,22.48,50.78,0.14,0.0,468.59,0.0,2437.44,21.1,54.7,0.16,1244.35,469.22,0.0,199.21,961.51,518.06,602.6
185,4,3,17.2,81.0,17.2,81.0,0.7,468.09,21.39,54.38,0.7,468.78,21.39,54.38,0.7,468.78,17.2,81.0,0.7,468.09,13.0,97.27,0.7,468.09,13.58,93.66,0.7,468.09,14.42,88.68,0.7,468.09,21.1,56.87,0.18,1369.05,468.66,0.0,468.72,21.1,57.26,0.1,770.93,468.5,0.0,200.89,21.1,56.09,0.12,838.47,468.91,0.0,527.34,21.25,57.66,0.14,687.11,468.31,0.0,0.0,21.1,55.38,0.16,1253.16,469.04,0.0,205.07,988.68,518.06,602.6
185,4,15,17.35,81.75,17.35,81.75,0.7,468.89,21.36,54.8,0.7,468.7,21.36,54.8,0.7,468.7,17.35,81.75,0.7,468.89,13.0,98.81,0.7,468.89,13.58,95.14,0.7,468.89,14.42,90.08,0.7,468.89,21.1,57.43,0.18,1382.56,468.75,0.0,459.0,21.1,57.83,0.1,777.57,468.63,0.0,196.72,21.1,56.63,0.12,845.25,468.94,0.0,527.34,21.1,58.23,0.14,1428.48,468.52,0.0,0.0,21.1,55.89,0.16,1267.85,469.05,0.0,199.22,1021.12,518.06,602.6
185,4,30,17.5,82.5,17.5,82.5,0.7,468.49,21.31,55.35,0.7,468.79,21.31,55.35,0.7,468.79,17.5,82.5,0.7,468.49,13.0,100.0,0.7,468.49,13.58,96.64,0.7,468.49,14.42,91.5,0.7,468.49,21.1,58.53,0.18,1333.14,468.68,0.0,459.0,21.1,58.89,0.1,721.06,468.61,0.0,196.72,21.1,57.74,0.12,509.47,468.83,0.0,585.94,21.1,59.26,0.14,1179.39,468.57,0.0,0.0,21.1,56.96,0.16,1270.11,468.94,0.0,205.08,1053.45,518.06,602.6
185,4,45,17.65,83.25,17.65,83.25,0.7,467.69,21.26,56.28,0.7,468.73,21.26,56.28,0.7,468.73,17.65,83.25,0.7,467.69,13.0,100.0,0.7,467.69,13.58,98.15,0.7,467.69,14.42,92.93,0.7,467.69,21.1,59.59,0.18,1294.0,468.41,0.0,468.72,21.1,59.93,0.1,515.12,468.33,0.0,200.89,21.2,58.49,0.12,0.0,468.58,0.0,585.95,21.1,60.26,0.14,1230.5,468.25,0.0,0.0,21.1,58.04,0.16,1274.27,468.71,0.0,199.22,1085.69,518.06,602.6
185,5,3,17.8,84.0,17.8,84.0,0.7,467.09,21.34,58.34,0.7,468.03,21.34,58.34,0.7,468.03,17.8,84.0,0.7,467.09,13.0,100.0,0.7,467.09,13.58,99.68,0.7,467.09,14.42,94.38,0.7,467.09,21.1,60.76,0.18,1231.66,467.87,0.0,468.72,21.1,61.1,0.1,285.62,467.72,0.0,200.9,21.63,57.58,0.12,0.0,468.13,0.0,585.94,22.45,55.01,0.14,0.0,467.54,0.0,2414.04,21.1,59.18,0.16,1251.42,468.34,0.0,205.08,1117.83,518.06,602.6
185,5,18,18.08,83.25,18.08,83.25,0.7,468.29,21.32,59.04,0.7,468.25,21.32,59.04,0.7,468.25,18.07,83.25,0.7,468.29,13.0,100.0,0.7,468.29,13.58,99.97,0.7,468.29,14.42,94.66,0.7,468.29,21.1,61.23,0.18,1123.47,468.2,0.0,459.0,21.1,61.54,0.1,56.99,468.15,0.0,196.72,22.21,55.91,0.12,0.0,468.34,0.0,585.94,21.26,61.83,0.14,615.87,468.13,0.0,0.0,21.1,59.71,0.16,1212.28,468.48,0.0,199.21,1175.15,518.06,602.6
185,5,35,18.35,82.5,18.35,82.5,0.7,466.49,21.35,59.4,0.7,467.82,21.35,59.4,0.7,467.82,18.35,82.5,0.7,466.49,13.0,100.0,0.7,466.49,13.58,100.0,0.7,466.49,14.42,94.92,0.7,466.49,21.1,61.62,0.18,1007.37,467.51,0.0,449.16,21.37,60.56,0.1,0.0,467.34,0.0,192.53,22.92,53.83,0.12,0.0,467.81,0.0,562.5,21.11,62.12,0.14,985.96,467.12,0.0,0.0,21.1,60.19,0.16,1099.52,468.07,0.0,199.21,1231.87,518.06,602.6
185,5,50,18.62,81.75,18.62,81.75,0.7,466.09,21.43,59.84,0.7,467.15,21.43,59.84,0.7,467.15,18.63,81.75,0.7,466.09,13.0,100.0,0.7,466.09,13.58,100.0,0.7,466.09,14.42,95.18,0.7,466.09,21.1,62.13,0.18,873.6,466.88,0.0,459.0,21.82,59.23,0.1,0.0,466.68,0.0,196.7,23.63,52.33,0.12,0.0,467.23,0.0,550.78,21.1,62.45,0.14,1016.24,466.46,0.0,0.0,21.1,60.93,0.16,998.57,467.56,0.0,205.08,1288.01,518.06,602.6
185,6,3,18.9,81.0,18.9,81.0,0.7,464.3,21.62,59.75,0.7,466.27,21.62,59.75,0.7,466.27,18.9,81.0,0.7,464.3,13.0,100.0,0.7,464.3,13.58,100.0,0.7,464.3,14.42,95.43,0.7,464.3,21.1,62.41,0.18,741.9,465.93,0.0,459.0,22.33,57.53,0.1,0.0,465.6,0.0,196.7,24.23,50.73,0.12,0.0,466.47,0.0,562.5,22.57,55.89,0.14,0.0,465.2,0.0,2402.4,21.1,61.36,0.16,902.38,466.94,0.0,199.22,1343.58,518.06,602.6
185,6,18,19.72,78.0,19.72,78.0,0.7,464.7,21.8,59.36,0.7,466.07,21.8,59.36,0.7,466.07,19.72,78.0,0.7,464.7,13.0,100.0,0.7,464.7,13.58,100.0,0.7,464.7,14.42,95.21,0.7,464.7,21.1,62.53,0.18,560.01,465.76,0.0,459.0,22.93,55.43,0.1,0.0,465.47,0.0,196.72,24.82,49.13,0.12,0.0,466.26,0.0,550.79,23.5,53.44,0.14,0.0,465.15,0.0,2402.28,21.1,61.65,0.16,778.64,466.73,0.0,199.22,1505.24,518.06,602.6
185,6,32,20.55,75.0,20.55,75.0,0.7,464.9,21.88,59.3,0.7,465.8,21.88,59.3,0.7,465.8,20.55,75.0,0.7,464.9,13.0,100.0,0.7,464.9,13.58,100.0,0.7,464.9,14.42,94.85,0.7,464.9,21.1,62.56,0.18,374.09,465.57,0.0,449.16,23.59,53.26,0.1,0.0,465.33,0.0,192.52,25.37,47.68,0.12,0.0,466.04,0.0,539.06,21.61,62.55,0.14,22.81,465.1,0.0,0.0,21.1,61.89,0.16,724.8,466.5,0.0,199.22,1661.67,518.06,602.6
185,6,52,21.38,72.0,21.38,72.0,0.7,464.9,21.96,59.04,0.7,465.88,21.96,59.04,0.7,465.88,21.37,72.0,0.7,464.9,13.0,100.0,0.7,464.9,13.58,99.62,0.7,464.9,14.42,94.32,0.7,464.9,21.1,62.49,0.18,140.64,465.53,0.0,449.28,24.1,51.75,0.1,0.0,465.3,0.0,192.54,25.73,46.95,0.12,0.0,465.97,0.0,539.06,21.14,62.34,0.14,508.15,465.09,0.0,0.0,21.1,62.0,0.16,608.5,466.42,0.0,199.22,1813.13,518.06,602.6
185,7,7,22.2,69.0,22.2,69.0,0.7,465.29,22.07,58.76,0.7,465.58,22.07,58.76,0.7,465.58,22.2,69.0,0.7,465.29,13.0,100.0,0.7,465.29,13.58,98.88,0.7,465.29,14.42,93.62,0.7,465.29,21.15,62.06,0.18,0.0,465.37,0.0,459.0,24.42,50.7,0.1,0.0,465.24,0.0,196.72,25.87,46.74,0.12,0.0,465.69,0.0,550.79,21.1,62.01,0.14,483.6,465.16,0.0,0.0,21.1,62.17,0.16,497.74,466.09,0.0,199.21,1959.81,518.06,602.6
185,7,17,22.47,68.25,22.47,68.25,0.7,464.12,22.35,57.67,0.7,465.07,22.35,57.67,0.7,465.07,22.47,68.25,0.7,464.12,13.0,100.0,0.7,464.12,13.58,98.95,0.7,464.12,14.42,93.69,0.7,464.12,21.28,61.38,0.18,0.0,464.85,0.0,459.0,24.63,49.96,0.1,0.0,464.66,0.0,196.72,25.88,46.75,0.12,0.0,465.23,0.0,550.79,23.11,53.05,0.14,0.0,464.49,0.0,2414.04,21.1,62.26,0.16,403.53,465.68,0.0,199.21,2008.38,518.06,602.6
185,7,33,22.75,67.5,22.75,67.5,0.7,464.49,22.59,56.78,0.7,465.08,22.59,56.78,0.7,465.08,22.75,67.5,0.7,464.49,13.0,100.0,0.7,464.49,13.58,99.0,0.7,464.49,14.42,93.74,0.7,464.49,22.0,58.0,0.18,0.0,464.86,0.0,1132.8,25.22,47.89,0.1,0.0,464.71,0.0,485.5,25.82,46.97,0.12,0.0,465.19,0.0,609.37,21.59,61.88,0.14,314.93,464.6,0.0,0.0,21.1,62.34,0.16,302.47,465.6,0.0,199.22,2056.52,518.06,602.6
185,7,50,23.03,66.75,23.03,66.75,0.7,464.72,22.78,56.15,0.7,465.08,22.78,56.15,0.7,465.08,23.02,66.75,0.7,464.72,13.0,100.0,0.7,464.72,13.58,99.05,0.7,464.72,14.42,93.78,0.7,464.72,22.58,56.27,0.18,0.0,464.87,0.0,1132.8,25.86,46.1,0.1,0.0,464.97,1.0,485.48,25.86,46.77,0.12,0.0,465.15,0.0,597.66,21.12,61.91,0.14,120.59,464.7,0.0,0.0,21.1,62.42,0.16,193.6,465.53,0.0,199.22,2104.23,518.06,602.6
185,8,5,23.3,66.0,23.3,66.0,0.7,466.29,23.0,55.41,0.7,465.38,23.0,55.41,0.7,465.38,23.3,66.0,0.7,466.29,13.0,100.0,0.7,466.29,13.58,99.07,0.7,466.29,14.42,93.81,0.7,466.29,23.03,55.0,0.18,0.0,465.52,1.0,1132.8,26.47,44.6,0.1,0.0,465.62,0.0,485.48,25.92,46.66,0.12,0.0,465.46,0.0,597.66,21.1,61.94,0.14,201.35,465.64,0.0,0.0,21.1,62.55,0.16,81.64,465.66,0.0,199.22,2151.53,518.06,602.6
185,8,22,23.73,66.25,23.73,66.25,0.7,466.3,23.16,54.86,0.7,465.49,23.16,54.86,0.7,465.49,23.73,66.25,0.7,466.3,13.0,100.0,0.7,466.3,13.58,100.0,0.7,466.3,14.42,95.82,0.7,466.3,23.38,54.31,0.18,0.0,465.71,1.0,1132.8,27.02,43.61,0.1,0.0,465.76,0.0,485.48,25.96,46.85,0.12,0.0,465.68,1.0,597.66,21.1,62.64,0.14,143.96,465.82,0.0,35.16,21.11,62.84,0.16,0.0,465.75,0.0,199.22,2228.71,518.06,602.6
185,8,31,24.15,66.5,24.15,66.5,0.7,467.29,23.48,54.46,0.7,466.28,23.48,54.46,0.7,466.28,24.15,66.5,0.7,467.29,13.0,100.0,0.7,467.29,13.58,100.0,0.7,467.29,14.42,97.87,0.7,467.29,23.25,56.0,0.18,0.0,466.32,0.0,576.12,27.14,44.32,0.1,0.0,466.5,0.0,246.94,25.94,47.55,0.12,0.0,466.24,1.0,539.06,23.45,53.39,0.14,0.0,466.7,0.0,2414.04,21.19,63.1,0.16,0.0,466.1,0.0,205.08,2306.01,518.06,602.6
185,8,48,24.57,66.75,24.57,66.75,0.7,469.29,23.64,54.23,0.7,467.03,23.64,54.23,0.7,467.03,24.57,66.75,0.7,469.29,13.0,100.0,0.7,469.29,13.58,100.0,0.7,469.29,14.42,99.94,0.7,469.29,23.24,56.71,0.18,0.0,467.35,0.0,576.12,27.47,43.99,0.1,0.0,467.7,0.0,246.94,25.93,48.15,0.12,0.0,467.06,1.0,539.06,21.97,64.21,0.14,0.0,468.11,0.0,0.0,21.28,63.39,0.16,0.0,466.7,0.0,199.21,2383.57,518.06,602.6
185,9,5,25.0,67.0,25.0,67.0,0.7,469.3,23.78,54.27,0.7,467.34,23.78,54.27,0.7,467.34,25.0,67.0,0.7,469.3,13.0,100.0,0.7,469.3,13.58,100.0,0.7,469.3,14.42,100.0,0.7,469.3,23.32,57.28,0.18,0.0,467.72,0.0,576.24,27.87,43.73,0.1,0.0,468.07,0.0,246.94,25.89,48.98,0.12,0.0,467.42,1.0,539.06,21.47,65.17,0.14,0.0,468.45,0.0,0.0,21.37,63.83,0.16,0.0,466.98,0.0,199.21,2461.55,518.06,602.6
185,9,22,25.43,66.0,25.43,66.0,0.7,469.89,23.91,54.32,0.7,467.56,23.91,54.32,0.7,467.56,25.42,66.0,0.7,469.89,13.0,100.0,0.7,469.89,13.58,100.0,0.7,469.89,14.42,100.0,0.7,469.89,23.45,57.44,0.18,0.0,468.12,0.0,576.24,28.26,43.24,0.1,0.0,468.49,0.0,246.94,25.83,49.7,0.12,0.0,467.79,1.0,539.06,21.37,65.85,0.14,0.0,469.05,1.0,0.0,21.46,64.15,0.16,0.0,467.32,1.0,199.21,2533.08,518.06,602.6
185,9,31,25.85,65.0,25.85,65.0,0.7,468.29,24.31,54.45,0.7,468.0,24.31,54.45,0.7,468.0,25.85,65.0,0.7,468.29,13.0,100.0,0.7,468.29,13.58,100.0,0.7,468.29,14.42,100.0,0.7,468.29,23.55,57.71,0.18,0.0,468.02,0.0,468.72,28.56,42.92,0.1,0.0,468.23,0.0,200.9,25.84,50.16,0.12,0.0,467.87,1.0,703.13,23.89,54.71,0.14,0.0,468.61,1.0,2425.8,21.74,63.46,0.16,0.0,467.51,2.0,603.52,2603.97,518.06,602.6
185,9,52,26.27,64.0,26.27,64.0,0.7,465.3,24.58,53.58,0.7,467.51,24.58,53.58,0.7,467.51,26.28,64.0,0.7,465.3,13.0,100.0,0.7,465.3,13.58,100.0,0.7,465.3,14.42,100.0,0.7,465.3,23.68,57.54,0.18,0.0,466.95,0.0,478.44,28.53,43.42,0.1,0.0,466.92,0.0,205.07,25.8,50.61,0.12,0.0,467.11,1.0,703.12,23.36,60.05,0.14,0.0,467.15,2.0,0.0,21.99,63.05,0.16,0.0,466.96,2.0,603.52,2674.22,518.06,602.6
185,10,5,26.7,63.0,26.7,63.0,0.7,459.93,24.77,53.58,0.7,465.61,24.77,53.58,0.7,465.61,26.7,63.0,0.7,459.93,13.0,100.0,0.7,459.93,13.58,100.0,0.7,459.93,14.42,100.0,0.7,459.93,23.81,57.39,0.18,0.0,464.38,0.0,468.84,28.19,44.74,0.1,0.0,464.01,1.0,200.89,25.76,51.11,0.12,0.0,465.24,1.0,703.13,22.74,62.05,0.14,0.0,463.83,4.0,0.0,22.18,62.86,0.16,0.0,465.59,2.0,603.52,2743.84,518.06,602.6
185,10,22,26.7,63.5,26.7,63.5,0.7,459.7,24.88,53.47,0.7,465.2,24.88,53.47,0.7,465.2,26.7,63.5,0.7,459.7,13.0,100.0,0.7,459.7,13.58,100.0,0.7,459.7,14.42,100.0,0.7,459.7,23.95,57.26,0.18,0.0,463.57,0.0,478.56,27.72,46.21,0.1,0.0,463.2,1.0,205.08,25.73,51.52,0.12,0.0,464.84,4.0,703.12,22.37,63.4,0.14,0.0,463.07,4.0,0.0,22.32,62.8,0.16,0.0,465.06,2.0,603.52,2747.15,518.06,602.6
185,10,32,26.7,64.0,26.7,64.0,0.7,461.89,25.27,52.93,0.7,464.06,25.27,52.93,0.7,464.06,26.7,64.0,0.7,461.89,13.0,100.0,0.7,461.89,13.58,100.0,0.7,461.89,14.42,100.0,0.7,461.89,24.37,55.96,0.18,0.0,463.27,0.0,605.4,27.41,47.32,0.1,0.0,463.13,1.0,259.49,25.76,51.75,0.12,0.0,464.98,7.0,761.71,24.69,53.34,0.14,0.0,463.79,6.0,2402.28,22.36,63.28,0.16,0.0,464.73,2.0,404.29,2750.51,518.06,602.6
185,10,47,26.7,64.5,26.7,64.5,0.7,464.49,25.56,52.3,0.7,464.86,25.56,52.3,0.7,464.86,26.7,64.5,0.7,464.49,13.0,100.0,0.7,464.49,13.58,100.0,0.7,464.49,14.42,100.0,0.7,464.49,24.76,55.04,0.18,0.0,464.08,0.0,615.24,27.39,47.43,0.1,0.0,464.25,1.0,263.66,25.78,52.05,0.12,0.0,465.7,7.0,761.71,25.95,50.62,0.14,0.0,465.8,8.0,2414.04,22.41,63.44,0.16,0.0,465.02,1.0,404.29,2753.91,518.06,602.6
185,11,3,26.7,65.0,26.7,65.0,0.7,465.93,26.01,51.22,0.7,465.42,26.01,51.22,0.7,465.42,26.7,65.0,0.7,465.93,13.0,100.0,0.7,465.93,13.58,100.0,0.7,465.93,14.42,100.0,0.7,465.93,25.16,54.03,0.18,0.0,464.79,0.0,605.52,27.49,47.4,0.1,0.0,465.17,1.0,259.46,25.78,52.34,0.12,0.0,466.13,5.0,761.72,27.4,46.52,0.14,0.0,466.7,6.0,2425.8,22.48,63.52,0.16,0.0,465.33,1.0,404.29,2757.35,518.06,602.6
185,11,18,26.82,65.0,26.82,65.0,0.7,461.51,26.29,50.63,0.7,464.29,26.29,50.63,0.7,464.29,26.83,65.0,0.7,461.51,13.0,100.0,0.7,461.51,13.58,100.0,0.7,461.51,14.42,100.0,0.7,461.51,25.64,52.74,0.18,0.0,463.17,0.0,615.24,27.54,47.54,0.1,0.0,463.24,1.0,263.66,25.8,52.56,0.12,0.0,464.99,5.0,761.72,26.1,53.2,0.14,0.0,464.3,6.0,0.0,22.57,63.5,0.16,0.0,464.45,2.0,404.29,2780.11,518.06,602.6
185,11,35,26.95,65.0,26.95,65.0,0.7,462.11,26.53,50.13,0.7,464.2,26.53,50.13,0.7,464.2,26.95,65.0,0.7,462.11,13.0,100.0,0.7,462.11,13.58,100.0,0.7,462.11,14.42,100.0,0.7,462.11,26.29,50.87,0.18,0.0,463.11,0.0,615.24,27.58,47.72,0.1,0.0,463.44,2.0,263.68,25.83,52.77,0.12,0.0,464.73,3.0,726.56,25.55,54.14,0.14,0.0,464.56,7.0,0.0,22.68,63.45,0.16,0.0,464.28,1.0,404.3,2802.93,518.06,602.6
185,11,50,27.07,65.0,27.07,65.0,0.7,464.39,26.79,49.79,0.7,464.25,26.79,49.79,0.7,464.25,27.08,65.0,0.7,464.39,13.0,100.0,0.7,464.39,13.58,100.0,0.7,464.39,14.42,100.0,0.7,464.39,26.94,49.5,0.18,0.0,463.55,0.0,615.24,27.43,48.65,0.1,0.0,464.45,3.0,263.68,25.85,53.15,0.12,0.0,464.83,3.0,714.84,25.45,54.5,0.14,0.0,465.51,6.0,0.0,22.8,63.59,0.16,0.0,464.27,1.0,404.3,2825.82,518.06,602.6
185,12,1,27.2,65.0,27.2,65.0,0.7,467.29,27.18,49.13,0.7,465.84,27.18,49.13,0.7,465.84,27.2,65.0,0.7,467.29,13.0,100.0,0.7,467.29,13.58,100.0,0.7,467.29,14.42,100.0,0.7,467.29,27.49,48.14,0.18,0.0,465.21,1.0,624.96,27.18,49.68,0.1,0.0,466.63,4.0,267.85,25.87,53.43,0.12,0.0,465.93,3.0,714.85,27.98,45.43,0.14,0.0,467.7,6.0,2437.56,22.91,63.51,0.16,0.0,465.08,1.0,410.15,2848.78,518.06,602.6
185,12,17,27.75,63.5,27.75,63.5,0.7,468.88,27.55,48.23,0.7,467.05,27.55,48.23,0.7,467.05,27.75,63.5,0.7,468.88,13.0,100.0,0.7,468.88,13.58,100.0,0.7,468.88,14.42,100.0,0.7,468.88,28.05,46.69,0.18,0.0,466.54,2.0,615.24,26.91,50.57,0.1,0.0,468.1,4.0,263.68,25.9,53.47,0.12,0.0,467.16,6.0,714.84,29.25,43.03,0.14,0.0,469.78,9.0,2425.68,23.04,63.27,0.16,0.0,465.78,1.0,404.3,2938.16,518.06,602.6
185,12,31,28.3,62.0,28.3,62.0,0.7,470.07,27.57,48.37,0.7,468.27,27.57,48.37,0.7,468.27,28.3,62.0,0.7,470.07,13.0,100.0,0.7,470.07,13.58,100.0,0.7,470.07,14.42,100.0,0.7,470.07,28.78,44.71,0.18,0.0,467.99,4.0,1123.08,26.83,50.7,0.1,0.0,469.91,6.0,481.31,25.91,53.65,0.12,0.0,468.02,4.0,632.82,26.75,52.78,0.14,0.0,470.66,6.0,0.0,23.21,62.76,0.16,0.0,466.55,1.0,609.38,3026.4,518.06,602.6
185,12,50,28.85,60.5,28.85,60.5,0.7,469.49,27.74,47.92,0.7,468.19,27.74,47.92,0.7,468.19,28.85,60.5,0.7,469.49,13.0,100.0,0.7,469.49,13.58,100.0,0.7,469.49,14.42,100.0,0.7,469.49,29.42,43.22,0.18,0.0,468.32,5.0,1132.8,26.73,51.03,0.1,0.0,470.14,6.0,485.5,25.95,53.57,0.12,0.0,468.24,4.0,632.81,27.7,46.8,0.14,0.0,470.26,4.0,2367.12,23.37,62.39,0.16,0.0,466.8,2.0,603.52,3113.48,518.06,602.6
185,13,3,29.4,59.0,29.4,59.0,0.7,463.11,28.11,47.0,0.7,466.93,28.11,47.0,0.7,466.93,29.4,59.0,0.7,463.11,13.0,100.0,0.7,463.11,13.58,100.0,0.7,463.11,14.42,100.0,0.7,463.11,29.96,41.95,0.18,0.0,466.17,5.0,1123.08,26.67,51.15,0.1,0.0,467.47,6.0,481.32,26.03,53.38,0.12,0.0,466.71,4.0,632.81,28.47,45.24,0.14,0.0,467.16,8.0,2449.32,23.51,62.07,0.16,0.0,465.83,4.0,603.52,3199.35,518.06,602.6
185,13,17,29.4,59.5,29.4,59.5,0.7,462.68,28.27,46.73,0.7,465.93,28.27,46.73,0.7,465.93,29.4,59.5,0.7,462.68,13.0,100.0,0.7,462.68,13.58,100.0,0.7,462.68,14.42,100.0,0.7,462.68,30.43,41.06,0.18,0.0,465.36,4.0,1123.08,26.63,51.46,0.1,0.0,465.34,0.0,481.3,26.11,53.35,0.12,0.0,466.24,5.0,632.82,26.39,53.67,0.14,0.0,466.42,9.0,0.0,23.64,61.88,0.16,0.0,465.59,6.0,609.38,3204.88,518.06,602.6
185,13,37,29.4,60.0,29.4,60.0,0.7,468.49,28.53,46.01,0.7,467.05,28.53,46.01,0.7,467.05,29.4,60.0,0.7,468.49,13.0,100.0,0.7,468.49,13.58,100.0,0.7,468.49,14.42,100.0,0.7,468.49,30.67,40.85,0.18,0.0,467.39,5.0,839.88,26.45,52.33,0.1,0.0,467.52,0.0,359.93,26.21,53.22,0.12,0.0,467.74,6.0,656.26,26.19,52.68,0.14,0.0,469.12,7.0,0.0,23.81,61.46,0.16,0.0,466.64,5.0,603.5,3210.47,518.06,602.6
185,13,47,29.4,60.5,29.4,60.5,0.7,472.25,28.85,45.54,0.7,469.63,28.85,45.54,0.7,469.63,29.4,60.5,0.7,472.25,13.0,100.0,0.7,472.25,13.58,100.0,0.7,472.25,14.42,100.0,0.7,472.25,30.91,40.5,0.18,0.0,469.95,6.0,839.88,26.34,52.97,0.1,0.0,470.14,1.0,359.94,26.3,53.24,0.12,0.0,469.67,6.0,667.97,28.3,45.59,0.14,0.0,472.1,6.0,2449.2,23.97,61.22,0.16,0.0,468.11,4.0,603.52,3222.51,518.06,602.6
185,14,3,29.4,61.0,29.4,61.0,0.7,471.71,28.94,45.48,0.7,470.18,28.94,45.48,0.7,470.18,29.4,61.0,0.7,471.71,13.0,100.0,0.7,471.71,13.58,100.0,0.7,471.71,14.42,100.0,0.7,471.71,31.16,40.15,0.18,0.0,470.32,4.0,839.88,26.27,53.46,0.1,0.0,470.53,1.0,359.93,26.36,53.33,0.12,0.0,470.01,4.0,656.24,26.43,55.12,0.14,0.0,472.99,9.0,0.0,24.11,61.0,0.16,0.0,468.83,8.0,603.52,3237.87,518.06,602.6
185,14,17,29.7,59.5,29.7,59.5,0.7,475.07,29.2,44.96,0.7,472.05,29.2,44.96,0.7,472.05,29.7,59.5,0.7,475.07,13.0,100.0,0.7,475.07,13.58,100.0,0.7,475.07,14.42,100.0,0.7,475.07,31.39,39.52,0.18,0.0,472.39,4.0,839.88,26.23,53.35,0.1,0.0,472.76,1.0,359.93,26.42,53.08,0.12,0.0,471.76,5.0,656.24,28.65,44.49,0.14,0.0,475.3,7.0,2460.96,24.24,60.57,0.16,0.0,470.26,7.0,609.37,3280.65,518.06,602.6
185,14,37,30.0,58.0,30.0,58.0,0.7,466.3,29.4,44.44,0.7,470.45,29.4,44.44,0.7,470.45,30.0,58.0,0.7,466.3,13.0,100.0,0.7,466.3,13.58,100.0,0.7,466.3,14.42,100.0,0.7,466.3,31.98,37.86,0.18,0.0,470.05,9.0,1132.8,26.55,51.76,0.1,0.0,469.59,2.0,485.48,26.48,52.78,0.12,0.0,470.06,7.0,632.82,27.77,49.17,0.14,0.0,471.1,8.0,35.16,24.27,60.55,0.16,0.0,468.81,5.0,404.3,3321.87,518.06,602.6
185,14,50,30.3,56.5,30.3,56.5,0.7,459.89,29.73,43.54,0.7,468.12,29.73,43.54,0.7,468.12,30.3,56.5,0.7,459.89,13.0,100.0,0.7,459.89,13.58,100.0,0.7,459.89,14.42,100.0,0.7,459.89,32.42,36.66,0.18,0.0,466.96,9.0,1142.52,26.81,50.51,0.1,0.0,465.7,2.0,489.67,26.52,52.31,0.12,0.0,467.89,7.0,632.82,27.28,49.3,0.14,0.0,466.44,9.0,0.0,24.3,60.14,0.16,0.0,467.25,6.0,410.15,3361.47,518.06,602.6
185,15,1,30.6,55.0,30.6,55.0,0.7,458.5,30.12,42.12,0.7,465.18,30.12,42.12,0.7,465.18,30.6,55.0,0.7,458.5,13.0,100.0,0.7,458.5,13.58,100.0,0.7,458.5,14.42,100.0,0.7,458.5,32.67,35.83,0.18,0.0,464.73,8.0,1132.8,26.97,49.48,0.1,0.0,463.21,2.0,485.48,26.56,51.75,0.12,0.0,466.23,7.0,632.81,29.82,40.12,0.14,0.0,463.79,9.0,2425.8,24.36,59.52,0.16,0.0,465.9,5.0,404.3,3399.39,518.06,602.6
185,15,22,30.6,55.0,30.6,55.0,0.7,459.09,30.2,41.94,0.7,465.96,30.2,41.94,0.7,465.96,30.6,55.0,0.7,459.09,13.0,100.0,0.7,459.09,13.58,100.0,0.7,459.09,14.42,100.0,0.7,459.09,32.81,35.5,0.18,0.0,464.69,9.0,1132.8,27.09,48.99,0.1,0.0,463.16,2.0,485.48,26.58,51.52,0.12,0.0,466.07,7.0,632.81,29.04,44.28,0.14,0.0,463.6,7.0,35.04,24.44,59.07,0.16,0.0,465.72,5.0,410.16,3399.93,518.06,602.6
185,15,32,30.6,55.0,30.6,55.0,0.7,458.5,30.41,40.95,0.7,463.68,30.41,40.95,0.7,463.68,30.6,55.0,0.7,458.5,13.0,100.0,0.7,458.5,13.58,100.0,0.7,458.5,14.42,100.0,0.7,458.5,32.53,36.14,0.18,0.0,463.23,9.0,810.6,26.89,49.6,0.1,0.0,461.77,3.0,347.36,26.59,51.27,0.12,0.0,464.76,7.0,632.81,31.06,37.39,0.14,0.0,462.16,8.0,2390.52,24.69,57.72,0.16,0.0,464.65,6.0,808.6,3400.46,518.06,602.6
185,15,47,30.6,55.0,30.6,55.0,0.7,461.5,30.61,40.25,0.7,463.52,30.61,40.25,0.7,463.52,30.6,55.0,0.7,461.5,13.0,100.0,0.7,461.5,13.58,100.0,0.7,461.5,14.42,100.0,0.7,461.5,32.24,36.54,0.18,0.0,463.28,9.0,820.32,26.74,49.79,0.1,0.0,462.22,3.0,351.56,26.59,51.06,0.12,0.0,464.37,7.0,632.82,32.53,34.95,0.14,0.0,463.6,10.0,2460.96,24.93,56.77,0.16,0.0,464.02,4.0,808.6,3401.0,518.06,602.6
185,16,4,30.6,55.0,30.6,55.0,0.7,467.49,30.73,39.91,0.7,465.06,30.73,39.91,0.7,465.06,30.6,55.0,0.7,467.49,13.0,100.0,0.7,467.49,13.58,100.0,0.7,467.49,14.42,100.0,0.7,467.49,31.99,37.05,0.18,0.0,465.47,5.0,810.48,26.65,50.02,0.1,0.0,465.26,3.0,347.39,26.59,50.98,0.12,0.0,466.07,6.0,632.81,31.7,37.83,0.14,0.0,467.29,9.0,691.32,25.08,56.24,0.16,0.0,465.37,5.0,808.58,3401.53,518.06,602.6
185,16,18,30.45,55.5,30.45,55.5,0.7,470.27,30.67,39.99,0.7,467.18,30.67,39.99,0.7,467.18,30.45,55.5,0.7,470.27,13.0,100.0,0.7,470.27,13.58,100.0,0.7,470.27,14.42,100.0,0.7,470.27,31.68,37.77,0.18,0.0,467.37,4.0,810.48,26.55,50.38,0.1,0.0,467.72,3.0,347.39,26.56,51.11,0.12,0.0,467.66,7.0,621.1,30.62,40.19,0.14,0.0,470.53,11.0,0.0,25.19,55.88,0.16,0.0,466.44,4.0,814.45,3374.33,518.06,602.6
185,16,31,30.3,56.0,30.3,56.0,0.7,471.68,30.99,39.3,0.7,469.21,30.99,39.3,0.7,469.21,30.3,56.0,0.7,471.68,13.0,100.0,0.7,471.68,13.58,100.0,0.7,471.68,14.42,100.0,0.7,471.68,31.36,38.55,0.18,0.0,468.67,0.0,820.32,26.46,50.75,0.1,0.0,469.74,3.0,351.56,26.52,51.28,0.12,0.0,469.14,7.0,621.1,33.55,32.22,0.14,0.0,472.91,12.0,2437.44,25.08,56.68,0.16,0.0,467.35,1.0,404.29,3346.95,518.06,602.6
185,16,52,30.15,56.5,30.15,56.5,0.7,472.51,31.05,39.15,0.7,468.64,31.05,39.15,0.7,468.64,30.15,56.5,0.7,472.51,13.0,100.0,0.7,472.51,13.58,100.0,0.7,472.51,14.42,100.0,0.7,472.51,30.94,39.56,0.18,0.0,469.15,0.0,810.6,26.35,51.18,0.1,0.0,469.97,1.0,347.36,26.47,51.5,0.12,0.0,469.54,6.0,621.1,32.88,35.62,0.14,0.0,473.2,10.0,0.0,24.99,56.83,0.16,0.0,467.72,1.0,404.29,3319.39,518.06,602.6
185,17,2,30.0,57.0,30.0,57.0,0.7,475.88,30.55,40.37,0.7,471.94,30.55,40.37,0.7,471.94,30.0,57.0,0.7,475.88,13.0,100.0,0.7,475.88,13.58,100.0,0.7,475.88,14.42,100.0,0.7,475.88,30.47,40.81,0.18,0.0,471.78,0.0,810.6,26.24,51.7,0.1,0.0,472.7,0.0,347.36,26.4,51.8,0.12,0.0,471.84,6.0,632.82,31.44,38.82,0.14,0.0,476.73,11.0,0.0,24.73,58.09,0.16,0.0,469.49,1.0,0.0,3291.67,518.06,602.6
185,17,18,29.73,58.5,29.73,58.5,0.7,475.1,30.36,40.91,0.7,472.41,30.36,40.91,0.7,472.41,29.72,58.5,0.7,475.1,13.0,100.0,0.7,475.1,13.58,100.0,0.7,475.1,14.42,100.0,0.7,475.1,29.95,42.37,0.18,0.0,472.29,0.0,820.32,26.1,52.55,0.1,0.0,473.3,1.0,351.56,26.3,52.42,0.12,0.0,472.49,6.0,632.81,30.41,41.32,0.14,0.0,477.0,11.0,0.0,24.5,59.03,0.16,0.0,470.04,1.0,0.0,3258.65,518.06,602.6
185,17,33,29.45,60.0,29.45,60.0,0.7,474.47,30.01,42.02,0.7,473.82,30.01,42.02,0.7,473.82,29.45,60.0,0.7,474.47,13.0,100.0,0.7,474.47,13.58,100.0,0.7,474.47,14.42,100.0,0.7,474.47,29.23,44.75,0.18,0.0,473.73,4.0,800.88,25.83,54.15,0.1,0.0,474.21,1.0,343.2,26.14,53.4,0.12,0.0,473.91,6.0,609.38,29.48,44.06,0.14,0.0,477.52,11.0,0.0,24.29,60.04,0.16,0.0,471.32,1.0,0.0,3224.12,518.06,602.6
185,17,50,29.17,61.5,29.17,61.5,0.7,471.89,30.01,42.23,0.7,473.28,30.01,42.23,0.7,473.28,29.17,61.5,0.7,471.89,13.0,100.0,0.7,471.89,13.58,100.0,0.7,471.89,14.42,100.0,0.7,471.89,28.55,46.97,0.18,0.0,472.92,4.0,810.48,25.56,55.56,0.1,0.0,473.25,2.0,347.39,25.95,54.41,0.12,0.0,473.39,6.0,609.38,29.49,43.88,0.14,0.0,475.82,10.0,0.0,24.42,59.49,0.16,0.0,471.04,2.0,609.38,3188.14,518.06,602.6
185,18,1,28.9,63.0,28.9,63.0,0.7,471.69,30.02,42.77,0.7,472.97,30.02,42.77,0.7,472.97,28.9,63.0,0.7,471.69,13.0,100.0,0.7,471.69,13.58,100.0,0.7,471.69,14.42,100.0,0.7,471.69,27.94,49.16,0.18,0.0,472.8,4.0,810.6,25.31,57.01,0.1,0.0,472.96,2.0,347.39,25.76,55.54,0.12,0.0,473.1,3.0,609.37,31.92,37.44,0.14,0.0,475.04,9.0,2472.6,24.5,59.78,0.16,0.0,471.15,1.0,603.52,3151.98,518.06,602.6
185,18,18,28.75,63.5,28.75,63.5,0.7,471.49,29.83,43.42,0.7,472.89,29.83,43.42,0.7,472.89,28.75,63.5,0.7,471.49,13.0,100.0,0.7,471.49,13.58,100.0,0.7,471.49,14.42,100.0,0.7,471.49,27.36,51.1,0.18,0.0,472.29,0.0,810.6,25.07,58.15,0.1,0.0,472.97,3.0,347.38,25.57,56.48,0.12,0.0,473.3,6.0,609.37,30.38,43.9,0.14,0.0,474.9,10.0,0.0,24.51,60.13,0.16,0.0,471.18,1.0,609.37,3128.87,518.06,602.6
185,18,32,28.6,64.0,28.6,64.0,0.7,471.66,29.69,44.14,0.7,472.79,29.69,44.14,0.7,472.79,28.6,64.0,0.7,471.66,13.0,100.0,0.7,471.66,13.58,100.0,0.7,471.66,14.42,100.0,0.7,471.66,27.72,49.43,0.18,0.0,472.66,5.0,2334.0,25.64,55.75,0.1,0.0,472.98,3.0,1000.28,25.38,57.41,0.12,0.0,472.95,2.0,632.81,29.13,46.64,0.14,0.0,474.07,6.0,0.0,24.47,60.68,0.16,0.0,471.49,4.0,404.3,3105.63,518.06,602.6
185,18,48,28.45,64.5,28.45,64.5,0.7,468.49,29.69,44.35,0.7,471.82,29.69,44.35,0.7,471.82,28.45,64.5,0.7,468.49,13.0,100.0,0.7,468.49,13.58,100.0,0.7,468.49,14.42,100.0,0.7,468.49,27.83,49.61,0.18,0.0,472.19,14.0,2334.0,25.9,55.45,0.1,0.0,471.54,4.0,1000.26,25.19,58.32,0.12,0.0,471.84,2.0,632.82,30.89,40.4,0.14,0.0,471.8,6.0,2449.2,24.4,61.18,0.16,0.0,470.67,1.0,398.44,3082.27,518.06,602.6
185,19,3,28.3,65.0,28.3,65.0,0.7,468.07,29.51,45.11,0.7,470.84,29.51,45.11,0.7,470.84,28.3,65.0,0.7,468.07,13.0,100.0,0.7,468.07,13.58,100.0,0.7,468.07,14.41,100.0,0.7,468.07,27.78,50.18,0.18,0.0,471.95,16.0,2334.0,25.98,55.6,0.1,0.0,469.7,0.0,1000.27,25.0,59.35,0.12,0.0,470.76,2.0,632.81,29.17,47.66,0.14,0.0,470.5,6.0,0.0,24.34,61.82,0.16,0.0,470.04,1.0,404.29,3058.79,518.06,602.6
185,19,17,28.18,66.0,28.18,66.0,0.7,467.09,29.23,46.08,0.7,470.19,29.23,46.08,0.7,470.19,28.18,66.0,0.7,467.09,13.0,100.0,0.7,467.09,13.58,100.0,0.7,467.09,14.41,100.0,0.7,467.09,27.66,50.94,0.18,0.0,471.47,16.0,2334.0,25.96,56.05,0.1,0.0,468.74,0.0,1000.27,24.82,60.36,0.12,0.0,470.12,2.0,632.81,27.89,50.81,0.14,0.0,469.67,6.0,0.0,24.27,62.41,0.16,0.0,469.53,0.0,404.29,3044.41,518.06,602.6
185,19,33,28.05,67.0,28.05,67.0,0.7,466.29,29.09,46.68,0.7,469.64,29.09,46.68,0.7,469.64,28.05,67.0,0.7,466.29,13.0,100.0,0.7,466.29,13.58,100.0,0.7,466.29,14.41,100.0,0.7,466.29,28.04,49.51,0.18,0.0,470.95,16.0,3447.24,26.31,54.98,0.1,0.0,467.87,0.0,1477.39,24.58,61.69,0.12,0.0,469.27,0.0,562.5,29.49,44.69,0.14,0.0,469.25,8.0,2437.44,24.2,63.06,0.16,0.0,469.03,0.0,404.29,3029.82,518.06,602.6
185,19,47,27.93,68.0,27.93,68.0,0.7,466.49,28.87,47.63,0.7,469.22,28.87,47.63,0.7,469.22,27.93,68.0,0.7,466.49,13.0,100.0,0.7,466.49,13.58,100.0,0.7,466.49,14.41,100.0,0.7,466.49,28.18,49.86,0.18,0.0,470.48,13.0,3447.24,26.49,54.95,0.1,0.0,467.51,0.0,1477.39,24.38,62.8,0.12,0.0,468.81,0.0,574.22,27.27,55.14,0.14,0.0,469.17,8.0,35.16,24.12,63.76,0.16,0.0,468.71,0.0,404.29,3015.02,518.06,602.6
185,20,3,27.8,69.0,27.8,69.0,0.7,466.48,28.62,48.59,0.7,468.98,28.62,48.59,0.7,468.98,27.8,69.0,0.7,466.48,13.0,100.0,0.7,466.48,13.58,100.0,0.7,466.48,14.41,100.0,0.7,466.48,28.18,50.37,0.18,0.0,470.44,15.0,3447.24,26.55,55.36,0.1,0.0,467.22,0.0,1477.39,24.21,63.86,0.12,0.0,468.43,0.0,574.22,26.34,56.73,0.14,0.0,468.88,7.0,0.0,24.04,64.5,0.16,0.0,468.44,0.0,404.3,3000.01,518.06,602.6
185,20,17,27.53,70.25,27.53,70.25,0.7,466.1,28.6,49.06,0.7,468.65,28.6,49.06,0.7,468.65,27.52,70.25,0.7,466.1,13.0,100.0,0.7,466.1,13.58,100.0,0.7,466.1,14.41,100.0,0.7,466.1,28.12,50.93,0.18,0.0,470.13,15.0,3447.36,26.55,55.79,0.1,0.0,467.23,2.0,1477.42,24.05,64.86,0.12,0.0,467.95,0.0,574.21,28.37,48.62,0.14,0.0,468.7,8.0,2472.6,23.95,65.21,0.16,0.0,468.07,0.0,404.3,2958.26,518.06,602.6
185,20,33,27.25,71.5,27.25,71.5,0.7,467.09,28.55,49.44,0.7,468.88,28.55,49.44,0.7,468.88,27.25,71.5,0.7,467.09,13.0,100.0,0.7,467.09,13.58,100.0,0.7,467.09,14.41,100.0,0.7,467.09,28.15,51.02,0.18,0.0,470.43,15.0,3300.72,26.62,55.81,0.1,0.0,467.66,2.0,1414.62,23.89,65.83,0.12,0.0,467.98,0.0,562.5,26.39,59.26,0.14,0.0,469.46,9.0,35.16,23.87,65.88,0.16,0.0,468.08,0.0,398.45,2915.91,518.06,602.6
185,20,48,26.97,72.75,26.97,72.75,0.7,466.32,28.37,50.21,0.7,468.55,28.37,50.21,0.7,468.55,26.97,72.75,0.7,466.32,13.0,100.0,0.7,466.32,13.58,100.0,0.7,466.32,14.41,100.0,0.7,466.32,28.2,51.16,0.18,0.0,470.12,15.0,3300.84,26.7,55.87,0.1,0.0,467.34,2.0,1414.62,23.76,66.7,0.12,0.0,467.6,0.0,574.22,25.58,60.38,0.14,0.0,468.53,6.0,0.0,23.79,66.5,0.16,0.0,467.78,0.0,398.44,2872.97,518.06,602.6
185,21,2,26.7,74.0,26.7,74.0,0.7,467.32,28.4,50.54,0.7,468.71,28.4,50.54,0.7,468.71,26.7,74.0,0.7,467.32,13.0,100.0,0.7,467.32,13.58,100.0,0.7,467.32,14.41,100.0,0.7,467.32,28.23,51.42,0.18,0.0,470.47,15.0,3300.84,26.75,56.06,0.1,0.0,467.81,2.0,1414.63,23.63,67.57,0.12,0.0,467.68,0.0,574.21,27.66,51.53,0.14,0.0,469.01,6.0,2402.4,23.72,67.11,0.16,0.0,467.82,0.0,404.29,2829.45,518.06,602.6
185,21,18,26.7,74.0,26.7,74.0,0.7,467.29,28.39,50.79,0.7,468.71,28.39,50.79,0.7,468.71,26.7,74.0,0.7,467.29,13.0,100.0,0.7,467.29,13.58,100.0,0.7,467.29,14.41,100.0,0.7,467.29,28.24,51.56,0.18,0.0,470.52,15.0,3300.72,26.79,56.11,0.1,0.0,467.88,2.0,1414.61,23.52,68.27,0.12,0.0,467.62,0.0,562.5,28.67,49.56,0.14,0.0,469.02,6.0,2425.8,23.67,67.59,0.16,0.0,467.76,0.0,404.3,2828.91,518.06,602.6
185,21,32,26.7,74.0,26.7,74.0,0.7,468.09,27.99,52.2,0.7,468.98,27.99,52.2,0.7,468.98,26.7,74.0,0.7,468.09,13.0,100.0,0.7,468.09,13.58,100.0,0.7,468.09,14.41,100.0,0.7,468.09,27.53,54.83,0.18,0.0,470.92,15.0,2119.2,26.17,59.15,0.1,0.0,468.37,2.0,908.2,23.42,68.92,0.12,0.0,467.82,0.0,539.06,26.74,58.19,0.14,0.0,469.37,5.0,35.16,23.44,69.1,0.16,0.0,467.89,0.0,199.21,2828.37,518.06,602.6
185,21,48,26.7,74.0,26.7,74.0,0.7,468.09,27.68,53.33,0.7,469.06,27.68,53.33,0.7,469.06,26.7,74.0,0.7,468.09,13.0,100.0,0.7,468.09,13.58,100.0,0.7,468.09,14.41,100.0,0.7,468.09,27.09,55.8,0.18,0.0,471.05,15.0,2128.92,25.87,59.76,0.1,0.0,468.52,2.0,912.4,23.34,69.44,0.12,0.0,467.86,0.0,550.79,25.65,61.05,0.14,0.0,469.45,5.0,0.0,23.24,70.11,0.16,0.0,467.91,0.0,199.21,2827.84,518.06,602.6
185,22,7,26.7,74.0,26.7,74.0,0.7,467.52,27.58,53.69,0.7,468.83,27.58,53.69,0.7,468.83,26.7,74.0,0.7,467.52,13.0,100.0,0.7,467.52,13.58,100.0,0.7,467.52,14.41,100.0,0.7,467.52,26.82,56.58,0.18,0.0,469.77,1.0,2128.92,25.68,60.38,0.1,0.0,468.31,2.0,912.4,23.25,69.96,0.12,0.0,467.73,0.0,539.06,25.07,62.73,0.14,0.0,469.16,5.0,0.0,23.07,70.88,0.16,0.0,467.81,0.0,199.21,2827.3,518.06,602.6
185,22,18,26.7,73.5,26.7,73.5,0.7,469.28,26.97,55.82,0.7,469.06,26.97,55.82,0.7,469.06,26.7,73.5,0.7,469.28,13.0,100.0,0.7,469.28,13.58,100.0,0.7,469.28,14.41,100.0,0.7,469.28,26.65,57.06,0.18,0.0,469.8,0.0,2128.92,25.55,60.68,0.1,0.0,469.22,2.0,912.4,23.16,70.37,0.12,0.0,468.23,0.0,539.06,23.87,68.09,0.14,0.0,470.2,5.0,0.0,22.93,71.6,0.16,0.0,468.18,0.0,199.21,2823.01,518.06,602.6
185,22,33,26.7,73.0,26.7,73.0,0.7,467.69,26.54,57.24,0.7,468.81,26.54,57.24,0.7,468.81,26.7,73.0,0.7,467.69,13.0,100.0,0.7,467.69,13.58,100.0,0.7,467.69,14.41,100.0,0.7,467.69,25.57,61.72,0.18,0.0,468.89,0.0,556.68,24.6,64.91,0.1,0.0,468.92,2.0,238.56,23.09,70.54,0.12,0.0,468.1,0.0,585.94,22.88,71.39,0.14,0.0,469.43,4.0,0.0,22.76,72.38,0.16,0.0,468.1,0.0,205.08,2818.76,518.06,602.6
185,22,47,26.7,72.5,26.7,72.5,0.7,468.68,26.26,58.04,0.7,468.93,26.26,58.04,0.7,468.93,26.7,72.5,0.7,468.68,13.0,100.0,0.7,468.68,13.58,100.0,0.7,468.68,14.41,100.0,0.7,468.68,24.83,63.63,0.18,0.0,469.03,0.0,556.56,23.99,66.46,0.1,0.0,469.3,2.0,238.56,23.0,70.73,0.12,0.0,468.33,0.0,585.94,24.67,61.07,0.14,0.0,469.84,4.0,2402.28,22.6,73.0,0.16,0.0,468.27,0.0,199.21,2814.57,518.06,602.6
185,23,3,26.7,72.0,26.7,72.0,0.7,469.28,26.06,58.56,0.7,469.15,26.06,58.56,0.7,469.15,26.7,72.0,0.7,469.28,13.0,100.0,0.7,469.28,13.58,100.0,0.7,469.28,14.41,100.0,0.7,469.28,24.34,64.93,0.18,0.0,469.2,0.0,556.68,23.58,67.51,0.1,0.0,469.66,2.0,238.57,22.91,70.88,0.12,0.0,468.58,0.0,585.94,25.59,58.36,0.14,0.0,470.23,4.0,2437.56,22.44,73.54,0.16,0.0,468.47,0.0,199.22,2810.42,518.06,602.6
185,23,18,26.42,73.75,26.42,73.75,0.7,469.86,26.08,58.4,0.7,469.36,26.08,58.4,0.7,469.36,26.43,73.75,0.7,469.86,13.0,100.0,0.7,469.86,13.58,100.0,0.7,469.86,14.41,100.0,0.7,469.86,23.97,66.45,0.18,0.0,469.46,0.0,556.56,23.27,69.0,0.1,0.0,469.65,0.0,238.56,22.81,71.45,0.12,0.0,468.86,0.0,585.94,26.71,54.58,0.14,0.0,470.67,4.0,2449.2,22.28,74.31,0.16,0.0,468.7,0.0,205.08,2770.45,518.06,602.6
185,23,37,26.15,75.5,26.15,75.5,0.7,468.7,25.76,59.5,0.7,469.17,25.76,59.5,0.7,469.17,26.15,75.5,0.7,468.7,13.0,100.0,0.7,468.7,13.58,100.0,0.7,468.7,14.41,100.0,0.7,468.7,23.4,69.24,0.18,0.0,469.12,0.0,458.88,22.76,71.73,0.1,0.0,469.18,0.0,196.7,22.68,72.23,0.12,0.0,468.66,0.0,527.34,26.74,56.21,0.14,0.0,469.98,3.0,2449.2,22.14,75.05,0.16,0.0,468.55,0.0,199.22,2729.67,518.06,602.6
185,23,52,25.88,77.25,25.88,77.25,0.7,467.69,25.38,60.97,0.7,468.86,25.38,60.97,0.7,468.86,25.88,77.25,0.7,467.69,13.0,100.0,0.7,467.69,13.58,100.0,0.7,467.69,14.41,100.0,0.7,467.69,22.88,71.74,0.18,0.0,468.56,0.0,458.88,22.3,74.22,0.1,0.0,468.48,0.0,196.7,22.56,73.16,0.12,0.0,468.41,0.0,539.06,26.51,57.54,0.14,0.0,469.18,3.0,2402.4,21.99,76.06,0.16,0.0,468.4,0.0,199.22,2688.1,518.06,602.6
185,24,7,25.6,79.0,25.6,79.0,0.7,467.49,25.15,62.18,0.7,468.35,25.15,62.18,0.7,468.35,25.6,79.0,0.7,467.49,13.0,100.0,0.7,467.49,13.58,100.0,0.7,467.49,14.41,100.0,0.7,467.49,22.53,73.92,0.18,0.0,468.07,0.0,468.72,21.97,76.44,0.1,0.0,467.94,0.0,200.88,22.44,74.26,0.12,0.0,468.1,0.0,527.35,26.4,58.48,0.14,0.0,468.33,1.0,2425.68,21.86,77.19,0.16,0.0,468.16,0.0,199.22,2645.76,518.06,602.6
186,0,15,25.6,77.75,25.6,77.75,0.7,466.9,25.06,62.75,0.7,468.13,25.06,62.75,0.7,468.13,25.6,77.75,0.7,466.9,13.0,100.0,0.7,466.9,13.58,100.0,0.7,466.9,14.41,100.0,0.7,466.9,22.24,74.98,0.18,0.0,467.67,0.0,468.72,21.7,77.44,0.1,0.0,467.52,0.0,200.88,22.34,74.71,0.12,0.0,467.8,0.0,539.06,26.3,58.68,0.14,0.0,467.66,0.0,2414.16,21.73,77.81,0.16,0.0,467.92,0.0,199.22,2637.14,518.06,602.6
186,0,30,25.6,76.5,25.6,76.5,0.7,466.9,24.88,63.74,0.7,467.73,24.88,63.74,0.7,467.73,25.6,76.5,0.7,466.9,13.0,100.0,0.7,466.9,13.58,100.0,0.7,466.9,14.41,100.0,0.7,466.9,22.01,75.71,0.18,0.0,467.3,0.0,459.0,21.47,78.02,0.1,0.0,467.17,0.0,196.69,22.26,74.91,0.12,0.0,467.48,0.0,550.79,26.21,58.44,0.14,0.0,467.12,0.0,2425.68,21.61,78.3,0.16,0.0,467.65,0.0,199.21,2628.75,518.06,602.6
186,0,45,25.6,75.25,25.6,75.25,0.7,469.65,24.68,64.72,0.7,467.36,24.68,64.72,0.7,467.36,25.6,75.25,0.7,469.65,13.0,100.0,0.7,469.65,13.58,100.0,0.7,469.65,14.41,100.0,0.7,469.65,21.81,75.85,0.18,0.0,467.79,0.0,459.0,21.28,77.99,0.1,0.0,467.83,0.0,196.69,22.18,74.72,0.12,0.0,467.78,0.0,550.79,26.11,57.94,0.14,0.0,467.96,0.0,2402.4,21.5,78.45,0.16,0.0,467.83,0.0,199.21,2620.6,518.06,602.6
186,1,1,25.6,74.0,25.6,74.0,0.7,467.49,24.1,65.89,0.7,467.68,24.1,65.89,0.7,467.68,25.6,74.0,0.7,467.49,13.0,100.0,0.7,467.49,13.58,100.0,0.7,467.49,14.41,100.0,0.7,467.49,21.66,75.53,0.18,0.0,467.64,0.0,468.72,21.13,77.45,0.1,11.53,467.64,0.0,200.88,22.12,74.17,0.12,0.0,467.67,0.0,562.5,23.18,71.72,0.14,0.0,467.64,0.0,0.0,21.4,78.33,0.16,0.0,467.74,0.0,199.22,2612.68,518.06,602.6
186,1,17,25.6,73.5,25.6,73.5,0.7,466.9,23.8,66.62,0.7,467.43,23.8,66.62,0.7,467.43,25.6,73.5,0.7,466.9,13.0,100.0,0.7,466.9,13.58,100.0,0.7,466.9,14.41,100.0,0.7,466.9,21.5,75.66,0.18,0.0,467.36,0.0,468.72,21.1,76.8,0.1,117.22,467.3,0.0,200.88,22.04,74.05,0.12,0.0,467.46,0.0,562.5,21.83,74.13,0.14,0.0,467.22,0.0,0.0,21.28,78.47,0.16,0.0,467.57,0.0,199.22,2609.39,518.06,602.6
186,1,35,25.6,73.0,25.6,73.0,0.7,467.29,23.6,67.19,0.7,467.5,23.6,67.19,0.7,467.5,25.6,73.0,0.7,467.29,13.0,100.0,0.7,467.29,13.58,100.0,0.7,467.29,14.41,100.0,0.7,467.29,21.35,75.83,0.18,0.0,467.44,0.0,449.28,21.1,76.22,0.1,187.62,467.4,0.0,192.53,21.94,74.0,0.12,0.0,467.5,0.0,550.79,21.18,75.6,0.14,130.66,467.37,0.0,0.0,21.19,78.41,0.16,0.0,467.59,0.0,205.08,2606.14,518.06,602.6
186,1,45,25.6,72.5,25.6,72.5,0.7,467.5,23.57,67.02,0.7,467.47,23.57,67.02,0.7,467.47,25.6,72.5,0.7,467.5,13.0,100.0,0.7,467.5,13.58,100.0,0.7,467.5,14.41,100.0,0.7,467.5,21.2,75.85,0.18,0.0,467.49,0.0,449.16,21.1,75.77,0.1,232.09,467.48,0.0,192.5,21.85,73.89,0.12,0.0,467.54,0.0,550.79,21.1,75.2,0.14,460.69,467.47,0.0,0.0,21.1,78.29,0.16,26.74,467.61,0.0,199.22,2602.92,518.06,602.6
186,2,0,25.6,72.0,25.6,72.0,0.7,466.88,23.42,67.3,0.7,467.52,23.42,67.3,0.7,467.52,25.6,72.0,0.7,466.88,13.0,100.0,0.7,466.88,13.58,100.0,0.7,466.88,14.42,100.0,0.7,466.88,21.11,75.49,0.18,59.23,467.35,0.0,449.28,21.1,75.04,0.1,268.97,467.32,0.0,192.53,21.76,73.51,0.12,0.0,467.42,0.0,550.79,21.1,74.54,0.14,583.51,467.28,0.0,0.0,21.1,77.57,0.16,288.83,467.5,0.0,199.22,2599.75,518.06,602.6
186,2,15,25.45,70.75,25.45,70.75,0.7,466.71,23.26,67.44,0.7,467.38,23.26,67.44,0.7,467.38,25.45,70.75,0.7,466.71,13.0,100.0,0.7,466.71,13.58,100.0,0.7,466.71,14.42,100.0,0.7,466.71,21.1,74.57,0.18,212.62,467.12,0.0,449.16,21.1,74.07,0.1,297.36,467.06,0.0,192.5,21.69,72.97,0.12,0.0,467.23,0.0,550.78,21.1,73.56,0.14,677.17,466.98,0.0,35.16,21.1,76.72,0.16,318.59,467.33,0.0,199.22,2563.52,518.06,602.6
186,2,32,25.3,69.5,25.3,69.5,0.7,467.49,23.05,66.41,0.7,467.3,23.05,66.41,0.7,467.3,25.3,69.5,0.7,467.49,13.0,100.0,0.7,467.49,13.58,100.0,0.7,467.49,14.42,100.0,0.7,467.49,21.1,73.03,0.18,251.01,467.29,0.0,478.56,21.1,72.41,0.1,308.3,467.29,0.0,205.08,21.62,72.0,0.12,0.0,467.32,0.0,562.5,22.77,63.04,0.14,0.0,467.31,0.0,2414.04,21.1,75.51,0.16,494.58,467.38,0.0,199.22,2528.18,518.06,602.6
186,2,48,25.15,68.25,25.15,68.25,0.7,467.5,23.0,65.99,0.7,467.33,23.0,65.99,0.7,467.33,25.15,68.25,0.7,467.5,13.0,100.0,0.7,467.5,13.58,100.0,0.7,467.5,14.42,100.0,0.7,467.5,21.1,71.85,0.18,289.56,467.33,0.0,488.28,21.1,71.12,0.1,319.88,467.34,0.0,209.26,21.56,71.3,0.12,0.0,467.35,0.0,562.5,23.76,59.03,0.14,0.0,467.38,0.0,2449.2,21.1,74.62,0.16,556.4,467.39,0.0,199.22,2493.67,518.06,602.6
186,3,7,25.0,67.0,25.0,67.0,0.7,468.08,22.96,65.82,0.7,467.41,22.96,65.82,0.7,467.41,25.0,67.0,0.7,468.08,13.0,100.0,0.7,468.08,13.58,100.0,0.7,468.08,14.42,100.0,0.7,468.08,21.1,70.69,0.18,341.08,467.55,0.0,478.56,21.1,69.89,0.1,341.72,467.6,0.0,205.08,21.5,70.52,0.12,0.0,467.5,0.0,562.5,24.24,56.74,0.14,0.0,467.69,0.0,2414.16,21.1,73.72,0.16,593.1,467.51,0.0,199.21,2459.94,518.06,602.6
186,3,17,25.0,67.5,25.0,67.5,0.7,466.87,22.77,64.59,0.7,467.24,22.77,64.59,0.7,467.24,25.0,67.5,0.7,466.87,13.0,100.0,0.7,466.87,13.58,100.0,0.7,466.87,14.42,100.0,0.7,466.87,21.1,69.86,0.18,352.51,467.2,0.0,488.28,21.1,69.16,0.1,349.08,467.17,0.0,209.27,21.46,69.82,0.12,0.0,467.25,0.0,562.5,22.01,67.1,0.14,0.0,467.12,0.0,0.0,21.1,72.81,0.16,625.89,467.32,0.0,199.21,2462.33,518.06,602.6
186,3,35,25.0,68.0,25.0,68.0,0.7,465.49,22.64,64.83,0.7,466.89,22.64,64.83,0.7,466.89,25.0,68.0,0.7,465.49,13.0,100.0,0.7,465.49,13.58,100.0,0.7,465.49,14.42,100.0,0.7,465.49,21.1,69.64,0.18,419.52,466.61,0.0,449.28,21.1,69.05,0.1,379.08,466.47,0.0,192.52,21.41,69.67,0.12,0.0,466.82,0.0,562.5,21.14,68.51,0.14,356.25,466.25,0.0,0.0,21.1,72.4,0.16,669.73,466.98,0.0,199.21,2464.76,518.06,602.6
186,3,45,25.0,68.5,25.0,68.5,0.7,466.1,22.62,64.59,0.7,466.64,22.62,64.59,0.7,466.64,25.0,68.5,0.7,466.1,13.0,100.0,0.7,466.1,13.58,100.0,0.7,466.1,14.42,100.0,0.7,466.1,21.1,69.56,0.18,452.51,466.5,0.0,449.16,21.1,69.07,0.1,391.87,466.37,0.0,192.53,21.37,69.59,0.12,0.0,466.7,0.0,562.5,21.1,68.67,0.14,722.59,466.21,0.0,0.0,21.1,72.1,0.16,718.2,466.87,0.0,199.21,2467.21,518.06,602.6
186,4,0,25.0,69.0,25.0,69.0,0.7,466.09,22.53,64.65,0.7,466.54,22.53,64.65,0.7,466.54,25.0,69.0,0.7,466.09,13.0,100.0,0.7,466.09,13.58,100.0,0.7,466.09,14.42,100.0,0.7,466.09,21.1,69.51,0.18,483.34,466.28,0.0,449.16,21.1,69.18,0.1,403.0,466.17,0.0,192.52,21.32,69.47,0.12,0.0,466.47,0.0,562.5,21.1,68.97,0.14,761.74,466.07,0.0,0.0,21.1,71.61,0.16,762.85,466.65,0.0,199.22,2469.7,518.06,602.6
186,4,15,25.0,70.25,25.0,70.25,0.7,465.89,22.45,64.63,0.7,466.34,22.45,64.63,0.7,466.34,25.0,70.25,0.7,465.89,13.0,100.0,0.7,465.89,13.58,100.0,0.7,465.89,14.42,100.0,0.7,465.89,21.1,69.86,0.18,506.12,466.13,0.0,449.28,21.1,69.71,0.1,411.09,466.05,0.0,192.53,21.28,69.69,0.12,0.0,466.29,0.0,562.5,21.1,69.67,0.14,875.56,466.0,0.0,0.0,21.1,71.44,0.16,798.39,466.47,0.0,199.22,2476.05,518.06,602.6
186,4,30,25.0,71.5,25.0,71.5,0.7,467.29,22.37,64.78,0.7,466.2,22.37,64.78,0.7,466.2,25.0,71.5,0.7,467.29,13.0,100.0,0.7,467.29,13.58,100.0,0.7,467.29,14.42,100.0,0.7,467.29,21.1,70.61,0.18,486.43,466.38,0.0,449.28,21.1,70.6,0.1,347.17,466.39,0.0,192.53,21.39,69.67,0.12,0.0,466.42,0.0,562.5,21.1,70.7,0.14,907.54,466.46,0.0,0.0,21.1,71.63,0.16,826.94,466.52,0.0,199.22,2482.61,518.06,602.6
186,4,52,25.0,72.75,25.0,72.75,0.7,466.9,22.28,65.51,0.7,466.48,22.28,65.51,0.7,466.48,25.0,72.75,0.7,466.9,13.0,100.0,0.7,466.9,13.58,100.0,0.7,466.9,14.42,100.0,0.7,466.9,21.1,71.69,0.18,442.33,466.57,0.0,449.16,21.1,71.82,0.1,172.58,466.61,0.0,192.52,21.79,68.29,0.12,0.0,466.56,0.0,550.79,21.1,72.04,0.14,890.25,466.7,0.0,23.4,21.1,72.16,0.16,840.93,466.61,0.0,199.22,2489.38,518.06,602.6
186,5,3,25.0,74.0,25.0,74.0,0.7,466.71,22.38,66.34,0.7,466.59,22.38,66.34,0.7,466.59,25.0,74.0,0.7,466.71,13.0,100.0,0.7,466.71,13.58,100.0,0.7,466.71,14.42,100.0,0.7,466.71,21.1,72.81,0.18,383.3,466.58,0.0,449.16,21.14,72.77,0.1,0.0,466.61,0.0,192.53,22.39,66.35,0.12,0.0,466.57,0.0,550.79,22.68,64.86,0.14,0.0,466.66,0.0,2425.8,21.1,72.86,0.16,823.55,466.61,0.0,205.08,2496.36,518.06,602.6
186,5,18,24.73,75.25,24.73,75.25,0.7,466.5,22.51,66.39,0.7,466.55,22.51,66.39,0.7,466.55,24.72,75.25,0.7,466.5,13.0,100.0,0.7,466.5,13.58,100.0,0.7,466.5,14.41,100.0,0.7,466.5,21.1,73.45,0.18,315.2,466.52,0.0,449.28,21.45,71.71,0.1,0.0,466.53,0.0,192.52,23.11,63.87,0.12,0.0,466.52,0.0,550.78,23.59,62.78,0.14,0.0,466.55,0.0,2367.12,21.1,73.31,0.16,778.66,466.57,0.0,205.08,2450.6,518.06,602.6
186,5,33,24.45,76.5,24.45,76.5,0.7,467.7,22.85,65.98,0.7,466.89,22.85,65.98,0.7,466.89,24.45,76.5,0.7,467.7,13.0,100.0,0.7,467.7,13.58,100.0,0.7,467.7,14.41,100.0,0.7,467.7,21.1,74.26,0.18,233.57,467.01,0.0,449.28,21.9,70.4,0.1,0.0,467.11,0.0,192.53,23.88,61.78,0.12,0.0,466.88,0.0,562.5,22.54,69.85,0.14,0.0,467.25,0.0,0.0,21.1,74.01,0.16,711.13,466.83,0.0,199.22,2404.33,518.06,602.6
186,5,48,24.17,77.75,24.17,77.75,0.7,466.7,22.7,67.15,0.7,466.75,22.7,67.15,0.7,466.75,24.17,77.75,0.7,466.7,13.0,100.0,0.7,466.7,13.58,100.0,0.7,466.7,14.41,100.0,0.7,466.7,21.1,74.71,0.18,172.09,466.75,0.0,439.56,22.47,68.19,0.1,0.0,466.78,0.0,188.35,24.66,59.2,0.12,0.0,466.71,0.0,562.5,21.36,74.97,0.14,16.84,466.79,0.0,0.0,21.1,74.41,0.16,611.46,466.71,0.0,199.22,2357.54,518.06,602.6
186,6,5,23.9,79.0,23.9,79.0,0.7,467.88,22.75,67.19,0.7,467.04,22.75,67.19,0.7,467.04,23.9,79.0,0.7,467.88,13.0,100.0,0.7,467.88,13.58,100.0,0.7,467.88,14.41,100.0,0.7,467.88,21.1,75.06,0.18,91.27,467.2,0.0,439.44,23.21,65.29,0.1,0.0,467.32,0.0,188.33,25.51,56.44,0.12,0.0,467.05,0.0,562.5,21.11,75.28,0.14,361.33,467.46,0.0,0.0,21.1,74.73,0.16,527.77,466.96,0.0,199.22,2310.25,518.06,602.6
186,6,20,24.32,77.75,24.32,77.75,0.7,467.5,22.91,67.03,0.7,467.31,22.91,67.03,0.7,467.31,24.33,77.75,0.7,467.5,13.0,100.0,0.7,467.5,13.58,100.0,0.7,467.5,14.41,100.0,0.7,467.5,21.12,75.36,0.18,0.0,467.37,0.0,449.28,24.09,62.19,0.1,0.0,467.45,0.0,192.52,26.41,54.05,0.12,0.0,467.23,0.0,550.78,21.1,75.56,0.14,476.2,467.53,0.0,0.0,21.1,75.22,0.16,418.78,467.12,0.0,199.22,2385.97,518.06,602.6
186,6,33,24.75,76.5,24.75,76.5,0.7,467.1,23.17,66.33,0.7,467.2,23.17,66.33,0.7,467.2,24.75,76.5,0.7,467.1,13.0,100.0,0.7,467.1,13.58,100.0,0.7,467.1,14.41,100.0,0.7,467.1,21.2,75.12,0.18,0.0,467.22,0.0,449.28,25.03,58.8,0.1,0.0,467.25,0.0,192.52,27.2,51.73,0.12,0.0,467.14,0.0,550.78,21.1,75.71,0.14,493.33,467.26,0.0,0.0,21.1,75.53,0.16,208.96,467.06,0.0,199.22,2460.98,518.06,602.6
186,6,50,25.18,75.25,25.18,75.25,0.7,467.3,23.32,65.9,0.7,467.24,23.32,65.9,0.7,467.24,25.18,75.25,0.7,467.3,13.0,100.0,0.7,467.3,13.58,100.0,0.7,467.3,14.41,100.0,0.7,467.3,21.32,74.72,0.18,0.0,467.28,0.0,439.56,25.9,56.02,0.1,0.0,467.31,0.0,188.35,27.81,50.23,0.12,0.0,467.2,0.0,550.78,21.1,75.82,0.14,476.63,467.33,0.0,0.0,21.1,75.78,0.16,59.74,467.11,0.0,199.22,2535.3,518.06,602.6
186,7,2,25.6,74.0,25.6,74.0,0.7,466.51,23.63,64.98,0.7,466.95,23.63,64.98,0.7,466.95,25.6,74.0,0.7,466.51,13.0,100.0,0.7,466.51,13.58,100.0,0.7,466.51,14.41,100.0,0.7,466.51,21.46,74.22,0.18,0.0,466.94,0.0,439.44,26.7,53.63,0.1,0.0,466.9,0.0,188.33,28.25,49.26,0.12,0.0,466.96,0.0,550.78,23.16,64.8,0.14,0.0,466.81,0.0,2437.44,21.13,75.84,0.16,0.0,466.95,0.0,199.22,2608.92,518.06,602.6
186,7,18,25.88,73.5,25.88,73.5,0.7,467.48,23.88,64.12,0.7,467.21,23.88,64.12,0.7,467.21,25.88,73.5,0.7,467.48,13.0,100.0,0.7,467.48,13.58,100.0,0.7,467.48,14.41,100.0,0.7,467.48,21.61,73.7,0.18,0.0,467.26,0.0,449.28,27.47,51.45,0.1,0.0,467.29,0.0,192.5,28.55,48.65,0.12,0.0,467.2,0.0,550.79,24.35,61.32,0.14,0.0,467.32,0.0,2379.0,21.2,75.68,0.16,0.0,467.13,0.0,199.22,2658.34,518.06,602.6
186,7,32,26.15,73.0,26.15,73.0,0.7,465.52,24.04,63.74,0.7,466.53,24.04,63.74,0.7,466.53,26.15,73.0,0.7,465.52,13.0,100.0,0.7,465.52,13.58,100.0,0.7,465.52,14.41,100.0,0.7,465.52,21.87,72.67,0.18,0.0,466.46,0.0,468.72,28.26,49.29,0.1,0.0,466.32,0.0,200.89,28.76,48.33,0.12,0.0,466.61,0.0,585.94,22.23,74.6,0.14,0.0,466.13,0.0,0.0,21.27,75.63,0.16,0.0,466.7,0.0,199.22,2707.69,518.06,602.6
186,7,48,26.42,72.5,26.42,72.5,0.7,466.49,24.23,63.16,0.7,466.73,24.23,63.16,0.7,466.73,26.42,72.5,0.7,466.49,13.0,100.0,0.7,466.49,13.58,100.0,0.7,466.49,14.41,100.0,0.7,466.49,22.13,71.8,0.18,0.0,466.78,1.0,478.44,28.96,47.54,0.1,0.0,466.62,0.0,205.08,28.82,48.48,0.12,0.0,466.76,0.0,574.22,21.47,75.6,0.14,0.0,466.55,0.0,0.0,21.36,75.45,0.16,0.0,466.8,0.0,199.22,2757.0,518.06,602.6
186,8,5,26.7,72.0,26.7,72.0,0.7,467.49,24.41,62.64,0.7,466.94,24.41,62.64,0.7,466.94,26.7,72.0,0.7,467.49,13.0,100.0,0.7,467.49,13.58,100.0,0.7,467.49,14.41,100.0,0.7,467.49,22.38,70.98,0.18,0.0,467.07,0.0,478.44,29.56,46.19,0.1,0.0,467.06,0.0,205.07,28.75,48.94,0.12,0.0,467.01,0.0,585.94,21.24,76.5,0.14,0.0,467.11,0.0,0.0,21.46,75.27,0.16,0.0,466.98,0.0,205.08,2806.28,518.06,602.6
186,8,22,27.1,70.25,27.1,70.25,0.7,467.69,24.55,62.26,0.7,467.03,24.55,62.26,0.7,467.03,27.1,70.25,0.7,467.69,13.0,100.0,0.7,467.69,13.58,100.0,0.7,467.69,14.41,100.0,0.7,467.69,22.61,70.04,0.18,0.0,467.21,0.0,468.84,30.06,44.92,0.1,0.0,467.24,0.0,200.9,28.59,49.5,0.12,0.0,467.3,2.0,574.22,21.16,76.57,0.14,0.0,467.32,0.0,0.0,21.57,74.96,0.16,0.0,467.08,0.0,205.08,2868.46,518.06,602.6
186,8,35,27.5,68.5,27.5,68.5,0.7,468.49,24.91,61.11,0.7,467.47,24.91,61.11,0.7,467.47,27.5,68.5,0.7,468.49,13.0,100.0,0.7,468.49,13.58,100.0,0.7,468.49,14.41,100.0,0.7,468.49,23.34,66.05,0.18,0.0,467.65,0.0,1201.08,30.95,42.15,0.1,0.0,467.77,0.0,514.78,28.35,50.22,0.12,0.0,467.83,3.0,574.22,21.14,76.14,0.14,0.0,467.93,0.0,0.0,21.69,74.35,0.16,0.0,467.33,0.0,199.22,2929.44,518.06,602.6
186,8,50,27.9,66.75,27.9,66.75,0.7,469.1,25.2,60.03,0.7,468.11,25.2,60.03,0.7,468.11,27.9,66.75,0.7,469.1,13.0,100.0,0.7,469.1,13.58,100.0,0.7,469.1,14.41,100.0,0.7,469.1,23.96,63.7,0.18,0.0,468.28,0.0,1210.92,31.62,40.57,0.1,0.0,468.47,0.0,518.99,28.04,50.94,0.12,0.0,468.4,1.0,585.94,21.16,75.37,0.14,0.0,468.67,0.0,0.0,21.82,73.66,0.16,0.0,467.77,0.0,199.21,2989.21,518.06,602.6
186,9,1,28.3,65.0,28.3,65.0,0.7,470.5,25.58,58.29,0.7,469.13,25.58,58.29,0.7,469.13,28.3,65.0,0.7,470.5,13.0,100.0,0.7,470.5,13.58,100.0,0.7,470.5,14.42,100.0,0.7,470.5,24.35,61.83,0.18,0.0,469.73,6.0,1201.2,32.02,39.41,0.1,0.0,469.42,0.0,514.8,27.73,51.67,0.12,0.0,469.06,1.0,585.94,23.7,61.54,0.14,0.0,469.74,0.0,2414.04,21.93,72.88,0.16,0.0,468.32,0.0,199.21,3047.72,518.06,602.6
186,9,17,28.58,64.0,28.58,64.0,0.7,473.1,25.92,56.89,0.7,470.97,25.92,56.89,0.7,470.97,28.57,64.0,0.7,473.1,13.0,100.0,0.7,473.1,13.58,100.0,0.7,473.1,14.42,100.0,0.7,473.1,24.71,60.26,0.18,0.0,473.51,27.0,1201.2,32.3,38.64,0.1,0.0,471.11,0.0,514.79,27.4,52.49,0.12,0.0,470.2,1.0,574.21,25.13,57.03,0.14,0.0,471.68,0.0,2414.16,22.05,72.16,0.16,0.0,469.29,1.0,199.21,3089.67,518.06,602.6
186,9,32,28.85,63.0,28.85,63.0,0.7,474.91,26.67,54.19,0.7,472.55,26.67,54.19,0.7,472.55,28.85,63.0,0.7,474.91,13.0,100.0,0.7,474.91,13.58,100.0,0.7,474.91,14.42,100.0,0.7,474.91,26.56,52.26,0.18,0.0,476.03,31.0,3222.72,33.86,34.55,0.1,0.0,472.63,0.0,1381.14,27.11,53.12,0.12,0.0,471.32,1.0,609.38,23.87,64.47,0.14,0.0,473.71,2.0,0.0,22.33,70.42,0.16,0.0,470.23,1.0,404.29,3131.15,518.06,602.6
186,9,47,29.12,62.0,29.12,62.0,0.7,475.79,27.05,52.63,0.7,474.79,27.05,52.63,0.7,474.79,29.13,62.0,0.7,475.79,13.0,100.0,0.7,475.79,13.58,100.0,0.7,475.79,14.42,100.0,0.7,475.79,28.02,48.27,0.18,0.0,479.11,30.0,3232.44,34.89,32.86,0.1,0.0,474.36,0.0,1385.34,26.88,53.41,0.12,0.0,473.51,6.0,621.1,23.06,65.8,0.14,0.0,475.47,2.0,0.0,22.64,68.89,0.16,0.0,471.8,2.0,404.3,3177.63,518.06,602.6
186,10,3,29.4,61.0,29.4,61.0,0.7,473.9,27.47,51.17,0.7,474.48,27.47,51.17,0.7,474.48,29.4,61.0,0.7,473.9,13.0,100.0,0.7,473.9,13.58,100.0,0.7,473.9,14.42,100.0,0.7,473.9,28.96,45.8,0.18,0.0,478.97,31.0,3232.44,35.4,31.91,0.1,0.0,473.69,0.0,1385.33,26.72,53.66,0.12,0.0,473.06,2.0,621.1,22.75,66.58,0.14,0.0,474.35,1.0,0.0,22.88,67.65,0.16,0.0,471.77,2.0,404.29,3229.3,518.06,602.6
186,10,20,29.82,60.0,29.82,60.0,0.7,476.87,27.84,49.93,0.7,475.46,27.84,49.93,0.7,475.46,29.82,60.0,0.7,476.87,13.0,100.0,0.7,476.87,13.58,100.0,0.7,476.87,14.42,100.0,0.7,476.87,29.69,43.9,0.18,0.0,480.49,30.0,3222.6,35.68,31.41,0.1,0.0,475.19,0.0,1381.13,26.62,53.73,0.12,0.0,474.05,1.0,609.37,22.6,66.94,0.14,0.0,476.6,4.0,0.0,23.11,66.58,0.16,0.0,472.76,3.0,404.29,3325.58,518.06,602.6
186,10,37,30.25,59.0,30.25,59.0,0.7,475.91,28.1,49.09,0.7,475.66,28.1,49.09,0.7,475.66,30.25,59.0,0.7,475.91,13.0,100.0,0.7,475.91,13.58,100.0,0.7,475.91,14.42,100.0,0.7,475.91,29.9,43.69,0.18,0.0,480.78,31.0,2460.96,35.39,32.11,0.1,0.0,475.17,0.0,1054.69,26.59,53.61,0.12,0.0,474.46,4.0,621.1,22.53,66.95,0.14,0.0,476.72,5.0,0.0,23.41,65.16,0.16,0.0,473.21,7.0,603.5,3422.17,518.06,602.6
186,10,46,30.68,58.0,30.68,58.0,0.7,481.06,28.63,47.26,0.7,478.22,28.63,47.26,0.7,478.22,30.68,58.0,0.7,481.06,13.0,100.0,0.7,481.06,13.58,100.0,0.7,481.06,14.42,100.0,0.7,481.06,30.17,42.67,0.18,0.0,480.85,2.0,2460.84,35.05,32.56,0.1,0.0,478.19,0.0,1054.68,26.59,53.37,0.12,0.0,477.13,7.0,621.1,24.97,55.43,0.14,0.0,480.35,5.0,2367.12,23.67,63.83,0.16,0.0,475.34,8.0,609.38,3535.41,518.06,602.6
186,11,2,31.1,57.0,31.1,57.0,0.7,482.67,29.03,46.02,0.7,479.54,29.03,46.02,0.7,479.54,31.1,57.0,0.7,482.67,13.0,100.0,0.7,482.67,13.58,100.0,0.7,482.67,14.42,100.0,0.7,482.67,30.58,41.41,0.18,0.0,481.71,2.0,2460.84,34.69,33.08,0.1,0.0,479.83,0.0,1054.68,26.6,53.09,0.12,0.0,478.66,7.0,621.1,26.41,51.35,0.14,0.0,482.34,6.0,2437.56,23.9,62.76,0.16,0.0,476.71,9.0,603.52,3659.49,518.06,602.6
186,11,17,31.1,56.5,31.1,56.5,0.7,489.65,29.29,45.07,0.7,483.73,29.29,45.07,0.7,483.73,31.1,56.5,0.7,489.65,13.0,100.0,0.7,489.65,13.58,100.0,0.7,489.65,14.42,100.0,0.7,489.65,31.06,40.06,0.18,0.0,485.32,1.0,2460.96,34.25,33.69,0.1,0.0,485.06,0.0,1054.68,26.62,52.7,0.12,0.0,483.07,7.0,621.1,24.4,61.82,0.14,0.0,488.0,5.0,0.0,24.13,61.64,0.16,0.0,480.47,8.0,603.52,3626.7,518.06,602.6
186,11,33,31.1,56.0,31.1,56.0,0.7,487.49,29.41,44.6,0.7,483.86,29.41,44.6,0.7,483.86,31.1,56.0,0.7,487.49,13.0,100.0,0.7,487.49,13.58,100.0,0.7,487.49,14.42,100.0,0.7,487.49,31.18,39.84,0.18,0.0,485.3,1.0,2187.48,33.47,35.29,0.1,0.0,485.02,0.0,937.49,26.65,52.38,0.12,0.0,483.27,4.0,644.53,23.61,62.02,0.14,0.0,487.77,6.0,0.0,24.27,60.94,0.16,0.0,480.89,5.0,603.52,3594.27,518.06,602.6
186,11,50,31.1,55.5,31.1,55.5,0.7,486.25,29.55,44.13,0.7,484.13,29.55,44.13,0.7,484.13,31.1,55.5,0.7,486.25,13.0,100.0,0.7,486.25,13.58,100.0,0.7,486.25,14.42,100.0,0.7,486.25,31.42,38.98,0.18,0.0,485.28,1.0,2197.32,32.75,36.49,0.1,0.0,485.03,0.0,941.69,26.68,52.1,0.12,0.0,483.71,4.0,632.81,23.34,62.33,0.14,0.0,487.52,6.0,0.0,24.4,60.27,0.16,0.0,481.57,7.0,609.37,3562.2,518.06,602.6
186,12,1,31.1,55.0,31.1,55.0,0.7,485.25,29.91,42.88,0.7,484.55,29.91,42.88,0.7,484.55,31.1,55.0,0.7,485.25,13.0,100.0,0.7,485.25,13.58,100.0,0.7,485.25,14.42,100.0,0.7,485.25,31.77,37.94,0.18,0.0,485.39,3.0,2187.48,32.13,37.49,0.1,0.0,484.93,0.0,937.5,26.71,51.72,0.12,0.0,484.21,4.0,644.53,25.7,51.66,0.14,0.0,486.53,3.0,2402.28,24.51,59.63,0.16,0.0,482.16,4.0,603.52,3540.74,518.06,602.6
186,12,17,31.38,54.25,31.38,54.25,0.7,484.51,30.23,41.94,0.7,485.02,30.23,41.94,0.7,485.02,31.37,54.25,0.7,484.51,13.0,100.0,0.7,484.51,13.58,100.0,0.7,484.51,14.42,100.0,0.7,484.51,32.22,36.78,0.18,0.0,487.9,30.0,2187.48,31.59,38.45,0.1,0.0,484.64,0.0,937.51,26.75,51.4,0.12,0.0,484.37,4.0,632.81,27.03,48.28,0.14,0.0,485.93,3.0,2425.8,24.61,59.05,0.16,0.0,482.24,0.0,603.52,3599.7,518.06,602.6
186,12,32,31.65,53.5,31.65,53.5,0.7,482.88,30.32,41.52,0.7,484.91,30.32,41.52,0.7,484.91,31.65,53.5,0.7,482.88,13.0,100.0,0.7,482.88,13.58,100.0,0.7,482.88,14.42,100.0,0.7,482.88,32.87,35.17,0.18,0.0,488.41,34.0,2548.92,31.3,38.73,0.1,0.0,483.74,0.0,1092.36,26.83,50.87,0.12,0.0,484.32,6.0,703.12,24.89,58.21,0.14,0.0,485.09,5.0,0.0,24.69,58.57,0.16,0.0,482.14,0.0,615.23,3668.57,518.06,602.6
186,12,50,31.93,52.75,31.93,52.75,0.7,482.89,30.68,40.6,0.7,485.04,30.68,40.6,0.7,485.04,31.93,52.75,0.7,482.89,13.0,100.0,0.7,482.89,13.58,100.0,0.7,482.89,14.42,100.0,0.7,482.89,33.5,33.82,0.18,0.0,488.86,35.0,2558.64,31.05,39.12,0.1,0.0,483.58,0.0,1096.55,26.91,50.44,0.12,0.0,484.49,7.0,703.13,24.96,54.76,0.14,0.0,485.28,7.0,0.0,24.77,58.08,0.16,0.0,482.37,3.0,609.37,3737.02,518.06,602.6
186,13,7,32.2,52.0,32.2,52.0,0.7,485.05,30.89,40.01,0.7,485.38,30.89,40.01,0.7,485.38,32.2,52.0,0.7,485.05,13.0,100.0,0.7,485.05,13.58,100.0,0.7,485.05,14.42,100.0,0.7,485.05,34.05,32.72,0.18,0.0,489.87,35.0,2548.8,30.84,39.33,0.1,0.0,484.39,0.0,1092.34,26.99,49.98,0.12,0.0,484.87,4.0,703.13,25.45,52.95,0.14,0.0,486.24,6.0,0.0,24.86,57.52,0.16,0.0,482.9,3.0,615.23,3805.0,518.06,602.6
186,13,22,32.35,51.5,32.35,51.5,0.7,482.48,31.21,39.03,0.7,486.02,31.21,39.03,0.7,486.02,32.35,51.5,0.7,482.48,13.0,100.0,0.7,482.48,13.58,100.0,0.7,482.48,14.42,100.0,0.7,482.48,34.57,31.64,0.18,0.0,490.47,35.0,2548.8,30.69,39.36,0.1,0.0,483.71,0.0,1092.35,27.08,49.39,0.12,0.0,484.76,4.0,703.12,25.97,51.16,0.14,0.0,485.21,5.0,0.0,24.98,56.74,0.16,0.0,483.48,9.0,609.37,3835.75,518.06,602.6
186,13,31,32.5,51.0,32.5,51.0,0.7,483.89,31.69,37.57,0.7,486.18,31.69,37.57,0.7,486.18,32.5,51.0,0.7,483.89,13.0,100.0,0.7,483.89,13.58,100.0,0.7,483.89,14.42,100.0,0.7,483.89,34.71,31.33,0.18,0.0,490.99,35.0,2226.6,30.34,40.11,0.1,0.0,483.92,0.0,954.24,27.12,49.05,0.12,0.0,484.85,3.0,621.1,28.94,41.15,0.14,0.0,485.45,5.0,2414.04,25.0,56.43,0.16,0.0,483.91,7.0,398.44,3866.11,518.06,602.6
186,13,46,32.65,50.5,32.65,50.5,0.7,485.26,32.04,36.7,0.7,485.96,32.04,36.7,0.7,485.96,32.65,50.5,0.7,485.26,13.0,100.0,0.7,485.26,13.58,100.0,0.7,485.26,14.42,100.0,0.7,485.26,34.9,30.85,0.18,0.0,488.34,1.0,2236.32,30.12,40.38,0.1,0.0,484.64,0.0,958.44,27.19,48.61,0.12,0.0,485.2,2.0,632.81,30.79,37.58,0.14,0.0,486.12,4.0,2402.4,25.07,55.97,0.16,0.0,484.48,7.0,404.29,3896.08,518.06,602.6
186,14,3,32.8,50.0,32.8,50.0,0.7,487.1,32.34,35.98,0.7,486.6,32.34,35.98,0.7,486.6,32.8,50.0,0.7,487.1,13.0,100.0,0.7,487.1,13.58,100.0,0.7,487.1,14.42,100.0,0.7,487.1,35.15,30.29,0.18,0.0,488.43,0.0,2236.32,29.97,40.52,0.1,0.0,485.96,1.0,958.43,27.28,48.17,0.12,0.0,486.01,3.0,632.82,32.11,34.99,0.14,0.0,487.4,4.0,2402.28,25.16,55.44,0.16,0.0,485.22,7.0,404.3,3925.64,518.06,602.6
186,14,17,32.8,49.75,32.8,49.75,0.7,485.53,32.18,36.15,0.7,486.53,32.18,36.15,0.7,486.53,32.8,49.75,0.7,485.53,13.0,100.0,0.7,485.53,13.58,100.0,0.7,485.53,14.42,100.0,0.7,485.53,35.37,29.83,0.18,0.0,487.88,5.0,2236.32,29.88,40.56,0.1,0.0,485.83,2.0,958.44,27.38,47.72,0.12,0.0,486.1,5.0,632.81,29.9,41.58,0.14,0.0,487.11,6.0,35.16,25.26,54.91,0.16,0.0,485.32,7.0,404.3,3906.64,518.06,602.6
186,14,33,32.8,49.5,32.8,49.5,0.7,488.28,32.49,35.41,0.7,487.63,32.49,35.41,0.7,487.63,32.8,49.5,0.7,488.28,13.0,100.0,0.7,488.28,13.58,100.0,0.7,488.28,14.42,100.0,0.7,488.28,35.98,28.55,0.18,0.0,488.91,6.0,2451.12,30.21,39.4,0.1,0.0,487.61,3.0,1050.49,27.49,47.26,0.12,0.0,487.15,5.0,656.24,28.87,43.02,0.14,0.0,489.32,8.0,0.0,25.33,54.56,0.16,0.0,486.16,6.0,404.29,3887.76,518.06,602.6
186,14,47,32.8,49.25,32.8,49.25,0.7,490.47,32.88,34.51,0.7,489.04,32.88,34.51,0.7,489.04,32.8,49.25,0.7,490.47,13.0,100.0,0.7,490.47,13.58,100.0,0.7,490.47,14.42,100.0,0.7,490.47,36.42,27.88,0.18,0.0,490.08,6.0,2441.52,30.45,38.79,0.1,0.0,489.56,4.0,1046.33,27.56,46.9,0.12,0.0,488.49,6.0,656.24,31.08,36.1,0.14,0.0,491.06,7.0,2402.28,25.4,54.13,0.16,0.0,487.21,6.0,404.29,3868.99,518.06,602.6
186,15,5,32.8,49.0,32.8,49.0,0.7,488.27,33.03,34.16,0.7,488.55,33.03,34.16,0.7,488.55,32.8,49.0,0.7,488.27,13.0,100.0,0.7,488.27,13.58,100.0,0.7,488.27,14.42,100.0,0.7,488.27,36.7,27.42,0.18,0.0,489.46,6.0,2451.12,30.63,38.31,0.1,0.0,488.61,2.0,1050.5,27.62,46.61,0.12,0.0,488.21,5.0,656.24,29.99,40.64,0.14,0.0,490.12,7.0,0.0,25.48,53.69,0.16,0.0,487.02,4.0,404.29,3850.33,518.06,602.6
186,15,15,32.52,50.25,32.52,50.25,0.7,486.69,33.03,34.1,0.7,488.7,33.03,34.1,0.7,488.7,32.52,50.25,0.7,486.69,13.0,100.0,0.7,486.69,13.58,100.0,0.7,486.69,14.42,100.0,0.7,486.69,36.85,27.36,0.18,0.0,488.92,6.0,2441.4,30.75,38.24,0.1,0.0,487.97,2.0,1046.32,27.66,46.57,0.12,0.0,488.01,5.0,656.24,30.0,39.72,0.14,0.0,489.23,6.0,0.0,25.57,53.47,0.16,0.0,486.95,5.0,404.29,3822.99,518.06,602.6
186,15,31,32.25,51.5,32.25,51.5,0.7,484.89,33.75,32.77,0.7,487.32,33.75,32.77,0.7,487.32,32.25,51.5,0.7,484.89,13.0,100.0,0.7,484.89,13.58,100.0,0.7,484.89,14.42,100.0,0.7,484.89,36.82,27.65,0.18,0.0,487.59,5.0,2509.8,30.77,38.56,0.1,0.0,486.77,2.0,1075.61,27.73,46.51,0.12,0.0,487.52,5.0,750.0,33.34,31.72,0.14,0.0,487.54,6.0,2449.2,25.74,52.8,0.16,0.0,486.73,5.0,603.52,3793.22,518.06,602.6
186,15,45,31.97,52.75,31.97,52.75,0.7,484.32,33.75,32.77,0.7,487.26,33.75,32.77,0.7,487.26,31.97,52.75,0.7,484.32,13.0,100.0,0.7,484.32,13.58,100.0,0.7,484.32,14.42,100.0,0.7,484.32,36.7,27.94,0.18,0.0,487.23,6.0,2509.8,30.77,38.79,0.1,0.0,486.63,4.0,1075.61,27.77,46.62,0.12,0.0,487.33,6.0,750.0,33.41,33.36,0.14,0.0,487.1,6.0,0.0,25.94,52.54,0.16,0.0,486.55,5.0,603.52,3761.07,518.06,602.6
186,16,3,31.7,54.0,31.7,54.0,0.7,481.49,33.68,33.21,0.7,485.74,33.68,33.21,0.7,485.74,31.7,54.0,0.7,481.49,13.0,100.0,0.7,481.49,13.58,100.0,0.7,481.49,14.42,100.0,0.7,481.49,36.51,28.68,0.18,0.0,485.35,6.0,2509.8,30.74,39.42,0.1,0.0,484.86,4.0,1075.63,27.76,47.11,0.12,0.0,486.14,6.0,738.29,32.14,37.11,0.14,0.0,485.26,9.0,0.0,26.06,52.33,0.16,0.0,485.65,5.0,609.37,3726.6,518.06,602.6
186,16,18,31.7,54.0,31.7,54.0,0.7,480.28,33.75,33.4,0.7,484.21,33.75,33.4,0.7,484.21,31.7,54.0,0.7,480.28,13.0,100.0,0.7,480.28,13.58,100.0,0.7,480.28,14.42,100.0,0.7,480.28,36.24,29.34,0.18,0.0,483.62,6.0,2509.68,30.69,39.8,0.1,0.0,483.28,4.0,1075.61,27.73,47.49,0.12,0.0,484.84,6.0,750.0,33.91,32.13,0.14,0.0,483.54,8.0,2402.28,26.18,52.32,0.16,0.0,484.52,4.0,603.52,3726.6,518.06,602.6
186,16,30,31.7,54.0,31.7,54.0,0.7,478.69,33.77,33.41,0.7,483.97,33.77,33.41,0.7,483.97,31.7,54.0,0.7,478.69,13.0,100.0,0.7,478.69,13.58,100.0,0.7,478.69,14.42,100.0,0.7,478.69,36.16,29.46,0.18,0.0,482.4,6.0,3017.64,30.85,39.56,0.1,0.0,482.14,4.0,1293.24,27.68,47.79,0.12,0.0,483.82,5.0,714.84,33.72,33.58,0.14,0.0,482.58,10.0,35.16,26.16,52.64,0.16,0.0,483.65,3.0,404.3,3726.6,518.06,602.6
186,16,52,31.7,54.0,31.7,54.0,0.7,477.87,34.05,33.1,0.7,482.85,34.05,33.1,0.7,482.85,31.7,54.0,0.7,477.87,13.0,100.0,0.7,477.87,13.58,100.0,0.7,477.87,14.42,100.0,0.7,477.87,36.01,29.86,0.18,0.0,481.5,6.0,3017.52,30.92,39.47,0.1,0.0,481.23,4.0,1293.25,27.61,48.23,0.12,0.0,483.02,6.0,703.12,33.45,34.25,0.14,0.0,481.65,9.0,0.0,26.12,52.99,0.16,0.0,482.85,3.0,404.3,3726.6,518.06,602.6
186,17,0,31.7,54.0,31.7,54.0,0.7,476.31,34.05,33.17,0.7,482.06,34.05,33.17,0.7,482.06,31.7,54.0,0.7,476.31,13.0,100.0,0.7,476.31,13.58,100.0,0.7,476.31,14.42,100.0,0.7,476.31,35.76,30.22,0.18,0.0,480.84,6.0,3017.52,30.92,39.51,0.1,0.0,480.5,4.0,1293.25,27.54,48.44,0.12,0.0,482.49,7.0,714.84,33.52,33.99,0.14,0.0,480.72,8.0,0.0,26.1,53.12,0.16,0.0,482.28,3.0,404.3,3726.6,518.06,602.6
186,17,16,31.42,54.25,31.42,54.25,0.7,476.12,34.18,33.04,0.7,480.29,34.18,33.04,0.7,480.29,31.43,54.25,0.7,476.12,13.0,100.0,0.7,476.12,13.58,100.0,0.7,476.12,14.42,100.0,0.7,476.12,35.45,30.9,0.18,0.0,479.33,6.0,3017.64,30.86,39.67,0.1,0.0,479.51,6.0,1293.24,27.44,48.89,0.12,0.0,481.3,8.0,703.12,36.24,28.13,0.14,0.0,479.83,11.0,2414.04,26.08,53.27,0.16,0.0,481.0,4.0,404.3,3623.23,518.06,602.6
186,17,32,31.15,54.5,31.15,54.5,0.7,476.08,34.18,33.05,0.7,479.87,34.18,33.05,0.7,479.87,31.15,54.5,0.7,476.08,13.0,100.0,0.7,476.08,13.58,100.0,0.7,476.08,14.42,100.0,0.7,476.08,34.71,32.35,0.18,0.0,478.77,5.0,2529.36,30.45,40.73,0.1,0.0,479.23,6.0,1084.0,27.36,49.06,0.12,0.0,480.88,8.0,773.44,37.77,26.38,0.14,0.0,479.61,11.0,2437.56,26.12,53.02,0.16,0.0,480.44,3.0,398.44,3539.74,518.06,602.6
186,17,46,30.88,54.75,30.88,54.75,0.7,473.89,33.62,34.03,0.7,478.55,33.62,34.03,0.7,478.55,30.88,54.75,0.7,473.89,13.0,100.0,0.7,473.89,13.58,100.0,0.7,473.89,14.42,100.0,0.7,473.89,34.02,33.46,0.18,0.0,477.19,3.0,2538.96,30.14,41.23,0.1,0.0,477.87,6.0,1088.16,27.25,49.27,0.12,0.0,479.68,7.0,785.16,35.02,32.33,0.14,0.0,477.88,10.0,0.0,26.16,52.82,0.16,0.0,479.41,3.0,404.29,3465.86,518.06,602.6
186,18,1,30.6,55.0,30.6,55.0,0.7,474.08,33.24,34.64,0.7,477.43,33.24,34.64,0.7,477.43,30.6,55.0,0.7,474.08,13.0,100.0,0.7,474.08,13.58,100.0,0.7,474.08,14.42,100.0,0.7,474.08,33.33,34.51,0.18,0.0,475.74,0.0,2539.08,29.86,41.61,0.1,0.0,477.15,6.0,1088.18,27.1,49.51,0.12,0.0,478.67,8.0,785.15,33.11,34.93,0.14,0.0,477.31,10.0,0.0,26.16,52.72,0.16,0.0,478.26,4.0,404.3,3393.01,518.06,602.6
186,18,18,30.3,56.5,30.3,56.5,0.7,472.68,32.93,35.24,0.7,476.71,32.93,35.24,0.7,476.71,30.3,56.5,0.7,472.68,13.0,100.0,0.7,472.68,13.58,100.0,0.7,472.68,14.42,100.0,0.7,472.68,32.74,35.89,0.18,0.0,475.12,3.0,2539.08,29.63,42.44,0.1,0.0,476.31,6.0,1088.16,26.95,50.17,0.12,0.0,477.67,5.0,785.16,31.88,37.67,0.14,0.0,475.79,7.0,0.0,26.11,53.04,0.16,0.0,477.73,6.0,404.3,3355.06,518.06,602.6
186,18,33,30.0,58.0,30.0,58.0,0.7,473.69,32.8,35.57,0.7,476.57,32.8,35.57,0.7,476.57,30.0,58.0,0.7,473.69,13.0,100.0,0.7,473.69,13.58,100.0,0.7,473.69,14.42,100.0,0.7,473.69,32.42,36.64,0.18,0.0,475.55,7.0,2939.52,29.63,42.65,0.1,0.0,475.89,3.0,1259.77,26.64,51.55,0.12,0.0,477.37,4.0,597.66,33.26,33.82,0.14,0.0,475.7,5.0,2437.56,26.03,53.56,0.16,0.0,477.54,6.0,398.44,3315.44,518.06,602.6
186,18,47,29.7,59.5,29.7,59.5,0.7,472.68,32.48,36.45,0.7,475.92,32.48,36.45,0.7,475.92,29.7,59.5,0.7,472.68,13.0,100.0,0.7,472.68,13.58,100.0,0.7,472.68,14.42,100.0,0.7,472.68,32.07,37.77,0.18,0.0,475.42,11.0,2949.24,29.55,43.37,0.1,0.0,475.28,4.0,1263.96,26.37,52.69,0.12,0.0,476.38,2.0,609.38,31.03,41.22,0.14,0.0,474.84,5.0,35.16,25.93,54.22,0.16,0.0,476.89,5.0,404.29,3274.21,518.06,602.6
186,19,2,29.4,61.0,29.4,61.0,0.7,472.09,32.08,37.59,0.7,475.5,32.08,37.59,0.7,475.5,29.4,61.0,0.7,472.09,13.0,100.0,0.7,472.09,13.58,100.0,0.7,472.09,14.42,100.0,0.7,472.09,31.72,39.01,0.18,0.0,475.49,15.0,2949.24,29.42,44.24,0.1,0.0,474.68,4.0,1263.96,26.12,53.91,0.12,0.0,475.54,1.0,609.37,29.28,45.61,0.14,0.0,474.59,7.0,0.0,25.81,54.99,0.16,0.0,476.34,5.0,404.3,3231.43,518.06,602.6
186,19,20,29.12,62.0,29.12,62.0,0.7,469.28,31.87,38.15,0.7,474.69,31.87,38.15,0.7,474.69,29.12,62.0,0.7,469.28,13.0,100.0,0.7,469.28,13.58,100.0,0.7,469.28,14.42,100.0,0.7,469.28,31.34,40.11,0.18,0.0,474.36,15.0,2939.4,29.25,45.01,0.1,0.0,473.15,4.0,1259.76,25.87,55.04,0.12,0.0,474.36,1.0,597.66,30.25,41.5,0.14,0.0,472.63,6.0,2402.4,25.68,55.73,0.16,0.0,475.34,3.0,404.3,3179.74,518.06,602.6
186,19,37,28.85,63.0,28.85,63.0,0.7,463.1,31.74,38.61,0.7,473.51,31.74,38.61,0.7,473.51,28.85,63.0,0.7,463.1,13.0,100.0,0.7,463.1,13.58,100.0,0.7,463.1,14.42,100.0,0.7,463.1,31.04,40.95,0.18,0.0,471.86,15.0,3056.64,29.12,45.62,0.1,0.0,470.12,4.0,1309.99,25.58,56.29,0.12,0.0,472.16,0.0,562.5,30.2,42.99,0.14,0.0,468.81,5.0,2425.8,25.57,56.29,0.16,0.0,473.76,5.0,404.29,3133.4,518.06,602.6
186,19,46,28.58,64.0,28.58,64.0,0.7,463.88,31.15,40.56,0.7,469.92,31.15,40.56,0.7,469.92,28.58,64.0,0.7,463.88,13.0,100.0,0.7,463.88,13.58,100.0,0.7,463.88,14.42,100.0,0.7,463.88,30.78,41.94,0.18,0.0,470.32,15.0,3056.64,28.98,46.34,0.1,0.0,468.27,4.0,1309.99,25.34,57.58,0.12,0.0,470.11,0.0,574.22,26.95,55.41,0.14,0.0,466.92,4.0,0.0,25.47,57.06,0.16,0.0,472.13,5.0,404.29,3091.9,518.06,602.6
186,20,2,28.3,65.0,28.3,65.0,0.7,462.71,30.83,41.5,0.7,468.78,30.83,41.5,0.7,468.78,28.3,65.0,0.7,462.71,13.0,100.0,0.7,462.71,13.58,100.0,0.7,462.71,14.42,100.0,0.7,462.71,30.52,42.75,0.18,0.0,469.1,15.0,3056.64,28.83,46.95,0.1,0.0,466.89,4.0,1309.99,25.11,58.61,0.12,0.0,468.71,0.0,574.22,25.34,58.69,0.14,0.0,465.92,6.0,0.0,25.35,57.76,0.16,0.0,470.85,3.0,404.29,3049.92,518.06,602.6
186,20,15,28.03,66.0,28.03,66.0,0.7,463.87,30.82,41.59,0.7,468.48,30.82,41.59,0.7,468.48,28.02,66.0,0.7,463.87,13.0,100.0,0.7,463.87,13.58,100.0,0.7,463.87,14.41,100.0,0.7,463.87,30.26,43.29,0.18,0.0,468.95,15.0,3056.64,28.68,47.39,0.1,0.0,466.81,4.0,1309.99,24.88,59.29,0.12,0.0,468.27,0.0,574.22,25.15,58.33,0.14,0.0,466.1,6.0,0.0,25.21,58.27,0.16,0.0,470.4,4.0,404.3,3006.93,518.06,602.6
186,20,31,27.75,67.0,27.75,67.0,0.7,464.3,30.68,42.35,0.7,467.73,30.68,42.35,0.7,467.73,27.75,67.0,0.7,464.3,13.0,100.0,0.7,464.3,13.58,100.0,0.7,464.3,14.41,100.0,0.7,464.3,29.95,44.69,0.18,0.0,468.43,15.0,2861.28,28.47,48.47,0.1,0.0,466.39,4.0,1226.28,24.7,60.68,0.12,0.0,467.04,0.0,562.5,27.66,48.74,0.14,0.0,466.31,7.0,2425.8,25.08,59.31,0.16,0.0,469.18,4.0,398.44,2963.51,518.06,602.6
186,20,48,27.47,68.0,27.47,68.0,0.7,465.69,30.44,43.04,0.7,468.05,30.44,43.04,0.7,468.05,27.48,68.0,0.7,465.69,13.0,100.0,0.7,465.69,13.58,100.0,0.7,465.69,14.41,100.0,0.7,465.69,29.7,45.44,0.18,0.0,468.87,15.0,2861.28,28.3,49.12,0.1,0.0,466.99,4.0,1226.28,24.52,61.57,0.12,0.0,467.08,0.0,562.5,26.06,58.17,0.14,0.0,467.39,8.0,35.16,24.96,60.0,0.16,0.0,469.09,4.0,404.3,2919.65,518.06,602.6
186,21,2,27.2,69.0,27.2,69.0,0.7,466.49,29.81,44.89,0.7,468.31,29.81,44.89,0.7,468.31,27.2,69.0,0.7,466.49,13.0,100.0,0.7,466.49,13.58,100.0,0.7,466.49,14.41,100.0,0.7,466.49,29.49,46.13,0.18,0.0,469.28,15.0,2861.28,28.15,49.73,0.1,0.0,467.52,4.0,1226.28,24.36,62.44,0.12,0.0,467.08,0.0,562.5,24.6,62.35,0.14,0.0,468.18,8.0,0.0,24.84,60.7,0.16,0.0,468.89,3.0,404.3,2875.36,518.06,602.6
186,21,18,27.2,68.5,27.2,68.5,0.7,462.1,29.63,45.47,0.7,466.71,29.63,45.47,0.7,466.71,27.2,68.5,0.7,462.1,13.0,100.0,0.7,462.1,13.58,100.0,0.7,462.1,14.41,100.0,0.7,462.1,29.31,46.54,0.18,0.0,467.51,15.0,2861.28,28.01,50.0,0.1,0.0,465.43,4.0,1226.28,24.21,62.93,0.12,0.0,465.59,0.0,562.5,26.15,54.01,0.14,0.0,465.08,5.0,2437.44,24.71,61.21,0.16,0.0,467.44,0.0,404.3,2871.12,518.06,602.6
186,21,32,27.2,68.0,27.2,68.0,0.7,461.1,29.18,46.65,0.7,465.63,29.18,46.65,0.7,465.63,27.2,68.0,0.7,461.1,13.0,100.0,0.7,461.1,13.58,100.0,0.7,461.1,14.42,100.0,0.7,461.1,28.89,47.8,0.18,0.0,466.5,14.0,2421.96,27.69,50.9,0.1,0.0,464.43,4.0,1037.94,24.07,63.35,0.12,0.0,464.67,0.0,562.5,24.04,65.56,0.14,0.0,463.92,5.0,35.16,24.38,62.76,0.16,0.0,466.49,0.0,199.22,2866.93,518.06,602.6
186,21,48,27.2,67.5,27.2,67.5,0.7,461.89,28.81,47.61,0.7,465.37,28.81,47.61,0.7,465.37,27.2,67.5,0.7,461.89,13.0,100.0,0.7,461.89,13.58,100.0,0.7,461.89,14.42,100.0,0.7,461.89,28.59,48.23,0.18,0.0,466.35,14.0,2412.12,27.45,51.27,0.1,0.0,464.38,4.0,1033.76,23.94,63.68,0.12,0.0,464.35,0.0,562.5,22.96,67.41,0.14,0.0,463.98,5.0,0.0,24.07,63.74,0.16,0.0,466.03,0.0,199.22,2862.79,518.06,602.6
186,22,5,27.2,67.0,27.2,67.0,0.7,462.13,28.53,48.33,0.7,464.99,28.53,48.33,0.7,464.99,27.2,67.0,0.7,462.13,13.0,100.0,0.7,462.13,13.58,100.0,0.7,462.13,14.42,100.0,0.7,462.13,28.37,48.55,0.18,0.0,465.04,1.0,2421.84,27.27,51.48,0.1,0.0,463.53,0.0,1037.95,23.8,63.98,0.12,0.0,464.1,0.0,562.5,22.33,69.22,0.14,0.0,463.97,5.0,0.0,23.81,64.48,0.16,0.0,465.69,0.0,199.22,2858.71,518.06,602.6
186,22,17,27.2,66.5,27.2,66.5,0.7,462.31,28.34,48.55,0.7,464.29,28.34,48.55,0.7,464.29,27.2,66.5,0.7,462.31,13.0,100.0,0.7,462.31,13.58,100.0,0.7,462.31,14.42,100.0,0.7,462.31,28.18,48.76,0.18,0.0,464.35,1.0,2412.12,27.12,51.58,0.1,0.0,463.14,0.0,1033.76,23.67,64.17,0.12,0.0,463.76,0.0,562.5,24.41,58.14,0.14,0.0,463.94,5.0,2437.56,23.6,65.06,0.16,0.0,465.18,0.0,199.22,2854.17,518.06,602.6
186,22,32,27.2,66.0,27.2,66.0,0.7,465.08,28.21,48.56,0.7,464.71,28.21,48.56,0.7,464.71,27.2,66.0,0.7,465.08,13.0,100.0,0.7,465.08,13.58,100.0,0.7,465.08,14.42,100.0,0.7,465.08,27.66,50.11,0.18,0.0,464.73,1.0,2226.6,26.67,52.76,0.1,0.0,464.13,0.0,954.24,23.54,64.2,0.12,0.0,464.15,0.0,562.5,26.33,51.79,0.14,0.0,465.44,4.0,2414.04,23.37,65.55,0.16,0.0,465.11,0.0,205.08,2849.69,518.06,602.6
186,22,47,27.2,65.5,27.2,65.5,0.7,464.32,27.59,49.99,0.7,464.76,27.59,49.99,0.7,464.76,27.2,65.5,0.7,464.32,13.0,100.0,0.7,464.32,13.58,100.0,0.7,464.32,14.42,100.0,0.7,464.32,27.24,50.81,0.18,0.0,464.66,1.0,2226.48,26.3,53.37,0.1,0.0,464.25,0.0,954.24,23.43,64.17,0.12,0.0,464.22,0.0,562.5,24.16,62.51,0.14,0.0,465.52,4.0,35.16,23.18,65.88,0.16,0.0,464.91,0.0,199.22,2845.27,518.06,602.6
186,23,2,27.2,65.0,27.2,65.0,0.7,465.69,27.27,50.71,0.7,465.18,27.27,50.71,0.7,465.18,27.2,65.0,0.7,465.69,13.0,100.0,0.7,465.69,13.58,100.0,0.7,465.69,14.42,100.0,0.7,465.69,26.94,51.38,0.18,0.0,465.12,0.0,2226.6,26.03,53.88,0.1,0.0,464.96,0.0,954.24,23.33,64.25,0.12,0.0,464.66,0.0,562.5,22.75,66.2,0.14,0.0,466.19,3.0,0.0,23.02,66.23,0.16,0.0,465.17,0.0,205.08,2840.91,518.06,602.6
186,23,20,26.92,64.25,26.92,64.25,0.7,464.71,27.0,51.36,0.7,464.98,27.0,51.36,0.7,464.98,26.92,64.25,0.7,464.71,13.0,100.0,0.7,464.71,13.58,100.0,0.7,464.71,14.42,100.0,0.7,464.71,26.67,51.57,0.18,0.0,464.83,0.0,2226.6,25.78,53.95,0.1,0.0,464.64,0.0,954.24,23.21,64.12,0.12,0.0,464.5,0.0,562.5,21.96,67.84,0.14,0.0,465.72,3.0,0.0,22.86,66.38,0.16,0.0,465.0,0.0,199.22,2785.37,518.06,602.6
186,23,33,26.65,63.5,26.65,63.5,0.7,465.69,26.69,51.74,0.7,465.26,26.69,51.74,0.7,465.26,26.65,63.5,0.7,465.69,13.0,100.0,0.7,465.69,13.58,100.0,0.7,465.69,14.42,100.0,0.7,465.69,25.7,54.58,0.18,0.0,465.21,0.0,1289.04,24.9,56.55,0.1,0.0,465.15,0.0,552.44,23.09,63.77,0.12,0.0,464.84,0.0,562.5,22.32,63.86,0.14,0.0,466.29,3.0,0.0,22.77,65.91,0.16,0.0,465.19,0.0,398.44,2730.92,518.06,602.6
186,23,50,26.38,62.75,26.38,62.75,0.7,466.28,26.43,52.08,0.7,465.49,26.43,52.08,0.7,465.49,26.38,62.75,0.7,466.28,13.0,100.0,0.7,466.28,13.58,100.0,0.7,466.28,14.42,100.0,0.7,466.28,24.96,55.69,0.18,0.0,465.53,0.0,1298.76,24.26,57.39,0.1,0.0,465.55,0.0,556.64,22.97,63.33,0.12,0.0,465.12,0.0,574.21,22.63,61.71,0.14,0.0,466.73,3.0,0.0,22.67,65.59,0.16,0.0,465.37,0.0,404.3,2677.46,518.06,602.6
186,24,7,26.1,62.0,26.1,62.0,0.7,464.91,26.12,52.6,0.7,465.35,26.12,52.6,0.7,465.35,26.1,62.0,0.7,464.91,13.0,100.0,0.7,464.91,13.58,100.0,0.7,464.91,14.42,98.94,0.7,464.91,24.44,56.18,0.18,0.0,465.17,0.0,1298.76,23.8,57.7,0.1,0.0,465.11,0.0,556.64,22.86,62.82,0.12,0.0,464.9,0.0,574.22,21.98,64.02,0.14,0.0,465.96,2.0,0.0,22.55,65.23,0.16,0.0,465.18,0.0,404.29,2624.88,518.06,602.6
187,0,20,26.1,62.0,26.1,62.0,0.7,464.3,25.61,53.1,0.7,465.07,25.61,53.1,0.7,465.07,26.1,62.0,0.7,464.3,13.0,100.0,0.7,464.3,13.58,100.0,0.7,464.3,14.42,98.94,0.7,464.3,24.06,56.69,0.18,0.0,464.86,0.0,1289.04,23.45,58.17,0.1,0.0,464.76,0.0,552.47,22.74,62.45,0.12,0.0,464.73,0.0,562.5,21.35,65.66,0.14,0.0,465.24,1.0,0.0,22.41,65.03,0.16,0.0,465.01,0.0,398.44,2624.88,518.06,602.6
187,0,35,26.1,62.0,26.1,62.0,0.7,464.7,25.27,53.12,0.7,464.84,25.27,53.12,0.7,464.84,26.1,62.0,0.7,464.7,13.0,100.0,0.7,464.7,13.58,100.0,0.7,464.7,14.42,98.94,0.7,464.7,23.3,59.07,0.18,0.0,464.75,0.0,429.72,22.75,60.46,0.1,0.0,464.69,0.0,184.18,22.62,62.0,0.12,0.0,464.69,0.0,562.5,21.11,65.57,0.14,232.82,465.05,1.0,0.0,22.18,65.08,0.16,0.0,464.91,0.0,205.08,2624.88,518.06,602.6
187,0,50,26.1,62.0,26.1,62.0,0.7,464.5,25.1,52.9,0.7,464.77,25.1,52.9,0.7,464.77,26.1,62.0,0.7,464.5,13.0,100.0,0.7,464.5,13.58,100.0,0.7,464.5,14.42,98.94,0.7,464.5,22.72,60.31,0.18,0.0,464.65,0.0,439.56,22.24,61.67,0.1,0.0,464.61,0.0,188.35,22.51,61.8,0.12,0.0,464.64,0.0,574.22,21.54,63.14,0.14,0.0,464.91,1.0,0.0,21.96,65.17,0.16,0.0,464.81,0.0,199.21,2624.88,518.06,602.6
187,1,7,26.1,62.0,26.1,62.0,0.7,464.49,24.84,53.48,0.7,464.77,24.84,53.48,0.7,464.77,26.1,62.0,0.7,464.49,13.0,100.0,0.7,464.49,13.58,100.0,0.7,464.49,14.42,98.94,0.7,464.49,22.36,61.33,0.18,0.0,464.65,0.0,439.44,21.9,62.72,0.1,0.0,464.6,0.0,188.33,22.4,61.88,0.12,0.0,464.63,0.0,562.5,21.17,65.29,0.14,255.89,464.92,1.0,0.0,21.8,65.39,0.16,0.0,464.8,0.0,205.07,2624.88,518.06,602.6
187,1,22,26.1,62.0,26.1,62.0,0.7,464.2,24.49,54.26,0.7,464.65,24.49,54.26,0.7,464.65,26.1,62.0,0.7,464.2,13.0,100.0,0.7,464.2,13.58,100.0,0.7,464.2,14.42,98.94,0.7,464.2,22.08,62.18,0.18,0.0,464.48,0.0,439.44,21.63,63.61,0.1,0.0,464.42,0.0,188.33,22.29,61.97,0.12,0.0,464.51,0.0,562.5,21.11,65.33,0.14,423.75,464.69,1.0,0.0,21.63,65.59,0.16,0.0,464.66,0.0,199.21,2624.88,518.06,602.6
187,1,30,26.1,62.0,26.1,62.0,0.7,464.89,24.39,54.45,0.7,464.56,24.39,54.45,0.7,464.56,26.1,62.0,0.7,464.89,13.0,100.0,0.7,464.89,13.58,100.0,0.7,464.89,14.42,98.94,0.7,464.89,21.87,62.74,0.18,0.0,464.54,0.0,488.28,21.43,64.21,0.1,0.0,464.53,0.0,209.26,22.19,62.11,0.12,0.0,464.56,0.0,562.5,21.1,65.34,0.14,561.83,464.84,1.0,0.0,21.5,65.71,0.16,0.0,464.66,0.0,199.21,2624.88,518.06,602.6
187,1,45,26.1,62.0,26.1,62.0,0.7,464.28,24.2,54.95,0.7,464.63,24.2,54.95,0.7,464.63,26.1,62.0,0.7,464.28,13.0,100.0,0.7,464.28,13.58,100.0,0.7,464.28,14.42,98.94,0.7,464.28,21.69,63.38,0.18,0.0,464.51,0.0,478.56,21.25,64.9,0.1,0.0,464.5,0.0,205.08,22.11,62.31,0.12,0.0,464.53,0.0,562.5,21.27,64.67,0.14,0.0,464.8,1.0,0.0,21.4,65.87,0.16,0.0,464.61,0.0,205.08,2624.88,518.06,602.6
187,2,0,26.1,62.0,26.1,62.0,0.7,463.69,24.14,55.0,0.7,464.59,24.14,55.0,0.7,464.59,26.1,62.0,0.7,463.69,13.0,100.0,0.7,463.69,13.58,100.0,0.7,463.69,14.42,98.94,0.7,463.69,21.54,63.94,0.18,0.0,464.29,0.0,488.28,21.12,65.45,0.1,13.9,464.24,0.0,209.27,22.03,62.53,0.12,0.0,464.36,0.0,562.5,21.55,63.59,0.14,0.0,464.48,1.0,0.0,21.31,66.08,0.16,0.0,464.45,0.0,199.22,2624.88,518.06,602.6
187,2,22,25.4,64.25,25.4,64.25,0.7,464.09,23.81,55.98,0.7,464.38,23.81,55.98,0.7,464.38,25.4,64.25,0.7,464.09,13.0,100.0,0.7,464.09,13.58,100.0,0.7,464.09,14.42,99.6,0.7,464.09,21.39,64.8,0.18,0.0,464.23,0.0,478.56,21.1,65.69,0.1,127.57,464.18,0.0,205.08,21.94,62.99,0.12,0.0,464.3,0.0,562.5,21.13,65.54,0.14,407.63,464.44,1.0,35.16,21.22,66.47,0.16,0.0,464.4,0.0,199.22,2513.35,518.06,602.6
187,2,32,24.7,66.5,24.7,66.5,0.7,462.92,23.54,56.96,0.7,463.87,23.54,56.96,0.7,463.87,24.7,66.5,0.7,462.92,13.0,100.0,0.7,462.92,13.58,100.0,0.7,462.92,14.42,100.0,0.7,462.92,21.2,65.86,0.18,0.0,463.69,0.0,419.88,21.1,65.94,0.1,233.61,463.56,0.0,179.96,21.82,63.63,0.12,0.0,463.88,0.0,550.79,23.02,56.83,0.14,0.0,463.68,1.0,2437.56,21.12,66.9,0.16,138.73,464.06,0.0,199.22,2399.19,518.06,602.6
187,2,48,24.0,68.75,24.0,68.75,0.7,462.11,23.44,57.41,0.7,463.4,23.44,57.41,0.7,463.4,24.0,68.75,0.7,462.11,13.0,100.0,0.7,462.11,13.58,100.0,0.7,462.11,14.42,100.0,0.7,462.11,21.1,66.21,0.18,197.17,463.18,0.0,420.0,21.1,66.14,0.1,296.93,462.98,0.0,179.96,21.7,64.24,0.12,0.0,463.48,0.0,550.79,23.99,54.76,0.14,0.0,462.83,0.0,2437.44,21.1,66.95,0.16,333.34,463.74,0.0,199.22,2282.38,518.06,602.6
187,3,7,23.3,71.0,23.3,71.0,0.7,461.7,23.36,57.71,0.7,463.42,23.36,57.71,0.7,463.42,23.3,71.0,0.7,461.7,13.0,100.0,0.7,461.7,13.58,100.0,0.7,461.7,14.42,100.0,0.7,461.7,21.1,66.34,0.18,364.7,462.93,0.0,419.88,21.1,66.29,0.1,353.98,462.71,0.0,179.96,21.57,64.8,0.12,0.0,463.27,0.0,550.79,24.38,54.13,0.14,0.0,462.51,0.0,2367.24,21.1,66.99,0.16,432.13,463.57,0.0,199.22,2162.89,518.06,602.6
187,3,17,23.03,73.75,23.03,73.75,0.7,462.29,23.11,59.02,0.7,462.93,23.11,59.02,0.7,462.93,23.02,73.75,0.7,462.29,13.0,100.0,0.7,462.29,13.58,100.0,0.7,462.29,14.42,100.0,0.7,462.29,21.1,67.21,0.18,468.21,462.78,0.0,419.88,21.1,67.3,0.1,390.86,462.61,0.0,179.96,21.46,65.85,0.12,0.0,463.09,0.0,550.78,22.11,65.79,0.14,0.0,462.48,0.0,0.0,21.1,67.44,0.16,512.53,463.38,0.0,199.22,2121.1,518.06,602.6
187,3,33,22.75,76.5,22.75,76.5,0.7,461.3,22.92,60.03,0.7,462.56,22.92,60.03,0.7,462.56,22.75,76.5,0.7,461.3,13.0,100.0,0.7,461.3,13.58,100.0,0.7,461.3,14.42,100.0,0.7,461.3,21.1,68.2,0.18,518.72,462.28,0.0,449.16,21.1,68.43,0.1,410.81,462.05,0.0,192.52,21.36,67.02,0.12,0.0,462.68,0.0,550.78,21.17,68.79,0.14,396.13,461.82,0.0,0.0,21.1,68.01,0.16,592.39,463.04,0.0,199.22,2078.48,518.06,602.6
187,3,45,22.47,79.25,22.47,79.25,0.7,460.51,22.91,60.29,0.7,462.4,22.91,60.29,0.7,462.4,22.47,79.25,0.7,460.51,13.0,100.0,0.7,460.51,13.58,100.0,0.7,460.51,14.42,100.0,0.7,460.51,21.1,69.01,0.18,593.27,461.89,0.0,459.0,21.1,69.32,0.1,439.71,461.63,0.0,196.72,21.26,67.95,0.12,0.0,462.34,0.0,562.5,21.1,69.77,0.14,750.09,461.35,0.0,0.0,21.1,68.54,0.16,664.06,462.75,0.0,205.08,2035.03,518.06,602.6
187,4,0,22.2,82.0,22.2,82.0,0.7,462.3,22.79,61.12,0.7,462.02,22.79,61.12,0.7,462.02,22.2,82.0,0.7,462.3,13.0,100.0,0.7,462.3,13.58,100.0,0.7,462.3,14.42,100.0,0.7,462.3,21.1,70.58,0.18,658.95,461.72,0.0,458.88,21.1,70.99,0.1,464.85,461.56,0.0,196.69,21.17,69.66,0.12,0.0,462.08,0.0,562.5,21.1,71.51,0.14,818.04,461.45,0.0,0.0,21.1,69.63,0.16,740.09,462.45,0.0,199.21,1990.74,518.06,602.6
187,4,15,22.07,82.5,22.07,82.5,0.7,462.7,22.67,62.35,0.7,461.87,22.67,62.35,0.7,461.87,22.08,82.5,0.7,462.7,13.0,100.0,0.7,462.7,13.58,100.0,0.7,462.7,14.42,100.0,0.7,462.7,21.1,71.83,0.18,728.06,461.98,0.0,449.16,21.1,72.21,0.1,492.56,461.96,0.0,192.53,21.11,71.12,0.12,52.61,462.14,0.0,550.79,21.1,72.62,0.14,910.75,462.04,0.0,35.16,21.1,70.67,0.16,799.2,462.4,0.0,199.21,1968.03,518.06,602.6
187,4,33,21.95,83.0,21.95,83.0,0.7,462.31,22.53,65.43,0.7,462.18,22.53,65.43,0.7,462.18,21.95,83.0,0.7,462.31,13.0,100.0,0.7,462.31,13.58,100.0,0.7,462.31,14.42,100.0,0.7,462.31,21.1,72.54,0.18,716.89,462.1,0.0,449.16,21.1,72.81,0.1,397.56,462.12,0.0,192.52,21.25,71.05,0.12,0.0,462.19,0.0,527.34,22.56,65.16,0.14,0.0,462.18,0.0,2402.4,21.1,71.47,0.16,636.6,462.38,0.0,404.29,1945.22,518.06,602.6
187,4,48,21.82,83.5,21.82,83.5,0.7,463.68,22.56,65.79,0.7,462.63,22.56,65.79,0.7,462.63,21.82,83.5,0.7,463.68,13.0,100.0,0.7,463.68,13.58,100.0,0.7,463.68,14.42,100.0,0.7,463.68,21.1,72.79,0.18,688.86,462.7,0.0,459.0,21.1,73.0,0.1,171.17,462.84,0.0,196.69,21.8,68.43,0.12,0.0,462.62,0.0,539.06,23.46,62.57,0.14,0.0,463.07,0.0,2425.8,21.1,71.82,0.16,644.32,462.68,0.0,404.29,1922.32,518.06,602.6
187,5,2,21.7,84.0,21.7,84.0,0.7,464.07,22.51,66.41,0.7,463.06,22.51,66.41,0.7,463.06,21.7,84.0,0.7,464.07,13.0,100.0,0.7,464.07,13.58,100.0,0.7,464.07,14.42,100.0,0.7,464.07,21.1,73.0,0.18,641.03,463.11,0.0,459.0,21.23,72.41,0.1,0.0,463.29,0.0,196.72,22.61,65.15,0.12,0.0,462.93,0.0,539.06,21.53,73.21,0.14,135.91,463.54,0.0,0.0,21.1,72.14,0.16,617.75,462.91,0.0,404.29,1899.32,518.06,602.6
187,5,18,22.1,82.75,22.1,82.75,0.7,463.49,22.49,66.68,0.7,463.02,22.49,66.68,0.7,463.02,22.1,82.75,0.7,463.49,13.0,100.0,0.7,463.49,13.58,100.0,0.7,463.49,14.42,100.0,0.7,463.49,21.1,73.21,0.18,561.88,463.07,0.0,459.0,21.62,70.49,0.1,0.0,463.19,0.0,196.72,23.5,61.91,0.12,0.0,462.92,0.0,527.34,21.11,73.35,0.14,686.19,463.35,0.0,0.0,21.1,72.46,0.16,567.83,462.9,0.0,404.29,1973.32,518.06,602.6
187,5,33,22.5,81.5,22.5,81.5,0.7,462.52,22.56,66.75,0.7,462.91,22.56,66.75,0.7,462.91,22.5,81.5,0.7,462.52,13.0,100.0,0.7,462.52,13.58,100.0,0.7,462.52,14.42,100.0,0.7,462.52,21.1,73.49,0.18,457.0,462.86,0.0,449.28,22.24,67.91,0.1,0.0,462.88,0.0,192.52,24.54,58.54,0.12,0.0,462.82,0.0,585.94,21.1,73.52,0.14,760.45,462.85,0.0,0.0,21.1,72.94,0.16,708.89,462.83,0.0,199.21,2046.47,518.06,602.6
187,5,48,22.9,80.25,22.9,80.25,0.7,462.5,22.69,66.55,0.7,462.72,22.69,66.55,0.7,462.72,22.9,80.25,0.7,462.5,13.0,100.0,0.7,462.5,13.58,100.0,0.7,462.5,14.42,100.0,0.7,462.5,21.1,73.71,0.18,337.89,462.7,0.0,458.88,22.93,65.23,0.1,0.0,462.67,0.0,196.7,25.46,55.82,0.12,0.0,462.71,0.0,597.66,21.1,73.66,0.14,770.91,462.62,0.0,0.0,21.1,73.36,0.16,615.89,462.75,0.0,205.08,2118.81,518.06,602.6
187,6,5,23.3,79.0,23.3,79.0,0.7,462.7,22.8,66.23,0.7,462.75,22.8,66.23,0.7,462.75,23.3,79.0,0.7,462.7,13.0,100.0,0.7,462.7,13.58,100.0,0.7,462.7,14.42,100.0,0.7,462.7,21.1,73.86,0.18,214.61,462.75,0.0,459.0,23.66,62.41,0.1,0.0,462.74,0.0,196.7,26.24,53.46,0.12,0.0,462.75,0.0,585.94,21.1,73.76,0.14,748.59,462.71,0.0,0.0,21.1,73.62,0.16,513.99,462.77,0.0,199.22,2190.35,518.06,602.6
187,6,17,23.88,77.75,23.88,77.75,0.7,463.5,23.15,65.11,0.7,463.03,23.15,65.11,0.7,463.03,23.87,77.75,0.7,463.5,13.0,100.0,0.7,463.5,13.58,100.0,0.7,463.5,14.42,100.0,0.7,463.5,21.1,74.18,0.18,71.83,463.08,0.0,459.0,24.45,59.79,0.1,0.0,463.14,0.0,196.72,26.96,51.48,0.12,0.0,462.99,0.0,585.94,22.88,64.64,0.14,0.0,463.21,0.0,2425.8,21.1,73.96,0.16,392.03,462.95,0.0,199.22,2294.84,518.06,602.6
187,6,33,24.45,76.5,24.45,76.5,0.7,463.69,23.32,64.67,0.7,463.18,23.32,64.67,0.7,463.18,24.45,76.5,0.7,463.69,13.0,100.0,0.7,463.69,13.58,100.0,0.7,463.69,14.41,100.0,0.7,463.69,21.15,74.25,0.18,0.0,463.25,0.0,458.88,25.3,57.08,0.1,0.0,463.33,0.0,196.7,27.62,49.83,0.12,0.0,463.13,0.0,550.78,23.97,61.74,0.14,0.0,463.43,0.0,2402.4,21.1,74.29,0.16,247.19,463.06,0.0,199.22,2398.44,518.06,602.6
187,6,47,25.03,75.25,25.03,75.25,0.7,464.09,23.41,64.63,0.7,463.44,23.41,64.63,0.7,463.44,25.03,75.25,0.7,464.09,13.0,100.0,0.7,464.09,13.58,100.0,0.7,464.09,14.41,100.0,0.7,464.09,21.26,74.06,0.18,0.0,463.52,0.0,459.0,26.12,54.78,0.1,0.0,463.64,0.0,196.72,28.13,48.73,0.12,0.0,463.36,0.0,539.06,22.16,72.59,0.14,0.0,463.78,0.0,0.0,21.1,74.67,0.16,97.71,463.24,0.0,199.22,2501.23,518.06,602.6
187,7,3,25.6,74.0,25.6,74.0,0.7,464.09,23.53,64.39,0.7,463.53,23.53,64.39,0.7,463.53,25.6,74.0,0.7,464.09,13.0,100.0,0.7,464.09,13.58,100.0,0.7,464.09,14.41,100.0,0.7,464.09,21.41,73.74,0.18,0.0,463.64,0.0,459.0,26.91,52.59,0.1,0.0,463.75,0.0,196.7,28.54,47.93,0.12,0.0,463.47,0.0,550.78,21.25,75.53,0.14,42.28,463.88,0.0,0.0,21.11,74.94,0.16,0.0,463.33,0.0,199.22,2603.32,518.06,602.6
187,7,20,25.88,73.5,25.88,73.5,0.7,463.13,23.68,64.06,0.7,463.36,23.68,64.06,0.7,463.36,25.87,73.5,0.7,463.13,13.0,100.0,0.7,463.13,13.58,100.0,0.7,463.13,14.41,100.0,0.7,463.13,21.57,73.37,0.18,0.0,463.35,0.0,459.0,27.66,50.58,0.1,0.0,463.37,0.0,196.72,28.81,47.54,0.12,0.0,463.27,0.0,539.06,21.11,75.9,0.14,200.84,463.38,0.0,0.0,21.16,74.99,0.16,0.0,463.2,0.0,199.22,2652.6,518.06,602.6
187,7,35,26.15,73.0,26.15,73.0,0.7,463.1,23.88,63.76,0.7,463.23,23.88,63.76,0.7,463.23,26.15,73.0,0.7,463.1,13.0,100.0,0.7,463.1,13.58,100.0,0.7,463.1,14.41,100.0,0.7,463.1,21.76,73.04,0.18,0.0,463.23,0.0,459.0,28.38,48.94,0.1,0.0,463.22,0.0,196.72,28.99,47.48,0.12,0.0,463.21,0.0,597.66,21.1,76.33,0.14,228.61,463.19,0.0,0.0,21.27,74.98,0.16,0.0,463.17,0.0,205.08,2701.81,518.06,602.6
187,7,50,26.42,72.5,26.42,72.5,0.7,466.09,24.09,63.41,0.7,463.9,24.09,63.41,0.7,463.9,26.42,72.5,0.7,466.09,13.0,100.0,0.7,466.09,13.58,100.0,0.7,466.09,14.41,100.0,0.7,466.09,21.94,72.61,0.18,0.0,464.33,0.0,468.84,29.0,47.49,0.1,0.0,464.57,0.0,200.89,29.02,47.8,0.12,0.0,464.04,0.0,597.66,21.1,76.68,0.14,216.13,464.87,0.0,0.0,21.39,74.94,0.16,0.0,463.8,0.0,199.21,2750.98,518.06,602.6
187,8,2,26.7,72.0,26.7,72.0,0.7,466.87,24.42,62.57,0.7,464.95,24.42,62.57,0.7,464.95,26.7,72.0,0.7,466.87,13.0,100.0,0.7,466.87,13.58,100.0,0.7,466.87,14.41,100.0,0.7,466.87,22.12,72.1,0.18,0.0,465.17,0.0,468.72,29.53,46.28,0.1,0.0,465.51,0.0,200.89,28.92,48.35,0.12,0.0,464.72,0.0,597.66,23.4,64.53,0.14,0.0,465.9,0.0,2414.04,21.49,74.76,0.16,0.0,464.33,0.0,205.08,2800.11,518.06,602.6
187,8,17,27.1,71.5,27.1,71.5,0.7,467.51,24.72,61.75,0.7,465.55,24.72,61.75,0.7,465.55,27.1,71.5,0.7,467.51,13.0,100.0,0.7,467.51,13.58,100.0,0.7,467.51,14.41,100.0,0.7,467.51,22.31,71.67,0.18,0.0,465.83,0.0,468.72,30.0,45.36,0.1,0.0,466.23,0.0,200.9,28.74,49.21,0.12,0.0,465.28,0.0,597.66,24.78,60.62,0.14,0.0,466.65,0.0,2437.44,21.6,74.65,0.16,0.0,464.8,0.0,199.22,2873.52,518.06,602.6
187,8,32,27.5,71.0,27.5,71.0,0.7,471.26,24.85,61.75,0.7,467.71,24.85,61.75,0.7,467.71,27.5,71.0,0.7,471.26,13.0,100.0,0.7,471.26,13.58,100.0,0.7,471.26,14.41,100.0,0.7,471.26,22.53,71.36,0.18,0.0,468.21,0.0,478.56,30.44,44.72,0.1,0.0,468.89,0.0,205.08,28.45,50.55,0.12,0.0,467.36,1.0,539.06,22.77,74.18,0.14,0.0,469.59,0.0,0.0,21.77,74.51,0.16,0.0,466.4,0.0,398.44,2947.24,518.06,602.6
187,8,48,27.9,70.5,27.9,70.5,0.7,472.49,25.02,61.41,0.7,468.54,25.02,61.41,0.7,468.54,27.9,70.5,0.7,472.49,13.0,100.0,0.7,472.49,13.58,100.0,0.7,472.49,14.41,100.0,0.7,472.49,22.72,70.99,0.18,0.0,469.28,0.0,468.72,30.73,44.32,0.1,0.0,470.05,0.0,200.89,28.12,51.94,0.12,0.0,468.31,1.0,539.06,21.98,75.33,0.14,0.0,470.83,0.0,0.0,21.9,74.4,0.16,0.0,467.17,0.0,404.29,3043.21,518.06,602.6
187,9,7,28.3,70.0,28.3,70.0,0.7,477.07,25.15,61.07,0.7,469.1,25.15,61.07,0.7,469.1,28.3,70.0,0.7,477.07,13.0,100.0,0.7,477.07,13.58,100.0,0.7,477.07,14.41,100.0,0.7,477.07,22.92,70.59,0.18,0.0,471.13,0.0,478.44,30.95,44.09,0.1,0.0,472.22,0.0,205.08,27.76,53.32,0.12,0.0,469.79,1.0,539.06,21.71,76.46,0.14,0.0,473.36,0.0,0.0,22.01,74.4,0.16,0.0,468.33,0.0,404.29,3160.47,518.06,602.6
187,9,22,28.58,69.25,28.58,69.25,0.7,475.27,25.28,61.08,0.7,472.17,25.28,61.08,0.7,472.17,28.57,69.25,0.7,475.27,13.0,100.0,0.7,475.27,13.58,100.0,0.7,475.27,14.41,100.0,0.7,475.27,23.1,70.27,0.18,0.0,473.35,0.0,468.72,31.08,44.05,0.1,0.0,474.29,0.0,200.88,27.37,54.85,0.12,0.0,472.04,1.0,539.06,21.63,76.96,0.14,0.0,475.38,2.0,0.0,22.11,74.59,0.16,0.0,470.37,1.0,404.29,3243.3,518.06,602.6
187,9,35,28.85,68.5,28.85,68.5,0.7,475.27,25.74,59.89,0.7,472.9,25.74,59.89,0.7,472.9,28.85,68.5,0.7,475.27,13.0,100.0,0.7,475.27,13.58,100.0,0.7,475.27,14.41,100.0,0.7,475.27,23.26,69.59,0.18,0.0,473.6,0.0,468.72,31.11,43.96,0.1,0.0,474.37,0.0,200.9,27.13,55.71,0.12,0.0,472.46,1.0,714.84,22.44,71.92,0.14,0.0,475.56,3.0,0.0,22.4,73.07,0.16,0.0,470.92,2.0,820.31,3326.68,518.06,602.6
187,9,45,29.12,67.75,29.12,67.75,0.7,478.27,25.81,59.76,0.7,473.3,25.81,59.76,0.7,473.3,29.13,67.75,0.7,478.27,13.0,100.0,0.7,478.27,13.58,100.0,0.7,478.27,14.41,100.0,0.7,478.27,23.42,68.98,0.18,0.0,474.2,0.0,478.56,31.06,44.0,0.1,0.0,475.03,0.0,205.08,26.9,56.23,0.12,0.0,473.01,1.0,714.85,22.42,72.98,0.14,0.0,476.55,4.0,0.0,22.69,72.33,0.16,0.0,471.51,3.0,820.31,3410.57,518.06,602.6
187,10,0,29.4,67.0,29.4,67.0,0.7,479.69,25.87,59.62,0.7,473.97,25.87,59.62,0.7,473.97,29.4,67.0,0.7,479.69,13.0,100.0,0.7,479.69,13.58,100.0,0.7,479.69,14.41,100.0,0.7,479.69,23.58,68.14,0.18,0.0,476.02,0.0,478.56,30.89,44.26,0.1,0.0,476.86,0.0,205.08,26.7,56.8,0.12,0.0,474.79,1.0,714.85,22.13,73.95,0.14,0.0,478.79,5.0,0.0,22.86,71.58,0.16,0.0,473.29,3.0,820.31,3494.9,518.06,602.6
187,10,15,29.82,65.5,29.82,65.5,0.7,482.91,25.98,59.26,0.7,475.86,25.98,59.26,0.7,475.86,29.82,65.5,0.7,482.91,13.0,100.0,0.7,482.91,13.58,100.0,0.7,482.91,14.41,100.0,0.7,482.91,23.75,67.14,0.18,0.0,478.46,0.0,468.72,30.64,44.66,0.1,0.0,479.37,0.0,200.9,26.58,57.03,0.12,0.0,477.31,4.0,714.84,21.99,74.16,0.14,0.0,481.64,5.0,0.0,22.98,70.97,0.16,0.0,475.49,2.0,820.31,3605.74,518.06,602.6
187,10,35,30.25,64.0,30.25,64.0,0.7,489.1,26.47,57.24,0.7,480.76,26.47,57.24,0.7,480.76,30.25,64.0,0.7,489.1,13.0,100.0,0.7,489.1,13.58,100.0,0.7,489.1,14.41,100.0,0.7,489.1,23.96,65.53,0.18,0.0,482.38,0.0,478.56,30.33,45.29,0.1,0.0,483.8,0.0,205.08,26.53,56.9,0.12,0.0,481.1,7.0,750.0,22.81,68.69,0.14,0.0,486.9,6.0,0.0,22.91,71.19,0.16,0.0,478.2,1.0,404.29,3714.98,518.06,602.6
187,10,52,30.68,62.5,30.68,62.5,0.7,488.55,26.52,56.9,0.7,481.24,26.52,56.9,0.7,481.24,30.68,62.5,0.7,488.55,13.0,100.0,0.7,488.55,13.58,100.0,0.7,488.55,14.41,100.0,0.7,488.55,24.23,64.03,0.18,0.0,483.11,0.0,468.84,29.9,46.1,0.1,0.0,484.47,0.0,200.9,26.5,56.73,0.12,0.0,481.91,6.0,750.0,22.69,70.09,0.14,0.0,487.46,6.0,0.0,22.87,70.97,0.16,0.0,478.89,1.0,404.29,3822.31,518.06,602.6
187,11,2,31.1,61.0,31.1,61.0,0.7,489.71,26.8,55.32,0.7,484.85,26.8,55.32,0.7,484.85,31.1,61.0,0.7,489.71,13.0,100.0,0.7,489.71,13.58,100.0,0.7,489.71,14.41,100.0,0.7,489.71,24.56,62.09,0.18,0.0,485.41,0.0,478.44,29.42,46.99,0.1,0.0,486.71,0.0,205.08,26.47,56.39,0.12,0.0,484.27,5.0,750.0,24.96,58.1,0.14,0.0,489.66,6.0,2414.04,22.88,70.48,0.16,0.0,480.96,1.0,404.29,3927.39,518.06,602.6
187,11,17,31.25,60.5,31.25,60.5,0.7,488.29,27.07,54.15,0.7,485.35,27.07,54.15,0.7,485.35,31.25,60.5,0.7,488.29,13.0,100.0,0.7,488.29,13.58,100.0,0.7,488.29,14.41,100.0,0.7,488.29,24.93,60.38,0.18,0.0,485.77,0.0,468.72,28.87,48.3,0.1,0.0,486.8,0.0,200.9,26.45,56.21,0.12,0.0,484.99,5.0,750.0,26.23,54.36,0.14,0.0,489.61,7.0,2437.44,22.91,70.06,0.16,0.0,481.71,1.0,404.29,3966.02,518.06,602.6
187,11,35,31.4,60.0,31.4,60.0,0.7,489.07,27.29,53.33,0.7,485.89,27.29,53.33,0.7,485.89,31.4,60.0,0.7,489.07,13.0,100.0,0.7,489.07,13.58,100.0,0.7,489.07,14.42,100.0,0.7,489.07,25.37,58.48,0.18,0.0,486.5,0.0,507.84,28.3,49.71,0.1,0.0,487.48,0.0,217.63,26.41,56.16,0.12,0.0,485.82,5.0,691.4,26.97,52.36,0.14,0.0,491.0,11.0,2437.56,23.03,69.18,0.16,0.0,482.78,6.0,609.37,4004.37,518.06,602.6
187,11,48,31.55,59.5,31.55,59.5,0.7,489.28,27.69,51.74,0.7,487.04,27.69,51.74,0.7,487.04,31.55,59.5,0.7,489.28,13.0,100.0,0.7,489.28,13.58,100.0,0.7,489.28,14.42,100.0,0.7,489.28,25.89,56.38,0.18,0.0,487.28,0.0,517.56,27.79,50.95,0.1,0.0,488.1,0.0,221.81,26.4,55.88,0.12,0.0,486.95,6.0,691.4,25.31,60.25,0.14,0.0,491.33,9.0,0.0,23.15,68.46,0.16,0.0,483.65,1.0,609.37,4042.45,518.06,602.6
187,12,7,31.7,59.0,31.7,59.0,0.7,491.31,27.82,51.28,0.7,487.18,27.82,51.28,0.7,487.18,31.7,59.0,0.7,491.31,13.0,100.0,0.7,491.31,13.58,100.0,0.7,491.31,14.42,100.0,0.7,491.31,26.43,54.51,0.18,0.0,488.16,0.0,507.84,27.29,52.23,0.1,0.0,489.24,1.0,217.62,26.44,55.57,0.12,0.0,487.78,6.0,691.42,25.11,58.54,0.14,0.0,492.43,9.0,0.0,23.27,67.88,0.16,0.0,484.39,2.0,603.52,4080.24,518.06,602.6
187,12,17,31.82,58.75,31.82,58.75,0.7,490.46,28.02,50.31,0.7,488.69,28.02,50.31,0.7,488.69,31.83,58.75,0.7,490.46,13.0,100.0,0.7,490.46,13.58,100.0,0.7,490.46,14.42,100.0,0.7,490.46,26.98,52.48,0.18,0.0,488.93,1.0,507.84,26.85,53.39,0.1,0.0,489.79,1.0,217.63,26.49,55.17,0.12,0.0,489.05,8.0,691.4,26.96,50.9,0.14,0.0,491.93,5.0,2425.8,23.37,67.19,0.16,0.0,485.45,1.0,609.38,4124.43,518.06,602.6
187,12,33,31.95,58.5,31.95,58.5,0.7,490.67,28.18,49.7,0.7,489.16,28.18,49.7,0.7,489.16,31.95,58.5,0.7,490.67,13.0,100.0,0.7,490.67,13.58,100.0,0.7,490.67,14.42,100.0,0.7,490.67,27.69,50.08,0.18,0.0,489.51,2.0,693.36,26.61,53.87,0.1,0.0,490.19,1.0,297.16,26.56,54.76,0.12,0.0,489.56,6.0,714.84,24.97,61.56,0.14,0.0,492.09,5.0,0.0,23.5,66.49,0.16,0.0,486.13,1.0,603.52,4168.79,518.06,602.6
187,12,48,32.08,58.25,32.08,58.25,0.7,489.47,28.3,49.24,0.7,489.22,28.3,49.24,0.7,489.22,32.07,58.25,0.7,489.47,13.0,100.0,0.7,489.47,13.58,100.0,0.7,489.47,14.42,100.0,0.7,489.47,28.34,48.17,0.18,0.0,489.35,2.0,693.36,26.4,54.43,0.1,0.0,489.83,1.0,297.16,26.63,54.42,0.12,0.0,489.57,5.0,703.12,24.16,62.2,0.14,0.0,492.14,9.0,0.0,23.62,65.87,0.16,0.0,486.39,1.0,609.37,4213.31,518.06,602.6
187,13,5,32.2,58.0,32.2,58.0,0.7,489.47,28.45,48.73,0.7,489.27,28.45,48.73,0.7,489.27,32.2,58.0,0.7,489.47,13.0,100.0,0.7,489.47,13.58,100.0,0.7,489.47,14.42,100.0,0.7,489.47,28.94,46.5,0.18,0.0,489.47,2.0,683.52,26.25,54.78,0.1,0.0,489.85,1.0,292.96,26.71,54.04,0.12,0.0,489.7,4.0,714.85,23.87,62.81,0.14,0.0,491.45,5.0,0.0,23.73,65.32,0.16,0.0,486.96,5.0,609.37,4257.99,518.06,602.6
187,13,16,32.35,57.0,32.35,57.0,0.7,489.44,28.84,47.43,0.7,489.69,28.84,47.43,0.7,489.69,32.35,57.0,0.7,489.44,13.0,100.0,0.7,489.44,13.58,100.0,0.7,489.44,14.42,100.0,0.7,489.44,29.47,44.89,0.18,0.0,489.59,2.0,693.36,26.15,54.72,0.1,0.0,489.85,1.0,297.16,26.79,53.55,0.12,0.0,489.82,3.0,703.12,26.35,51.63,0.14,0.0,492.2,10.0,2449.2,23.84,64.63,0.16,0.0,487.62,6.0,609.38,4253.88,518.06,602.6
187,13,35,32.5,56.0,32.5,56.0,0.7,488.69,29.0,46.93,0.7,489.55,29.0,46.93,0.7,489.55,32.5,56.0,0.7,488.69,13.0,100.0,0.7,488.69,13.58,100.0,0.7,488.69,14.42,100.0,0.7,488.69,30.01,43.28,0.18,0.0,489.34,2.0,742.2,26.11,54.44,0.1,0.0,489.5,1.0,318.08,26.9,52.92,0.12,0.0,489.68,3.0,726.56,24.98,60.12,0.14,0.0,492.01,11.0,0.0,23.85,64.47,0.16,0.0,487.73,6.0,404.3,4248.61,518.06,602.6
187,13,47,32.65,55.0,32.65,55.0,0.7,488.49,29.28,45.8,0.7,489.59,29.28,45.8,0.7,489.59,32.65,55.0,0.7,488.49,13.0,100.0,0.7,488.49,13.58,100.0,0.7,488.49,14.42,100.0,0.7,488.49,30.42,42.02,0.18,0.0,489.2,2.0,732.36,26.09,54.08,0.1,0.0,489.27,1.0,313.91,26.99,52.29,0.12,0.0,489.62,3.0,726.56,27.29,48.14,0.14,0.0,492.07,12.0,2496.0,23.89,63.92,0.16,0.0,488.06,6.0,404.3,4242.18,518.06,602.6
187,14,2,32.8,54.0,32.8,54.0,0.7,492.68,29.58,44.57,0.7,491.25,29.58,44.57,0.7,491.25,32.8,54.0,0.7,492.68,13.0,100.0,0.7,492.68,13.58,100.0,0.7,492.68,14.42,100.0,0.7,492.68,30.78,40.86,0.18,0.0,490.92,2.0,742.2,26.07,53.55,0.1,0.0,491.02,0.0,318.07,27.09,51.54,0.12,0.0,491.26,6.0,726.56,28.78,44.58,0.14,0.0,494.97,13.0,2449.2,23.96,63.09,0.16,0.0,489.65,7.0,398.44,4234.59,518.06,602.6
187,14,18,32.65,55.0,32.65,55.0,0.7,494.07,29.7,44.1,0.7,492.07,29.7,44.1,0.7,492.07,32.65,55.0,0.7,494.07,13.0,100.0,0.7,494.07,13.58,100.0,0.7,494.07,14.42,100.0,0.7,494.07,31.0,40.38,0.18,0.0,492.12,3.0,732.48,26.05,53.7,0.1,0.0,492.39,1.0,313.88,27.16,51.28,0.12,0.0,492.14,5.0,726.56,27.29,50.95,0.14,0.0,495.07,6.0,0.0,24.04,62.65,0.16,0.0,490.53,7.0,404.29,4242.18,518.06,602.6
187,14,30,32.5,56.0,32.5,56.0,0.7,496.22,29.68,44.11,0.7,492.39,29.68,44.11,0.7,492.39,32.5,56.0,0.7,496.22,13.0,100.0,0.7,496.22,13.58,100.0,0.7,496.22,14.42,100.0,0.7,496.22,31.29,39.97,0.18,0.0,493.13,3.0,1005.84,26.15,53.54,0.1,0.0,493.5,1.0,431.08,27.28,51.04,0.12,0.0,492.91,4.0,843.74,27.26,49.93,0.14,0.0,496.04,7.0,0.0,24.22,62.11,0.16,0.0,491.25,7.0,603.52,4248.61,518.06,602.6
187,14,46,32.35,57.0,32.35,57.0,0.7,495.82,30.47,42.23,0.7,494.65,30.47,42.23,0.7,494.65,32.35,57.0,0.7,495.82,13.0,100.0,0.7,495.82,13.58,100.0,0.7,495.82,14.42,100.0,0.7,495.82,31.39,39.92,0.18,0.0,494.61,3.0,1005.84,26.2,53.75,0.1,0.0,495.58,4.0,431.1,27.35,50.91,0.12,0.0,494.28,4.0,843.74,30.62,39.5,0.14,0.0,497.05,6.0,2449.2,24.37,61.39,0.16,0.0,492.8,7.0,609.38,4253.88,518.06,602.6
187,15,1,32.2,58.0,32.2,58.0,0.7,495.88,30.83,41.5,0.7,495.19,30.83,41.5,0.7,495.19,32.2,58.0,0.7,495.88,13.0,100.0,0.7,495.88,13.58,100.0,0.7,495.88,14.42,100.0,0.7,495.88,31.39,40.21,0.18,0.0,495.08,3.0,1005.84,26.23,54.06,0.1,0.0,496.15,4.0,431.08,27.41,50.93,0.12,0.0,495.01,6.0,843.74,32.62,36.42,0.14,0.0,497.48,7.0,2414.16,24.52,61.0,0.16,0.0,493.41,7.0,603.5,4257.99,518.06,602.6
187,15,18,32.2,57.5,32.2,57.5,0.7,496.87,30.94,41.29,0.7,495.74,30.94,41.29,0.7,495.74,32.2,57.5,0.7,496.87,13.0,100.0,0.7,496.87,13.58,100.0,0.7,496.87,14.42,100.0,0.7,496.87,31.31,40.48,0.18,0.0,495.69,2.0,1005.84,26.23,54.08,0.1,0.0,496.98,4.0,431.08,27.46,50.81,0.12,0.0,495.82,7.0,843.74,31.38,41.06,0.14,0.0,498.44,8.0,0.0,24.66,60.5,0.16,0.0,494.08,7.0,603.52,4218.01,518.06,602.6
187,15,32,32.2,57.0,32.2,57.0,0.7,496.68,30.68,41.98,0.7,496.4,30.68,41.98,0.7,496.4,32.2,57.0,0.7,496.68,13.0,100.0,0.7,496.68,13.58,100.0,0.7,496.68,14.42,100.0,0.7,496.68,31.16,40.79,0.18,0.0,496.03,2.0,1044.96,26.23,53.99,0.1,0.0,497.37,4.0,447.83,27.49,50.7,0.12,0.0,496.39,7.0,843.74,30.05,43.85,0.14,0.0,499.03,10.0,0.0,24.75,60.18,0.16,0.0,494.6,6.0,603.52,4178.45,518.06,602.6
187,15,50,32.2,56.5,32.2,56.5,0.7,493.7,30.65,42.05,0.7,495.77,30.65,42.05,0.7,495.77,32.2,56.5,0.7,493.7,13.0,100.0,0.7,493.7,13.58,100.0,0.7,493.7,14.42,100.0,0.7,493.7,31.06,40.91,0.18,0.0,495.03,2.0,1035.12,26.2,53.97,0.1,0.0,496.16,4.0,443.64,27.49,50.64,0.12,0.0,495.75,6.0,855.47,29.47,44.63,0.14,0.0,497.43,10.0,0.0,24.81,59.89,0.16,0.0,494.33,7.0,609.37,4139.29,518.06,602.6
187,16,1,32.2,56.0,32.2,56.0,0.7,485.49,30.78,41.61,0.7,492.34,30.78,41.61,0.7,492.34,32.2,56.0,0.7,485.49,13.0,100.0,0.7,485.49,13.58,100.0,0.7,485.49,14.42,100.0,0.7,485.49,30.97,40.95,0.18,0.0,491.11,2.0,1044.96,26.14,53.91,0.1,0.0,491.59,4.0,447.82,27.45,50.63,0.12,0.0,493.07,6.0,855.47,31.91,37.06,0.14,0.0,491.75,10.0,2449.32,24.86,59.61,0.16,0.0,492.54,8.0,609.38,4100.55,518.06,602.6
187,16,22,31.93,56.75,31.93,56.75,0.7,483.09,30.79,41.6,0.7,492.62,30.79,41.6,0.7,492.62,31.93,56.75,0.7,483.09,13.0,100.0,0.7,483.09,13.58,100.0,0.7,483.09,14.42,100.0,0.7,483.09,30.88,41.19,0.18,0.0,489.71,2.0,1035.12,26.07,54.22,0.1,0.0,490.03,4.0,443.64,27.39,50.83,0.12,0.0,491.74,3.0,855.48,31.02,41.31,0.14,0.0,489.66,8.0,0.0,24.88,59.54,0.16,0.0,491.74,8.0,603.52,4023.28,518.06,602.6
187,16,32,31.65,57.5,31.65,57.5,0.7,481.29,30.89,41.32,0.7,488.61,30.89,41.32,0.7,488.61,31.65,57.5,0.7,481.29,13.0,100.0,0.7,481.29,13.58,100.0,0.7,481.29,14.42,100.0,0.7,481.29,30.72,41.69,0.18,0.0,486.85,1.0,1005.84,25.95,54.76,0.1,0.0,487.31,5.0,431.09,27.23,51.43,0.12,0.0,489.41,3.0,750.0,33.16,34.83,0.14,0.0,486.81,10.0,2484.36,24.99,58.99,0.16,0.0,490.17,8.0,808.6,3945.64,518.06,602.6
187,16,49,31.38,58.25,31.38,58.25,0.7,484.68,30.87,41.37,0.7,489.08,30.87,41.37,0.7,489.08,31.37,58.25,0.7,484.68,13.0,100.0,0.7,484.68,13.58,100.0,0.7,484.68,14.42,100.0,0.7,484.68,30.43,42.58,0.18,0.0,487.31,1.0,1015.56,25.83,55.31,0.1,0.0,487.93,4.0,435.25,27.09,51.92,0.12,0.0,489.45,2.0,761.71,31.85,40.01,0.14,0.0,488.18,10.0,0.0,25.09,58.73,0.16,0.0,490.3,8.0,814.45,3867.71,518.06,602.6
187,17,3,31.1,59.0,31.1,59.0,0.7,488.28,30.81,41.58,0.7,489.51,30.81,41.58,0.7,489.51,31.1,59.0,0.7,488.28,13.0,100.0,0.7,488.28,13.58,100.0,0.7,488.28,14.42,100.0,0.7,488.28,30.04,43.73,0.18,0.0,488.21,1.0,1015.68,25.7,55.94,0.1,0.0,489.47,5.0,435.28,26.94,52.48,0.12,0.0,489.9,3.0,750.0,33.61,34.36,0.14,0.0,489.87,8.0,2472.6,25.13,58.67,0.16,0.0,490.64,8.0,808.6,3789.56,518.06,602.6
187,17,17,30.98,60.0,30.98,60.0,0.7,485.09,31.07,41.12,0.7,488.48,31.07,41.12,0.7,488.48,30.97,60.0,0.7,485.09,13.0,100.0,0.7,485.09,13.58,100.0,0.7,485.09,14.42,100.0,0.7,485.09,29.6,45.16,0.18,0.0,486.88,1.0,1005.84,25.56,56.8,0.1,0.0,487.87,4.0,431.09,26.8,53.15,0.12,0.0,489.1,6.0,750.0,35.37,31.6,0.14,0.0,488.28,9.0,2425.68,25.16,58.81,0.16,0.0,489.82,8.0,808.6,3798.28,518.06,602.6
187,17,33,30.85,61.0,30.85,61.0,0.7,482.9,30.99,41.45,0.7,487.58,30.99,41.45,0.7,487.58,30.85,61.0,0.7,482.9,13.0,100.0,0.7,482.9,13.58,100.0,0.7,482.9,14.41,100.0,0.7,482.9,29.11,46.8,0.18,0.0,485.66,1.0,966.84,25.4,57.78,0.1,0.0,486.53,4.0,414.34,26.63,54.01,0.12,0.0,488.16,6.0,679.68,33.93,36.28,0.14,0.0,486.76,9.0,0.0,24.98,60.04,0.16,0.0,488.92,6.0,404.29,3806.18,518.06,602.6
187,17,48,30.73,62.0,30.73,62.0,0.7,483.5,30.85,42.12,0.7,486.43,30.85,42.12,0.7,486.43,30.72,62.0,0.7,483.5,13.0,100.0,0.7,483.5,13.58,100.0,0.7,483.5,14.41,100.0,0.7,483.5,28.51,48.98,0.18,0.0,484.83,2.0,966.84,25.22,59.05,0.1,0.0,485.77,4.0,414.34,26.42,55.12,0.12,0.0,486.93,3.0,679.69,35.25,32.21,0.14,0.0,486.14,8.0,2402.4,24.81,60.83,0.16,0.0,487.76,4.0,404.29,3813.26,518.06,602.6
187,18,2,30.6,63.0,30.6,63.0,0.7,487.5,30.58,43.11,0.7,487.63,30.58,43.11,0.7,487.63,30.6,63.0,0.7,487.5,13.0,100.0,0.7,487.5,13.58,100.0,0.7,487.5,14.41,100.0,0.7,487.5,27.93,51.12,0.18,0.0,486.39,2.0,966.84,25.02,60.26,0.1,0.0,487.69,4.0,414.35,26.23,56.16,0.12,0.0,488.03,5.0,679.69,33.19,38.7,0.14,0.0,488.83,9.0,0.0,24.73,61.53,0.16,0.0,488.27,3.0,404.29,3819.51,518.06,602.6
187,18,20,28.65,69.0,28.65,69.0,0.7,486.7,30.4,43.76,0.7,487.52,30.4,43.76,0.7,487.52,28.65,69.0,0.7,486.7,13.0,100.0,0.7,486.7,13.58,100.0,0.7,486.7,14.41,100.0,0.7,486.7,27.26,54.15,0.18,0.0,486.32,2.0,966.84,24.77,62.48,0.1,0.0,487.8,5.0,414.35,25.97,57.95,0.12,0.0,487.92,5.0,679.68,33.88,36.28,0.14,0.0,488.68,9.0,2460.96,24.62,62.61,0.16,0.0,488.08,3.0,404.3,3260.43,518.06,602.6
187,18,35,26.7,75.0,26.7,75.0,0.7,483.33,30.25,44.87,0.7,486.95,30.25,44.87,0.7,486.95,26.7,75.0,0.7,483.33,13.0,100.0,0.7,483.33,13.58,100.0,0.7,483.33,14.41,100.0,0.7,483.33,26.55,57.48,0.18,0.0,485.38,2.0,898.32,24.44,65.0,0.1,0.0,486.38,3.0,385.03,25.54,60.57,0.12,0.0,486.83,2.0,574.22,33.64,38.58,0.14,0.0,486.96,8.0,2437.44,24.57,63.59,0.16,0.0,487.13,2.0,404.3,2819.94,518.06,602.6
187,18,46,24.75,81.0,24.75,81.0,0.7,482.12,29.78,47.01,0.7,485.5,29.78,47.01,0.7,485.5,24.75,81.0,0.7,482.12,13.0,100.0,0.7,482.12,13.58,100.0,0.7,482.12,14.41,100.0,0.7,482.12,25.98,59.8,0.18,0.0,484.37,2.0,898.44,24.14,66.54,0.1,0.0,485.1,3.0,385.04,25.17,62.45,0.12,0.0,485.6,0.0,562.5,30.58,47.63,0.14,0.0,485.61,8.0,0.0,24.51,64.3,0.16,0.0,486.3,2.0,410.15,2476.09,518.06,602.6
187,19,1,22.8,87.0,22.8,87.0,0.7,477.89,29.38,48.31,0.7,483.41,29.38,48.31,0.7,483.41,22.8,87.0,0.7,477.89,13.0,100.0,0.7,477.89,13.58,100.0,0.7,477.89,14.41,100.0,0.7,477.89,25.46,61.62,0.18,0.0,482.11,2.0,898.44,23.84,67.62,0.1,0.0,482.43,3.0,385.04,24.8,63.78,0.12,0.0,483.66,0.0,574.21,28.79,51.52,0.14,0.0,482.5,8.0,0.0,24.4,64.92,0.16,0.0,484.81,2.0,404.3,2119.03,518.06,602.6
187,19,18,22.25,89.5,22.25,89.5,0.7,474.89,29.01,49.43,0.7,482.0,29.01,49.43,0.7,482.0,22.25,89.5,0.7,474.89,13.0,100.0,0.7,474.89,13.58,100.0,0.7,474.89,14.41,100.0,0.7,474.89,24.99,63.46,0.18,0.0,480.17,2.0,898.44,23.57,68.92,0.1,0.0,480.22,3.0,385.04,24.46,65.21,0.12,0.0,482.1,1.0,562.5,27.62,54.81,0.14,0.0,479.83,7.0,0.0,24.26,65.68,0.16,0.0,483.49,2.0,404.3,2018.96,518.06,602.6
187,19,33,21.7,92.0,21.7,92.0,0.7,473.91,28.75,50.37,0.7,480.19,28.75,50.37,0.7,480.19,21.7,92.0,0.7,473.91,13.0,100.0,0.7,473.91,13.58,100.0,0.7,473.91,14.41,100.0,0.7,473.91,24.68,64.64,0.18,0.0,478.62,2.0,1035.12,23.4,69.67,0.1,0.0,478.57,3.0,443.64,24.15,66.62,0.12,0.0,480.63,1.0,574.21,29.27,47.81,0.14,0.0,477.96,6.0,2414.16,24.08,66.67,0.16,0.0,482.23,2.0,404.29,1916.94,518.06,602.6
187,19,47,21.15,94.5,21.15,94.5,0.7,473.1,28.36,51.67,0.7,478.68,28.36,51.67,0.7,478.68,21.15,94.5,0.7,473.1,13.0,100.0,0.7,473.1,13.58,100.0,0.7,473.1,14.41,100.0,0.7,473.1,24.39,65.92,0.18,0.0,477.28,2.0,1035.24,23.22,70.61,0.1,0.0,477.19,3.0,443.64,23.85,67.96,0.12,0.0,479.2,0.0,562.5,26.98,59.08,0.14,0.0,476.45,5.0,0.0,23.89,67.57,0.16,0.0,481.07,2.0,404.3,1812.96,518.06,602.6
187,20,3,20.6,97.0,20.6,97.0,0.7,473.89,27.96,53.01,0.7,478.18,27.96,53.01,0.7,478.18,20.6,97.0,0.7,473.89,13.0,100.0,0.7,473.89,13.58,100.0,0.7,473.89,14.41,100.0,0.7,473.89,24.11,67.19,0.18,0.0,476.81,2.0,1035.24,23.04,71.6,0.1,0.0,476.86,3.0,443.64,23.58,69.18,0.12,0.0,478.51,0.0,574.22,26.0,60.57,0.14,0.0,476.53,6.0,0.0,23.71,68.45,0.16,0.0,480.41,2.0,404.29,1707.0,518.06,602.6
187,20,17,20.6,97.0,20.6,97.0,0.7,471.51,27.73,53.83,0.7,476.64,27.73,53.83,0.7,476.64,20.6,97.0,0.7,471.51,13.0,100.0,0.7,471.51,13.58,100.0,0.7,471.51,14.41,100.0,0.7,471.51,23.86,68.26,0.18,0.0,475.23,2.0,1035.12,22.86,72.41,0.1,0.0,475.18,3.0,443.64,23.34,70.27,0.12,0.0,477.0,0.0,574.22,27.93,51.85,0.14,0.0,474.71,6.0,2437.56,23.54,69.25,0.16,0.0,479.11,2.0,410.16,1707.61,518.06,602.6
187,20,31,20.6,97.0,20.6,97.0,0.7,472.11,27.18,55.66,0.7,475.92,27.18,55.66,0.7,475.92,20.6,97.0,0.7,472.11,13.0,100.0,0.7,472.11,13.58,100.0,0.7,472.11,14.41,100.0,0.7,472.11,23.65,69.11,0.18,0.0,474.71,2.0,839.76,22.71,73.08,0.1,0.0,474.79,3.0,359.93,23.12,71.26,0.12,0.0,476.25,0.0,574.22,25.07,67.14,0.14,0.0,474.4,5.0,0.0,23.37,70.02,0.16,0.0,478.35,2.0,404.29,1708.21,518.06,602.6
187,20,52,20.6,97.0,20.6,97.0,0.7,471.1,26.96,56.37,0.7,476.12,26.96,56.37,0.7,476.12,20.6,97.0,0.7,471.1,13.0,100.0,0.7,471.1,13.58,100.0,0.7,471.1,14.41,100.0,0.7,471.1,23.46,69.84,0.18,0.0,474.26,2.0,830.16,22.58,73.62,0.1,0.0,474.33,3.0,355.75,22.89,72.21,0.12,0.0,475.81,0.0,562.5,25.82,59.33,0.14,0.0,473.71,4.0,2437.56,23.2,70.72,0.16,0.0,477.95,2.0,404.29,1708.82,518.06,602.6
187,21,5,20.6,97.0,20.6,97.0,0.7,470.92,26.57,57.75,0.7,474.98,26.57,57.75,0.7,474.98,20.6,97.0,0.7,470.92,13.0,100.0,0.7,470.92,13.58,100.0,0.7,470.92,14.41,100.0,0.7,470.92,23.3,70.59,0.18,0.0,473.48,2.0,830.04,22.47,74.17,0.1,0.0,473.62,3.0,355.75,22.69,73.22,0.12,0.0,474.88,0.0,562.5,26.38,58.03,0.14,0.0,473.19,5.0,2449.2,23.04,71.53,0.16,0.0,477.04,2.0,404.29,1709.43,518.06,602.6
187,21,16,20.03,97.0,20.03,97.0,0.7,471.87,26.13,59.16,0.7,474.33,26.13,59.16,0.7,474.33,20.02,97.0,0.7,471.87,13.0,100.0,0.7,471.87,13.58,100.0,0.7,471.87,14.41,100.0,0.7,471.87,23.13,70.66,0.18,0.0,473.29,2.0,830.04,22.35,73.86,0.1,0.0,473.62,3.0,355.74,22.49,73.63,0.12,0.0,474.36,0.0,574.22,23.53,72.47,0.14,0.0,473.49,5.0,0.0,22.89,71.9,0.16,0.0,476.34,1.0,404.29,1590.35,518.06,602.6
187,21,37,19.45,97.0,19.45,97.0,0.7,471.9,25.91,59.94,0.7,474.5,25.91,59.94,0.7,474.5,19.45,97.0,0.7,471.9,13.0,100.0,0.7,471.9,13.58,100.0,0.7,471.9,14.41,100.0,0.7,471.9,22.93,70.79,0.18,0.0,473.11,0.0,732.48,22.2,73.66,0.1,0.0,473.64,3.0,313.88,22.27,74.01,0.12,0.0,474.27,0.0,550.78,24.49,62.09,0.14,0.0,473.53,5.0,2449.2,22.58,73.0,0.16,0.0,476.14,0.0,199.22,1470.93,518.06,602.6
187,21,47,18.88,97.0,18.88,97.0,0.7,471.88,25.4,60.83,0.7,473.78,25.4,60.83,0.7,473.78,18.88,97.0,0.7,471.88,13.0,100.0,0.7,471.88,13.58,100.0,0.7,471.88,14.41,100.0,0.7,471.88,22.74,70.25,0.18,0.0,472.71,0.0,742.2,22.06,72.7,0.1,0.0,473.45,3.0,318.07,22.08,73.87,0.12,0.0,473.71,0.0,562.5,22.34,74.02,0.14,0.0,473.08,3.0,0.0,22.3,73.48,0.16,0.0,475.41,0.0,199.22,1350.79,518.06,602.6
187,22,3,18.3,97.0,18.3,97.0,0.7,472.27,25.02,61.64,0.7,473.73,25.02,61.64,0.7,473.73,18.3,97.0,0.7,472.27,13.0,100.0,0.7,472.27,13.58,100.0,0.7,472.27,14.42,100.0,0.7,472.27,22.56,69.83,0.18,0.0,472.7,0.0,732.36,21.92,71.91,0.1,0.0,473.58,3.0,313.9,21.87,73.79,0.12,0.0,473.57,0.0,562.5,21.29,74.65,0.14,45.36,473.24,3.0,0.0,22.06,73.71,0.16,0.0,475.12,0.0,199.22,1229.54,518.06,602.6
187,22,22,18.88,95.25,18.88,95.25,0.7,471.47,24.82,62.07,0.7,473.63,24.82,62.07,0.7,473.63,18.87,95.25,0.7,471.47,13.0,100.0,0.7,471.47,13.58,100.0,0.7,471.47,14.42,100.0,0.7,471.47,22.4,69.92,0.18,0.0,472.41,0.0,732.48,21.8,71.92,0.1,0.0,473.27,3.0,313.88,21.69,74.01,0.12,0.0,473.29,0.0,550.79,21.11,74.3,0.14,428.25,472.85,3.0,0.0,21.84,74.09,0.16,0.0,474.82,0.0,199.22,1347.98,518.06,602.6
187,22,32,19.45,93.5,19.45,93.5,0.7,471.28,24.48,62.04,0.7,472.98,24.48,62.04,0.7,472.98,19.45,93.5,0.7,471.28,13.0,100.0,0.7,471.28,13.58,100.0,0.7,471.28,14.42,100.0,0.7,471.28,22.2,70.46,0.18,0.0,472.02,0.0,654.36,21.64,72.43,0.1,0.0,472.98,3.0,280.43,21.55,74.11,0.12,0.0,472.81,0.0,562.5,22.94,64.41,0.14,0.0,472.5,3.0,2414.04,21.64,74.61,0.16,0.0,474.2,0.0,205.08,1464.18,518.06,602.6
187,22,48,20.03,91.75,20.03,91.75,0.7,469.33,24.28,62.47,0.7,472.04,24.28,62.47,0.7,472.04,20.02,91.75,0.7,469.33,13.0,100.0,0.7,469.33,13.58,100.0,0.7,469.33,14.42,100.0,0.7,469.33,22.04,71.02,0.18,0.0,471.05,0.0,654.36,21.5,73.02,0.1,0.0,471.69,2.0,280.42,21.43,74.45,0.12,0.0,471.99,0.0,562.5,23.9,61.82,0.14,0.0,470.8,1.0,2402.28,21.45,75.22,0.16,0.0,473.42,0.0,199.21,1578.27,518.06,602.6
187,23,2,20.6,90.0,20.6,90.0,0.7,470.69,23.94,63.56,0.7,471.97,23.94,63.56,0.7,471.97,20.6,90.0,0.7,470.69,13.0,100.0,0.7,470.69,13.58,100.0,0.7,470.69,14.41,100.0,0.7,470.69,21.92,71.56,0.18,0.0,471.21,0.0,644.64,21.39,73.64,0.1,0.0,471.94,2.0,276.24,21.33,74.82,0.12,0.0,471.95,0.0,550.78,21.66,74.71,0.14,285.85,471.23,1.0,35.16,21.29,75.76,0.16,0.0,473.22,0.0,199.21,1690.4,518.06,602.6
187,23,22,20.73,91.75,20.73,91.75,0.7,469.28,23.79,64.14,0.7,471.88,23.79,64.14,0.7,471.88,20.73,91.75,0.7,469.28,13.0,100.0,0.7,469.28,13.58,100.0,0.7,469.28,14.41,100.0,0.7,469.28,21.81,72.55,0.18,0.0,470.75,0.0,654.36,21.29,74.82,0.1,0.0,471.05,0.0,280.42,21.23,75.56,0.12,0.0,471.58,0.0,562.5,21.14,75.66,0.14,630.81,470.58,1.0,0.0,21.14,76.55,0.16,0.0,472.88,0.0,199.21,1719.53,518.06,602.6
187,23,37,20.85,93.5,20.85,93.5,0.7,469.7,23.43,65.65,0.7,471.0,23.43,65.65,0.7,471.0,20.85,93.5,0.7,469.7,13.0,100.0,0.7,469.7,13.58,100.0,0.7,469.7,14.41,100.0,0.7,469.7,21.41,75.89,0.18,0.0,470.21,0.0,468.84,21.11,77.0,0.1,253.06,470.23,0.0,200.9,21.14,76.71,0.12,0.0,470.9,0.0,562.5,21.1,77.35,0.14,775.53,470.11,1.0,0.0,21.1,77.03,0.16,250.4,472.04,0.0,199.22,1749.16,518.06,602.6
187,23,46,20.98,95.25,20.98,95.25,0.7,469.11,23.35,67.28,0.7,470.36,23.35,67.28,0.7,470.36,20.97,95.25,0.7,469.11,13.0,100.0,0.7,469.11,13.58,100.0,0.7,469.11,14.41,100.0,0.7,469.11,21.14,78.26,0.18,187.17,469.82,0.0,478.44,21.1,78.63,0.1,332.74,469.76,0.0,205.08,21.1,77.87,0.12,111.78,470.48,0.0,550.78,23.51,65.8,0.14,0.0,469.71,1.0,2402.4,21.1,77.82,0.16,446.16,471.54,0.0,199.22,1779.33,518.06,602.6
187,24,3,21.1,97.0,21.1,97.0,0.7,468.49,23.1,68.78,0.7,470.07,23.1,68.78,0.7,470.07,21.1,97.0,0.7,468.49,13.0,100.0,0.7,468.49,13.58,100.0,0.7,468.49,14.41,100.0,0.7,468.49,21.1,79.57,0.18,444.79,469.44,0.0,478.44,21.1,80.1,0.1,404.46,469.32,0.0,205.08,21.1,78.9,0.12,154.91,470.11,0.0,562.5,24.27,66.06,0.14,0.0,469.25,1.0,2437.44,21.1,78.61,0.16,535.2,471.16,0.0,199.22,1810.08,518.06,602.6
188,0,15,21.1,96.0,21.1,96.0,0.7,468.9,23.12,69.12,0.7,469.89,23.12,69.12,0.7,469.89,21.1,96.0,0.7,468.9,13.0,100.0,0.7,468.9,13.58,100.0,0.7,468.9,14.41,100.0,0.7,468.9,21.1,79.95,0.18,574.86,469.37,0.0,468.84,21.1,80.42,0.1,460.92,469.26,0.0,200.89,21.1,79.29,0.12,208.89,469.98,0.0,550.78,24.47,66.03,0.14,0.0,469.27,1.0,2425.8,21.1,78.94,0.16,621.66,470.97,0.0,199.22,1807.11,518.06,602.6
188,0,30,21.1,95.0,21.1,95.0,0.7,468.11,22.98,70.25,0.7,469.8,22.98,70.25,0.7,469.8,21.1,95.0,0.7,468.11,13.0,100.0,0.7,468.11,13.58,100.0,0.7,468.11,14.41,100.0,0.7,468.11,21.1,80.51,0.18,709.79,468.95,0.0,439.44,21.1,80.82,0.1,511.89,468.81,0.0,188.35,21.1,79.93,0.12,236.23,469.49,0.0,562.5,24.59,65.65,0.14,0.0,468.9,1.0,2449.2,21.1,79.54,0.16,681.08,470.36,0.0,205.08,1804.19,518.06,602.6
188,0,45,21.1,94.0,21.1,94.0,0.7,469.66,22.86,71.54,0.7,469.34,22.86,71.54,0.7,469.34,21.1,94.0,0.7,469.66,13.0,100.0,0.7,469.66,13.58,100.0,0.7,469.66,14.41,100.0,0.7,469.66,21.1,80.46,0.18,768.31,468.97,0.0,449.28,21.1,80.56,0.1,535.88,468.91,0.0,192.53,21.1,80.12,0.12,262.94,469.32,0.0,562.5,24.62,65.06,0.14,0.0,469.18,1.0,2367.24,21.1,79.81,0.16,739.09,470.02,0.0,199.21,1801.34,518.06,602.6
188,1,3,21.1,93.0,21.1,93.0,0.7,467.9,22.75,72.47,0.7,468.91,22.75,72.47,0.7,468.91,21.1,93.0,0.7,467.9,13.0,100.0,0.7,467.9,13.58,100.0,0.7,467.9,14.41,100.0,0.7,467.9,21.1,79.87,0.18,822.0,468.53,0.0,439.44,21.1,79.77,0.1,560.67,468.4,0.0,188.35,21.1,79.84,0.12,283.07,468.91,0.0,562.5,23.05,72.52,0.14,0.0,468.57,1.0,0.0,21.1,79.7,0.16,778.4,469.56,0.0,199.21,1798.54,518.06,602.6
188,1,17,20.98,94.75,20.98,94.75,0.7,467.5,22.43,73.77,0.7,468.58,22.43,73.77,0.7,468.58,20.98,94.75,0.7,467.5,13.0,100.0,0.7,467.5,13.58,100.0,0.7,467.5,14.41,100.0,0.7,467.5,21.1,80.08,0.18,848.85,468.22,0.0,439.44,21.1,80.03,0.1,574.92,468.06,0.0,188.35,21.1,80.02,0.12,293.8,468.62,0.0,562.5,21.52,79.69,0.14,0.0,468.2,1.0,0.0,21.1,79.88,0.16,806.31,469.26,0.0,199.21,1777.95,518.06,602.6
188,1,37,20.85,96.5,20.85,96.5,0.7,466.31,22.32,74.26,0.7,468.49,22.32,74.26,0.7,468.49,20.85,96.5,0.7,466.31,13.0,100.0,0.7,466.31,13.58,100.0,0.7,466.31,14.41,100.0,0.7,466.31,21.1,80.42,0.18,836.83,467.76,0.0,488.28,21.1,80.44,0.1,568.05,467.53,0.0,209.27,21.1,80.29,0.12,320.54,468.26,0.0,562.5,21.13,80.43,0.14,584.09,467.55,1.0,0.0,21.1,80.11,0.16,865.97,468.96,0.0,199.21,1757.15,518.06,602.6
188,1,45,20.73,98.25,20.73,98.25,0.7,467.48,22.25,74.6,0.7,468.04,22.25,74.6,0.7,468.04,20.73,98.25,0.7,467.48,13.0,100.0,0.7,467.48,13.58,100.0,0.7,467.48,14.41,100.0,0.7,467.48,21.1,80.88,0.18,871.67,467.68,0.0,488.28,21.1,80.97,0.1,578.52,467.5,0.0,209.27,21.1,80.67,0.12,349.47,468.12,0.0,562.5,21.1,81.1,0.14,775.18,467.61,1.0,0.0,21.1,80.44,0.16,923.64,468.77,0.0,199.21,1736.14,518.06,602.6
188,2,1,20.6,100.0,20.6,100.0,0.7,466.32,22.36,75.05,0.7,467.41,22.36,75.05,0.7,467.41,20.6,100.0,0.7,466.32,13.0,100.0,0.7,466.32,13.58,100.0,0.7,466.32,14.41,100.0,0.7,466.32,21.1,81.86,0.18,897.76,467.11,0.0,488.28,21.1,82.07,0.1,586.62,466.9,0.0,209.27,21.1,81.48,0.12,371.04,467.57,0.0,562.5,23.53,68.32,0.14,0.0,466.8,0.0,2460.96,21.1,81.14,0.16,967.34,468.21,0.0,199.21,1714.92,518.06,602.6
188,2,17,20.73,100.0,20.73,100.0,0.7,465.9,22.53,74.67,0.7,467.09,22.53,74.67,0.7,467.09,20.73,100.0,0.7,465.9,13.0,100.0,0.7,465.9,13.58,100.0,0.7,465.9,14.41,100.0,0.7,465.9,21.1,82.37,0.18,887.85,466.76,0.0,488.28,21.1,82.61,0.1,586.04,466.54,0.0,209.27,21.1,81.94,0.12,359.68,467.25,0.0,562.5,24.95,64.11,0.14,0.0,466.37,0.0,2425.8,21.1,81.54,0.16,964.6,467.9,0.0,199.22,1741.01,518.06,602.6
188,2,31,20.85,100.0,20.85,100.0,0.7,466.29,22.06,77.39,0.7,466.98,22.06,77.39,0.7,466.98,20.85,100.0,0.7,466.29,13.0,100.0,0.7,466.29,13.58,100.0,0.7,466.29,14.41,100.0,0.7,466.29,21.1,82.87,0.18,934.69,466.72,0.0,429.72,21.1,83.12,0.1,612.54,466.55,0.0,184.14,21.1,82.4,0.12,339.09,467.14,0.0,562.5,22.51,79.71,0.14,0.0,466.44,0.0,0.0,21.1,81.96,0.16,868.29,467.74,0.0,199.22,1767.12,518.06,602.6
188,2,48,20.98,100.0,20.98,100.0,0.7,466.69,21.94,78.3,0.7,467.03,21.94,78.3,0.7,467.03,20.98,100.0,0.7,466.69,13.0,100.0,0.7,466.69,13.58,100.0,0.7,466.69,14.41,100.0,0.7,466.69,21.1,83.34,0.18,920.77,466.8,0.0,439.44,21.1,83.6,0.1,609.43,466.68,0.0,188.33,21.1,82.84,0.12,336.41,467.14,0.0,562.5,21.25,83.88,0.14,273.74,466.64,0.0,0.0,21.1,82.37,0.16,881.7,467.67,0.0,199.22,1793.24,518.06,602.6
188,3,0,21.1,100.0,21.1,100.0,0.7,465.5,21.94,78.46,0.7,467.01,21.94,78.46,0.7,467.01,21.1,100.0,0.7,465.5,13.0,100.0,0.7,465.5,13.57,100.0,0.7,465.5,14.41,100.0,0.7,465.5,21.1,83.64,0.18,924.7,466.51,0.0,439.44,21.1,83.9,0.1,609.33,466.36,0.0,188.33,21.1,83.14,0.12,339.59,466.89,0.0,562.5,21.1,84.17,0.14,750.92,466.24,0.0,0.0,21.1,82.65,0.16,906.01,467.44,0.0,199.21,1819.39,518.06,602.6
188,3,15,21.1,100.0,21.1,100.0,0.7,465.68,21.87,79.04,0.7,466.71,21.87,79.04,0.7,466.71,21.1,100.0,0.7,465.68,13.0,100.0,0.7,465.68,13.57,100.0,0.7,465.68,14.41,100.0,0.7,465.68,21.1,84.17,0.18,952.85,466.16,0.0,429.72,21.1,84.38,0.1,616.79,466.01,0.0,184.16,21.1,83.72,0.12,356.52,466.52,0.0,562.5,21.1,84.56,0.14,796.4,465.88,0.0,35.16,21.1,83.23,0.16,935.91,467.03,0.0,199.21,1819.05,518.06,602.6
188,3,33,21.1,100.0,21.1,100.0,0.7,465.89,21.8,80.4,0.7,466.27,21.8,80.4,0.7,466.27,21.1,100.0,0.7,465.89,13.0,100.0,0.7,465.89,13.57,100.0,0.7,465.89,14.41,100.0,0.7,465.89,21.1,84.46,0.18,924.44,466.07,0.0,468.72,21.1,84.59,0.1,600.63,465.97,0.0,200.9,21.1,84.1,0.12,372.09,466.36,0.0,562.5,22.57,75.52,0.14,0.0,465.9,0.0,2402.28,21.1,83.66,0.16,1039.37,466.81,0.0,205.08,1818.71,518.06,602.6
188,3,48,21.1,100.0,21.1,100.0,0.7,464.71,21.73,80.93,0.7,465.87,21.73,80.93,0.7,465.87,21.1,100.0,0.7,464.71,13.0,100.0,0.7,464.71,13.57,100.0,0.7,464.71,14.41,100.0,0.7,464.71,21.1,84.53,0.18,921.67,465.56,0.0,478.56,21.1,84.63,0.1,597.23,465.38,0.0,205.08,21.1,84.23,0.12,381.62,465.95,0.0,562.5,21.3,84.68,0.14,433.22,465.18,0.0,0.0,21.1,83.83,0.16,1070.21,466.45,0.0,199.22,1818.38,518.06,602.6
188,4,0,21.1,100.0,21.1,100.0,0.7,465.28,21.72,81.1,0.7,465.73,21.72,81.1,0.7,465.73,21.1,100.0,0.7,465.28,13.0,100.0,0.7,465.28,13.57,100.0,0.7,465.28,14.41,100.0,0.7,465.28,21.1,84.56,0.18,932.03,465.51,0.0,478.56,21.1,84.65,0.1,600.11,465.35,0.0,205.08,21.1,84.3,0.12,393.07,465.86,0.0,562.5,21.1,84.68,0.14,1220.36,465.2,0.0,0.0,21.1,83.92,0.16,1088.45,466.34,0.0,199.22,1818.04,518.06,602.6
188,4,15,20.98,98.25,20.98,98.25,0.7,464.91,21.66,81.46,0.7,465.68,21.66,81.46,0.7,465.68,20.97,98.25,0.7,464.91,13.0,100.0,0.7,464.91,13.58,100.0,0.7,464.91,14.41,100.0,0.7,464.91,21.1,84.18,0.18,959.32,465.27,0.0,468.72,21.1,84.13,0.1,608.88,465.15,0.0,200.88,21.1,84.11,0.12,411.01,465.58,0.0,562.5,21.1,84.0,0.14,1019.48,465.04,0.0,0.0,21.1,83.87,0.16,1106.8,466.02,0.0,199.22,1786.33,518.06,602.6
188,4,33,20.85,96.5,20.85,96.5,0.7,464.7,21.62,81.22,0.7,465.25,21.62,81.22,0.7,465.25,20.85,96.5,0.7,464.7,13.0,100.0,0.7,464.7,13.58,100.0,0.7,464.7,14.41,100.0,0.7,464.7,21.1,82.87,0.18,959.6,465.05,0.0,478.56,21.1,82.57,0.1,606.66,464.94,0.0,205.08,21.1,83.2,0.12,415.96,465.34,0.0,562.5,22.47,73.79,0.14,0.0,464.84,0.0,2425.68,21.1,83.27,0.16,1117.15,465.75,0.0,205.08,1755.27,518.06,602.6
188,4,48,20.73,94.75,20.73,94.75,0.7,466.38,21.58,80.87,0.7,465.67,21.58,80.87,0.7,465.67,20.73,94.75,0.7,466.38,13.0,100.0,0.7,466.38,13.58,100.0,0.7,466.38,14.41,100.0,0.7,466.38,21.1,81.67,0.18,909.99,465.65,0.0,478.56,21.1,81.19,0.1,567.85,465.69,0.0,205.08,21.1,82.3,0.12,297.29,465.73,0.0,562.5,21.27,80.55,0.14,533.09,465.81,0.0,0.0,21.1,82.61,0.16,1126.97,466.0,0.0,199.22,1724.8,518.06,602.6
188,5,0,20.6,93.0,20.6,93.0,0.7,466.68,21.56,80.62,0.7,465.78,21.56,80.62,0.7,465.78,20.6,93.0,0.7,466.68,13.0,100.0,0.7,466.68,13.58,100.0,0.7,466.68,14.41,100.0,0.7,466.68,21.1,80.73,0.18,851.28,465.92,0.0,478.44,21.1,80.16,0.1,509.69,466.0,0.0,205.08,21.1,81.54,0.12,142.45,465.92,0.0,550.78,21.1,79.43,0.14,1221.67,466.16,0.0,0.0,21.1,82.02,0.16,1124.66,466.12,0.0,205.08,1694.89,518.06,602.6
188,5,15,20.6,92.25,20.6,92.25,0.7,465.9,21.53,80.23,0.7,466.03,21.53,80.23,0.7,466.03,20.6,92.25,0.7,465.9,13.0,100.0,0.7,465.9,13.58,100.0,0.7,465.9,14.41,100.0,0.7,465.9,21.1,79.15,0.18,781.71,466.1,0.0,478.56,21.1,78.53,0.1,457.57,466.17,0.0,205.08,21.1,80.17,0.12,13.23,466.05,0.0,562.5,21.1,77.83,0.14,972.06,466.28,0.0,0.0,21.1,80.89,0.16,1127.97,466.17,0.0,199.21,1693.16,518.06,602.6
188,5,30,20.6,91.5,20.6,91.5,0.7,468.06,21.51,79.32,0.7,466.15,21.51,79.32,0.7,466.15,20.6,91.5,0.7,468.06,13.0,100.0,0.7,468.06,13.58,100.0,0.7,468.06,14.41,100.0,0.7,468.06,21.1,77.89,0.18,738.49,466.6,0.0,439.44,21.1,77.34,0.1,417.95,466.73,0.0,188.35,21.14,78.76,0.12,0.0,466.43,0.0,550.78,21.1,76.79,0.14,1003.55,466.9,0.0,0.0,21.1,79.82,0.16,1117.84,466.43,0.0,205.08,1691.46,518.06,602.6
188,5,48,20.6,90.75,20.6,90.75,0.7,466.31,21.56,76.2,0.7,466.46,21.56,76.2,0.7,466.46,20.6,90.75,0.7,466.31,13.0,100.0,0.7,466.31,13.58,100.0,0.7,466.31,14.41,100.0,0.7,466.31,21.1,76.88,0.18,658.38,466.45,0.0,449.28,21.1,76.4,0.1,376.04,466.49,0.0,192.54,21.2,77.32,0.12,0.0,466.37,0.0,550.78,22.56,67.79,0.14,0.0,466.51,0.0,2414.04,21.1,78.84,0.16,1113.5,466.38,0.0,199.22,1689.8,518.06,602.6
188,6,3,20.6,90.0,20.6,90.0,0.7,466.49,21.56,75.59,0.7,466.49,21.56,75.59,0.7,466.49,20.6,90.0,0.7,466.49,13.0,100.0,0.7,466.49,13.58,100.0,0.7,466.49,14.41,100.0,0.7,466.49,21.1,76.29,0.18,578.29,466.5,0.0,439.44,21.1,75.83,0.1,336.66,466.54,0.0,188.33,21.28,76.34,0.12,0.0,466.42,0.0,550.78,21.31,75.41,0.14,355.95,466.56,0.0,0.0,21.1,78.28,0.16,1088.74,466.42,0.0,205.08,1688.16,518.06,602.6
188,6,15,20.73,88.5,20.73,88.5,0.7,465.9,21.54,75.42,0.7,466.49,21.54,75.42,0.7,466.49,20.73,88.5,0.7,465.9,13.0,100.0,0.7,465.9,13.58,100.0,0.7,465.9,14.42,100.0,0.7,465.9,21.1,75.85,0.18,486.28,466.37,0.0,439.44,21.1,75.39,0.1,295.97,466.38,0.0,188.33,21.37,75.59,0.12,0.0,466.33,0.0,550.78,21.1,74.95,0.14,1058.16,466.36,0.0,0.0,21.1,77.85,0.16,1074.43,466.35,0.0,199.22,1709.55,518.06,602.6
188,6,30,20.85,87.0,20.85,87.0,0.7,466.09,21.53,75.14,0.7,466.36,21.53,75.14,0.7,466.36,20.85,87.0,0.7,466.09,13.0,100.0,0.7,466.09,13.58,100.0,0.7,466.09,14.42,100.0,0.7,466.09,21.1,74.93,0.18,373.17,466.24,0.0,449.28,21.1,74.5,0.1,246.1,466.22,0.0,192.53,21.47,74.22,0.12,0.0,466.25,0.0,562.5,21.1,74.08,0.14,793.73,466.17,0.0,0.0,21.1,76.93,0.16,1251.72,466.29,0.0,0.0,1730.76,518.06,602.6
188,6,47,20.98,85.5,20.98,85.5,0.7,466.68,21.67,72.67,0.7,466.4,21.67,72.67,0.7,466.4,20.98,85.5,0.7,466.68,13.0,100.0,0.7,466.68,13.58,100.0,0.7,466.68,14.42,100.0,0.7,466.68,21.1,73.84,0.18,256.56,466.43,0.0,458.88,21.1,73.4,0.1,185.69,466.46,0.0,196.7,21.58,72.52,0.12,0.0,466.39,0.0,562.5,22.74,64.27,0.14,0.0,466.49,0.0,2402.4,21.1,75.9,0.16,1236.85,466.38,0.0,0.0,1751.78,518.06,602.6
188,7,3,21.1,84.0,21.1,84.0,0.7,466.29,21.77,71.77,0.7,466.32,21.77,71.77,0.7,466.32,21.1,84.0,0.7,466.29,13.0,100.0,0.7,466.29,13.58,100.0,0.7,466.29,14.42,100.0,0.7,466.29,21.1,73.13,0.18,138.35,466.32,0.0,459.0,21.1,72.65,0.1,124.88,466.32,0.0,196.72,21.71,71.22,0.12,0.0,466.31,0.0,562.5,23.73,60.67,0.14,0.0,466.31,0.0,2390.64,21.1,75.26,0.16,1208.44,466.33,0.0,0.0,1772.62,518.06,602.6
188,7,20,21.25,82.75,21.25,82.75,0.7,466.7,21.96,70.4,0.7,466.42,21.96,70.4,0.7,466.42,21.25,82.75,0.7,466.7,13.0,100.0,0.7,466.7,13.58,100.0,0.7,466.7,14.42,100.0,0.7,466.7,21.1,72.47,0.18,14.02,466.47,0.0,459.0,21.1,72.0,0.1,63.04,466.5,0.0,196.72,21.87,69.93,0.12,0.0,466.42,0.0,562.5,22.72,66.29,0.14,0.0,466.55,0.0,0.0,21.1,74.64,0.16,1166.23,466.41,0.0,0.0,1798.97,518.06,602.6
188,7,33,21.4,81.5,21.4,81.5,0.7,466.11,21.85,69.9,0.7,466.31,21.85,69.9,0.7,466.31,21.4,81.5,0.7,466.11,13.0,100.0,0.7,466.11,13.58,100.0,0.7,466.11,14.42,100.0,0.7,466.11,21.16,71.41,0.18,0.0,466.29,0.0,459.0,21.1,71.28,0.1,0.0,466.27,0.0,196.72,22.03,68.51,0.12,0.0,466.3,0.0,574.22,21.55,70.15,0.14,0.0,466.24,0.0,0.0,21.1,73.93,0.16,860.21,466.31,0.0,199.22,1825.08,518.06,602.6
188,7,52,21.55,80.25,21.55,80.25,0.7,466.3,21.88,69.63,0.7,466.34,21.88,69.63,0.7,466.34,21.55,80.25,0.7,466.3,13.0,100.0,0.7,466.3,13.58,100.0,0.7,466.3,14.42,100.0,0.7,466.3,21.28,70.27,0.18,0.0,466.32,0.0,468.72,21.47,68.75,0.1,0.0,466.31,0.0,200.9,22.4,66.34,0.12,0.0,466.32,0.0,585.94,21.13,70.25,0.14,265.19,466.3,0.0,0.0,21.1,73.4,0.16,746.94,466.33,0.0,205.08,1850.97,518.06,602.6
188,8,2,21.7,79.0,21.7,79.0,0.7,467.7,22.21,67.01,0.7,466.83,22.21,67.01,0.7,466.83,21.7,79.0,0.7,467.7,13.0,100.0,0.7,467.7,13.58,100.0,0.7,467.7,14.42,100.0,0.7,467.7,21.46,68.68,0.18,0.0,466.91,0.0,468.72,22.12,65.01,0.1,0.0,467.02,0.0,200.89,22.87,63.55,0.12,0.0,466.75,0.0,574.22,23.28,58.8,0.14,0.0,467.19,0.0,2402.4,21.1,72.6,0.16,687.25,466.65,0.0,199.21,1876.64,518.06,602.6
188,8,18,22.1,75.25,22.1,75.25,0.7,469.46,22.31,66.15,0.7,467.46,22.31,66.15,0.7,467.46,22.1,75.25,0.7,469.46,13.0,100.0,0.7,469.46,13.58,100.0,0.7,469.46,14.42,100.0,0.7,469.46,21.68,66.51,0.18,0.0,467.77,0.0,468.72,22.9,60.68,0.1,0.0,468.03,0.0,200.88,23.36,60.78,0.12,0.0,467.4,0.0,574.22,21.72,67.96,0.14,180.09,468.4,0.0,0.0,21.1,71.69,0.16,591.66,467.14,0.0,199.21,1942.96,518.06,602.6
188,8,33,22.5,71.5,22.5,71.5,0.7,471.29,22.44,64.28,0.7,468.85,22.44,64.28,0.7,468.85,22.5,71.5,0.7,471.29,13.0,100.0,0.7,471.29,13.58,100.0,0.7,471.29,14.42,98.32,0.7,471.29,21.94,63.67,0.18,0.0,469.26,0.0,468.84,23.85,55.6,0.1,0.0,469.69,0.0,200.9,23.85,57.64,0.12,0.0,468.72,1.0,539.06,21.13,65.91,0.14,24.07,470.2,0.0,0.0,21.1,70.08,0.16,355.86,468.12,0.0,404.29,2007.64,518.06,602.6
188,8,50,22.9,67.75,22.9,67.75,0.7,474.45,22.6,62.77,0.7,469.84,22.6,62.77,0.7,469.84,22.9,67.75,0.7,474.45,13.0,100.0,0.7,474.45,13.58,100.0,0.7,474.45,14.42,94.8,0.7,474.45,22.15,61.34,0.18,0.0,470.78,0.0,468.72,24.48,52.33,0.1,0.0,471.45,0.0,200.89,24.14,55.59,0.12,0.0,469.93,1.0,550.78,21.1,64.0,0.14,76.61,472.27,0.0,0.0,21.1,68.79,0.16,247.71,469.03,0.0,404.29,2070.71,518.06,602.6
188,9,7,23.3,64.0,23.3,64.0,0.7,472.92,22.73,61.51,0.7,469.91,22.73,61.51,0.7,469.91,23.3,64.0,0.7,472.92,13.0,99.95,0.7,472.92,13.58,96.24,0.7,472.92,14.42,91.12,0.7,472.92,22.35,59.1,0.18,0.0,470.74,0.0,468.84,24.93,49.72,0.1,0.0,471.3,0.0,200.9,24.32,53.92,0.12,0.0,470.02,1.0,539.06,21.1,62.05,0.14,53.97,471.92,0.0,35.16,21.1,67.45,0.16,139.75,469.14,0.0,404.3,2132.21,518.06,602.6
188,9,16,23.3,64.0,23.3,64.0,0.7,476.88,23.09,57.44,0.7,472.63,23.09,57.44,0.7,472.63,23.3,64.0,0.7,476.88,13.0,99.94,0.7,476.88,13.58,96.24,0.7,476.88,14.42,91.12,0.7,476.88,22.5,57.25,0.18,0.0,473.14,0.0,468.72,25.21,47.91,0.1,0.0,473.97,0.0,200.89,24.39,52.54,0.12,0.0,472.03,1.0,539.06,23.53,50.54,0.14,0.0,474.92,0.0,2437.56,21.1,66.07,0.16,33.59,470.86,2.0,404.29,2132.51,518.06,602.6
188,9,33,23.3,64.0,23.3,64.0,0.7,478.29,23.3,56.12,0.7,473.62,23.3,56.12,0.7,473.62,23.3,64.0,0.7,478.29,13.0,99.94,0.7,478.29,13.58,96.23,0.7,478.29,14.42,91.11,0.7,478.29,22.65,56.16,0.18,0.0,474.4,0.0,468.84,25.42,46.98,0.1,0.0,475.33,0.0,200.9,24.48,51.64,0.12,0.0,473.13,1.0,609.37,22.04,59.49,0.14,0.0,477.1,4.0,0.0,21.18,64.85,0.16,0.0,471.81,2.0,398.44,2132.82,518.06,602.6
188,9,50,23.3,64.0,23.3,64.0,0.7,479.49,23.47,54.92,0.7,474.55,23.47,54.92,0.7,474.55,23.3,64.0,0.7,479.49,13.0,99.94,0.7,479.49,13.58,96.23,0.7,479.49,14.42,91.11,0.7,479.49,22.8,55.2,0.18,0.0,475.57,0.0,478.44,25.7,45.82,0.1,0.0,476.55,0.0,205.08,24.54,50.96,0.12,0.0,474.2,1.0,609.37,21.51,59.09,0.14,0.0,478.66,5.0,0.0,21.28,63.72,0.16,0.0,472.63,0.0,404.3,2133.13,518.06,602.6
188,10,7,23.3,64.0,23.3,64.0,0.7,484.46,23.61,54.01,0.7,475.55,23.61,54.01,0.7,475.55,23.3,64.0,0.7,484.46,13.0,99.93,0.7,484.46,13.58,96.23,0.7,484.46,14.42,91.11,0.7,484.46,22.92,54.5,0.18,0.0,477.77,0.0,478.56,26.04,44.7,0.1,0.0,479.05,0.0,205.08,24.55,50.54,0.12,0.0,475.98,1.0,597.66,21.35,59.25,0.14,0.0,481.48,4.0,0.0,21.38,62.75,0.16,0.0,474.15,2.0,404.3,2133.44,518.06,602.6
188,10,22,24.28,59.0,24.28,59.0,0.7,488.85,23.78,52.75,0.7,479.9,23.78,52.75,0.7,479.9,24.28,59.0,0.7,488.85,13.0,96.05,0.7,488.85,13.58,92.48,0.7,488.85,14.42,87.56,0.7,488.85,23.1,52.8,0.18,0.0,482.38,0.0,478.44,26.37,43.01,0.1,0.0,483.91,0.0,205.08,24.61,49.27,0.12,0.0,480.25,3.0,609.37,21.33,57.98,0.14,0.0,486.68,4.0,0.0,21.48,61.08,0.16,0.0,477.73,2.0,404.3,2288.46,518.06,602.6
188,10,35,25.25,54.0,25.25,54.0,0.7,483.54,24.29,50.24,0.7,481.06,24.29,50.24,0.7,481.06,25.25,54.0,0.7,483.54,13.0,91.65,0.7,483.54,13.58,88.25,0.7,483.54,14.42,83.55,0.7,483.54,23.35,50.4,0.18,0.0,481.74,0.0,478.56,26.62,41.01,0.1,0.0,482.76,0.0,205.08,24.69,47.76,0.12,0.0,480.57,6.0,574.22,22.21,52.06,0.14,0.0,484.97,5.0,0.0,21.71,58.63,0.16,0.0,477.99,3.0,814.46,2436.16,518.06,602.6
188,10,52,26.22,49.0,26.22,49.0,0.7,488.68,24.43,49.21,0.7,481.7,24.43,49.21,0.7,481.7,26.23,49.0,0.7,488.68,13.0,86.71,0.7,488.68,13.58,83.48,0.7,488.68,14.42,79.03,0.7,488.68,23.67,47.89,0.18,0.0,483.26,0.0,468.72,26.71,39.49,0.1,0.0,484.51,0.0,200.89,24.82,46.16,0.12,0.0,482.04,7.0,574.21,22.15,51.25,0.14,0.0,487.12,5.0,0.0,21.92,56.69,0.16,0.0,479.07,3.0,814.46,2576.58,518.06,602.6
188,11,7,27.2,44.0,27.2,44.0,0.7,487.67,24.6,47.21,0.7,484.32,24.6,47.21,0.7,484.32,27.2,44.0,0.7,487.67,13.0,81.18,0.7,487.67,13.58,78.16,0.7,487.67,14.43,73.99,0.7,487.67,24.07,44.23,0.18,0.0,485.4,0.0,478.44,26.7,37.28,0.1,0.0,486.4,0.0,205.08,24.96,43.6,0.12,0.0,484.86,7.0,574.22,21.96,48.5,0.14,0.0,489.07,7.0,0.0,22.1,53.8,0.16,0.0,481.49,3.0,808.6,2709.8,518.06,602.6
188,11,22,27.62,42.0,27.62,42.0,0.7,490.43,24.82,44.53,0.7,486.37,24.82,44.53,0.7,486.37,27.62,42.0,0.7,490.43,13.0,78.91,0.7,490.43,13.58,75.97,0.7,490.43,14.43,71.92,0.7,490.43,24.48,41.12,0.18,0.0,487.38,0.0,468.72,26.59,35.79,0.1,0.0,488.23,0.0,200.89,25.1,41.33,0.12,0.0,487.42,8.0,574.22,21.93,46.35,0.14,0.0,491.03,7.0,0.0,22.24,51.18,0.16,0.0,483.76,3.0,814.45,2766.37,518.06,602.6
188,11,37,28.05,40.0,28.05,40.0,0.7,496.44,25.08,41.71,0.7,489.08,25.08,41.71,0.7,489.08,28.05,40.0,0.7,496.44,13.0,76.53,0.7,496.44,13.58,73.68,0.7,496.44,14.43,69.75,0.7,496.44,24.92,38.49,0.18,0.0,490.8,0.0,459.0,26.42,34.82,0.1,0.0,491.9,0.0,196.72,25.22,39.43,0.12,0.0,490.85,8.0,539.06,21.94,44.72,0.14,0.0,494.86,5.0,0.0,22.26,49.28,0.16,0.0,486.73,3.0,398.44,2821.64,518.06,602.6
188,11,46,28.47,38.0,28.47,38.0,0.7,500.07,25.61,37.84,0.7,493.56,25.61,37.84,0.7,493.56,28.47,38.0,0.7,500.07,13.0,74.04,0.7,500.07,13.58,71.29,0.7,500.07,14.43,67.48,0.7,500.07,25.35,36.18,0.18,0.0,494.16,0.0,468.72,26.22,34.1,0.1,0.0,495.53,0.0,200.89,25.34,37.87,0.12,0.0,493.34,3.0,550.79,24.47,35.66,0.14,0.0,498.51,4.0,2414.04,22.3,47.59,0.16,0.0,489.34,3.0,404.29,2875.64,518.06,602.6
188,12,1,28.9,36.0,28.9,36.0,0.7,494.32,26.28,35.32,0.7,492.84,26.28,35.32,0.7,492.84,28.9,36.0,0.7,494.32,13.0,71.44,0.7,494.32,13.58,68.78,0.7,494.32,14.43,65.1,0.7,494.32,25.81,34.18,0.18,0.0,493.08,0.0,468.84,26.0,33.53,0.1,0.0,493.88,0.0,200.89,25.47,36.57,0.12,0.0,492.85,3.0,550.79,26.67,30.3,0.14,0.0,496.08,5.0,2437.44,22.39,46.12,0.16,0.0,489.43,3.0,404.29,2928.37,518.06,602.6
188,12,17,28.47,38.5,28.47,38.5,0.7,492.11,26.77,33.86,0.7,492.23,26.77,33.86,0.7,492.23,28.48,38.5,0.7,492.11,13.0,75.0,0.7,492.11,13.58,72.21,0.7,492.11,14.43,68.35,0.7,492.11,26.26,33.44,0.18,0.0,492.42,0.0,468.72,25.77,34.37,0.1,0.0,492.88,0.0,200.9,25.59,36.18,0.12,0.0,492.67,4.0,539.06,28.31,28.57,0.14,0.0,494.23,3.0,2449.32,22.5,45.39,0.16,0.0,489.38,0.0,404.29,2877.76,518.06,602.6
188,12,33,28.05,41.0,28.05,41.0,0.7,494.23,27.05,33.11,0.7,492.88,27.05,33.11,0.7,492.88,28.05,41.0,0.7,494.23,13.0,78.42,0.7,494.23,13.58,75.5,0.7,494.23,14.43,71.47,0.7,494.23,26.76,32.87,0.18,0.0,493.23,0.0,605.52,25.6,35.36,0.1,0.0,493.74,0.0,259.49,25.72,36.02,0.12,0.0,493.43,4.0,574.21,26.86,33.68,0.14,0.0,495.35,4.0,0.0,22.68,44.74,0.16,0.0,490.2,1.0,597.66,2825.82,518.06,602.6
188,12,48,27.62,43.5,27.62,43.5,0.7,492.91,27.11,33.12,0.7,492.81,27.11,33.12,0.7,492.81,27.62,43.5,0.7,492.91,13.0,81.68,0.7,492.91,13.58,78.64,0.7,492.91,14.43,74.45,0.7,492.91,27.01,33.26,0.18,0.0,492.91,0.0,595.8,25.42,36.74,0.1,0.0,493.21,0.0,255.31,25.83,36.21,0.12,0.0,493.61,6.0,574.22,25.79,36.59,0.14,0.0,494.57,4.0,0.0,22.85,44.44,0.16,0.0,490.44,1.0,603.52,2772.53,518.06,602.6
188,13,3,27.2,46.0,27.2,46.0,0.7,490.34,27.12,33.41,0.7,492.09,27.12,33.41,0.7,492.09,27.2,46.0,0.7,490.34,13.0,84.81,0.7,490.34,13.58,81.66,0.7,490.34,14.42,77.3,0.7,490.34,27.07,34.1,0.18,0.0,491.86,0.0,605.52,25.25,38.24,0.1,0.0,491.89,0.0,259.49,25.87,36.75,0.12,0.0,493.06,6.0,574.22,24.86,39.94,0.14,0.0,492.88,4.0,0.0,22.99,44.44,0.16,0.0,490.17,1.0,603.52,2717.83,518.06,602.6
188,13,17,27.07,45.75,27.07,45.75,0.7,490.47,27.32,33.63,0.7,491.87,27.32,33.63,0.7,491.87,27.08,45.75,0.7,490.47,13.0,83.93,0.7,490.47,13.58,80.8,0.7,490.47,14.43,76.49,0.7,490.47,26.92,34.81,0.18,0.0,491.54,0.0,595.68,25.11,38.87,0.1,0.0,491.93,2.0,255.29,25.89,36.92,0.12,0.0,492.89,5.0,574.22,26.8,34.25,0.14,0.0,492.85,6.0,2437.44,23.11,44.25,0.16,0.0,490.32,2.0,603.52,2697.46,518.06,602.6
188,13,33,26.95,45.5,26.95,45.5,0.7,482.27,27.34,33.85,0.7,488.97,27.34,33.85,0.7,488.97,26.95,45.5,0.7,482.27,13.0,83.05,0.7,482.27,13.58,79.96,0.7,482.27,14.43,75.69,0.7,482.27,26.74,35.28,0.18,0.0,487.87,0.0,937.44,25.17,38.66,0.1,0.0,487.88,3.0,401.8,25.95,36.86,0.12,0.0,490.07,3.0,609.37,24.85,41.43,0.14,0.0,487.39,5.0,0.0,23.17,44.12,0.16,0.0,488.64,4.0,609.37,2677.15,518.06,602.6
188,13,48,26.82,45.25,26.82,45.25,0.7,483.7,27.42,33.83,0.7,488.53,27.42,33.83,0.7,488.53,26.83,45.25,0.7,483.7,13.0,82.18,0.7,483.7,13.58,79.12,0.7,483.7,14.43,74.9,0.7,483.7,26.53,35.7,0.18,0.0,487.31,0.0,927.72,25.14,38.73,0.1,0.0,487.52,3.0,397.58,25.95,36.88,0.12,0.0,489.73,5.0,609.37,26.53,34.47,0.14,0.0,487.5,7.0,2437.56,23.21,43.95,0.16,0.0,488.45,5.0,615.23,2656.9,518.06,602.6
188,14,3,26.7,45.0,26.7,45.0,0.7,483.31,27.56,33.58,0.7,487.51,27.56,33.58,0.7,487.51,26.7,45.0,0.7,483.31,13.0,81.31,0.7,483.31,13.58,78.28,0.7,483.31,14.43,74.11,0.7,483.31,26.33,36.0,0.18,0.0,486.29,0.0,937.44,25.05,38.76,0.1,0.0,486.37,2.0,401.78,25.9,36.94,0.12,0.0,488.77,4.0,597.66,27.5,32.95,0.14,0.0,486.83,8.0,2425.68,23.24,43.74,0.16,0.0,487.86,4.0,615.23,2636.69,518.06,602.6
188,14,18,26.7,44.75,26.7,44.75,0.7,482.28,27.71,33.18,0.7,486.07,27.71,33.18,0.7,486.07,26.7,44.75,0.7,482.28,13.0,80.86,0.7,482.28,13.58,77.85,0.7,482.28,14.43,73.7,0.7,482.28,26.11,36.31,0.18,0.0,485.01,5.0,927.72,24.92,38.85,0.1,0.0,484.47,1.0,397.62,25.83,36.99,0.12,0.0,487.33,6.0,609.37,25.84,38.09,0.14,0.0,485.71,9.0,0.0,23.26,43.51,0.16,0.0,486.69,3.0,609.37,2635.82,518.06,602.6
188,14,32,26.7,44.5,26.7,44.5,0.7,484.89,28.05,32.41,0.7,486.66,28.05,32.41,0.7,486.66,26.7,44.5,0.7,484.89,13.0,80.42,0.7,484.89,13.58,77.42,0.7,484.89,14.43,73.29,0.7,484.89,26.64,34.58,0.18,0.0,486.21,9.0,2041.08,25.45,37.06,0.1,0.0,485.55,2.0,874.73,25.71,37.17,0.12,0.0,487.7,6.0,550.79,28.1,30.74,0.14,0.0,486.93,8.0,2472.6,23.3,43.22,0.16,0.0,486.94,4.0,609.37,2634.95,518.06,602.6
188,14,48,26.7,44.25,26.7,44.25,0.7,486.08,28.15,32.15,0.7,487.13,28.15,32.15,0.7,487.13,26.7,44.25,0.7,486.08,13.0,79.97,0.7,486.08,13.58,77.0,0.7,486.08,14.43,72.89,0.7,486.08,26.98,33.92,0.18,0.0,486.85,9.0,2050.68,25.76,36.38,0.1,0.0,486.17,2.0,878.9,25.61,37.23,0.12,0.0,487.95,6.0,550.79,26.45,36.44,0.14,0.0,488.17,10.0,0.0,23.35,42.94,0.16,0.0,487.27,7.0,609.38,2634.09,518.06,602.6
188,15,2,26.7,44.0,26.7,44.0,0.7,488.72,28.28,31.74,0.7,488.41,28.28,31.74,0.7,488.41,26.7,44.0,0.7,488.72,13.0,79.53,0.7,488.72,13.58,76.57,0.7,488.72,14.43,72.48,0.7,488.72,27.13,33.54,0.18,0.0,488.31,9.0,2041.08,25.9,35.97,0.1,0.0,487.74,2.0,874.72,25.53,37.25,0.12,0.0,488.7,5.0,550.79,28.56,29.67,0.14,0.0,490.21,10.0,2449.2,23.39,42.65,0.16,0.0,488.16,10.0,609.37,2633.24,518.06,602.6
188,15,20,26.42,46.0,26.42,46.0,0.7,494.48,28.14,31.95,0.7,489.95,28.14,31.95,0.7,489.95,26.43,46.0,0.7,494.48,13.0,82.15,0.7,494.48,13.58,79.09,0.7,494.48,14.43,74.87,0.7,494.48,27.21,33.76,0.18,0.0,490.94,9.0,2041.08,25.97,36.31,0.1,0.0,490.76,2.0,874.74,25.44,37.68,0.12,0.0,490.61,6.0,550.79,28.96,30.5,0.14,0.0,493.79,9.0,2437.56,23.43,42.72,0.16,0.0,489.69,11.0,609.37,2597.86,518.06,602.6
188,15,32,26.15,48.0,26.15,48.0,0.7,496.46,28.12,32.26,0.7,492.92,28.12,32.26,0.7,492.92,26.15,48.0,0.7,496.46,13.0,84.7,0.7,496.46,13.58,81.55,0.7,496.46,14.42,77.2,0.7,496.46,27.2,34.42,0.18,0.0,493.48,10.0,2099.64,25.96,37.12,0.1,0.0,493.32,2.0,899.82,25.37,38.32,0.12,0.0,492.2,4.0,585.94,26.75,37.17,0.14,0.0,496.53,9.0,0.0,23.45,43.03,0.16,0.0,491.23,10.0,603.52,2561.88,518.06,602.6
188,15,48,25.88,50.0,25.88,50.0,0.7,486.35,28.18,32.44,0.7,490.54,28.18,32.44,0.7,490.54,25.87,50.0,0.7,486.35,13.0,87.17,0.7,486.35,13.58,83.93,0.7,486.35,14.42,79.46,0.7,486.35,27.12,35.3,0.18,0.0,490.38,10.0,2109.36,25.91,38.09,0.1,0.0,490.16,6.0,904.01,25.24,39.21,0.12,0.0,489.98,4.0,574.22,28.72,31.39,0.14,0.0,491.11,9.0,2472.6,23.47,43.45,0.16,0.0,489.86,11.0,609.37,2525.29,518.06,602.6
188,16,3,25.6,52.0,25.6,52.0,0.7,479.1,28.08,33.4,0.7,487.2,28.08,33.4,0.7,487.2,25.6,52.0,0.7,479.1,13.0,89.58,0.7,479.1,13.58,86.25,0.7,479.1,14.42,81.66,0.7,479.1,26.98,36.61,0.18,0.0,486.59,10.0,2109.36,25.81,39.47,0.1,0.0,485.87,6.0,904.01,25.09,40.5,0.12,0.0,486.93,3.0,585.94,26.89,39.17,0.14,0.0,485.09,8.0,0.0,23.49,44.25,0.16,0.0,487.99,10.0,609.38,2488.07,518.06,602.6
188,16,18,25.18,55.5,25.18,55.5,0.7,480.27,28.02,34.06,0.7,486.68,28.02,34.06,0.7,486.68,25.18,55.5,0.7,480.27,13.0,93.85,0.7,480.27,13.58,90.37,0.7,480.27,14.42,85.55,0.7,480.27,26.81,38.16,0.18,0.0,486.07,10.0,2099.52,25.69,41.14,0.1,0.0,485.45,6.0,899.82,24.92,41.99,0.12,0.0,486.45,4.0,574.22,28.63,33.8,0.14,0.0,484.92,9.0,2414.04,23.48,45.16,0.16,0.0,487.59,10.0,609.37,2430.47,518.06,602.6
188,16,33,24.75,59.0,24.75,59.0,0.7,479.86,28.02,35.04,0.7,485.5,28.02,35.04,0.7,485.5,24.75,59.0,0.7,479.86,13.0,97.94,0.7,479.86,13.58,94.3,0.7,479.86,14.42,89.29,0.7,479.86,26.47,40.4,0.18,0.0,485.07,10.0,1816.44,25.41,43.5,0.1,0.0,484.49,6.0,778.45,24.72,43.75,0.12,0.0,485.4,3.0,574.21,29.56,33.99,0.14,0.0,483.55,7.0,2460.96,23.47,46.31,0.16,0.0,486.84,9.0,603.52,2371.27,518.06,602.6
188,16,47,24.32,62.5,24.32,62.5,0.7,477.9,27.8,36.66,0.7,484.01,27.8,36.66,0.7,484.01,24.33,62.5,0.7,477.9,13.0,100.0,0.7,477.9,13.58,98.07,0.7,477.9,14.42,92.85,0.7,477.9,26.2,42.4,0.18,0.0,483.57,10.0,1816.44,25.19,45.63,0.1,0.0,482.9,6.0,778.45,24.55,45.53,0.12,0.0,484.14,4.0,585.94,27.54,41.62,0.14,0.0,481.75,7.0,0.0,23.44,47.6,0.16,0.0,485.62,6.0,609.37,2310.39,518.06,602.6
188,17,3,23.9,66.0,23.9,66.0,0.7,483.11,27.71,37.65,0.7,485.1,27.71,37.65,0.7,485.1,23.9,66.0,0.7,483.11,13.0,100.0,0.7,483.11,13.58,100.0,0.7,483.11,14.42,96.26,0.7,483.11,26.0,44.32,0.18,0.0,485.05,10.0,1816.44,25.02,47.69,0.1,0.0,484.87,6.0,778.45,24.38,47.36,0.12,0.0,484.9,3.0,574.21,28.95,37.37,0.14,0.0,484.79,9.0,2437.44,23.4,48.97,0.16,0.0,486.08,5.0,609.38,2247.79,518.06,602.6
188,17,17,23.75,67.25,23.75,67.25,0.7,486.91,27.5,39.61,0.7,486.56,27.5,39.61,0.7,486.56,23.75,67.25,0.7,486.91,13.0,100.0,0.7,486.91,13.58,100.0,0.7,486.91,14.42,97.45,0.7,486.91,25.83,45.9,0.18,0.0,486.66,9.0,1816.32,24.87,49.29,0.1,0.0,487.04,6.0,778.46,24.24,48.98,0.12,0.0,486.17,5.0,574.21,26.75,46.78,0.14,0.0,487.41,8.0,0.0,23.36,50.29,0.16,0.0,486.74,5.0,609.37,2225.21,518.06,602.6
188,17,33,23.6,68.5,23.6,68.5,0.7,482.52,27.27,40.89,0.7,485.51,27.27,40.89,0.7,485.51,23.6,68.5,0.7,482.52,13.0,100.0,0.7,482.52,13.58,100.0,0.7,482.52,14.42,98.62,0.7,482.52,25.61,47.46,0.18,0.0,485.34,9.0,1699.2,24.67,50.86,0.1,0.0,484.64,2.0,728.22,24.1,50.41,0.12,0.0,485.21,5.0,574.22,25.93,48.1,0.14,0.0,485.33,8.0,0.0,23.2,51.91,0.16,0.0,485.98,6.0,398.44,2202.41,518.06,602.6
188,17,47,23.45,69.75,23.45,69.75,0.7,487.49,27.2,42.32,0.7,487.02,27.2,42.32,0.7,487.02,23.45,69.75,0.7,487.49,13.0,100.0,0.7,487.49,13.58,100.0,0.7,487.49,14.42,99.78,0.7,487.49,25.42,48.88,0.18,0.0,487.3,9.0,1709.04,24.5,52.25,0.1,0.0,486.58,1.0,732.42,23.95,51.94,0.12,0.0,486.61,5.0,574.21,28.04,41.39,0.14,0.0,488.35,8.0,2449.2,23.06,53.38,0.16,0.0,486.9,6.0,404.3,2179.38,518.06,602.6
188,18,3,23.3,71.0,23.3,71.0,0.7,486.5,26.97,43.54,0.7,487.0,26.97,43.54,0.7,487.0,23.3,71.0,0.7,486.5,13.0,100.0,0.7,486.5,13.58,100.0,0.7,486.5,14.42,100.0,0.7,486.5,25.23,50.18,0.18,0.0,487.38,9.0,1708.92,24.33,53.52,0.1,0.0,486.21,0.0,732.42,23.79,53.33,0.12,0.0,486.7,5.0,574.22,26.07,50.84,0.14,0.0,488.07,7.0,0.0,22.94,54.66,0.16,0.0,486.85,5.0,404.29,2156.13,518.06,602.6
188,18,18,23.3,68.75,23.3,68.75,0.7,486.49,26.82,44.42,0.7,486.97,26.82,44.42,0.7,486.97,23.3,68.75,0.7,486.49,13.0,100.0,0.7,486.49,13.58,100.0,0.7,486.49,14.42,97.76,0.7,486.49,25.04,50.58,0.18,0.0,486.86,1.0,1699.2,24.16,53.63,0.1,0.0,486.7,2.0,728.24,23.62,54.01,0.12,0.0,486.83,4.0,574.21,27.85,41.67,0.14,0.0,487.69,4.0,2449.32,22.83,55.34,0.16,0.0,486.96,5.0,398.44,2149.18,518.06,602.6
188,18,33,23.3,66.5,23.3,66.5,0.7,485.71,26.69,44.97,0.7,486.69,26.69,44.97,0.7,486.69,23.3,66.5,0.7,485.71,13.0,100.0,0.7,485.71,13.58,99.91,0.7,485.71,14.42,94.6,0.7,485.71,24.75,50.97,0.18,0.0,486.51,1.0,1523.52,23.9,53.66,0.1,0.0,486.5,2.0,652.9,23.45,54.32,0.12,0.0,486.56,2.0,574.21,25.9,49.44,0.14,0.0,486.84,2.0,35.16,22.87,54.99,0.16,0.0,486.77,3.0,410.16,2142.67,518.06,602.6
188,18,47,23.3,64.25,23.3,64.25,0.7,478.07,26.25,45.81,0.7,483.77,26.25,45.81,0.7,483.77,23.3,64.25,0.7,478.07,13.0,100.0,0.7,478.07,13.58,96.58,0.7,478.07,14.42,91.44,0.7,478.07,24.51,50.71,0.18,0.0,483.01,0.0,1523.4,23.69,53.08,0.1,0.0,482.63,2.0,652.91,23.29,54.29,0.12,0.0,484.05,1.0,562.5,24.29,51.85,0.14,0.0,482.03,3.0,0.0,22.91,54.65,0.16,0.0,484.94,3.0,404.3,2136.56,518.06,602.6
188,19,3,23.3,62.0,23.3,62.0,0.7,475.47,26.05,46.02,0.7,482.36,26.05,46.02,0.7,482.36,23.3,62.0,0.7,475.47,13.0,96.83,0.7,475.47,13.58,93.23,0.7,475.47,14.42,88.27,0.7,475.47,24.3,50.26,0.18,0.0,481.02,0.0,1523.4,23.5,52.33,0.1,0.0,480.31,1.0,652.91,23.12,54.05,0.12,0.0,482.53,1.0,574.21,25.72,43.82,0.14,0.0,479.72,4.0,2460.96,22.89,54.27,0.16,0.0,483.64,1.0,410.15,2130.86,518.06,602.6
188,19,17,23.18,62.0,23.18,62.0,0.7,473.69,25.79,45.88,0.7,480.05,25.79,45.88,0.7,480.05,23.17,62.0,0.7,473.69,13.0,96.32,0.7,473.69,13.58,92.74,0.7,473.69,14.42,87.81,0.7,473.69,24.1,50.1,0.18,0.0,478.9,0.0,1523.52,23.33,52.02,0.1,0.0,478.09,1.0,652.9,22.95,54.04,0.12,0.0,480.7,0.0,562.5,23.46,53.42,0.14,0.0,477.47,4.0,0.0,22.85,54.09,0.16,0.0,482.19,1.0,404.3,2109.29,518.06,602.6
188,19,32,23.05,62.0,23.05,62.0,0.7,474.08,25.74,45.07,0.7,477.88,25.74,45.07,0.7,477.88,23.05,62.0,0.7,474.08,13.0,95.81,0.7,474.08,13.58,92.26,0.7,474.08,14.42,87.35,0.7,474.08,24.41,47.78,0.18,0.0,476.93,2.0,1796.88,23.62,49.81,0.1,0.0,476.17,1.0,770.1,22.75,53.87,0.12,0.0,478.51,0.0,574.22,22.12,54.86,0.14,0.0,475.87,3.0,0.0,22.75,53.93,0.16,0.0,480.23,1.0,398.44,2087.69,518.06,602.6
188,19,46,22.93,62.0,22.93,62.0,0.7,472.5,26.0,43.87,0.7,476.65,26.0,43.87,0.7,476.65,22.93,62.0,0.7,472.5,13.0,95.31,0.7,472.5,13.58,91.77,0.7,472.5,14.42,86.89,0.7,472.5,24.67,46.76,0.18,0.0,475.72,2.0,1796.88,23.84,48.85,0.1,0.0,474.91,1.0,770.1,22.59,53.96,0.12,0.0,477.3,0.0,562.5,24.93,43.58,0.14,0.0,474.76,4.0,2449.2,22.66,53.88,0.16,0.0,479.14,1.0,404.29,2066.03,518.06,602.6
188,20,7,22.8,62.0,22.8,62.0,0.7,471.71,26.03,43.81,0.7,477.12,26.03,43.81,0.7,477.12,22.8,62.0,0.7,471.71,13.0,94.81,0.7,471.71,13.58,91.29,0.7,471.71,14.42,86.43,0.7,471.71,24.84,46.11,0.18,0.0,475.45,2.0,1796.88,23.99,48.22,0.1,0.0,474.62,1.0,770.08,22.46,54.03,0.12,0.0,477.04,0.0,574.21,23.8,50.0,0.14,0.0,474.75,6.0,0.0,22.59,53.8,0.16,0.0,478.95,2.0,404.3,2044.33,518.06,602.6
188,20,20,22.8,61.5,22.8,61.5,0.7,471.51,25.95,43.58,0.7,475.87,25.95,43.58,0.7,475.87,22.8,61.5,0.7,471.51,13.0,94.05,0.7,471.51,13.58,90.56,0.7,471.51,14.42,85.74,0.7,471.51,24.94,45.43,0.18,0.0,474.47,2.0,1796.88,24.08,47.57,0.1,0.0,473.68,1.0,770.09,22.35,53.92,0.12,0.0,475.95,0.0,562.5,23.32,49.84,0.14,0.0,474.11,6.0,0.0,22.55,53.56,0.16,0.0,477.94,2.0,398.44,2043.28,518.06,602.6
188,20,33,22.8,61.0,22.8,61.0,0.7,471.1,25.77,43.59,0.7,474.83,25.77,43.59,0.7,474.83,22.8,61.0,0.7,471.1,13.0,93.29,0.7,471.1,13.58,89.83,0.7,471.1,14.42,85.05,0.7,471.1,25.05,44.75,0.18,0.0,473.65,2.0,1718.76,24.17,46.92,0.1,0.0,472.93,1.0,736.61,22.25,53.78,0.12,0.0,475.01,0.0,562.5,24.81,43.82,0.14,0.0,473.75,7.0,2402.4,22.51,53.31,0.16,0.0,477.03,2.0,398.44,2042.25,518.06,602.6
188,20,48,22.8,60.5,22.8,60.5,0.7,472.47,25.74,43.38,0.7,474.71,25.74,43.38,0.7,474.71,22.8,60.5,0.7,472.47,13.0,92.54,0.7,472.47,13.58,89.1,0.7,472.47,14.42,84.36,0.7,472.47,25.15,44.16,0.18,0.0,473.68,1.0,1728.6,24.25,46.32,0.1,0.0,473.25,1.0,740.8,22.17,53.66,0.12,0.0,474.84,0.0,562.5,25.52,42.31,0.14,0.0,473.86,4.0,2425.8,22.48,53.07,0.16,0.0,476.63,0.0,404.3,2041.24,518.06,602.6
188,21,1,22.8,60.0,22.8,60.0,0.7,458.3,25.51,43.52,0.7,469.02,25.51,43.52,0.7,469.02,22.8,60.0,0.7,458.3,13.0,91.78,0.7,458.3,13.58,88.37,0.7,458.3,14.42,83.66,0.7,458.3,25.21,43.65,0.18,0.0,467.43,2.0,1728.48,24.32,45.79,0.1,0.0,465.86,1.0,740.78,22.1,53.45,0.12,0.0,469.97,0.0,562.5,22.87,52.52,0.14,0.0,465.05,5.0,0.0,22.45,52.78,0.16,0.0,472.7,0.0,404.3,2040.24,518.06,602.6
188,21,20,22.53,62.0,22.53,62.0,0.7,470.71,25.63,43.16,0.7,471.7,25.63,43.16,0.7,471.7,22.53,62.0,0.7,470.71,13.0,93.72,0.7,470.71,13.58,90.24,0.7,470.71,14.42,85.43,0.7,470.71,25.24,43.78,0.18,0.0,470.92,2.0,1718.76,24.35,46.02,0.1,0.0,470.11,0.0,736.61,22.02,53.76,0.12,0.0,472.17,0.0,562.5,22.46,51.42,0.14,0.0,470.83,4.0,0.0,22.43,52.86,0.16,0.0,474.15,0.0,404.29,1995.78,518.06,602.6
188,21,32,22.25,64.0,22.25,64.0,0.7,472.89,25.38,43.76,0.7,472.52,25.38,43.76,0.7,472.52,22.25,64.0,0.7,472.89,13.0,95.59,0.7,472.89,13.58,92.04,0.7,472.89,14.42,87.15,0.7,472.89,25.01,45.01,0.18,0.0,471.92,2.0,1484.4,24.14,47.31,0.1,0.0,471.42,0.0,636.18,21.94,54.26,0.12,0.0,472.55,0.0,550.78,24.62,44.3,0.14,0.0,472.69,4.0,2414.04,22.19,54.05,0.16,0.0,474.15,0.0,205.07,1950.65,518.06,602.6
188,21,48,21.97,66.0,21.97,66.0,0.7,470.69,25.16,44.48,0.7,471.98,25.16,44.48,0.7,471.98,21.98,66.0,0.7,470.69,13.0,97.41,0.7,470.69,13.58,93.8,0.7,470.69,14.42,88.81,0.7,470.69,24.82,45.95,0.18,0.0,471.3,2.0,1484.4,23.98,48.33,0.1,0.0,470.69,0.0,636.17,21.87,54.88,0.12,0.0,471.95,0.0,562.5,25.36,44.15,0.14,0.0,471.59,3.0,2425.8,21.97,54.95,0.16,0.0,473.53,0.0,199.21,1904.84,518.06,602.6
188,22,1,21.7,68.0,21.7,68.0,0.7,470.29,24.81,46.0,0.7,471.63,24.81,46.0,0.7,471.63,21.7,68.0,0.7,470.29,13.0,99.18,0.7,470.29,13.58,95.5,0.7,470.29,14.42,90.42,0.7,470.29,24.67,46.97,0.18,0.0,471.1,2.0,1474.68,23.86,49.43,0.1,0.0,470.49,0.0,631.99,21.79,55.7,0.12,0.0,471.59,0.0,562.5,22.67,56.34,0.14,0.0,471.36,3.0,0.0,21.81,55.83,0.16,0.0,473.04,0.0,205.08,1858.35,518.06,602.6
188,22,18,21.55,69.25,21.55,69.25,0.7,470.71,24.57,46.97,0.7,471.63,24.57,46.97,0.7,471.63,21.55,69.25,0.7,470.71,13.0,100.0,0.7,470.71,13.58,96.62,0.7,470.71,14.42,91.49,0.7,470.71,24.54,47.82,0.18,0.0,471.21,2.0,1484.4,23.76,50.33,0.1,0.0,470.65,0.0,636.17,21.7,56.51,0.12,0.0,471.53,0.0,550.79,21.41,59.24,0.14,0.0,471.38,2.0,0.0,21.68,56.64,0.16,0.0,472.84,0.0,199.22,1832.98,518.06,602.6
188,22,30,21.4,70.5,21.4,70.5,0.7,469.69,24.55,47.19,0.7,471.59,24.55,47.19,0.7,471.59,21.4,70.5,0.7,469.69,13.0,100.0,0.7,469.69,13.58,97.73,0.7,469.69,14.42,92.53,0.7,469.69,24.35,48.64,0.18,0.0,470.98,2.0,1337.88,23.59,51.15,0.1,0.0,470.39,0.0,573.4,21.61,57.1,0.12,0.0,471.28,0.0,550.78,21.54,58.28,0.14,0.0,471.01,2.0,0.0,21.54,57.2,0.16,0.0,472.54,0.0,199.22,1807.4,518.06,602.6
188,22,52,21.25,71.75,21.25,71.75,0.7,470.12,24.43,48.07,0.7,471.28,24.43,48.07,0.7,471.28,21.25,71.75,0.7,470.12,13.0,100.0,0.7,470.12,13.58,98.82,0.7,470.12,14.42,93.57,0.7,470.12,24.21,49.95,0.18,0.0,470.85,2.0,1347.72,23.47,52.46,0.1,0.0,470.28,0.0,577.56,21.53,58.24,0.12,0.0,471.03,0.0,562.5,21.13,60.83,0.14,373.39,470.88,2.0,0.0,21.45,58.29,0.16,0.0,472.16,0.0,199.22,1781.6,518.06,602.6
188,23,0,21.1,73.0,21.1,73.0,0.7,471.29,24.3,48.79,0.7,471.11,24.3,48.79,0.7,471.11,21.1,73.0,0.7,471.29,13.0,100.0,0.7,471.29,13.58,99.89,0.7,471.29,14.42,94.58,0.7,471.29,24.07,50.74,0.18,0.0,471.12,2.0,1337.88,23.36,53.23,0.1,0.0,470.61,0.0,573.37,21.44,59.0,0.12,0.0,471.15,0.0,550.79,21.1,61.39,0.14,627.04,471.32,2.0,0.0,21.35,59.0,0.16,0.0,472.16,0.0,199.22,1755.58,518.06,602.6
188,23,17,21.1,75.0,21.1,75.0,0.7,471.08,24.1,50.73,0.7,471.34,24.1,50.73,0.7,471.34,21.1,75.0,0.7,471.08,13.0,100.0,0.7,471.08,13.58,100.0,0.7,471.08,14.42,97.15,0.7,471.08,23.97,52.3,0.18,0.0,471.09,0.0,1337.88,23.27,54.86,0.1,0.0,470.84,0.0,573.38,21.36,60.55,0.12,0.0,471.13,0.0,550.78,22.86,54.95,0.14,0.0,471.55,2.0,2402.28,21.27,60.43,0.16,0.0,471.92,0.0,199.22,1759.05,518.06,602.6
188,23,32,21.1,77.0,21.1,77.0,0.7,469.3,23.94,52.03,0.7,470.68,23.94,52.03,0.7,470.68,21.1,77.0,0.7,469.3,13.0,100.0,0.7,469.3,13.58,100.0,0.7,469.3,14.42,99.72,0.7,469.3,23.25,56.34,0.18,0.0,470.33,0.0,927.72,22.63,58.77,0.1,0.0,470.0,0.0,397.6,21.29,61.83,0.12,0.0,470.57,0.0,550.78,24.67,50.53,0.14,0.0,470.48,2.0,2425.8,21.18,61.61,0.16,0.0,471.4,0.0,199.22,1762.71,518.06,602.6
188,23,50,21.1,79.0,21.1,79.0,0.7,468.9,23.61,53.4,0.7,470.54,23.61,53.4,0.7,470.54,21.1,79.0,0.7,468.9,13.0,100.0,0.7,468.9,13.58,100.0,0.7,468.9,14.42,100.0,0.7,468.9,22.68,59.2,0.18,0.0,470.02,0.0,917.88,22.13,61.67,0.1,0.0,469.69,0.0,393.41,21.23,63.04,0.12,0.0,470.32,0.0,562.5,24.92,52.29,0.14,0.0,470.11,2.0,2402.28,21.11,62.65,0.16,122.78,471.14,0.0,205.08,1766.59,518.06,602.6
188,24,1,21.1,81.0,21.1,81.0,0.7,469.69,23.2,56.52,0.7,470.31,23.2,56.52,0.7,470.31,21.1,81.0,0.7,469.69,13.0,100.0,0.7,469.69,13.58,100.0,0.7,469.69,14.42,100.0,0.7,469.69,22.29,61.94,0.18,0.0,470.04,0.0,927.72,21.77,64.49,0.1,0.0,469.82,0.0,397.6,21.18,64.68,0.12,0.0,470.28,0.0,550.79,22.15,67.07,0.14,0.0,470.16,1.0,0.0,21.1,63.87,0.16,237.18,470.99,0.0,199.21,1770.67,518.06,602.6
189,0,18,20.98,83.25,20.98,83.25,0.7,467.9,22.95,57.96,0.7,469.7,22.95,57.96,0.7,469.7,20.97,83.25,0.7,467.9,13.0,100.0,0.7,467.9,13.58,100.0,0.7,467.9,14.42,100.0,0.7,467.9,21.96,64.34,0.18,0.0,469.25,0.0,918.0,21.47,66.98,0.1,0.0,468.92,0.0,393.43,21.11,66.06,0.12,23.44,469.68,0.0,550.78,21.17,69.0,0.14,341.95,468.84,0.0,0.0,21.1,64.87,0.16,371.7,470.47,0.0,199.21,1751.41,518.06,602.6
189,0,37,20.85,85.5,20.85,85.5,0.7,468.89,22.84,58.78,0.7,469.84,22.84,58.78,0.7,469.84,20.85,85.5,0.7,468.89,13.0,100.0,0.7,468.89,13.58,100.0,0.7,468.89,14.42,100.0,0.7,468.89,21.46,67.7,0.18,0.0,469.4,0.0,449.16,21.12,69.45,0.1,260.7,469.15,0.0,192.52,21.1,67.2,0.12,110.52,469.75,0.0,562.5,21.11,70.31,0.14,634.63,469.14,0.0,0.0,21.1,65.88,0.16,409.41,470.47,0.0,205.08,1732.0,518.06,602.6
189,0,47,20.73,87.75,20.73,87.75,0.7,466.92,22.67,61.76,0.7,468.8,22.67,61.76,0.7,468.8,20.73,87.75,0.7,466.92,13.0,100.0,0.7,466.92,13.58,100.0,0.7,466.92,14.42,100.0,0.7,466.92,21.15,70.44,0.18,158.26,468.43,0.0,459.0,21.1,71.24,0.1,316.31,468.07,0.0,196.69,21.1,68.85,0.12,175.81,468.96,0.0,562.5,22.77,63.35,0.14,0.0,467.81,0.0,2449.2,21.1,67.38,0.16,519.65,469.76,0.0,199.22,1712.41,518.06,602.6
189,1,3,20.6,90.0,20.6,90.0,0.7,467.31,22.6,62.92,0.7,468.68,22.6,62.92,0.7,468.68,20.6,90.0,0.7,467.31,13.0,100.0,0.7,467.31,13.58,100.0,0.7,467.31,14.41,100.0,0.7,467.31,21.1,71.79,0.18,459.61,468.29,0.0,459.0,21.1,72.62,0.1,401.68,467.99,0.0,196.72,21.1,70.12,0.12,225.84,468.8,0.0,562.5,23.67,62.15,0.14,0.0,467.77,0.0,2449.32,21.1,68.53,0.16,593.97,469.56,0.0,205.08,1692.66,518.06,602.6
189,1,22,20.3,92.5,20.3,92.5,0.7,467.1,22.55,63.57,0.7,468.68,22.55,63.57,0.7,468.68,20.3,92.5,0.7,467.1,13.0,100.0,0.7,467.1,13.58,100.0,0.7,467.1,14.41,100.0,0.7,467.1,21.1,72.91,0.18,616.47,468.15,0.0,459.0,21.1,73.74,0.1,463.9,467.85,0.0,196.72,21.1,71.22,0.12,271.85,468.65,0.0,562.5,24.04,62.18,0.14,0.0,467.64,0.0,2390.52,21.1,69.56,0.16,664.93,469.4,0.0,199.22,1637.74,518.06,602.6
189,1,32,20.0,95.0,20.0,95.0,0.7,467.7,22.33,66.91,0.7,468.32,22.33,66.91,0.7,468.32,20.0,95.0,0.7,467.7,13.0,100.0,0.7,467.7,13.58,100.0,0.7,467.7,14.41,100.0,0.7,467.7,21.1,74.43,0.18,715.24,468.06,0.0,478.56,21.1,75.2,0.1,502.7,467.86,0.0,205.08,21.1,72.75,0.12,311.99,468.47,0.0,562.5,21.75,75.77,0.14,0.0,467.74,0.0,0.0,21.1,71.04,0.16,798.28,469.14,0.0,199.22,1581.87,518.06,602.6
189,1,50,19.7,97.5,19.7,97.5,0.7,466.68,22.18,67.92,0.7,468.05,22.18,67.92,0.7,468.05,19.7,97.5,0.7,466.68,13.0,100.0,0.7,466.68,13.58,100.0,0.7,466.68,14.41,100.0,0.7,466.68,21.1,75.44,0.18,819.16,467.61,0.0,468.72,21.1,76.2,0.1,545.9,467.36,0.0,200.89,21.1,73.78,0.12,359.05,468.11,0.0,562.5,21.13,76.93,0.14,641.7,467.14,0.0,0.0,21.1,72.03,0.16,865.51,468.81,0.0,205.08,1525.07,518.06,602.6
189,2,0,19.4,100.0,19.4,100.0,0.7,466.69,22.16,68.58,0.7,467.84,22.16,68.58,0.7,467.84,19.4,100.0,0.7,466.69,13.0,100.0,0.7,466.69,13.58,100.0,0.7,466.69,14.41,100.0,0.7,466.69,21.1,76.27,0.18,891.68,467.4,0.0,478.44,21.1,76.99,0.1,573.77,467.16,0.0,205.08,21.1,74.66,0.12,421.47,467.89,0.0,550.78,21.1,77.66,0.14,899.62,466.96,0.0,0.0,21.1,72.91,0.16,931.43,468.58,0.0,205.08,1467.31,518.06,602.6
189,2,15,19.12,100.0,19.12,100.0,0.7,466.1,22.07,69.68,0.7,467.63,22.07,69.68,0.7,467.63,19.13,100.0,0.7,466.1,13.0,100.0,0.7,466.1,13.58,100.0,0.7,466.1,14.41,100.0,0.7,466.1,21.1,77.25,0.18,969.68,466.93,0.0,468.72,21.1,77.77,0.1,603.64,466.71,0.0,200.88,21.1,75.9,0.12,457.09,467.39,0.0,562.5,21.1,78.18,0.14,1003.83,466.53,0.0,0.0,21.1,74.29,0.16,992.09,468.05,0.0,199.22,1409.44,518.06,602.6
189,2,30,18.85,100.0,18.85,100.0,0.7,466.49,21.98,71.18,0.7,467.15,21.98,71.18,0.7,467.15,18.85,100.0,0.7,466.49,13.0,100.0,0.7,466.49,13.58,100.0,0.7,466.49,14.41,100.0,0.7,466.49,21.1,77.51,0.18,1048.57,466.65,0.0,449.28,21.1,77.77,0.1,634.28,466.5,0.0,192.5,21.1,76.57,0.12,501.58,467.04,0.0,562.5,21.1,77.86,0.14,1112.64,466.39,0.0,0.0,21.1,75.22,0.16,1038.03,467.61,0.0,199.22,1351.39,518.06,602.6
189,2,45,18.58,100.0,18.58,100.0,0.7,465.5,21.9,72.49,0.7,466.86,21.9,72.49,0.7,466.86,18.58,100.0,0.7,465.5,13.0,100.0,0.7,465.5,13.58,100.0,0.7,465.5,14.41,100.0,0.7,465.5,21.1,77.2,0.18,1091.48,466.3,0.0,459.0,21.1,77.23,0.1,650.05,466.17,0.0,196.72,21.1,76.69,0.12,554.37,466.65,0.0,550.79,21.1,77.08,0.14,1170.25,466.05,0.0,0.0,21.1,75.67,0.16,1076.93,467.17,0.0,199.22,1293.11,518.06,602.6
189,3,3,18.3,100.0,18.3,100.0,0.7,465.11,21.81,73.35,0.7,466.1,21.81,73.35,0.7,466.1,18.3,100.0,0.7,465.11,13.0,100.0,0.7,465.11,13.58,100.0,0.7,465.11,14.41,100.0,0.7,465.11,21.1,76.43,0.18,1136.88,465.83,0.0,459.0,21.1,76.28,0.1,667.85,465.66,0.0,196.72,21.1,76.32,0.12,571.76,466.21,0.0,562.5,22.52,67.63,0.14,0.0,465.48,0.0,2437.44,21.1,75.66,0.16,1108.74,466.74,0.0,199.22,1234.55,518.06,602.6
189,3,18,18.3,100.0,18.3,100.0,0.7,465.1,21.73,73.48,0.7,465.96,21.73,73.48,0.7,465.96,18.3,100.0,0.7,465.1,13.0,100.0,0.7,465.1,13.58,100.0,0.7,465.1,14.41,100.0,0.7,465.1,21.1,76.15,0.18,1154.59,465.68,0.0,459.0,21.1,75.97,0.1,677.07,465.52,0.0,196.69,21.1,76.15,0.12,594.63,466.05,0.0,550.78,21.27,75.7,0.14,604.82,465.36,0.0,0.0,21.1,75.64,0.16,1110.96,466.56,0.0,199.22,1234.55,518.06,602.6
189,3,30,18.3,100.0,18.3,100.0,0.7,465.3,21.71,73.43,0.7,465.86,21.71,73.43,0.7,465.86,18.3,100.0,0.7,465.3,13.0,100.0,0.7,465.3,13.58,100.0,0.7,465.3,14.41,100.0,0.7,465.3,21.1,75.99,0.18,1192.0,465.64,0.0,439.44,21.1,75.83,0.1,694.81,465.51,0.0,188.35,21.1,76.03,0.12,606.9,465.98,0.0,550.78,21.1,75.6,0.14,1362.15,465.39,0.0,0.0,21.1,75.6,0.16,1319.64,466.46,0.0,0.0,1234.55,518.06,602.6
189,3,45,18.3,100.0,18.3,100.0,0.7,465.3,21.64,73.6,0.7,465.82,21.64,73.6,0.7,465.82,18.3,100.0,0.7,465.3,13.0,100.0,0.7,465.3,13.58,100.0,0.7,465.3,14.41,100.0,0.7,465.3,21.1,75.7,0.18,1193.57,465.49,0.0,449.16,21.1,75.56,0.1,696.17,465.4,0.0,192.52,21.1,75.82,0.12,619.44,465.77,0.0,550.79,21.1,75.41,0.14,1135.89,465.33,0.0,0.0,21.1,75.54,0.16,1338.74,466.19,0.0,0.0,1234.55,518.06,602.6
189,4,0,18.3,100.0,18.3,100.0,0.7,464.7,21.57,73.72,0.7,465.65,21.57,73.72,0.7,465.65,18.3,100.0,0.7,464.7,13.0,100.0,0.7,464.7,13.58,100.0,0.7,464.7,14.41,100.0,0.7,464.7,21.1,75.52,0.18,1207.66,465.26,0.0,449.16,21.1,75.41,0.1,702.16,465.17,0.0,192.52,21.1,75.65,0.12,632.02,465.5,0.0,550.78,21.1,75.33,0.14,1200.82,465.09,0.0,0.0,21.1,75.49,0.16,1356.73,465.89,0.0,0.0,1234.55,518.06,602.6
189,4,15,18.03,100.0,18.03,100.0,0.7,466.28,21.51,73.82,0.7,465.4,21.51,73.82,0.7,465.4,18.03,100.0,0.7,466.28,13.0,100.0,0.7,466.28,13.58,100.0,0.7,466.28,14.41,100.0,0.7,466.28,21.1,75.2,0.18,1237.61,465.41,0.0,449.28,21.1,75.09,0.1,713.58,465.4,0.0,192.53,21.1,75.38,0.12,660.01,465.53,0.0,550.79,21.1,74.99,0.14,1244.85,465.43,0.0,0.0,21.1,75.33,0.16,1378.84,465.81,0.0,0.0,1175.68,518.06,602.6
189,4,30,17.75,100.0,17.75,100.0,0.7,465.3,21.45,73.93,0.7,465.53,21.45,73.93,0.7,465.53,17.75,100.0,0.7,465.3,13.0,100.0,0.7,465.3,13.58,100.0,0.7,465.3,14.42,100.0,0.7,465.3,21.1,74.69,0.18,1255.71,465.49,0.0,439.56,21.1,74.53,0.1,719.21,465.5,0.0,188.35,21.1,74.95,0.12,663.95,465.55,0.0,550.78,21.1,74.34,0.14,1261.88,465.55,0.0,0.0,21.1,75.02,0.16,1204.23,465.75,0.0,199.22,1116.46,518.06,602.6
189,4,48,17.47,100.0,17.47,100.0,0.7,464.7,21.4,73.38,0.7,465.31,21.4,73.38,0.7,465.31,17.48,100.0,0.7,464.7,13.0,100.0,0.7,464.7,13.58,100.0,0.7,464.7,14.42,100.0,0.7,464.7,21.1,73.86,0.18,1248.95,465.16,0.0,449.16,21.1,73.62,0.1,714.83,465.11,0.0,192.52,21.1,74.28,0.12,664.26,465.3,0.0,550.79,22.4,65.79,0.14,0.0,465.02,0.0,2414.04,21.1,74.51,0.16,1215.28,465.53,0.0,199.22,1056.85,518.06,602.6
189,5,5,17.2,100.0,17.2,100.0,0.7,464.5,21.44,72.84,0.7,465.19,21.44,72.84,0.7,465.19,17.2,100.0,0.7,464.5,13.0,100.0,0.7,464.5,13.58,100.0,0.7,464.5,14.42,100.0,0.7,464.5,21.1,73.24,0.18,1242.77,465.0,0.0,449.16,21.1,72.94,0.1,712.81,464.93,0.0,192.52,21.1,73.76,0.12,659.6,465.16,0.0,550.78,23.13,63.53,0.14,0.0,464.82,0.0,2425.8,21.1,74.1,0.16,1218.81,465.41,0.0,199.22,996.81,518.06,602.6
189,5,17,17.9,100.0,17.9,100.0,0.7,464.1,21.36,72.69,0.7,464.84,21.36,72.69,0.7,464.84,17.9,100.0,0.7,464.1,13.0,100.0,0.7,464.1,13.58,100.0,0.7,464.1,14.42,100.0,0.7,464.1,21.1,73.76,0.18,1178.8,464.7,0.0,449.16,21.1,73.65,0.1,685.16,464.58,0.0,192.53,21.1,74.04,0.12,597.33,464.91,0.0,550.79,21.38,73.62,0.14,517.76,464.43,0.0,0.0,21.1,74.26,0.16,1206.63,465.18,0.0,199.21,1148.81,518.06,602.6
189,5,30,18.6,100.0,18.6,100.0,0.7,463.7,21.36,72.69,0.7,464.78,21.36,72.69,0.7,464.78,18.6,100.0,0.7,463.7,13.0,100.0,0.7,463.7,13.58,100.0,0.7,463.7,14.41,100.0,0.7,463.7,21.1,74.44,0.18,1104.44,464.5,0.0,429.72,21.1,74.49,0.1,663.61,464.37,0.0,184.15,21.1,74.51,0.12,500.32,464.74,0.0,562.5,21.1,74.67,0.14,1267.69,464.2,0.0,0.0,21.1,74.6,0.16,1144.31,465.03,0.0,199.21,1298.41,518.06,602.6
189,5,45,19.3,100.0,19.3,100.0,0.7,462.51,21.32,72.87,0.7,464.58,21.32,72.87,0.7,464.58,19.3,100.0,0.7,462.51,13.0,100.0,0.7,462.51,13.58,100.0,0.7,462.51,14.41,100.0,0.7,462.51,21.1,75.84,0.18,1001.9,463.86,0.0,429.72,21.1,76.14,0.1,621.93,463.67,0.0,184.16,21.1,75.52,0.12,398.84,464.2,0.0,562.5,21.1,76.61,0.14,991.29,463.43,0.0,0.0,21.1,75.36,0.16,1122.15,464.56,0.0,205.07,1446.29,518.06,602.6
189,6,0,20.0,100.0,20.0,100.0,0.7,464.1,21.28,73.37,0.7,463.97,21.28,73.37,0.7,463.97,20.0,100.0,0.7,464.1,13.0,100.0,0.7,464.1,13.58,100.0,0.7,464.1,14.41,100.0,0.7,464.1,21.1,77.67,0.18,899.06,463.67,0.0,429.72,21.1,78.17,0.1,575.34,463.54,0.0,184.14,21.1,76.97,0.12,294.62,463.95,0.0,550.79,21.1,78.83,0.14,1035.25,463.42,0.0,0.0,21.1,76.51,0.16,1118.61,464.28,0.0,199.21,1593.11,518.06,602.6
189,6,15,20.15,100.0,20.15,100.0,0.7,463.31,21.27,74.41,0.7,463.79,21.27,74.41,0.7,463.79,20.15,100.0,0.7,463.31,13.0,100.0,0.7,463.31,13.58,100.0,0.7,463.31,14.41,100.0,0.7,463.31,21.1,79.3,0.18,808.06,463.57,0.0,429.6,21.1,79.85,0.1,530.85,463.5,0.0,184.15,21.1,78.4,0.12,191.93,463.79,0.0,562.5,21.1,80.47,0.14,1050.26,463.46,0.0,0.0,21.1,77.71,0.16,1109.62,464.07,0.0,199.21,1624.51,518.06,602.6
189,6,33,20.3,100.0,20.3,100.0,0.7,463.7,21.3,77.86,0.7,463.73,21.3,77.86,0.7,463.73,20.3,100.0,0.7,463.7,13.0,100.0,0.7,463.7,13.58,100.0,0.7,463.7,14.41,100.0,0.7,463.7,21.1,80.53,0.18,670.6,463.63,0.0,468.72,21.1,81.0,0.1,466.39,463.6,0.0,200.89,21.1,79.61,0.12,84.25,463.77,0.0,574.22,22.52,72.92,0.14,0.0,463.61,0.0,2402.28,21.1,78.82,0.16,1147.87,464.0,0.0,205.08,1655.9,518.06,602.6
189,6,48,20.45,100.0,20.45,100.0,0.7,463.5,21.38,78.27,0.7,463.67,21.38,78.27,0.7,463.67,20.45,100.0,0.7,463.5,13.0,100.0,0.7,463.5,13.58,100.0,0.7,463.5,14.41,100.0,0.7,463.5,21.1,81.14,0.18,527.35,463.56,0.0,468.84,21.1,81.58,0.1,297.63,463.52,0.0,200.89,21.23,79.39,0.12,0.0,463.7,0.0,562.5,23.46,70.11,0.14,0.0,463.51,0.0,2437.56,21.1,79.42,0.16,1141.19,463.92,0.0,199.22,1687.28,518.06,602.6
189,7,2,20.6,100.0,20.6,100.0,0.7,464.5,21.36,79.24,0.7,463.99,21.36,79.24,0.7,463.99,20.6,100.0,0.7,464.5,13.0,100.0,0.7,464.5,13.58,100.0,0.7,464.5,14.41,100.0,0.7,464.5,21.1,81.76,0.18,373.95,463.97,0.0,468.72,21.1,82.17,0.1,127.38,464.02,0.0,200.89,21.48,78.66,0.12,0.0,463.97,0.0,574.21,21.56,82.53,0.14,59.04,464.13,0.0,0.0,21.1,80.04,0.16,1103.83,464.1,0.0,205.08,1718.68,518.06,602.6
189,7,22,20.88,99.25,20.88,99.25,0.7,463.91,21.4,79.13,0.7,463.87,21.4,79.13,0.7,463.87,20.88,99.25,0.7,463.91,13.0,100.0,0.7,463.91,13.58,100.0,0.7,463.91,14.41,100.0,0.7,463.91,21.1,82.16,0.18,216.15,463.84,0.0,468.84,21.15,82.18,0.1,0.0,463.85,0.0,200.9,21.77,77.7,0.12,0.0,463.88,0.0,562.5,21.13,82.82,0.14,604.26,463.9,0.0,0.0,21.1,80.47,0.16,1073.44,464.03,0.0,199.21,1774.36,518.06,602.6
189,7,37,21.15,98.5,21.15,98.5,0.7,464.1,21.43,79.68,0.7,463.94,21.43,79.68,0.7,463.94,21.15,98.5,0.7,464.1,13.0,100.0,0.7,464.1,13.58,100.0,0.7,464.1,14.41,100.0,0.7,464.1,21.1,82.84,0.18,77.76,463.93,0.0,449.16,21.44,81.07,0.1,0.0,463.96,0.0,192.53,22.15,76.66,0.12,0.0,463.94,0.0,574.22,21.1,83.34,0.14,620.12,464.0,0.0,0.0,21.1,81.32,0.16,1028.56,464.03,0.0,205.07,1829.79,518.06,602.6
189,7,52,21.42,97.75,21.42,97.75,0.7,465.49,21.52,79.95,0.7,464.2,21.52,79.95,0.7,464.2,21.43,97.75,0.7,465.49,13.0,100.0,0.7,465.49,13.58,100.0,0.7,465.49,14.41,100.0,0.7,465.49,21.14,83.1,0.18,0.0,464.48,0.0,459.0,21.81,79.65,0.1,0.0,464.6,0.0,196.72,22.49,75.74,0.12,0.0,464.33,0.0,574.21,21.1,83.71,0.14,623.39,464.78,0.0,0.0,21.1,82.04,0.16,986.64,464.3,0.0,199.22,1884.99,518.06,602.6
189,8,7,21.7,97.0,21.7,97.0,0.7,468.09,21.62,80.05,0.7,465.11,21.62,80.05,0.7,465.11,21.7,97.0,0.7,468.09,13.0,100.0,0.7,468.09,13.58,100.0,0.7,468.09,14.41,100.0,0.7,468.09,21.24,82.97,0.18,0.0,465.83,0.0,449.16,22.19,78.16,0.1,0.0,466.17,0.0,192.52,22.79,74.92,0.12,0.0,465.37,0.0,574.22,21.1,84.05,0.14,593.33,466.62,0.0,0.0,21.1,82.67,0.16,911.67,465.09,0.0,205.08,1939.96,518.06,602.6
189,8,17,22.67,94.0,22.67,94.0,0.7,473.27,21.89,79.56,0.7,468.14,21.89,79.56,0.7,468.14,22.67,94.0,0.7,473.27,13.0,100.0,0.7,473.27,13.57,100.0,0.7,473.27,14.41,100.0,0.7,473.27,21.39,82.63,0.18,0.0,468.72,0.0,449.28,22.59,76.67,0.1,0.0,469.52,0.0,192.53,23.06,74.11,0.12,0.0,467.69,1.0,574.21,23.05,72.87,0.14,0.0,470.58,0.0,2414.04,21.1,83.28,0.16,835.08,466.8,0.0,199.22,2130.3,518.06,602.6
189,8,33,23.65,91.0,23.65,91.0,0.7,478.69,22.14,78.77,0.7,470.91,22.14,78.77,0.7,470.91,23.65,91.0,0.7,478.69,13.0,100.0,0.7,478.69,13.57,100.0,0.7,478.69,14.41,100.0,0.7,478.69,21.59,82.07,0.18,0.0,471.98,0.0,449.16,23.03,75.12,0.1,0.0,473.25,0.0,192.54,23.33,73.35,0.12,0.0,470.29,1.0,574.21,24.26,68.95,0.14,0.0,474.9,0.0,2425.8,21.1,83.81,0.16,643.85,468.8,0.0,199.22,2317.62,518.06,602.6
189,8,47,24.63,88.0,24.63,88.0,0.7,485.29,22.26,78.76,0.7,475.27,22.26,78.76,0.7,475.27,24.63,88.0,0.7,485.29,13.0,100.0,0.7,485.29,13.57,100.0,0.7,485.29,14.41,100.0,0.7,485.29,21.81,81.49,0.18,0.0,476.47,0.0,459.0,23.62,72.79,0.1,0.0,478.28,0.0,196.69,23.61,72.57,0.12,0.0,473.94,1.0,574.22,22.12,84.36,0.14,0.0,480.5,0.0,0.0,21.1,84.38,0.16,503.29,471.69,0.0,205.08,2502.25,518.06,602.6
189,9,3,25.6,85.0,25.6,85.0,0.7,493.28,22.42,78.26,0.7,478.91,22.42,78.26,0.7,478.91,25.6,85.0,0.7,493.28,13.0,100.0,0.7,493.28,13.57,100.0,0.7,493.28,14.41,100.0,0.7,493.28,22.04,80.8,0.18,0.0,481.47,0.0,459.0,24.23,70.48,0.1,0.0,483.91,0.0,196.72,23.86,71.98,0.12,0.0,477.99,1.0,574.22,21.38,85.41,0.14,0.0,486.84,0.0,0.0,21.1,84.9,0.16,379.28,474.93,0.0,199.21,2684.42,518.06,602.6
189,9,20,25.6,85.0,25.6,85.0,0.7,491.1,22.6,77.75,0.7,480.24,22.6,77.75,0.7,480.24,25.6,85.0,0.7,491.1,13.0,100.0,0.7,491.1,13.57,100.0,0.7,491.1,14.41,100.0,0.7,491.1,22.23,80.18,0.18,0.0,482.8,0.0,459.0,24.89,67.92,0.1,0.0,485.0,0.0,196.7,24.04,71.58,0.12,0.0,479.45,1.0,574.22,21.14,86.38,0.14,0.0,487.58,1.0,0.0,21.1,85.3,0.16,283.8,476.39,2.0,199.21,2684.42,518.06,602.6
189,9,35,25.6,85.0,25.6,85.0,0.7,496.48,22.86,77.1,0.7,485.99,22.86,77.1,0.7,485.99,25.6,85.0,0.7,496.48,13.0,100.0,0.7,496.48,13.57,100.0,0.7,496.48,14.41,100.0,0.7,496.48,22.41,79.66,0.18,0.0,488.71,0.0,459.0,25.5,65.87,0.1,0.0,490.89,0.0,196.72,24.2,71.36,0.12,0.0,485.08,1.0,644.53,21.1,86.56,0.14,48.69,493.45,2.0,0.0,21.22,85.01,0.16,0.0,481.41,1.0,404.3,2684.42,518.06,602.6
189,9,50,25.6,85.0,25.6,85.0,0.7,493.88,23.25,75.65,0.7,489.56,23.25,75.65,0.7,489.56,25.6,85.0,0.7,493.88,13.0,100.0,0.7,493.88,13.57,100.0,0.7,493.88,14.41,100.0,0.7,493.88,22.58,78.98,0.18,0.0,491.27,0.0,468.72,25.86,64.78,0.1,0.0,492.74,0.0,200.89,24.29,71.28,0.12,0.0,488.33,1.0,644.53,21.9,81.16,0.14,0.0,494.39,2.0,0.0,21.38,84.64,0.16,0.0,484.84,2.0,404.3,2684.42,518.06,602.6
189,10,5,25.6,85.0,25.6,85.0,0.7,492.88,23.59,74.33,0.7,490.83,23.59,74.33,0.7,490.83,25.6,85.0,0.7,492.88,13.0,100.0,0.7,492.88,13.57,100.0,0.7,492.88,14.41,100.0,0.7,492.88,22.75,78.25,0.18,0.0,492.04,0.0,458.88,26.05,64.2,0.1,0.0,492.86,0.0,196.69,24.36,71.13,0.12,0.0,490.21,3.0,644.53,22.63,78.23,0.14,0.0,494.02,3.0,0.0,21.52,84.18,0.16,0.0,486.99,1.0,404.29,2684.42,518.06,602.6
189,10,15,26.0,83.0,26.0,83.0,0.7,493.06,23.62,74.22,0.7,491.08,23.62,74.22,0.7,491.08,26.0,83.0,0.7,493.06,13.0,100.0,0.7,493.06,13.57,100.0,0.7,493.06,14.41,100.0,0.7,493.06,22.95,77.34,0.18,0.0,492.21,0.0,459.0,26.14,63.83,0.1,0.0,492.73,0.0,196.69,24.46,70.72,0.12,0.0,491.14,5.0,644.53,22.36,79.91,0.14,0.0,493.71,3.0,0.0,21.66,83.7,0.16,0.0,488.05,1.0,404.29,2759.48,518.06,602.6
189,10,37,26.4,81.0,26.4,81.0,0.7,495.88,23.9,73.03,0.7,491.9,23.9,73.03,0.7,491.9,26.4,81.0,0.7,495.88,13.0,100.0,0.7,495.88,13.57,100.0,0.7,495.88,14.41,100.0,0.7,495.88,23.24,75.29,0.18,0.0,493.32,0.0,556.56,26.16,63.37,0.1,0.0,494.33,2.0,238.56,24.6,69.76,0.12,0.0,492.43,5.0,656.24,22.05,81.19,0.14,0.0,495.8,6.0,0.0,21.81,82.62,0.16,0.0,489.16,1.0,609.37,2840.34,518.06,602.6
189,10,52,26.8,79.0,26.8,79.0,0.7,493.88,24.12,71.9,0.7,493.45,24.12,71.9,0.7,493.45,26.8,79.0,0.7,493.88,13.0,100.0,0.7,493.88,13.58,100.0,0.7,493.88,14.41,100.0,0.7,493.88,23.59,73.24,0.18,0.0,493.84,0.0,556.68,25.85,64.32,0.1,0.0,494.89,2.0,0.0,24.78,68.68,0.12,0.0,493.72,5.0,667.97,21.87,81.04,0.14,0.0,496.48,8.0,0.0,21.97,81.61,0.16,0.0,490.53,0.0,615.23,2923.08,518.06,602.6
189,11,7,27.2,77.0,27.2,77.0,0.7,495.68,24.32,70.67,0.7,494.18,24.32,70.67,0.7,494.18,27.2,77.0,0.7,495.68,13.0,100.0,0.7,495.68,13.58,100.0,0.7,495.68,14.41,100.0,0.7,495.68,23.93,71.08,0.18,0.0,494.46,0.0,556.56,25.58,64.54,0.1,0.0,495.52,2.0,0.0,24.94,67.55,0.12,0.0,494.8,5.0,656.26,21.83,80.38,0.14,0.0,497.62,10.0,0.0,22.1,80.6,0.16,0.0,491.76,1.0,609.37,3011.48,518.06,602.6
189,11,22,27.35,76.25,27.35,76.25,0.7,495.24,24.54,69.23,0.7,495.04,24.54,69.23,0.7,495.04,27.35,76.25,0.7,495.24,13.0,100.0,0.7,495.24,13.58,100.0,0.7,495.24,14.41,100.0,0.7,495.24,24.29,69.04,0.18,0.0,494.88,0.0,556.68,25.67,63.46,0.1,0.0,495.74,1.0,238.56,25.09,66.51,0.12,0.0,495.68,6.0,656.26,21.82,79.79,0.14,0.0,497.89,8.0,0.0,22.21,79.62,0.16,0.0,492.76,1.0,609.37,3044.34,518.06,602.6
189,11,37,27.5,75.5,27.5,75.5,0.7,498.28,24.8,67.65,0.7,495.85,24.8,67.65,0.7,495.85,27.5,75.5,0.7,498.28,13.0,100.0,0.7,498.28,13.58,100.0,0.7,498.28,14.41,100.0,0.7,498.28,24.73,66.8,0.18,0.0,496.09,0.0,693.36,25.73,62.99,0.1,0.0,496.95,1.0,297.16,25.23,65.61,0.12,0.0,497.17,8.0,621.1,21.85,79.23,0.14,0.0,499.31,8.0,0.0,22.29,78.96,0.16,0.0,494.03,1.0,404.29,3076.83,518.06,602.6
189,11,45,27.65,74.75,27.65,74.75,0.7,500.08,24.91,67.0,0.7,496.57,24.91,67.0,0.7,496.57,27.65,74.75,0.7,500.08,13.0,100.0,0.7,500.08,13.58,100.0,0.7,500.08,14.41,100.0,0.7,500.08,25.0,65.83,0.18,0.0,497.22,0.0,693.36,25.57,63.37,0.1,0.0,498.11,1.0,297.16,25.27,65.28,0.12,0.0,498.29,6.0,621.1,21.82,79.11,0.14,0.0,500.37,6.0,0.0,22.37,78.35,0.16,0.0,495.09,1.0,410.16,3108.94,518.06,602.6
189,12,0,27.8,74.0,27.8,74.0,0.7,498.08,25.09,66.02,0.7,497.68,25.09,66.02,0.7,497.68,27.8,74.0,0.7,498.08,13.0,100.0,0.7,498.08,13.58,100.0,0.7,498.08,14.41,100.0,0.7,498.08,25.04,65.34,0.18,0.0,498.01,0.0,693.36,25.28,64.19,0.1,0.0,499.17,4.0,297.16,25.25,65.06,0.12,0.0,499.04,3.0,621.08,21.76,79.05,0.14,0.0,500.45,4.0,0.0,22.45,77.61,0.16,0.0,496.09,0.0,404.29,3140.65,518.06,602.6
189,12,22,27.8,74.0,27.8,74.0,0.7,496.88,25.35,64.56,0.7,498.01,25.35,64.56,0.7,498.01,27.8,74.0,0.7,496.88,13.0,100.0,0.7,496.88,13.58,100.0,0.7,496.88,14.41,100.0,0.7,496.88,24.93,65.68,0.18,0.0,497.44,0.0,693.36,24.94,65.56,0.1,0.0,498.41,2.0,297.14,25.14,65.33,0.12,0.0,498.38,1.0,621.08,21.65,79.48,0.14,0.0,499.28,5.0,0.0,22.52,76.89,0.16,0.0,496.31,6.0,404.29,3140.65,518.06,602.6
189,12,35,27.8,74.0,27.8,74.0,0.7,496.88,25.42,63.98,0.7,497.8,25.42,63.98,0.7,497.8,27.8,74.0,0.7,496.88,13.0,100.0,0.7,496.88,13.58,100.0,0.7,496.88,14.41,100.0,0.7,496.88,24.74,66.43,0.18,0.0,497.32,0.0,859.32,24.23,68.89,0.1,0.0,498.41,3.0,0.0,24.97,65.94,0.12,0.0,498.39,3.0,632.81,21.49,80.3,0.14,0.0,498.42,2.0,0.0,22.65,76.0,0.16,0.0,496.57,5.0,603.52,3140.65,518.06,602.6
189,12,52,27.8,74.0,27.8,74.0,0.7,495.88,25.44,63.81,0.7,497.66,25.44,63.81,0.7,497.66,27.8,74.0,0.7,495.88,13.0,100.0,0.7,495.88,13.58,100.0,0.7,495.88,14.41,100.0,0.7,495.88,24.58,66.86,0.18,0.0,496.95,0.0,869.16,23.71,70.58,0.1,0.0,498.01,3.0,0.0,24.84,66.27,0.12,0.0,498.15,3.0,644.53,21.36,80.77,0.14,0.0,497.9,3.0,0.0,22.74,75.57,0.16,0.0,496.48,4.0,609.37,3140.65,518.06,602.6
189,13,7,27.8,74.0,27.8,74.0,0.7,497.08,25.45,63.64,0.7,497.37,25.45,63.64,0.7,497.37,27.8,74.0,0.7,497.08,13.0,100.0,0.7,497.08,13.58,100.0,0.7,497.08,14.41,100.0,0.7,497.08,24.46,67.19,0.18,0.0,496.86,0.0,869.16,23.35,71.84,0.1,0.0,498.03,3.0,0.0,24.74,66.49,0.12,0.0,498.38,7.0,644.53,21.28,81.1,0.14,0.0,497.91,4.0,0.0,22.79,75.22,0.16,0.0,496.87,5.0,603.52,3140.65,518.06,602.6
189,13,15,27.65,75.25,27.65,75.25,0.7,497.48,25.44,63.59,0.7,497.5,25.44,63.59,0.7,497.5,27.65,75.25,0.7,497.48,13.0,100.0,0.7,497.48,13.58,100.0,0.7,497.48,14.41,100.0,0.7,497.48,24.36,67.64,0.18,0.0,496.92,0.0,869.16,23.08,72.94,0.1,0.0,498.57,6.0,0.0,24.64,66.82,0.12,0.0,498.38,3.0,632.82,21.21,81.63,0.14,0.0,497.96,3.0,0.0,22.81,75.13,0.16,0.0,497.18,4.0,603.52,3134.32,518.06,602.6
189,13,30,27.5,76.5,27.5,76.5,0.7,497.48,25.44,63.5,0.7,497.67,25.44,63.5,0.7,497.67,27.5,76.5,0.7,497.48,13.0,100.0,0.7,497.48,13.58,100.0,0.7,497.48,14.41,100.0,0.7,497.48,24.36,67.96,0.18,0.0,497.14,0.0,1123.08,23.36,72.11,0.1,0.0,499.29,6.0,481.31,24.58,67.27,0.12,0.0,498.45,3.0,656.26,21.15,82.49,0.14,0.0,498.22,3.0,0.0,22.81,75.24,0.16,0.0,497.54,4.0,597.66,3127.0,518.06,602.6
189,13,50,27.35,77.75,27.35,77.75,0.7,497.08,25.63,63.04,0.7,497.96,25.63,63.04,0.7,497.96,27.35,77.75,0.7,497.08,13.0,100.0,0.7,497.08,13.58,100.0,0.7,497.08,14.41,100.0,0.7,497.08,24.49,67.8,0.18,0.0,497.1,0.0,1132.8,23.03,74.85,0.1,0.0,499.4,6.0,0.0,24.59,67.62,0.12,0.0,498.35,3.0,644.53,22.03,77.64,0.14,0.0,498.08,3.0,0.0,22.81,75.6,0.16,0.0,497.68,5.0,603.52,3118.7,518.06,602.6
189,14,1,27.2,79.0,27.2,79.0,0.7,497.91,26.03,62.17,0.7,498.45,26.03,62.17,0.7,498.45,27.2,79.0,0.7,497.91,13.0,100.0,0.7,497.91,13.57,100.0,0.7,497.91,14.41,100.0,0.7,497.91,24.72,67.32,0.18,0.0,497.46,0.0,1132.8,23.4,72.73,0.1,0.0,499.7,5.0,485.51,24.69,67.57,0.12,0.0,498.91,6.0,656.26,25.35,62.0,0.14,0.0,498.77,4.0,2402.4,22.82,75.88,0.16,0.0,498.32,10.0,603.52,3109.41,518.06,602.6
189,14,17,27.35,79.0,27.35,79.0,0.7,501.68,26.02,62.45,0.7,500.06,26.02,62.45,0.7,500.06,27.35,79.0,0.7,501.68,13.0,100.0,0.7,501.68,13.57,100.0,0.7,501.68,14.41,100.0,0.7,501.68,25.03,66.27,0.18,0.0,499.18,0.0,1132.8,23.16,75.02,0.1,0.0,501.72,5.0,0.0,24.85,67.15,0.12,0.0,500.38,7.0,644.53,26.58,59.87,0.14,0.0,501.87,7.0,2460.84,22.86,75.96,0.16,0.0,499.47,10.0,603.52,3180.13,518.06,602.6
189,14,32,27.5,79.0,27.5,79.0,0.7,505.08,26.03,62.87,0.7,502.61,26.03,62.87,0.7,502.61,27.5,79.0,0.7,505.08,13.0,100.0,0.7,505.08,13.57,100.0,0.7,505.08,14.41,100.0,0.7,505.08,25.46,64.95,0.18,0.0,501.8,0.0,1191.48,23.06,75.54,0.1,0.0,504.59,5.0,0.0,25.09,66.54,0.12,0.0,502.39,4.0,714.85,24.82,70.22,0.14,0.0,505.51,8.0,0.0,23.01,75.51,0.16,0.0,501.39,8.0,814.45,3252.34,518.06,602.6
189,14,46,27.65,79.0,27.65,79.0,0.7,505.48,26.52,61.41,0.7,503.92,26.52,61.41,0.7,503.92,27.65,79.0,0.7,505.48,13.0,100.0,0.7,505.48,13.57,100.0,0.7,505.48,14.41,100.0,0.7,505.48,25.72,64.29,0.18,0.0,502.83,0.0,1181.64,28.09,51.77,0.1,0.0,505.63,5.0,4494.97,25.22,66.36,0.12,0.0,503.52,6.0,714.84,26.47,60.16,0.14,0.0,506.77,9.0,2449.2,23.15,75.17,0.16,0.0,502.36,9.0,814.45,3326.08,518.06,602.6
189,15,3,27.8,79.0,27.8,79.0,0.7,503.88,26.61,61.17,0.7,503.69,26.61,61.17,0.7,503.69,27.8,79.0,0.7,503.88,13.0,100.0,0.7,503.88,13.57,100.0,0.7,503.88,14.41,100.0,0.7,503.88,25.96,63.57,0.18,0.0,502.68,0.0,1191.36,26.1,66.18,0.1,0.0,505.29,5.0,0.0,25.29,66.39,0.12,0.0,503.59,6.0,703.13,27.5,57.32,0.14,0.0,506.01,8.0,2472.6,23.28,74.82,0.16,0.0,502.56,9.0,814.45,3401.37,518.06,602.6
189,15,17,27.93,77.75,27.93,77.75,0.7,501.48,26.51,61.67,0.7,503.18,26.51,61.67,0.7,503.18,27.92,77.75,0.7,501.48,13.0,100.0,0.7,501.48,13.58,100.0,0.7,501.48,14.41,100.0,0.7,501.48,26.12,62.95,0.18,0.0,502.03,1.0,1181.64,24.65,70.27,0.1,0.0,504.26,5.0,0.0,25.31,66.31,0.12,0.0,503.24,6.0,714.84,25.62,66.73,0.14,0.0,504.6,8.0,0.0,23.39,74.33,0.16,0.0,502.4,8.0,814.45,3396.49,518.06,602.6
189,15,33,28.05,76.5,28.05,76.5,0.7,499.13,26.57,61.42,0.7,502.33,26.57,61.42,0.7,502.33,28.05,76.5,0.7,499.13,13.0,100.0,0.7,499.13,13.58,100.0,0.7,499.13,14.41,100.0,0.7,499.13,26.2,62.46,0.18,0.0,501.0,1.0,1113.36,23.94,72.09,0.1,0.0,502.95,5.0,0.0,25.28,66.35,0.12,0.0,502.58,6.0,714.85,27.27,56.51,0.14,0.0,502.55,6.0,2437.56,23.35,74.73,0.16,0.0,501.75,4.0,404.3,3390.79,518.06,602.6
189,15,48,28.18,75.25,28.18,75.25,0.7,497.28,26.57,61.24,0.7,501.28,26.57,61.24,0.7,501.28,28.18,75.25,0.7,497.28,13.0,100.0,0.7,497.28,13.58,100.0,0.7,497.28,14.41,100.0,0.7,497.28,26.36,61.43,0.18,0.0,499.82,1.0,1113.24,23.58,72.84,0.1,0.0,501.53,5.0,0.0,25.26,66.11,0.12,0.0,501.77,6.0,714.84,25.41,67.37,0.14,0.0,501.38,9.0,0.0,23.33,74.6,0.16,0.0,501.11,4.0,404.3,3384.22,518.06,602.6
189,16,4,28.3,74.0,28.3,74.0,0.7,498.88,26.56,61.14,0.7,501.45,26.56,61.14,0.7,501.45,28.3,74.0,0.7,498.88,13.0,100.0,0.7,498.88,13.58,100.0,0.7,498.88,14.41,100.0,0.7,498.88,26.56,60.32,0.18,0.0,500.05,1.0,1113.24,23.34,73.23,0.1,0.0,501.84,5.0,0.0,25.26,65.79,0.12,0.0,501.73,4.0,714.84,25.14,65.13,0.14,0.0,501.95,9.0,0.0,23.32,74.33,0.16,0.0,501.36,7.0,404.3,3376.83,518.06,602.6
189,16,16,28.18,74.75,28.18,74.75,0.7,496.68,26.79,59.89,0.7,500.21,26.79,59.89,0.7,500.21,28.18,74.75,0.7,496.68,13.0,100.0,0.7,496.68,13.58,100.0,0.7,496.68,14.41,100.0,0.7,496.68,26.73,59.58,0.18,0.0,498.8,1.0,1113.36,23.18,73.79,0.1,0.0,500.4,5.0,0.0,25.26,65.69,0.12,0.0,500.59,3.0,714.85,27.87,53.2,0.14,0.0,500.36,9.0,2425.8,23.33,74.16,0.16,0.0,500.71,7.0,404.29,3357.71,518.06,602.6
189,16,30,28.05,75.5,28.05,75.5,0.7,488.67,26.8,59.82,0.7,500.09,26.8,59.82,0.7,500.09,28.05,75.5,0.7,488.67,13.0,100.0,0.7,488.67,13.58,100.0,0.7,488.67,14.41,100.0,0.7,488.67,26.93,59.1,0.18,0.0,496.41,1.0,1083.96,23.05,74.26,0.1,0.0,497.25,2.0,0.0,25.23,65.79,0.12,0.0,498.73,3.0,667.97,27.69,56.15,0.14,0.0,496.9,8.0,0.0,23.42,73.79,0.16,0.0,499.31,6.0,603.52,3338.1,518.06,602.6
189,16,48,27.93,76.25,27.93,76.25,0.7,489.69,26.89,59.39,0.7,495.95,26.89,59.39,0.7,495.95,27.93,76.25,0.7,489.69,13.0,100.0,0.7,489.69,13.58,100.0,0.7,489.69,14.41,100.0,0.7,489.69,26.82,59.75,0.18,0.0,493.92,1.0,1083.96,22.92,75.17,0.1,0.0,494.17,2.0,0.0,25.17,66.13,0.12,0.0,496.61,4.0,667.97,26.81,60.22,0.14,0.0,493.94,7.0,0.0,23.49,73.34,0.16,0.0,497.79,9.0,609.37,3318.01,518.06,602.6
189,17,2,27.8,77.0,27.8,77.0,0.7,492.08,26.96,59.23,0.7,495.44,26.96,59.23,0.7,495.44,27.8,77.0,0.7,492.08,13.0,100.0,0.7,492.08,13.58,100.0,0.7,492.08,14.41,100.0,0.7,492.08,26.55,60.97,0.18,0.0,493.83,0.0,1074.24,22.78,76.08,0.1,0.0,494.28,2.0,0.0,25.08,66.65,0.12,0.0,496.24,3.0,656.24,28.62,52.11,0.14,0.0,494.42,6.0,2402.4,23.55,73.18,0.16,0.0,497.51,8.0,609.37,3297.46,518.06,602.6
189,17,18,27.65,77.5,27.65,77.5,0.7,489.09,26.87,59.61,0.7,494.16,26.87,59.61,0.7,494.16,27.65,77.5,0.7,489.09,13.0,100.0,0.7,489.09,13.58,100.0,0.7,489.09,14.41,100.0,0.7,489.09,26.2,62.48,0.18,0.0,492.16,0.0,1083.96,23.15,73.82,0.1,0.0,492.61,3.0,464.56,24.98,67.13,0.12,0.0,494.81,3.0,667.97,26.74,61.98,0.14,0.0,492.92,9.0,0.0,23.59,73.12,0.16,0.0,496.35,7.0,603.5,3250.88,518.06,602.6
189,17,37,27.5,78.0,27.5,78.0,0.7,487.69,26.83,59.77,0.7,494.13,26.83,59.77,0.7,494.13,27.5,78.0,0.7,487.69,13.0,100.0,0.7,487.69,13.58,100.0,0.7,487.69,14.41,100.0,0.7,487.69,25.71,64.42,0.18,0.0,491.34,0.0,937.56,22.82,76.51,0.1,0.0,491.93,4.0,0.0,24.81,67.94,0.12,0.0,494.09,3.0,574.21,27.67,55.77,0.14,0.0,491.84,8.0,2437.56,23.57,73.33,0.16,0.0,495.7,6.0,603.52,3204.4,518.06,602.6
189,17,47,27.35,78.5,27.35,78.5,0.7,489.48,26.6,60.8,0.7,492.68,26.6,60.8,0.7,492.68,27.35,78.5,0.7,489.48,13.0,100.0,0.7,489.48,13.58,100.0,0.7,489.48,14.41,100.0,0.7,489.48,25.3,66.14,0.18,0.0,490.93,0.0,947.28,22.97,75.24,0.1,0.0,491.87,4.0,405.97,24.63,68.79,0.12,0.0,493.41,3.0,574.22,25.23,69.12,0.14,0.0,491.56,5.0,0.0,23.53,73.59,0.16,0.0,495.01,6.0,609.38,3158.04,518.06,602.6
189,18,5,27.2,79.0,27.2,79.0,0.7,482.49,26.51,61.15,0.7,490.95,26.51,61.15,0.7,490.95,27.2,79.0,0.7,482.49,13.0,100.0,0.7,482.49,13.57,100.0,0.7,482.49,14.41,100.0,0.7,482.49,24.91,67.72,0.18,0.0,487.98,0.0,937.44,22.99,75.45,0.1,0.0,488.88,6.0,401.77,24.44,69.64,0.12,0.0,491.32,5.0,574.22,26.49,59.34,0.14,0.0,487.31,5.0,2402.4,23.47,73.91,0.16,0.0,493.2,6.0,603.5,3111.8,518.06,602.6
189,18,17,26.8,77.75,26.8,77.75,0.7,480.49,26.31,61.81,0.7,488.03,26.31,61.81,0.7,488.03,26.8,77.75,0.7,480.49,13.0,100.0,0.7,480.49,13.58,100.0,0.7,480.49,14.41,100.0,0.7,480.49,24.55,68.61,0.18,0.0,485.63,0.0,937.44,22.91,75.18,0.1,0.0,486.6,6.0,401.8,24.23,70.13,0.12,0.0,489.2,4.0,574.21,24.29,72.14,0.14,0.0,484.86,6.0,0.0,23.4,73.9,0.16,0.0,491.27,4.0,603.52,2896.71,518.06,602.6
189,18,33,26.4,76.5,26.4,76.5,0.7,478.88,26.08,62.32,0.7,486.3,26.08,62.32,0.7,486.3,26.4,76.5,0.7,478.88,13.0,100.0,0.7,478.88,13.58,100.0,0.7,478.88,14.41,100.0,0.7,478.88,24.19,69.05,0.18,0.0,483.82,0.0,937.44,22.78,74.53,0.1,0.0,484.42,4.0,401.77,23.99,70.34,0.12,0.0,487.56,4.0,574.21,23.14,73.34,0.14,0.0,482.61,4.0,0.0,23.32,73.63,0.16,0.0,489.77,4.0,609.37,2787.69,518.06,602.6
189,18,47,26.0,75.25,26.0,75.25,0.7,477.89,25.99,61.84,0.7,484.58,25.99,61.84,0.7,484.58,26.0,75.25,0.7,477.89,13.0,100.0,0.7,477.89,13.58,100.0,0.7,477.89,14.41,100.0,0.7,477.89,23.88,68.94,0.18,0.0,482.22,0.0,947.28,22.64,73.48,0.1,0.0,482.81,4.0,405.98,23.77,70.21,0.12,0.0,485.91,3.0,574.22,24.96,61.24,0.14,0.0,481.24,5.0,2425.8,23.22,73.17,0.16,0.0,488.28,4.0,609.37,2698.71,518.06,602.6
189,19,3,25.6,74.0,25.6,74.0,0.7,477.09,25.89,61.33,0.7,483.37,25.89,61.33,0.7,483.37,25.6,74.0,0.7,477.09,13.0,100.0,0.7,477.09,13.58,100.0,0.7,477.09,14.41,100.0,0.7,477.09,23.59,68.59,0.18,0.0,480.94,0.0,937.56,22.49,72.34,0.1,0.0,481.56,4.0,401.8,23.55,69.86,0.12,0.0,484.57,3.0,574.21,25.86,57.39,0.14,0.0,480.3,6.0,2425.8,23.13,72.55,0.16,0.0,486.89,2.0,609.37,2612.68,518.06,602.6
189,19,16,25.6,76.0,25.6,76.0,0.7,475.79,25.59,61.43,0.7,481.56,25.59,61.43,0.7,481.56,25.6,76.0,0.7,475.79,13.0,100.0,0.7,475.79,13.58,100.0,0.7,475.79,14.41,100.0,0.7,475.79,23.33,69.48,0.18,0.0,479.41,0.0,937.44,22.35,73.04,0.1,0.0,480.06,4.0,401.77,23.35,70.41,0.12,0.0,482.79,1.0,574.21,23.28,71.96,0.14,0.0,478.56,4.0,0.0,23.03,72.66,0.16,0.0,485.34,2.0,609.37,2625.76,518.06,602.6
189,19,32,25.6,78.0,25.6,78.0,0.7,474.89,25.38,62.01,0.7,480.44,25.38,62.01,0.7,480.44,25.6,78.0,0.7,474.89,13.0,100.0,0.7,474.89,13.58,100.0,0.7,474.89,14.41,100.0,0.7,474.89,23.16,70.49,0.18,0.0,478.24,0.0,849.6,22.25,74.04,0.1,0.0,478.92,4.0,364.12,23.14,71.42,0.12,0.0,481.58,2.0,562.5,22.09,75.59,0.14,0.0,477.47,4.0,0.0,22.83,73.74,0.16,0.0,484.02,1.0,404.29,2639.44,518.06,602.6
189,19,52,25.6,80.0,25.6,80.0,0.7,474.89,25.27,62.4,0.7,480.82,25.27,62.4,0.7,480.82,25.6,80.0,0.7,474.89,13.0,100.0,0.7,474.89,13.58,100.0,0.7,474.89,14.41,100.0,0.7,474.89,23.03,71.57,0.18,0.0,477.98,0.0,859.32,22.18,75.14,0.1,0.0,478.73,4.0,368.32,22.96,72.43,0.12,0.0,481.24,2.0,574.22,22.65,72.1,0.14,0.0,477.35,4.0,1230.48,22.64,74.62,0.16,0.0,483.61,1.0,404.3,2653.74,518.06,602.6
189,20,2,25.6,82.0,25.6,82.0,0.7,474.69,25.09,63.56,0.7,478.93,25.09,63.56,0.7,478.93,25.6,82.0,0.7,474.69,13.0,100.0,0.7,474.69,13.58,100.0,0.7,474.69,14.41,100.0,0.7,474.69,22.91,73.27,0.18,0.0,476.91,0.0,849.6,21.59,80.16,0.1,0.0,477.82,4.0,0.0,22.81,73.89,0.12,0.0,479.89,2.0,562.5,24.19,66.54,0.14,0.0,476.61,4.0,2437.56,22.49,75.77,0.16,0.0,482.13,1.0,404.29,2668.68,518.06,602.6
189,20,16,25.03,86.5,25.03,86.5,0.7,474.09,25.07,64.53,0.7,477.98,25.07,64.53,0.7,477.98,25.02,86.5,0.7,474.09,13.0,100.0,0.7,474.09,13.57,100.0,0.7,474.09,14.41,100.0,0.7,474.09,22.78,75.29,0.18,0.0,476.12,0.0,849.6,24.29,65.85,0.1,0.0,476.42,1.0,2184.7,22.65,75.66,0.12,0.0,479.04,3.0,562.5,22.07,83.05,0.14,0.0,476.18,5.0,0.0,22.36,77.11,0.16,0.0,481.07,1.0,404.3,2583.53,518.06,602.6
189,20,33,24.45,91.0,24.45,91.0,0.7,474.49,24.76,66.25,0.7,477.79,24.76,66.25,0.7,477.79,24.45,91.0,0.7,474.49,13.0,100.0,0.7,474.49,13.57,100.0,0.7,474.49,14.41,100.0,0.7,474.49,22.54,78.14,0.18,0.0,475.9,0.0,595.68,22.66,81.44,0.1,0.0,476.18,1.0,0.0,22.5,77.51,0.12,0.0,478.64,3.0,562.5,21.2,86.35,0.14,88.98,476.26,5.0,0.0,22.28,78.31,0.16,0.0,480.43,0.0,404.3,2494.27,518.06,602.6
189,20,47,23.88,95.5,23.88,95.5,0.7,474.69,24.62,68.32,0.7,477.22,24.62,68.32,0.7,477.22,23.87,95.5,0.7,474.69,13.0,100.0,0.7,474.69,13.57,100.0,0.7,474.69,14.41,100.0,0.7,474.69,22.34,80.77,0.18,0.0,475.63,0.0,605.52,22.1,83.02,0.1,0.0,475.9,1.0,259.48,22.36,79.67,0.12,0.0,478.15,3.0,562.5,23.17,75.53,0.14,0.0,475.91,3.0,2414.04,22.2,79.86,0.16,0.0,479.68,0.0,398.44,2400.99,518.06,602.6
189,21,3,23.3,100.0,23.3,100.0,0.7,475.29,24.53,69.87,0.7,477.09,24.53,69.87,0.7,477.09,23.3,100.0,0.7,475.29,13.0,100.0,0.7,475.29,13.57,100.0,0.7,475.29,14.41,100.0,0.7,475.29,22.18,83.26,0.18,0.0,475.68,0.0,605.4,21.86,85.78,0.1,0.0,475.99,1.0,259.48,22.21,81.83,0.12,0.0,477.96,3.0,562.5,24.21,74.02,0.14,0.0,475.99,2.0,2402.4,22.12,81.45,0.16,0.0,479.24,0.0,404.29,2303.78,518.06,602.6
189,21,22,23.3,100.0,23.3,100.0,0.7,473.29,24.45,70.49,0.7,476.86,24.45,70.49,0.7,476.86,23.3,100.0,0.7,473.29,13.0,100.0,0.7,473.29,13.57,100.0,0.7,473.29,14.41,100.0,0.7,473.29,22.05,84.8,0.18,0.0,474.98,0.0,605.4,21.68,87.52,0.1,0.0,474.99,0.0,259.46,22.09,83.29,0.12,0.0,477.36,3.0,562.5,24.73,72.96,0.14,0.0,474.96,2.0,2425.68,22.04,82.64,0.16,0.0,478.66,0.0,398.44,2303.78,518.06,602.6
189,21,32,23.3,100.0,23.3,100.0,0.7,474.29,24.04,74.53,0.7,476.03,24.04,74.53,0.7,476.03,23.3,100.0,0.7,474.29,13.0,100.0,0.7,474.29,13.57,100.0,0.7,474.29,14.41,100.0,0.7,474.29,21.8,87.47,0.18,0.0,474.84,0.0,449.28,21.42,90.14,0.1,0.0,474.82,0.0,192.53,21.99,85.09,0.12,0.0,476.94,3.0,550.79,22.47,87.8,0.14,0.0,475.05,2.0,0.0,21.8,85.55,0.16,0.0,477.92,0.0,199.22,2303.78,518.06,602.6
189,21,48,23.3,100.0,23.3,100.0,0.7,473.69,23.73,76.58,0.7,475.63,23.73,76.58,0.7,475.63,23.3,100.0,0.7,473.69,13.0,100.0,0.7,473.69,13.57,100.0,0.7,473.69,14.41,100.0,0.7,473.69,21.6,89.09,0.18,0.0,474.46,0.0,459.0,21.2,91.76,0.1,0.0,474.37,0.0,196.69,21.9,86.34,0.12,0.0,476.49,3.0,562.5,21.28,92.41,0.14,122.26,474.62,2.0,0.0,21.57,87.47,0.16,0.0,477.33,0.0,205.08,2303.78,518.06,602.6
189,22,0,23.3,100.0,23.3,100.0,0.7,473.69,23.73,76.88,0.7,475.49,23.73,76.88,0.7,475.49,23.3,100.0,0.7,473.69,13.0,100.0,0.7,473.69,13.57,100.0,0.7,473.69,14.41,100.0,0.7,473.69,21.43,90.06,0.18,0.0,474.32,0.0,449.16,21.11,92.26,0.1,344.64,474.22,0.0,0.0,21.8,87.16,0.12,0.0,476.26,3.0,562.5,21.36,91.08,0.14,0.0,474.51,2.0,0.0,21.37,88.64,0.16,0.0,476.99,0.0,199.22,2303.78,518.06,602.6
189,22,18,23.3,100.0,23.3,100.0,0.7,473.49,23.48,79.1,0.7,475.0,23.48,79.1,0.7,475.0,23.3,100.0,0.7,473.49,13.0,100.0,0.7,473.49,13.57,100.0,0.7,473.49,14.41,100.0,0.7,473.49,21.31,91.61,0.18,0.0,474.0,0.0,449.28,22.28,84.32,0.1,0.0,473.88,0.0,1155.14,21.72,88.68,0.12,0.0,475.76,3.0,562.5,21.11,92.76,0.14,365.74,474.46,3.0,0.0,21.24,90.71,0.16,0.0,476.24,0.0,199.21,2303.78,518.06,602.6
189,22,35,23.3,100.0,23.3,100.0,0.7,474.49,23.21,80.72,0.7,475.13,23.21,80.72,0.7,475.13,23.3,100.0,0.7,474.49,13.0,100.0,0.7,474.49,13.57,100.0,0.7,474.49,14.41,100.0,0.7,474.49,21.13,92.76,0.18,129.59,474.3,0.0,429.6,21.35,92.8,0.1,489.8,474.26,0.0,0.0,21.63,89.51,0.12,0.0,475.88,3.0,562.5,21.1,92.78,0.14,622.74,475.03,3.0,0.0,21.12,91.73,0.16,231.43,476.17,0.0,205.07,2303.78,518.06,602.6
189,22,45,23.3,100.0,23.3,100.0,0.7,473.89,23.17,81.11,0.7,475.14,23.17,81.11,0.7,475.14,23.3,100.0,0.7,473.89,13.0,100.0,0.7,473.89,13.57,100.0,0.7,473.89,14.41,100.0,0.7,473.89,21.1,92.85,0.18,318.82,474.24,0.0,429.72,21.1,92.86,0.1,563.53,474.2,0.0,0.0,21.54,90.08,0.12,0.0,475.57,0.0,562.5,21.1,92.77,0.14,747.95,474.97,3.0,0.0,21.1,92.03,0.16,443.4,475.94,0.0,199.21,2303.78,518.06,602.6
189,23,3,23.3,100.0,23.3,100.0,0.7,472.49,22.9,82.95,0.7,474.23,22.9,82.95,0.7,474.23,23.3,100.0,0.7,472.49,13.0,100.0,0.7,472.49,13.57,100.0,0.7,472.49,14.41,100.0,0.7,472.49,21.1,92.96,0.18,401.39,473.49,0.0,429.6,21.1,92.89,0.1,502.33,473.33,0.0,0.0,21.46,90.98,0.12,0.0,474.63,0.0,562.5,22.7,81.89,0.14,0.0,473.6,1.0,2402.4,21.1,92.54,0.16,520.16,475.14,0.0,205.08,2303.78,518.06,602.6
189,23,17,23.03,100.0,23.03,100.0,0.7,471.29,23.07,82.04,0.7,473.42,23.07,82.04,0.7,473.42,23.03,100.0,0.7,471.29,13.0,100.0,0.7,471.29,13.57,100.0,0.7,471.29,14.41,100.0,0.7,471.29,21.1,92.5,0.18,494.81,472.72,0.0,429.72,21.1,92.32,0.1,374.66,472.46,0.0,184.15,21.38,91.2,0.12,0.0,473.86,0.0,562.5,24.42,73.43,0.14,0.0,472.71,2.0,2402.28,21.1,92.43,0.16,612.97,474.49,0.0,199.22,2245.05,518.06,602.6
189,23,37,22.75,100.0,22.75,100.0,0.7,471.89,22.89,82.83,0.7,473.71,22.89,82.83,0.7,473.71,22.75,100.0,0.7,471.89,13.0,100.0,0.7,471.89,13.57,100.0,0.7,471.89,14.41,100.0,0.7,471.89,21.1,92.0,0.18,536.86,472.8,0.0,449.28,21.1,91.73,0.1,406.57,472.59,0.0,192.52,21.3,91.22,0.12,0.0,473.84,0.0,562.5,24.73,73.36,0.14,0.0,472.79,1.0,2414.16,21.1,92.21,0.16,648.41,474.44,0.0,199.22,2186.7,518.06,602.6
189,23,46,22.47,100.0,22.47,100.0,0.7,471.09,22.63,83.54,0.7,472.71,22.63,83.54,0.7,472.71,22.47,100.0,0.7,471.09,13.0,100.0,0.7,471.09,13.57,100.0,0.7,471.09,14.41,100.0,0.7,471.09,21.1,91.16,0.18,577.91,472.15,0.0,459.0,21.1,90.79,0.1,435.0,471.89,0.0,196.69,21.23,91.01,0.12,0.0,473.11,0.0,562.5,22.3,87.22,0.14,0.0,471.97,1.0,0.0,21.1,91.81,0.16,700.35,473.77,0.0,199.22,2128.67,518.06,602.6
189,24,3,22.2,100.0,22.2,100.0,0.7,470.69,22.47,84.04,0.7,472.43,22.47,84.04,0.7,472.43,22.2,100.0,0.7,470.69,13.0,100.0,0.7,470.69,13.57,100.0,0.7,470.69,14.41,100.0,0.7,470.69,21.1,90.4,0.18,632.06,471.78,0.0,459.0,21.1,89.96,0.1,463.63,471.51,0.0,196.72,21.16,90.81,0.12,0.0,472.71,0.0,562.5,21.21,89.43,0.14,302.56,471.56,1.0,0.0,21.1,91.36,0.16,755.27,473.4,0.0,199.22,2070.92,518.06,602.6
