DayOfYear,Hour,Minute,Out_Temp_C,Out_RH_pct,Outdoor_Air_Temp_C,Outdoor_Air_RH_pct,Outdoor_Air_Flow_kg_s,Outdoor_Air_CO2_ppm,Relief_Air_Temp_C,Relief_Air_RH_pct,Relief_Air_Flow_kg_s,Relief_Air_CO2_ppm,Mixer_Inlet_Temp_C,Mixer_Inlet_RH_pct,Mixer_Inlet_Flow_kg_s,Mixer_Inlet_CO2_ppm,Mixed_Air_Temp_C,Mixed_Air_RH_pct,Mixed_Air_Flow_kg_s,Mixed_Air_CO2_ppm,CC_Out_Temp_C,CC_Out_RH_pct,CC_Out_Flow_kg_s,CC_Out_CO2_ppm,HC_Out_Temp_C,HC_Out_RH_pct,HC_Out_Flow_kg_s,HC_Out_CO2_ppm,Fan_Out_Temp_C,Fan_Out_RH_pct,Fan_Out_Flow_kg_s,Fan_Out_CO2_ppm,SPACE1-1_Temp_C,SPACE1-1_T_m_C,SPACE1-1_W_in_kg_kg,SPACE1-1_RH_pct,SPACE1-1_VAV_Flow_kg_s,SPACE1-1_Reheater_W,SPACE1-1_CO2_ppm,SPACE1-1_Occupants,SPACE1-1_EquipLoad_W,SPACE2-1_Temp_C,SPACE2-1_T_m_C,SPACE2-1_W_in_kg_kg,SPACE2-1_RH_pct,SPACE2-1_VAV_Flow_kg_s,SPACE2-1_Reheater_W,SPACE2-1_CO2_ppm,SPACE2-1_Occupants,SPACE2-1_EquipLoad_W,SPACE3-1_Temp_C,SPACE3-1_T_m_C,SPACE3-1_W_in_kg_kg,SPACE3-1_RH_pct,SPACE3-1_VAV_Flow_kg_s,SPACE3-1_Reheater_W,SPACE3-1_CO2_ppm,SPACE3-1_Occupants,SPACE3-1_EquipLoad_W,SPACE4-1_Temp_C,SPACE4-1_T_m_C,SPACE4-1_W_in_kg_kg,SPACE4-1_RH_pct,SPACE4-1_VAV_Flow_kg_s,SPACE4-1_Reheater_W,SPACE4-1_CO2_ppm,SPACE4-1_Occupants,SPACE4-1_EquipLoad_W,SPACE5-1_Temp_C,SPACE5-1_T_m_C,SPACE5-1_W_in_kg_kg,SPACE5-1_RH_pct,SPACE5-1_VAV_Flow_kg_s,SPACE5-1_Reheater_W,SPACE5-1_CO2_ppm,SPACE5-1_Occupants,SPACE5-1_EquipLoad_W,CC_Power_W,HC_Power_W,Fan_Power_W,Meter_Bldg_Elec_J,Meter_HVAC_Elec_J,Meter_AHU_Elec_J,Meter_Bldg_Gas_J
182,0,15,17.13,89.38,17.03,91.85,0.9234,433.3,24.68,55.32,0.9234,709.74,24.86,56.06,0.9234,728.02,17.36,89.66,0.9234,433.51,14.41,97.97,0.9234,421.69,14.46,96.42,0.9234,413.67,15.04,93.98,0.9234,433.97,23.94,24.35,0.01162,60.51,0.1739,0.0,736.43,11.0,1056.0,23.91,24.39,0.01158,60.93,0.0811,0.0,731.8,5.0,456.0,24.03,24.39,0.01159,60.83,0.178,0.0,749.49,11.0,1056.0,23.9,24.39,0.01158,59.1,0.0812,0.0,724.07,5.0,456.0,23.96,25.06,0.01134,60.03,0.4093,0.0,643.68,20.0,1976.0,994.97,0.0,602.6,11250000.0,1437812.02,1437812.02,0.0
182,0,30,17.23,88.65,17.36,88.55,0.118,466.5,24.85,58.38,0.118,704.59,24.83,58.11,0.1041,704.73,17.34,86.75,0.118,446.17,14.44,99.64,0.118,462.52,14.39,99.33,0.118,453.58,19.51,76.5,0.118,457.19,23.97,23.72,0.01158,60.42,0.0164,0.0,740.62,0.0,468.72,23.98,23.84,0.01153,61.86,0.0156,0.0,712.21,0.0,200.89,23.76,23.74,0.01154,61.62,0.032,0.0,701.84,0.0,574.22,23.76,23.76,0.01155,61.42,0.0064,0.0,705.31,0.0,0.0,23.79,24.0,0.0113,59.22,0.0336,0.0,662.53,0.0,199.21,76.02,0.0,602.6,1488335.04,610758.78,610758.78,0.0
182,0,45,16.94,86.17,17.07,87.04,0.0983,432.6,24.47,59.46,0.0983,720.38,24.53,60.17,0.0983,730.49,16.92,88.41,0.0983,477.62,10.11,100.44,0.0983,437.63,10.02,100.9,0.0983,469.48,15.78,95.05,0.0983,428.1,23.89,23.4,0.01153,61.55,0.0148,0.0,721.08,0.0,458.88,23.81,23.55,0.01147,59.01,0.0064,0.0,756.98,0.0,196.69,23.93,23.4,0.01149,61.75,0.0144,0.0,714.29,0.0,574.21,23.88,25.13,0.01143,60.93,0.0354,0.0,693.55,0.0,0.0,23.85,23.63,0.01127,60.02,0.0273,0.0,665.9,0.0,205.08,161.23,0.0,602.6,3640406.76,687443.21,687443.21,0.0
182,1,0,17.09,87.32,17.24,86.9,0.2605,461.68,24.39,60.36,0.2605,679.21,24.67,59.18,0.2605,689.25,17.06,86.98,0.2605,467.95,8.98,101.45,0.2605,448.07,9.09,101.45,0.2605,446.53,11.29,98.84,0.2605,464.69,23.52,23.25,0.01148,63.03,0.0148,0.0,712.63,0.0,468.72,23.5,23.41,0.01142,60.71,0.0064,0.0,683.11,0.0,200.88,23.63,23.28,0.01143,60.41,0.0144,0.0,698.19,0.0,562.5,23.85,25.88,0.01087,57.24,0.1977,0.0,569.5,0.0,2400.0,23.74,23.48,0.01123,59.99,0.0273,0.0,652.29,0.0,205.08,530.68,0.0,602.6,5803151.04,1019952.66,1019952.66,0.0
182,1,15,16.9,85.64,16.96,86.44,0.0785,484.76,24.36,57.71,0.0785,641.44,24.51,59.54,0.0785,662.62,16.99,87.47,0.0785,454.32,12.76,100.8,0.0785,478.23,12.68,100.32,0.0785,478.74,20.36,70.36,0.0785,472.19,23.59,23.06,0.01142,60.35,0.0148,0.0,693.36,0.0,459.0,23.66,23.22,0.01137,61.17,0.0064,0.0,690.47,0.0,196.69,23.83,23.13,0.01138,60.4,0.0144,0.0,676.16,0.0,574.22,23.88,24.13,0.01054,55.19,0.0157,0.0,499.11,0.0,0.0,23.61,23.27,0.01119,61.15,0.0273,0.0,660.95,0.0,199.22,76.49,0.0,602.6,1475157.96,611181.9,611181.9,0.0
182,1,30,16.91,85.64,16.96,86.16,0.0692,446.46,23.97,57.24,0.0692,626.55,24.23,59.41,0.0692,650.1,17.08,89.5,0.0692,454.62,7.56,102.16,0.0692,472.1,7.51,100.69,0.0692,459.71,16.07,90.06,0.0692,465.03,23.38,22.94,0.01137,60.65,0.0148,0.0,648.55,0.0,439.44,23.65,23.11,0.01132,61.42,0.0064,0.0,670.47,0.0,188.33,23.58,22.99,0.01133,61.43,0.0144,0.0,651.25,0.0,562.5,23.81,23.59,0.01044,55.4,0.0064,0.0,474.2,0.0,0.0,23.39,23.15,0.01116,59.52,0.0273,0.0,646.97,0.0,199.22,149.91,0.0,602.6,1438814.88,677254.75,677254.75,0.0
182,1,45,16.84,86.87,16.74,87.39,0.0692,477.75,23.81,58.48,0.0692,664.97,23.8,61.74,0.0692,626.39,16.59,87.77,0.0692,454.21,6.38,99.52,0.0692,450.55,6.45,100.09,0.0692,461.19,14.97,95.38,0.0692,456.03,23.14,22.76,0.01133,63.74,0.0148,0.0,661.94,0.0,439.44,23.28,22.97,0.01128,61.75,0.0064,0.0,616.11,0.0,188.34,23.31,22.85,0.0113,61.16,0.0144,0.0,638.75,0.0,574.21,23.26,23.25,0.01041,58.93,0.0064,0.0,481.2,0.0,0.0,22.94,22.98,0.01113,60.71,0.0273,0.0,603.78,0.0,199.22,165.28,0.0,602.6,1450026.36,691092.51,691092.51,0.0
182,2,0,16.72,87.31,16.86,88.35,0.0831,478.79,23.85,60.45,0.0831,609.13,23.83,59.26,0.0831,595.25,16.65,87.66,0.0831,449.21,6.63,98.53,0.0831,460.38,6.58,99.47,0.0831,450.33,13.53,100.51,0.0831,458.06,22.99,22.62,0.01128,63.6,0.0148,0.0,645.22,0.0,439.44,23.04,22.8,0.01123,61.07,0.0064,0.0,615.86,0.0,188.33,23.03,22.71,0.01125,61.98,0.0144,0.0,659.1,0.0,562.5,23.78,24.69,0.01042,52.66,0.0202,0.0,524.06,0.0,0.0,23.08,22.82,0.01109,62.07,0.0273,0.0,591.49,0.0,199.21,198.75,0.0,602.6,3631313.16,705798.44,705798.44,0.0
182,2,15,16.68,87.45,16.66,86.31,0.0692,455.48,23.98,58.83,0.0692,619.69,23.85,59.98,0.0692,626.11,16.61,88.08,0.0692,474.06,7.92,100.15,0.0692,447.58,7.84,100.75,0.0692,495.41,16.34,88.03,0.0692,454.85,22.91,22.47,0.01123,64.41,0.0148,0.0,648.35,0.0,439.44,23.14,22.68,0.01119,62.4,0.0064,0.0,633.33,0.0,188.33,22.93,22.58,0.0112,63.44,0.0144,0.0,631.18,0.0,562.5,23.63,23.54,0.01042,56.7,0.0064,0.0,486.49,0.0,0.0,22.68,22.69,0.01105,62.01,0.0273,0.0,601.16,0.0,199.21,140.82,0.0,602.6,1438805.16,669081.1,669081.1,0.0
182,2,30,16.47,86.39,16.59,85.43,0.0692,458.56,23.41,61.33,0.0692,611.57,23.56,60.4,0.0692,606.89,16.62,84.39,0.0692,431.65,6.4,99.74,0.0692,468.15,6.54,100.39,0.0692,486.84,14.94,93.91,0.0692,460.6,22.64,22.37,0.01119,62.75,0.0148,0.0,639.47,0.0,478.56,22.85,22.56,0.01115,61.5,0.0064,0.0,637.62,0.0,205.08,22.96,22.47,0.01116,62.83,0.0144,0.0,636.14,0.0,574.22,23.24,23.08,0.01042,58.08,0.0064,0.0,477.96,0.0,0.0,22.71,22.64,0.01102,62.02,0.0273,0.0,604.23,0.0,199.21,162.9,0.0,602.6,1685532.24,688945.72,688945.72,0.0
182,2,45,16.44,85.57,16.5,87.82,0.2356,446.57,23.21,59.36,0.2356,505.32,23.46,62.26,0.2356,527.15,16.63,86.93,0.2356,446.11,11.76,100.36,0.2356,457.35,11.67,100.09,0.2356,475.01,14.25,97.74,0.2356,484.76,22.62,22.24,0.01114,64.51,0.0148,0.0,639.34,0.0,478.44,22.77,22.45,0.0111,62.41,0.0064,0.0,618.45,0.0,205.06,22.64,22.36,0.01111,62.82,0.0144,0.0,620.04,0.0,585.94,23.78,23.4,0.01034,54.26,0.1727,0.0,494.08,0.0,2400.0,22.63,22.53,0.01098,62.5,0.0273,0.0,611.65,0.0,199.21,286.3,0.0,602.6,3824978.76,775861.97,775861.97,0.0
182,3,0,16.32,86.67,16.42,85.66,0.0692,471.06,23.13,59.37,0.0692,596.53,23.23,60.09,0.0692,596.28,16.28,87.54,0.0692,449.14,6.46,99.37,0.0692,459.43,6.55,101.7,0.0692,474.8,14.88,94.73,0.0692,460.49,22.65,22.14,0.01109,64.79,0.0148,0.0,609.96,0.0,478.44,22.6,22.34,0.01105,61.51,0.0064,0.0,612.18,0.0,205.08,22.69,22.25,0.01106,61.93,0.0144,0.0,606.75,0.0,585.94,22.98,23.02,0.01026,58.05,0.0064,0.0,450.7,0.0,0.0,22.53,22.44,0.01093,63.0,0.0273,0.0,558.64,0.0,199.21,161.28,0.0,602.6,1696062.24,687485.21,687485.21,0.0
182,3,15,16.12,89.89,16.31,87.44,0.0692,480.11,23.06,60.84,0.0692,575.88,23.28,59.19,0.0692,582.39,16.2,87.51,0.0692,466.58,6.52,98.15,0.0692,471.45,6.37,99.46,0.0692,467.36,15.01,95.26,0.0692,461.84,22.45,22.04,0.01105,64.01,0.0148,0.0,609.95,0.0,478.56,22.53,22.24,0.01102,63.34,0.0064,0.0,584.93,0.0,205.08,22.33,22.15,0.01103,63.78,0.0144,0.0,608.05,0.0,574.22,22.68,22.6,0.01025,59.73,0.0064,0.0,453.11,0.0,0.0,22.54,22.35,0.01091,64.65,0.0273,0.0,552.92,0.0,199.21,160.04,0.0,602.6,1654470.36,686376.1,686376.1,0.0
182,3,30,16.33,88.52,16.21,90.02,0.0692,502.92,23.15,59.95,0.0692,597.31,22.88,61.94,0.0692,581.36,16.3,89.11,0.0692,434.8,6.38,99.57,0.0692,459.54,6.26,99.26,0.0692,463.66,15.05,94.61,0.0692,469.51,22.28,21.94,0.01102,65.45,0.0148,0.0,634.79,0.0,449.28,22.43,22.14,0.01099,63.49,0.0064,0.0,599.74,0.0,192.52,22.51,22.05,0.011,63.6,0.0144,0.0,595.92,0.0,550.78,22.25,22.29,0.01025,59.4,0.0064,0.0,497.58,0.0,0.0,22.4,22.2,0.01089,60.57,0.0273,0.0,579.73,0.0,199.21,158.8,0.0,602.6,1441537.56,685260.06,685260.06,0.0
182,3,45,16.15,89.99,16.11,89.04,0.198,455.55,22.77,60.97,0.198,489.7,22.91,59.71,0.198,544.37,16.2,89.24,0.198,441.58,11.78,100.11,0.198,478.04,11.92,101.74,0.198,447.17,14.97,95.81,0.198,427.86,22.16,21.84,0.011,64.25,0.0148,0.0,626.43,0.0,459.0,22.36,22.05,0.01097,63.97,0.0064,0.0,603.39,0.0,196.72,22.33,21.95,0.01098,63.5,0.0144,0.0,602.41,0.0,550.79,23.67,22.71,0.01024,54.17,0.1352,0.0,473.3,0.0,2400.0,22.41,22.1,0.01087,62.39,0.0273,0.0,569.63,0.0,205.08,211.09,0.0,602.6,3620124.36,748812.24,748812.24,0.0
182,4,0,16.05,91.42,16.05,89.65,0.0692,459.98,22.74,62.18,0.0692,556.69,23.01,60.66,0.0692,597.78,15.97,88.87,0.0692,464.48,6.51,101.43,0.0692,477.13,6.45,99.88,0.0692,447.4,14.98,96.48,0.0692,455.46,22.08,21.75,0.01098,66.01,0.0148,0.0,616.75,0.0,459.0,22.39,21.94,0.01095,64.6,0.0064,0.0,584.09,0.0,196.69,22.22,21.86,0.01096,63.09,0.0144,0.0,630.73,0.0,550.78,23.05,22.64,0.01025,57.58,0.0064,0.0,454.63,0.0,0.0,22.12,22.01,0.01085,65.2,0.0273,0.0,581.44,0.0,205.08,156.33,0.0,602.6,1434960.36,683027.14,683027.14,0.0
182,4,15,16.17,90.23,16.13,90.04,0.0692,483.29,22.62,61.98,0.0692,573.8,22.48,62.34,0.0692,570.97,16.04,89.95,0.0692,447.09,6.78,100.29,0.0692,474.61,6.37,99.4,0.0692,458.83,15.02,94.95,0.0692,462.28,22.02,21.67,0.01096,66.06,0.0148,0.0,622.42,0.0,449.28,22.33,21.87,0.01093,64.59,0.0064,0.0,595.46,0.0,192.53,22.17,21.78,0.01094,64.16,0.0144,0.0,606.64,0.0,550.79,22.34,22.24,0.01026,61.83,0.0064,0.0,474.58,0.0,0.0,22.02,21.92,0.01083,64.25,0.0273,0.0,573.17,0.0,199.21,156.33,0.0,602.6,1441548.36,683034.47,683034.47,0.0
182,4,30,16.27,88.75,16.17,89.93,0.2062,470.09,22.84,60.94,0.2062,524.29,22.46,60.03,0.2062,512.06,16.07,89.94,0.2062,469.62,11.94,101.98,0.2062,468.59,12.07,99.7,0.2062,476.17,15.0,94.96,0.2062,429.11,21.88,21.63,0.01094,63.02,0.0148,0.0,595.27,0.0,429.72,21.96,21.82,0.01091,64.57,0.0064,0.0,576.3,0.0,184.16,22.06,21.75,0.01092,64.59,0.0144,0.0,566.37,0.0,550.79,23.84,22.67,0.01026,54.76,0.1433,0.0,466.37,0.0,2520.0,21.99,21.84,0.01082,64.37,0.0273,0.0,580.94,0.0,205.07,209.96,0.0,602.6,3664663.56,752003.47,752003.47,0.0
182,4,45,16.07,89.5,16.27,89.19,0.0692,424.91,22.49,61.06,0.0692,589.3,22.4,62.68,0.0692,566.91,16.0,89.36,0.0692,515.14,6.33,98.41,0.0692,468.08,6.54,98.86,0.0692,448.53,14.97,95.4,0.0692,470.35,21.74,21.61,0.01092,65.5,0.0148,0.0,601.44,0.0,439.44,21.92,21.79,0.01089,64.13,0.0064,0.0,591.1,0.0,188.34,22.05,21.74,0.0109,64.84,0.0144,0.0,576.33,0.0,562.5,23.05,22.64,0.01026,56.8,0.0064,0.0,467.09,0.0,0.0,22.09,21.78,0.0108,64.2,0.0273,0.0,538.76,0.0,199.21,156.32,0.0,602.6,1413662.76,683021.24,683021.24,0.0
182,5,0,15.99,91.22,16.01,91.1,0.0692,460.55,22.29,62.67,0.0692,565.57,22.17,61.94,0.0692,560.96,16.19,90.48,0.0692,450.98,6.47,99.17,0.0692,461.81,6.52,100.85,0.0692,463.35,14.85,94.34,0.0692,452.08,21.91,21.6,0.0109,65.82,0.0148,0.0,570.6,0.0,429.72,21.95,21.78,0.01087,64.69,0.0064,0.0,577.92,0.0,184.14,22.02,21.74,0.01089,62.66,0.0144,0.0,589.77,0.0,562.5,22.49,22.27,0.01027,60.0,0.0064,0.0,468.04,0.0,0.0,21.7,21.72,0.01079,66.09,0.0273,0.0,574.07,0.0,205.08,156.32,0.0,602.6,1407193.56,683028.75,683028.75,0.0
182,5,15,16.16,90.57,16.08,90.42,0.1979,447.78,22.15,62.02,0.1979,508.45,22.34,60.57,0.1979,519.87,16.0,91.19,0.1979,494.24,11.89,99.95,0.1979,478.25,11.81,102.14,0.1979,435.18,14.91,97.59,0.1979,477.08,21.57,21.61,0.01089,64.72,0.0148,0.0,578.81,0.0,429.72,21.83,21.77,0.01086,64.86,0.0064,0.0,579.08,0.0,184.14,22.01,21.75,0.01087,63.51,0.0144,0.0,605.19,0.0,550.79,23.89,22.7,0.01029,55.43,0.135,0.0,456.49,0.0,2400.0,21.62,21.67,0.01078,64.86,0.0273,0.0,544.48,0.0,199.22,206.42,0.0,602.6,3550722.48,746394.04,746394.04,0.0
182,5,30,16.26,90.51,16.12,90.21,0.0692,469.99,22.31,62.82,0.0692,562.15,22.07,62.95,0.0692,570.16,16.01,92.59,0.0692,459.55,6.62,100.73,0.0692,484.69,6.6,98.04,0.0692,441.05,14.88,96.94,0.0692,478.87,21.88,21.64,0.01087,64.56,0.0148,0.0,561.5,0.0,458.88,21.81,21.79,0.01085,65.25,0.0064,0.0,560.81,0.0,196.7,22.04,21.77,0.01086,65.08,0.0144,0.0,566.88,0.0,562.5,23.22,22.7,0.0103,57.85,0.0064,0.0,452.68,0.0,0.0,21.61,21.63,0.01077,64.06,0.0273,0.0,560.05,0.0,199.22,155.51,0.0,602.6,1440014.76,682288.14,682288.14,0.0
182,5,45,16.05,91.8,16.21,93.05,0.0692,444.47,21.99,63.48,0.0692,582.36,21.9,63.56,0.0692,536.69,16.09,90.68,0.0692,461.54,6.58,99.23,0.0692,475.34,6.48,99.9,0.0692,451.93,14.95,100.29,0.0692,451.58,21.92,21.75,0.01087,62.7,0.0148,0.0,582.49,0.0,468.72,21.95,21.92,0.01084,63.68,0.0064,0.0,581.33,0.0,200.89,22.21,21.9,0.01085,63.12,0.0144,0.0,583.43,0.0,574.22,22.57,22.42,0.01032,58.84,0.0064,0.0,462.5,0.0,0.0,21.53,21.59,0.01077,66.04,0.0273,0.0,526.3,0.0,199.22,155.11,0.0,602.6,1462651.56,681935.4,681935.4,0.0
182,6,0,16.05,92.98,16.04,91.53,0.2032,451.33,22.14,63.22,0.2032,480.18,22.11,63.2,0.2032,509.41,16.19,92.08,0.2032,468.66,11.74,99.44,0.2032,471.48,11.9,102.03,0.2032,498.9,14.77,97.95,0.2032,477.37,22.01,21.9,0.01086,64.01,0.0148,0.0,595.04,0.0,459.0,22.23,22.12,0.01084,61.65,0.0064,0.0,581.13,0.0,196.7,22.27,22.14,0.01085,62.95,0.0144,0.0,573.57,0.0,562.5,23.83,22.96,0.01038,57.38,0.1404,0.0,432.96,0.0,2400.0,21.68,21.57,0.01077,64.64,0.0273,0.0,565.56,0.0,199.22,214.12,0.0,602.6,3600133.56,761316.09,761316.09,0.0
182,6,15,16.1,91.45,16.02,94.46,0.0692,456.03,22.36,61.38,0.0692,511.8,22.13,61.3,0.0692,543.93,16.12,92.41,0.0692,462.29,12.2,100.8,0.0692,438.05,12.07,100.88,0.0692,487.81,20.66,69.13,0.0692,463.33,22.36,22.07,0.01086,63.24,0.0148,0.0,584.22,0.0,459.0,22.38,22.35,0.01084,59.6,0.0064,0.0,564.01,0.0,196.72,22.65,22.39,0.01085,60.79,0.0144,0.0,582.61,0.0,562.5,23.59,22.98,0.01043,58.07,0.0064,0.0,450.43,0.0,0.0,21.62,21.56,0.01077,64.78,0.0273,0.0,555.55,0.0,199.22,64.5,0.0,602.6,1439582.76,600391.15,600391.15,0.0
182,6,30,16.05,94.34,16.02,91.56,0.0692,437.45,22.07,61.99,0.0692,550.69,22.07,62.55,0.0692,564.24,16.05,93.25,0.0692,454.07,6.6,100.35,0.0692,488.29,6.34,99.95,0.0692,492.72,15.25,98.05,0.0692,465.73,22.57,22.28,0.01085,62.2,0.0148,0.0,571.22,0.0,449.16,22.74,22.61,0.01083,60.2,0.0064,0.0,593.77,0.0,192.52,22.72,22.65,0.01084,60.08,0.0144,0.0,575.8,0.0,539.06,23.11,23.02,0.01045,58.7,0.0064,0.0,454.06,0.0,0.0,21.67,21.56,0.01077,64.69,0.0273,0.0,548.45,0.0,0.0,154.7,0.0,602.6,1250928.36,681572.34,681572.34,0.0
182,6,45,16.17,94.37,16.1,94.11,0.0692,453.42,21.99,63.2,0.0692,552.35,21.98,64.8,0.0692,553.79,16.05,91.36,0.0692,446.01,6.37,98.48,0.0692,456.95,6.65,99.74,0.0692,452.16,15.15,97.27,0.0692,474.2,22.47,22.45,0.01085,61.8,0.0148,0.0,557.97,0.0,459.0,22.88,22.84,0.01083,61.52,0.0064,0.0,548.62,0.0,196.72,23.07,22.85,0.01084,60.51,0.0144,0.0,539.46,0.0,539.06,22.71,22.91,0.01047,59.04,0.0064,0.0,465.72,0.0,0.0,21.39,21.55,0.01077,65.39,0.0273,0.0,556.09,0.0,0.0,154.7,0.0,602.6,1239210.36,681570.56,681570.56,0.0
182,7,0,16.11,91.0,16.22,92.54,0.0692,477.12,22.03,63.81,0.0692,589.57,22.19,62.47,0.0692,558.58,16.05,93.28,0.0692,457.26,6.59,99.44,0.0692,448.45,6.56,99.33,0.0692,457.65,15.09,98.55,0.0692,466.83,22.7,22.64,0.01084,60.72,0.0148,0.0,577.17,0.0,459.0,23.07,23.08,0.01083,59.07,0.0064,0.0,545.7,0.0,196.72,23.04,23.05,0.01084,59.81,0.0144,0.0,572.52,0.0,539.06,22.69,22.87,0.01049,57.92,0.0064,0.0,474.18,0.0,0.0,21.25,21.54,0.01077,66.97,0.0273,0.0,534.04,0.0,0.0,154.7,0.0,602.6,1263575.16,681568.21,681568.21,0.0
182,7,15,16.22,91.6,16.43,93.19,0.0692,449.6,22.06,65.1,0.0692,525.58,21.89,64.62,0.0692,548.12,16.29,91.71,0.0692,459.78,6.66,101.53,0.0692,465.13,6.48,100.66,0.0692,467.47,14.94,99.02,0.0692,457.71,22.64,22.81,0.01084,60.38,0.0148,0.0,573.72,0.0,449.16,23.2,23.3,0.01083,59.55,0.0064,0.0,568.6,0.0,192.52,23.43,23.24,0.01083,58.17,0.0144,0.0,572.38,0.0,539.06,22.69,22.88,0.01051,58.89,0.0064,0.0,483.59,0.0,0.0,21.22,21.54,0.01077,67.73,0.0273,0.0,519.44,0.0,0.0,156.34,0.0,602.6,1225795.68,683045.73,683045.73,0.0
182,7,30,16.27,92.68,16.4,93.24,0.0706,474.22,22.12,63.62,0.0706,540.32,22.21,63.09,0.0706,524.49,16.42,93.97,0.0706,483.78,6.7,100.8,0.0706,447.68,6.7,99.28,0.0706,493.53,15.07,99.93,0.0706,454.55,23.19,23.15,0.01085,60.31,0.0148,0.0,555.13,0.0,449.28,23.55,23.68,0.0109,55.79,0.0078,0.0,568.19,1.0,192.53,23.6,23.44,0.01084,57.43,0.0144,0.0,521.29,0.0,574.21,22.77,22.93,0.01053,59.05,0.0064,0.0,447.31,0.0,0.0,21.4,21.59,0.01078,66.0,0.0273,0.0,561.68,0.0,199.22,158.48,0.0,602.6,1941026.76,684971.23,684971.23,0.0
182,7,45,16.44,93.02,16.7,92.15,0.08,485.66,22.21,64.08,0.08,559.67,22.1,62.82,0.08,535.63,16.41,91.46,0.08,455.68,7.39,100.8,0.08,472.23,7.55,99.62,0.08,461.28,14.74,101.5,0.08,486.75,23.39,23.41,0.01089,59.89,0.0162,0.0,576.17,1.0,459.0,23.88,24.02,0.01098,58.9,0.0157,0.0,578.47,0.0,196.72,23.72,23.68,0.01085,57.91,0.0144,0.0,519.02,0.0,574.21,22.81,23.04,0.01056,58.64,0.0064,0.0,501.67,0.0,0.0,21.69,21.67,0.01079,65.69,0.0273,0.0,536.77,0.0,199.22,168.4,0.0,602.6,1953662.76,691858.48,691858.48,0.0
182,8,0,16.77,93.73,16.57,91.54,0.1051,433.87,22.14,63.06,0.1051,544.75,22.3,63.14,0.1051,576.3,16.78,94.1,0.1051,470.9,7.5,100.57,0.1051,454.61,7.74,98.51,0.1051,449.72,13.31,99.92,0.1051,466.29,23.44,23.73,0.01092,58.9,0.0148,0.0,548.94,0.0,458.88,23.91,24.26,0.01102,57.96,0.0249,0.0,581.12,0.0,196.69,23.75,23.92,0.01087,56.7,0.0318,0.0,512.41,0.0,574.21,22.88,23.18,0.01059,59.01,0.0064,0.0,472.92,0.0,0.0,21.51,21.76,0.01081,65.8,0.0273,0.0,521.49,0.0,205.08,221.33,0.0,602.6,1958684.76,741533.42,741533.42,0.0
182,8,15,16.72,92.92,16.75,91.91,0.1367,489.58,22.36,62.24,0.1367,526.55,22.46,62.8,0.1367,558.57,16.98,92.18,0.1367,457.21,9.33,100.27,0.1367,475.95,9.48,100.37,0.1367,462.22,13.76,98.69,0.1367,471.64,23.95,23.97,0.01094,58.26,0.0225,0.0,587.29,0.0,459.0,23.85,24.47,0.01104,59.51,0.0322,0.0,556.54,0.0,196.72,24.08,24.12,0.01093,55.84,0.0483,0.0,537.99,1.0,574.22,23.17,23.33,0.01062,58.86,0.0064,0.0,482.39,0.0,0.0,21.64,21.84,0.01083,65.69,0.0273,0.0,546.03,0.0,205.08,239.71,0.0,602.6,1958954.76,758080.23,758080.23,0.0
182,8,30,16.73,92.25,16.86,90.19,0.2999,436.88,22.42,61.22,0.2999,541.48,22.7,62.43,0.2999,529.57,16.98,91.58,0.2999,460.75,10.72,100.61,0.2999,443.04,10.66,100.2,0.2999,441.48,12.57,98.99,0.2999,474.13,24.02,24.73,0.01096,58.59,0.1337,0.0,554.35,1.0,1123.08,24.1,25.08,0.011,58.83,0.0713,0.0,539.84,0.0,481.32,23.94,24.26,0.01099,57.28,0.0613,0.0,540.12,1.0,621.1,23.36,23.51,0.01065,58.35,0.0064,0.0,498.44,0.0,0.0,21.76,22.0,0.01084,64.2,0.0273,0.0,509.58,0.0,199.22,485.48,0.0,602.6,4821792.84,979269.48,979269.48,0.0
182,8,45,17.05,91.3,17.24,90.76,0.405,434.39,22.77,60.24,0.405,547.35,22.64,60.12,0.405,547.9,17.01,90.54,0.405,457.41,13.02,98.23,0.405,476.46,12.91,99.42,0.405,476.53,14.48,101.38,0.405,452.5,24.03,25.05,0.01097,58.09,0.1853,0.0,530.11,1.0,1123.08,24.0,25.37,0.01094,57.51,0.0987,0.0,500.81,0.0,481.31,23.94,24.39,0.01103,58.59,0.0873,0.0,530.27,1.0,632.82,23.45,23.72,0.01067,57.76,0.0064,0.0,493.85,0.0,0.0,21.98,22.12,0.01085,63.33,0.0273,0.0,505.4,0.0,199.21,452.72,0.0,602.6,4857454.44,949786.14,949786.14,0.0
182,9,0,17.25,88.1,17.2,89.49,0.4756,441.32,22.91,59.94,0.4756,537.44,23.0,59.3,0.4756,499.8,17.27,89.67,0.4756,488.08,13.62,100.4,0.4756,445.39,13.62,99.14,0.4756,459.15,15.01,99.55,0.4756,451.51,23.91,25.29,0.011,57.48,0.2279,0.0,537.24,3.0,1123.08,23.89,25.58,0.01088,56.43,0.1121,0.0,464.34,0.0,481.32,23.89,24.51,0.01103,57.41,0.1019,0.0,516.71,1.0,632.82,23.7,23.94,0.01068,57.33,0.0064,0.0,481.11,0.0,0.0,22.21,22.25,0.01085,62.11,0.0273,0.0,522.68,0.0,199.21,503.27,0.0,602.6,4832333.64,995277.86,995277.86,0.0
182,9,15,17.52,86.62,17.4,90.54,0.7755,464.37,23.2,60.17,0.7755,498.0,23.22,61.31,0.7755,491.14,17.4,90.78,0.7755,476.54,13.81,100.23,0.7755,458.02,13.66,100.35,0.7755,490.47,14.49,99.33,0.7755,507.41,23.77,25.56,0.01107,58.52,0.2938,0.0,576.9,12.0,1122.96,23.86,25.76,0.0107,55.88,0.1175,0.0,461.56,0.0,481.3,23.78,24.63,0.01098,57.56,0.1148,0.0,532.07,2.0,621.1,23.69,24.77,0.01058,55.42,0.2166,0.0,501.26,1.0,2400.0,22.47,22.43,0.0109,63.33,0.0328,0.0,546.25,4.0,199.21,986.26,0.0,602.6,6981522.84,1429976.38,1429976.38,0.0
182,9,30,17.71,87.25,17.5,88.14,0.8903,435.95,23.54,58.19,0.8903,559.45,23.62,57.43,0.8903,544.23,17.3,88.96,0.8903,476.96,14.29,98.46,0.8903,465.71,14.26,98.32,0.8903,443.2,14.87,94.94,0.8903,487.09,23.79,26.08,0.01119,56.97,0.4726,0.0,706.71,23.0,1787.16,23.85,26.13,0.01053,54.85,0.1636,0.0,453.96,0.0,765.91,23.9,24.78,0.01097,56.54,0.161,0.0,541.02,5.0,738.28,23.86,24.66,0.01083,57.75,0.0602,0.0,572.05,5.0,0.0,22.75,22.72,0.01096,60.57,0.0328,0.0,543.03,4.0,609.38,1062.8,0.0,602.6,7035218.28,1498235.09,1498235.09,0.0
182,9,45,17.58,86.83,17.74,88.83,0.952,468.6,23.78,59.13,0.952,636.85,23.81,58.13,0.952,626.86,17.64,87.83,0.952,462.55,14.43,98.25,0.952,472.77,14.27,97.14,0.952,466.41,15.18,93.7,0.952,485.0,23.89,26.36,0.01123,60.78,0.5065,0.0,722.16,24.0,1787.16,23.81,26.36,0.01036,53.67,0.1747,0.0,457.06,0.0,765.91,23.94,24.93,0.01093,56.96,0.176,0.0,580.48,5.0,750.0,23.8,24.81,0.01118,60.37,0.0607,0.0,678.62,4.0,0.0,23.37,22.98,0.01106,59.8,0.0342,0.0,579.62,5.0,609.37,1203.93,0.0,602.6,7040489.76,1625797.47,1625797.47,0.0
182,10,0,17.84,87.15,17.82,89.12,1.0116,484.61,23.9,59.15,1.0116,671.55,23.65,59.23,1.0116,631.62,17.78,86.77,1.0116,445.79,14.37,97.64,1.0116,460.62,14.39,96.81,1.0116,450.78,14.86,93.56,1.0116,432.3,23.96,26.57,0.01115,59.07,0.5269,0.0,699.14,24.0,1787.04,23.75,26.58,0.01032,54.56,0.1954,0.0,485.52,2.0,765.89,23.92,25.04,0.01084,57.05,0.1801,0.0,601.94,4.0,738.29,23.74,24.98,0.01142,60.77,0.0792,0.0,769.57,6.0,0.0,23.56,23.22,0.01112,60.08,0.03,0.0,586.97,2.0,609.37,1363.5,0.0,602.6,7035089.76,1769489.07,1769489.07,0.0
182,10,15,17.93,85.43,17.91,86.71,1.078,469.79,24.02,57.76,1.078,637.15,24.0,57.5,1.078,652.48,17.93,88.6,1.078,474.8,14.42,96.71,1.078,453.85,14.6,97.04,1.078,467.3,15.12,93.61,1.078,480.76,24.04,26.77,0.01106,57.88,0.5472,0.0,713.38,24.0,1787.16,23.81,26.75,0.01034,53.97,0.2037,0.0,511.06,2.0,765.89,23.97,25.18,0.01077,57.52,0.2045,0.0,619.62,6.0,738.28,24.09,25.14,0.01155,60.67,0.0925,0.0,817.48,7.0,0.0,23.79,23.4,0.01115,60.11,0.03,0.0,634.23,2.0,609.37,1521.12,0.0,602.6,7035185.88,1911350.91,1911350.91,0.0
182,10,30,18.0,87.13,18.04,86.43,1.1883,483.22,24.06,57.62,1.1883,695.02,24.08,56.52,1.1883,674.27,18.19,88.17,1.1883,480.27,14.42,96.61,1.1883,486.06,14.58,95.86,1.1883,454.4,14.9,93.58,1.1883,489.74,23.88,26.96,0.011,57.62,0.5556,0.0,686.28,24.0,1669.92,24.0,26.89,0.01034,54.51,0.2063,0.0,515.44,2.0,715.68,23.92,25.32,0.01073,56.4,0.2179,0.0,599.37,6.0,738.29,23.85,26.77,0.01131,59.21,0.1722,0.0,798.49,7.0,0.0,23.88,23.66,0.01118,59.89,0.0363,0.0,627.74,3.0,609.37,1765.43,0.0,602.6,9472230.72,2131227.04,2131227.04,0.0
182,10,45,18.01,87.97,18.28,86.39,1.3491,483.1,24.45,55.03,1.3491,685.13,24.51,55.05,1.3491,692.59,18.22,87.63,1.3491,478.11,14.37,96.83,1.3491,463.99,14.54,94.99,1.3491,468.64,15.02,92.29,1.3491,456.8,23.87,27.0,0.01078,56.07,0.4951,0.0,676.5,12.0,1669.92,23.98,26.97,0.01032,54.64,0.21,0.0,521.47,2.0,715.68,24.0,25.41,0.01066,55.82,0.2219,0.0,597.86,5.0,750.0,23.66,26.38,0.01077,57.37,0.3353,0.0,655.82,7.0,2400.0,24.0,23.84,0.01114,57.16,0.0868,0.0,616.08,2.0,609.37,2096.54,0.0,602.6,9466332.84,2429225.13,2429225.13,0.0
182,11,0,18.37,87.35,18.31,88.82,1.3367,504.82,24.46,54.63,1.3367,616.47,24.64,56.77,1.3367,642.99,18.31,86.13,1.3367,466.97,14.61,95.01,1.3367,506.97,14.65,96.72,1.3367,474.11,14.98,92.38,1.3367,464.32,23.86,27.04,0.01056,56.24,0.4755,0.0,605.87,7.0,1669.92,23.86,27.01,0.01028,52.46,0.2075,0.0,534.18,1.0,715.68,23.81,25.47,0.0106,55.79,0.2243,0.0,598.65,4.0,750.0,23.96,26.46,0.01058,56.13,0.3523,0.0,607.3,9.0,2400.0,23.89,23.98,0.01109,57.69,0.077,0.0,640.2,2.0,609.37,2108.9,0.0,602.6,9441321.12,2440353.21,2440353.21,0.0
182,11,15,18.14,87.93,18.35,86.55,1.3678,468.14,24.47,55.21,1.3678,596.74,24.8,56.01,1.3678,574.19,18.29,87.82,1.3678,474.09,14.48,95.9,1.3678,463.05,14.47,94.65,1.3678,482.15,14.89,93.14,1.3678,480.12,23.95,27.11,0.01044,53.43,0.4819,0.0,543.24,7.0,1669.92,23.86,27.05,0.01029,54.33,0.2148,0.0,510.99,2.0,715.68,23.97,25.52,0.01052,54.57,0.2231,0.0,593.05,3.0,750.0,23.93,26.54,0.01057,55.79,0.3596,0.0,589.95,8.0,2520.0,23.96,24.05,0.01102,58.75,0.0884,0.0,614.45,2.0,609.38,2168.1,0.0,602.6,9574462.44,2493624.92,2493624.92,0.0
182,11,30,18.23,86.15,18.43,86.9,1.16,485.1,24.7,54.03,1.16,554.08,24.57,52.49,1.16,578.73,18.36,86.02,1.16,497.46,14.7,97.72,1.16,464.87,14.63,95.53,1.16,454.1,15.09,92.06,1.16,492.46,23.78,27.16,0.01048,55.07,0.4898,0.0,532.32,7.0,1640.52,23.92,27.07,0.01037,55.08,0.2166,0.0,518.32,2.0,703.12,24.06,25.57,0.01055,57.15,0.2409,0.0,564.63,5.0,750.0,23.71,25.98,0.0108,57.34,0.1296,0.0,643.52,6.0,0.0,23.86,24.04,0.01096,56.75,0.0832,0.0,619.77,1.0,603.52,1772.3,0.0,602.6,7033282.92,2137407.51,2137407.51,0.0
182,11,45,18.2,88.41,18.4,87.41,1.2672,473.05,24.9,53.66,1.2672,573.19,24.9,52.05,1.2672,553.38,18.33,86.44,1.2672,474.21,14.55,96.13,1.2672,498.36,14.54,95.08,1.2672,479.13,14.93,93.65,1.2672,466.95,24.0,27.26,0.0105,55.88,0.4985,0.0,546.78,8.0,1650.36,23.86,27.1,0.01039,53.7,0.2154,0.0,529.73,2.0,707.3,23.86,25.63,0.0106,57.65,0.249,0.0,582.75,6.0,750.0,24.07,27.4,0.01097,59.52,0.2132,0.0,675.71,9.0,0.0,23.76,24.08,0.01091,56.91,0.0911,0.0,629.35,2.0,603.52,2016.28,0.0,602.6,9253288.8,2356991.37,2356991.37,0.0
182,12,0,18.26,85.67,18.23,86.23,1.3166,454.79,25.03,51.1,1.3166,565.43,25.02,52.81,1.3166,564.45,18.11,87.11,1.3166,478.47,14.6,95.69,1.3166,475.01,14.31,94.97,1.3166,485.48,15.01,93.36,1.3166,464.57,23.97,27.36,0.01052,55.78,0.5205,0.0,545.24,10.0,1640.64,23.97,27.12,0.01036,53.07,0.2167,0.0,528.88,2.0,703.12,23.91,25.7,0.01064,55.73,0.2618,0.0,605.02,7.0,750.0,23.94,27.76,0.01088,56.33,0.2156,0.0,644.71,6.0,0.0,23.91,24.14,0.01088,57.81,0.102,0.0,579.48,3.0,609.38,2086.98,0.0,602.6,9246063.6,2420622.16,2420622.16,0.0
182,12,15,18.38,86.24,18.36,84.32,1.3991,445.18,25.11,51.83,1.3991,558.23,25.18,51.16,1.3991,598.69,18.52,87.05,1.3991,454.59,14.59,95.12,1.3991,479.32,14.65,94.26,1.3991,464.47,14.9,92.07,1.3991,493.55,23.9,27.62,0.01077,58.35,0.6531,0.0,641.08,30.0,1640.64,23.9,27.16,0.01034,53.39,0.2235,0.0,521.38,3.0,703.12,23.92,25.75,0.0106,55.98,0.2558,0.0,582.19,5.0,750.0,23.91,26.57,0.01096,57.11,0.1784,0.0,701.97,10.0,0.0,23.96,24.16,0.01081,58.19,0.0883,0.0,614.52,0.0,609.37,2303.52,0.0,602.6,7039429.2,2615507.78,2615507.78,0.0
182,12,30,18.5,85.75,18.68,84.95,1.4141,480.06,25.19,51.83,1.4141,632.7,25.05,51.3,1.4141,619.58,18.57,86.36,1.4141,451.74,14.58,95.77,1.4141,507.32,14.57,94.47,1.4141,481.54,15.0,92.73,1.4141,477.47,24.01,27.77,0.01093,58.34,0.6867,0.0,701.85,31.0,1787.04,23.99,27.2,0.01036,56.25,0.2366,0.0,567.79,4.0,765.91,23.94,25.82,0.01058,54.91,0.2825,0.0,593.42,8.0,785.16,23.97,26.23,0.01093,57.78,0.1351,0.0,676.29,5.0,0.0,23.96,24.15,0.01073,55.81,0.0731,0.0,590.67,0.0,404.29,2390.86,0.0,602.6,7074670.68,2694114.6,2694114.6,0.0
182,12,45,18.88,87.3,18.94,85.65,1.412,480.66,25.13,52.32,1.412,625.79,25.12,50.95,1.412,637.59,18.8,84.06,1.412,502.3,14.65,94.28,1.412,461.61,14.58,93.38,1.412,440.96,14.9,91.34,1.412,465.47,23.73,27.81,0.01093,57.31,0.6916,0.0,708.93,31.0,1787.04,23.95,27.19,0.01035,54.24,0.2362,0.0,546.69,4.0,765.91,24.05,25.82,0.01055,53.8,0.2769,0.0,605.24,7.0,785.15,23.79,26.08,0.0109,56.96,0.1328,0.0,721.12,6.0,0.0,23.93,24.17,0.01065,56.55,0.0746,0.0,590.71,0.0,404.3,2458.13,0.0,602.6,7074648.0,2754651.73,2754651.73,0.0
182,13,0,18.8,82.53,18.92,83.46,1.4031,467.3,25.06,52.33,1.4031,676.8,25.28,52.13,1.4031,633.1,18.81,84.0,1.4031,462.71,14.72,95.22,1.4031,481.17,14.53,95.39,1.4031,471.26,15.03,92.03,1.4031,507.56,24.05,27.83,0.01087,57.09,0.6934,0.0,709.16,31.0,1787.04,23.64,27.18,0.01032,52.51,0.2357,0.0,550.2,4.0,765.89,23.89,25.79,0.0105,54.85,0.2695,0.0,615.51,6.0,785.16,23.89,25.99,0.01088,55.94,0.1286,0.0,687.91,6.0,0.0,23.99,24.18,0.01057,56.32,0.0759,0.0,533.06,0.0,404.3,2513.55,0.0,602.6,7074648.0,2804536.42,2804536.42,0.0
182,13,15,18.69,85.07,18.56,86.09,2.8964,483.72,25.32,50.91,2.8964,681.83,25.32,51.87,2.8964,688.97,18.51,86.79,2.8964,467.46,14.47,93.85,2.8964,478.14,14.52,92.69,2.8964,483.8,14.64,93.36,2.8964,482.46,23.89,27.82,0.01081,56.8,0.6759,0.0,720.65,31.0,1787.16,23.97,27.15,0.01028,55.13,0.2285,0.0,566.12,4.0,765.91,23.99,25.75,0.01039,55.0,0.2481,0.0,559.96,4.0,785.16,23.91,35.27,0.01008,51.74,1.6668,0.0,548.36,6.0,14640.0,23.85,24.21,0.0105,56.07,0.077,0.0,558.98,0.0,404.29,4949.54,0.0,602.6,28998766.8,4996928.42,4996928.42,0.0
182,13,30,18.11,87.41,18.32,86.2,1.5549,496.03,25.24,52.33,1.5549,609.59,25.17,52.35,1.5549,634.0,18.17,89.68,1.5549,467.87,14.79,95.35,1.5549,477.06,14.9,94.46,1.5549,476.46,15.06,91.78,1.5549,481.7,23.84,27.68,0.01096,57.2,0.6719,0.0,715.06,31.0,1542.96,23.7,27.01,0.01048,54.42,0.2346,0.0,601.94,6.0,661.26,24.09,25.73,0.01039,56.49,0.2506,0.0,557.14,4.0,703.13,23.78,28.7,0.01021,53.72,0.2812,0.0,498.2,8.0,0.0,23.96,24.32,0.01048,54.49,0.1167,0.0,533.57,2.0,609.37,2390.25,0.0,602.6,6376594.32,2693562.97,2693562.97,0.0
182,13,45,18.1,86.56,18.03,89.94,1.2697,453.4,25.33,51.39,1.2697,615.27,25.35,50.7,1.2697,641.2,18.0,89.84,1.2697,480.49,14.51,97.85,1.2697,470.86,14.81,96.99,1.2697,514.42,15.23,93.71,1.2697,434.36,23.97,27.37,0.01074,56.5,0.4651,0.0,586.37,0.0,1542.96,23.97,26.98,0.0108,57.12,0.2413,0.0,604.29,8.0,661.27,23.82,25.69,0.01047,56.52,0.2391,0.0,541.02,3.0,714.84,23.75,27.44,0.01074,54.84,0.2142,0.0,605.73,8.0,0.0,23.88,24.32,0.01049,55.48,0.11,0.0,546.8,1.0,609.38,1856.53,0.0,602.6,6381875.52,2213219.85,2213219.85,0.0
182,14,0,17.74,89.42,17.85,91.03,1.4798,464.14,25.34,48.96,1.4798,597.42,25.26,50.65,1.4798,604.21,17.86,89.21,1.4798,456.06,14.68,96.26,1.4798,438.55,14.52,97.84,1.4798,492.83,14.89,95.6,1.4798,458.0,23.84,27.34,0.01065,56.87,0.5123,0.0,561.79,11.0,1542.96,23.84,26.92,0.01094,58.32,0.2288,0.0,653.69,7.0,661.28,24.04,25.67,0.0106,56.66,0.2483,0.0,572.44,6.0,714.84,23.91,27.39,0.01082,58.07,0.384,0.0,604.03,7.0,2400.0,23.94,24.31,0.0105,57.25,0.1064,0.0,535.39,1.0,609.37,2122.62,0.0,602.6,8541227.52,2452700.25,2452700.25,0.0
182,14,15,17.89,89.84,17.89,90.41,1.6216,470.24,25.34,52.19,1.6216,564.25,25.4,51.54,1.6216,591.01,17.78,90.81,1.6216,468.38,14.55,95.16,1.6216,472.0,14.57,95.98,1.6216,473.77,15.01,94.43,1.6216,493.26,23.87,27.45,0.01095,57.41,0.6262,0.0,645.12,30.0,1542.96,24.04,26.9,0.01097,57.62,0.2337,0.0,669.95,8.0,661.27,23.89,25.63,0.01069,55.06,0.2396,0.0,575.16,5.0,714.85,23.82,27.3,0.0108,57.47,0.411,0.0,614.96,11.0,2520.0,24.0,24.3,0.01053,54.26,0.1112,0.0,520.4,2.0,609.37,2315.28,0.0,602.6,8655156.72,2626093.81,2626093.81,0.0
182,14,30,17.81,90.67,17.79,89.64,1.7359,483.97,25.55,52.32,1.7359,623.17,25.17,52.16,1.7359,656.2,17.68,89.64,1.7359,493.52,14.55,95.54,1.7359,473.14,14.86,96.98,1.7359,484.32,14.82,95.89,1.7359,524.03,23.88,27.89,0.01113,57.64,0.8888,0.0,719.33,38.0,3818.4,23.87,27.2,0.01084,57.26,0.323,0.0,634.81,8.0,1636.44,23.97,25.59,0.01071,55.28,0.2369,0.0,588.54,5.0,726.56,23.72,26.65,0.01113,59.97,0.1979,0.0,724.01,13.0,0.0,23.84,24.15,0.01058,55.18,0.0893,0.0,527.94,3.0,410.16,2474.13,0.0,602.6,9278339.4,2769060.54,2769060.54,0.0
182,14,45,17.81,91.06,17.73,91.04,1.6933,477.98,25.32,51.99,1.6933,687.71,25.42,53.06,1.6933,671.65,17.67,90.65,1.6933,497.47,14.64,94.49,1.6933,483.13,14.77,94.93,1.6933,498.14,15.02,95.18,1.6933,520.44,23.87,27.8,0.01116,58.66,0.8829,0.0,709.79,38.0,3808.56,23.81,27.19,0.01083,57.05,0.3345,0.0,599.41,10.0,1632.26,23.83,25.42,0.0107,56.06,0.2154,0.0,597.15,4.0,726.56,23.98,26.25,0.01147,59.62,0.1738,0.0,807.12,12.0,0.0,23.99,24.12,0.01064,57.16,0.0867,0.0,576.49,3.0,410.16,2388.8,0.0,602.6,9265725.0,2692261.09,2692261.09,0.0
182,15,0,17.9,89.94,17.92,89.55,1.8635,482.61,25.41,51.37,1.8635,685.37,25.29,54.65,1.8635,712.56,17.78,90.29,1.8635,484.58,14.52,97.1,1.8635,472.74,14.42,96.44,1.8635,490.47,14.92,94.6,1.8635,461.73,23.76,27.61,0.01113,58.87,0.861,0.0,709.44,38.0,3818.4,23.75,27.08,0.01085,57.16,0.3284,0.0,635.91,10.0,1636.44,24.02,25.25,0.01077,56.84,0.2185,0.0,616.53,8.0,714.84,23.98,26.49,0.01114,56.32,0.3714,0.0,727.15,11.0,2520.0,23.71,24.1,0.0107,56.03,0.0841,0.0,581.98,3.0,410.16,2662.23,0.0,602.6,11535786.72,2938348.18,2938348.18,0.0
182,15,15,17.45,91.55,17.38,92.26,1.7442,501.69,25.27,53.33,1.7442,685.5,25.27,54.35,1.7442,679.87,17.36,90.37,1.7442,492.09,14.72,96.44,1.7442,473.31,14.52,96.59,1.7442,521.01,15.04,94.34,1.7442,478.41,24.02,27.3,0.01114,59.25,0.8013,0.0,682.36,32.0,3808.56,23.88,26.89,0.01091,56.31,0.3153,0.0,632.43,9.0,1632.26,23.86,25.02,0.01092,57.89,0.1975,0.0,615.36,8.0,726.55,23.87,26.26,0.01089,55.39,0.3426,0.0,655.91,9.0,2400.0,23.83,24.09,0.01077,55.91,0.0874,0.0,590.12,4.0,410.15,2158.48,0.0,602.6,11425714.2,2484973.72,2484973.72,0.0
182,15,30,16.77,95.46,16.75,92.0,1.6141,513.08,25.16,53.61,1.6141,657.77,25.19,53.77,1.6141,652.41,17.09,94.95,1.6141,495.47,14.73,97.83,1.6141,497.41,14.51,96.88,1.6141,515.49,15.09,95.0,1.6141,500.64,23.69,26.9,0.01137,60.45,0.7224,0.0,741.61,38.0,2890.68,23.87,26.57,0.01109,56.87,0.2748,0.0,676.95,10.0,1238.84,24.05,24.74,0.01101,56.93,0.1504,0.0,657.25,4.0,761.72,23.89,26.04,0.01099,56.44,0.3426,0.0,618.87,11.0,2400.0,23.98,24.17,0.0109,56.81,0.1237,0.0,621.33,7.0,609.37,1708.14,0.0,602.6,10487043.0,2079664.83,2079664.83,0.0
182,15,45,16.45,95.03,16.56,96.11,1.3706,505.58,25.21,52.87,1.3706,685.01,25.29,55.31,1.3706,698.59,16.55,95.25,1.3706,469.98,14.58,100.84,1.3706,489.42,14.67,99.43,1.3706,474.31,14.86,98.87,1.3706,463.97,23.78,26.73,0.01162,60.94,0.7072,0.0,762.34,38.0,2890.56,24.08,26.42,0.01129,59.86,0.2685,0.0,680.54,10.0,1238.84,23.97,24.62,0.01112,61.45,0.1487,0.0,656.83,6.0,761.72,23.99,25.35,0.01154,61.02,0.1248,0.0,734.45,11.0,0.0,23.85,24.15,0.01105,59.13,0.1215,0.0,648.03,7.0,609.37,1179.64,0.0,602.6,8352186.48,1604012.18,1604012.18,0.0
182,16,0,15.98,97.27,16.14,96.35,1.5132,509.73,25.21,53.25,1.5132,747.16,25.12,54.5,1.5132,695.88,16.07,98.03,1.5132,489.11,14.66,100.05,1.5132,476.17,14.68,101.81,1.5132,488.67,14.95,97.27,1.5132,503.8,23.9,26.59,0.01175,60.13,0.6834,0.0,789.5,38.0,2890.68,23.89,26.26,0.01135,58.76,0.2466,0.0,666.02,8.0,1238.84,23.78,24.51,0.01125,59.82,0.1351,0.0,695.28,6.0,761.72,23.9,25.67,0.01162,60.13,0.332,0.0,761.07,13.0,2400.0,23.92,24.13,0.0112,59.97,0.1161,0.0,693.39,7.0,603.52,1092.25,0.0,602.6,10487032.2,1525366.92,1525366.92,0.0
182,16,15,16.04,96.52,16.02,99.16,1.1825,467.61,25.32,57.7,1.1825,743.09,25.11,57.24,1.1825,730.33,15.87,97.26,1.1825,508.65,14.65,100.47,1.1825,493.88,14.63,101.47,1.1825,486.47,15.04,97.6,1.1825,506.05,24.02,26.37,0.01171,62.34,0.6018,0.0,725.41,25.0,2890.56,23.86,26.15,0.0114,59.26,0.2452,0.0,656.87,8.0,1238.84,23.81,24.42,0.0114,59.68,0.1278,0.0,707.26,6.0,761.72,23.96,25.05,0.01191,62.09,0.1046,0.0,826.26,10.0,0.0,24.05,24.08,0.01132,57.88,0.1031,0.0,698.0,5.0,609.38,718.85,0.0,602.6,8332217.28,1189300.02,1189300.02,0.0
182,16,30,15.84,97.82,15.9,100.42,1.2241,503.91,25.16,56.59,1.2241,720.07,25.26,55.84,1.2241,732.69,15.7,97.99,1.2241,506.15,14.52,99.69,1.2241,490.0,14.59,100.88,1.2241,508.72,14.84,97.66,1.2241,522.33,23.88,26.45,0.01175,60.63,0.6975,0.0,736.61,36.0,3388.68,23.93,26.14,0.01139,58.45,0.2519,0.0,673.3,7.0,1452.29,24.06,24.31,0.01148,62.3,0.1009,0.0,685.62,4.0,714.84,23.86,24.83,0.01232,63.64,0.0921,0.0,915.51,10.0,0.0,23.77,23.97,0.01143,61.69,0.0817,0.0,711.33,6.0,404.3,746.48,0.0,602.6,8788074.48,1214168.92,1214168.92,0.0
182,16,45,15.66,100.28,15.57,98.79,1.4963,505.32,25.25,55.7,1.4963,759.16,25.16,56.04,1.4963,749.02,15.48,100.41,1.4963,490.29,14.48,101.0,1.4963,512.84,14.47,102.26,1.4963,488.66,14.79,100.53,1.4963,481.77,23.75,26.41,0.01181,60.92,0.6873,0.0,746.99,36.0,3378.96,23.94,26.13,0.01146,60.7,0.2652,0.0,659.49,10.0,1448.1,23.92,24.24,0.01153,59.37,0.0935,0.0,674.19,4.0,726.56,23.75,26.77,0.0118,60.94,0.3675,0.0,769.92,10.0,2400.0,23.97,23.94,0.01155,61.08,0.0828,0.0,744.93,7.0,398.44,865.66,0.0,602.6,13171449.96,1321437.22,1321437.22,0.0
182,17,0,15.63,100.81,15.67,99.89,1.256,480.13,25.18,56.08,1.256,751.48,25.32,56.83,1.256,746.39,15.51,100.1,1.256,470.25,14.54,99.61,1.256,488.13,14.59,98.91,1.256,495.84,15.03,100.8,1.256,465.32,23.73,26.37,0.0119,60.21,0.6964,0.0,744.9,36.0,3388.68,23.9,26.09,0.01159,61.55,0.2684,0.0,689.97,10.0,1452.29,23.98,24.17,0.0116,61.9,0.0962,0.0,727.63,5.0,714.84,23.99,25.22,0.01185,61.32,0.1182,0.0,770.91,11.0,0.0,23.88,23.91,0.01166,61.48,0.0768,0.0,745.15,6.0,404.3,575.72,0.0,602.6,8788626.36,1060484.68,1060484.68,0.0
182,17,15,15.61,99.49,15.85,100.25,1.4357,483.53,25.33,57.06,1.4357,699.22,25.26,57.09,1.4357,744.83,15.89,99.45,1.4357,492.46,14.62,100.08,1.4357,484.41,14.58,98.94,1.4357,479.18,14.94,99.74,1.4357,489.48,24.06,26.33,0.01194,61.28,0.6818,0.0,774.89,36.0,3378.84,23.87,26.05,0.01166,60.91,0.2623,0.0,688.57,10.0,1448.09,23.99,24.11,0.01169,62.22,0.0909,0.0,704.1,5.0,714.84,23.86,25.5,0.01177,63.92,0.3269,0.0,722.54,12.0,2520.0,23.75,23.89,0.01176,62.55,0.0739,0.0,794.13,6.0,404.3,818.15,0.0,602.6,11048612.76,1278673.2,1278673.2,0.0
182,17,30,15.81,99.82,15.89,100.75,1.1525,490.93,25.02,55.12,1.1525,720.33,25.09,58.12,1.1525,742.06,15.92,98.24,1.1525,505.15,14.63,100.47,1.1525,494.46,14.7,101.27,1.1525,502.72,15.27,99.29,1.1525,484.68,23.87,26.09,0.01202,62.87,0.5504,0.0,758.89,30.0,2246.04,23.87,25.88,0.01179,63.69,0.2212,0.0,697.41,10.0,962.6,24.01,24.05,0.01178,61.96,0.0886,0.0,741.29,5.0,714.85,23.97,26.44,0.01197,62.99,0.1851,0.0,776.08,12.0,0.0,23.85,23.97,0.01182,61.56,0.1072,0.0,771.36,5.0,808.6,648.11,0.0,602.6,9993487.32,1125636.18,1125636.18,0.0
182,17,45,15.92,98.24,16.12,99.18,1.1688,484.96,25.16,58.04,1.1688,755.72,25.16,57.91,1.1688,734.24,15.95,99.47,1.1688,496.5,14.61,99.28,1.1688,471.8,14.57,99.19,1.1688,466.21,15.0,98.8,1.1688,477.15,23.93,25.8,0.0118,60.95,0.3964,0.0,674.5,8.0,2246.04,23.89,25.76,0.01187,62.12,0.2076,0.0,707.91,9.0,962.6,23.77,23.97,0.01188,59.99,0.0831,0.0,750.34,5.0,714.84,23.88,27.18,0.01172,61.4,0.3867,0.0,691.58,9.0,2400.0,24.12,23.95,0.01182,61.64,0.095,0.0,778.5,3.0,808.6,776.9,0.0,602.6,12153476.52,1241547.31,1241547.31,0.0
182,18,0,16.12,99.09,16.0,100.71,1.1223,509.47,25.15,58.09,1.1223,689.04,25.22,58.55,1.1223,699.22,16.32,99.56,1.1223,473.94,14.52,98.45,1.1223,459.04,14.6,100.37,1.1223,467.8,15.09,98.19,1.1223,476.95,23.8,25.62,0.01149,60.62,0.3523,0.0,603.17,3.0,2246.04,23.95,25.67,0.01192,61.83,0.2037,0.0,707.0,9.0,962.6,24.15,23.9,0.01197,62.63,0.0786,0.0,779.69,5.0,714.85,23.85,27.37,0.0115,59.81,0.3924,0.0,592.35,8.0,2400.0,23.7,23.95,0.0118,63.66,0.0952,0.0,728.21,3.0,808.6,791.81,0.0,602.6,12115579.32,1254967.59,1254967.59,0.0
182,18,15,16.0,100.07,16.06,101.37,0.9008,493.97,25.06,57.9,0.9008,666.96,25.05,57.71,0.9008,657.64,16.22,99.88,0.9008,487.51,14.53,101.0,0.9008,472.18,14.56,99.81,0.9008,458.36,15.0,98.95,0.9008,482.5,23.97,25.52,0.01145,60.47,0.3739,0.0,551.67,8.0,2246.04,23.82,25.53,0.0119,62.35,0.1827,0.0,665.45,6.0,962.62,23.88,23.76,0.01198,63.04,0.0493,0.0,737.43,1.0,714.84,23.99,26.89,0.01168,61.6,0.1876,0.0,622.97,8.0,0.0,23.86,23.95,0.01182,61.07,0.1074,0.0,722.73,5.0,814.45,583.76,0.0,602.6,9955558.8,1067724.82,1067724.82,0.0
182,18,30,16.19,101.69,15.99,101.64,1.0919,472.1,25.15,58.49,1.0919,639.58,25.34,58.4,1.0919,612.99,16.3,98.47,1.0919,471.88,14.33,99.47,1.0919,445.96,14.43,99.2,1.0919,469.98,14.85,100.54,1.0919,500.69,24.02,25.85,0.01152,59.49,0.4483,0.0,573.71,12.0,2646.48,23.88,25.75,0.01172,61.43,0.1966,0.0,644.23,5.0,1134.2,24.08,23.65,0.01193,63.06,0.0388,0.0,724.78,1.0,691.4,23.86,25.86,0.01173,61.05,0.3241,0.0,634.68,10.0,2400.0,23.84,24.09,0.01186,63.52,0.0841,0.0,708.65,5.0,404.29,832.2,0.0,602.6,12122471.88,1291321.55,1291321.55,0.0
182,18,45,16.13,98.31,15.97,99.41,1.1771,496.4,25.34,57.41,1.1771,635.05,25.36,56.79,1.1771,617.48,15.93,100.08,1.1771,477.64,14.52,99.76,1.1771,447.89,14.59,100.74,1.1771,456.4,14.92,100.7,1.1771,465.32,24.06,25.97,0.01175,62.42,0.5297,0.0,672.57,24.0,2656.2,24.03,25.89,0.01181,60.82,0.2426,0.0,685.53,12.0,1138.39,23.96,23.57,0.01192,62.57,0.0393,0.0,705.46,2.0,703.13,24.06,25.48,0.01161,59.0,0.2921,0.0,587.43,7.0,2400.0,24.11,24.08,0.01188,60.23,0.0733,0.0,710.55,3.0,398.44,863.62,0.0,602.6,12165952.68,1319598.16,1319598.16,0.0
182,19,0,16.02,100.55,16.08,99.98,0.9762,480.9,25.24,56.17,0.9762,697.18,25.17,56.88,0.9762,712.1,16.08,101.37,0.9762,504.47,14.55,99.78,0.9762,482.61,14.47,101.6,0.9762,494.8,15.19,99.59,0.9762,483.91,23.88,26.0,0.01202,62.88,0.5682,0.0,699.74,29.0,2656.2,23.91,25.91,0.01204,62.19,0.2531,0.0,717.17,13.0,1138.39,23.85,23.46,0.01191,63.48,0.0264,0.0,715.01,1.0,691.4,23.68,24.66,0.01172,61.91,0.0541,0.0,640.01,4.0,0.0,23.8,24.07,0.01189,62.98,0.0744,0.0,717.1,3.0,404.29,647.81,0.0,602.6,9974966.4,1125365.14,1125365.14,0.0
182,19,15,16.04,100.7,16.1,101.37,0.9435,485.23,25.14,57.28,0.9435,716.0,25.09,58.03,0.9435,751.92,16.06,101.29,0.9435,475.97,14.28,98.22,0.9435,471.27,14.36,100.1,0.9435,467.88,15.13,100.98,0.9435,459.66,23.91,25.98,0.01216,64.08,0.566,0.0,746.99,30.0,2656.32,23.96,25.9,0.01216,63.43,0.2502,0.0,742.0,13.0,1138.38,23.91,23.37,0.01192,63.87,0.0192,0.0,696.02,1.0,691.4,23.85,24.31,0.01207,62.43,0.0417,0.0,720.08,5.0,0.0,23.89,24.05,0.01188,62.49,0.0664,0.0,729.8,2.0,404.29,655.21,0.0,602.6,9975064.68,1132024.67,1132024.67,0.0
182,19,30,16.25,100.01,16.15,101.69,0.9868,469.69,25.17,59.28,0.9868,735.96,24.95,59.21,0.9868,728.57,15.95,100.46,0.9868,457.49,14.42,98.91,0.9868,481.29,14.43,100.33,0.9868,445.23,15.05,99.0,0.9868,495.46,24.04,26.02,0.01214,63.97,0.5987,0.0,756.71,30.0,3066.36,23.92,25.94,0.01213,64.49,0.2645,0.0,724.95,13.0,1314.17,23.82,23.26,0.0119,63.38,0.0144,0.0,703.28,0.0,691.4,24.01,23.86,0.01251,63.77,0.0279,0.0,848.47,5.0,0.0,24.02,24.06,0.01185,62.53,0.0814,0.0,673.25,2.0,609.38,708.31,0.0,602.6,10979656.92,1179821.56,1179821.56,0.0
182,19,45,16.16,100.32,16.17,100.48,0.9815,469.91,24.96,58.96,0.9815,747.95,24.92,56.92,0.9815,736.09,15.87,101.0,0.9815,486.79,14.4,99.61,0.9815,479.36,14.38,99.61,0.9815,476.88,14.85,98.91,0.9815,458.92,23.82,26.03,0.0121,62.07,0.6013,0.0,726.92,30.0,3066.48,23.84,25.96,0.01208,62.57,0.2659,0.0,714.18,13.0,1314.19,23.64,23.18,0.01187,63.1,0.0144,0.0,696.56,0.0,703.13,23.74,23.68,0.013,68.43,0.0258,0.0,974.81,6.0,0.0,23.94,24.04,0.0118,61.32,0.074,0.0,680.97,1.0,609.37,691.77,0.0,602.6,10989668.52,1164931.99,1164931.99,0.0
182,20,0,16.2,99.07,16.07,99.03,1.1762,482.02,25.12,61.32,1.1762,794.82,24.87,60.14,1.1762,753.69,16.04,98.45,1.1762,490.68,14.38,100.46,1.1762,467.42,14.47,98.34,1.1762,496.35,14.85,99.72,1.1762,476.16,23.93,26.02,0.01204,62.03,0.5948,0.0,716.92,30.0,3066.36,23.86,25.96,0.01202,61.42,0.2632,0.0,720.29,13.0,1314.17,23.65,23.1,0.01183,63.53,0.0144,0.0,674.68,0.0,691.42,24.12,24.26,0.01239,64.62,0.2323,0.0,822.43,6.0,2520.0,23.64,24.02,0.01175,61.87,0.0715,0.0,646.81,1.0,609.37,894.09,0.0,602.6,13247775.72,1347018.46,1347018.46,0.0
182,20,15,16.01,101.07,16.02,99.79,1.1837,468.07,24.99,58.93,1.1837,732.35,24.98,60.67,1.1837,736.22,16.18,100.88,1.1837,476.18,14.53,99.97,1.1837,494.89,14.43,99.6,1.1837,469.61,14.93,100.32,1.1837,456.92,24.1,26.02,0.01202,63.19,0.6011,0.0,741.13,30.0,3066.36,23.95,25.95,0.012,62.5,0.266,0.0,707.0,13.0,1314.17,23.51,23.04,0.01179,61.22,0.0144,0.0,656.63,0.0,691.42,23.83,24.33,0.01174,60.36,0.2306,0.0,650.27,6.0,2400.0,23.95,24.01,0.01169,61.88,0.0717,0.0,667.28,1.0,609.38,849.82,0.0,602.6,13139007.84,1307181.05,1307181.05,0.0
182,20,30,16.16,100.57,16.09,101.43,1.1517,502.45,24.98,59.57,1.1517,704.48,24.82,61.75,1.1517,722.17,16.14,100.01,1.1517,455.99,14.54,99.6,1.1517,467.21,14.41,98.65,1.1517,489.49,15.29,100.52,1.1517,474.45,24.05,25.97,0.01206,63.78,0.5693,0.0,736.01,30.0,2695.32,23.88,25.91,0.01204,64.35,0.2522,0.0,746.17,13.0,1155.13,23.37,22.97,0.01176,63.11,0.0144,0.0,660.01,0.0,621.1,23.73,24.38,0.01154,59.86,0.2395,0.0,604.35,7.0,2400.0,23.93,24.0,0.01167,62.01,0.0764,0.0,615.12,2.0,603.52,817.01,0.0,602.6,12578868.0,1277649.03,1277649.03,0.0
182,20,45,16.06,100.44,16.11,99.8,0.9423,459.93,24.75,58.77,0.9423,756.86,24.88,57.59,0.9423,714.3,16.05,99.78,0.9423,476.99,14.42,98.85,0.9423,476.15,14.59,98.55,0.9423,453.65,14.92,101.61,0.9423,453.65,23.65,25.96,0.01214,64.11,0.5742,0.0,727.99,30.0,2695.32,23.98,25.87,0.01209,64.62,0.248,0.0,749.76,12.0,1155.14,23.42,22.9,0.01173,63.93,0.0144,0.0,647.89,0.0,621.1,23.91,23.83,0.012,65.62,0.0294,0.0,703.01,7.0,0.0,24.02,23.99,0.01166,61.28,0.0763,0.0,646.55,2.0,603.52,618.83,0.0,602.6,10444020.12,1099286.88,1099286.88,0.0
182,21,0,16.09,99.43,16.17,101.38,0.9276,476.14,24.79,57.33,0.9276,734.33,24.81,58.79,0.9276,700.93,15.96,99.85,0.9276,468.28,14.49,99.21,0.9276,494.47,14.36,100.91,0.9276,468.61,14.95,99.68,0.9276,480.85,23.93,25.95,0.01217,65.32,0.5666,0.0,756.32,30.0,2695.32,24.03,25.86,0.0121,63.72,0.2444,0.0,738.52,12.0,1155.14,23.19,22.84,0.0117,64.48,0.0144,0.0,636.63,0.0,621.1,24.03,23.58,0.01272,64.48,0.0278,0.0,883.34,7.0,0.0,23.77,23.97,0.01166,61.67,0.0745,0.0,627.18,2.0,603.52,646.49,0.0,602.6,10444020.12,1124181.85,1124181.85,0.0
182,21,15,16.45,96.31,16.3,98.5,0.7309,496.14,24.69,60.94,0.7309,724.06,24.77,60.9,0.7309,735.51,16.48,98.75,0.7309,468.32,14.29,98.99,0.7309,482.4,14.34,99.98,0.7309,448.19,15.28,100.46,0.7309,464.83,23.95,25.77,0.01189,62.45,0.4449,0.0,686.29,9.0,2695.2,23.8,25.68,0.01177,61.87,0.186,0.0,649.49,2.0,1155.12,23.34,22.79,0.01167,64.89,0.0144,0.0,644.48,0.0,621.08,23.86,23.48,0.01343,71.95,0.0231,0.0,1099.06,7.0,0.0,23.89,23.94,0.01163,61.72,0.0626,0.0,619.36,0.0,609.37,521.01,0.0,602.6,10424007.72,1011244.43,1011244.43,0.0
182,21,30,16.72,94.74,16.75,95.16,0.5275,486.53,24.71,60.31,0.5275,867.86,24.68,60.58,0.5275,852.89,16.53,94.64,0.5275,467.4,14.14,98.58,0.5275,462.29,14.25,99.91,0.5275,477.1,15.3,101.54,0.5275,461.55,23.97,25.01,0.01173,63.49,0.1801,0.0,614.3,6.0,498.0,23.98,24.99,0.01147,60.18,0.0681,0.0,550.46,0.0,213.44,23.39,22.74,0.01165,64.19,0.0144,0.0,602.76,0.0,562.5,23.9,23.99,0.01274,67.19,0.2376,0.0,933.39,7.0,2400.0,23.58,23.53,0.0116,60.53,0.0273,0.0,585.88,0.0,205.08,393.55,0.0,602.6,6594390.36,896534.16,896534.16,0.0
182,21,45,16.88,94.03,16.78,93.3,0.4701,470.28,24.72,63.43,0.4701,724.3,24.7,61.85,0.4701,771.4,16.89,92.31,0.4701,491.39,13.91,100.81,0.4701,486.98,13.99,101.01,0.4701,485.14,15.12,99.92,0.4701,477.35,23.81,24.78,0.0117,61.19,0.1525,0.0,636.77,6.0,498.12,24.05,24.75,0.01128,60.5,0.0549,0.0,492.33,0.0,213.47,23.11,22.69,0.01162,62.88,0.0144,0.0,584.13,0.0,562.5,24.1,24.15,0.01184,63.03,0.221,0.0,665.43,5.0,2400.0,23.64,23.43,0.01157,61.96,0.0273,0.0,581.47,0.0,199.22,414.79,0.0,602.6,6563460.24,915649.39,915649.39,0.0
182,22,0,17.13,89.43,17.21,90.18,0.2655,448.83,24.46,62.92,0.2655,628.96,24.42,60.42,0.2655,578.42,17.19,89.74,0.2655,445.41,13.89,100.26,0.2655,466.54,13.69,99.51,0.2655,490.12,15.9,94.49,0.2655,469.76,23.88,24.65,0.01175,63.3,0.1532,0.0,657.23,6.0,498.0,23.72,24.61,0.01119,59.18,0.0527,0.0,487.95,0.0,213.44,23.17,22.64,0.01159,64.14,0.0144,0.0,577.36,0.0,562.5,23.85,23.53,0.01174,59.96,0.0179,0.0,653.38,5.0,0.0,23.51,23.26,0.01155,64.14,0.0273,0.0,566.38,0.0,199.22,232.57,0.0,602.6,4404000.24,751652.78,751652.78,0.0
182,22,15,17.41,89.6,17.27,88.95,0.2261,472.23,24.41,61.83,0.2261,603.27,24.41,63.59,0.2261,579.46,17.22,89.43,0.2261,460.04,12.89,99.58,0.2261,496.33,12.61,100.13,0.2261,457.83,15.18,99.18,0.2261,479.43,24.06,24.55,0.01179,62.0,0.1269,0.0,672.7,5.0,498.12,23.89,24.52,0.01116,57.6,0.0442,0.0,481.31,0.0,213.44,22.89,22.58,0.01157,65.0,0.0144,0.0,599.12,0.0,562.5,23.86,23.39,0.01219,64.11,0.0133,0.0,754.77,5.0,0.0,23.19,23.14,0.01152,61.99,0.0273,0.0,593.64,0.0,199.22,247.34,0.0,602.6,4428482.76,764944.3,764944.3,0.0
182,22,30,17.33,90.0,17.29,89.52,0.2107,480.77,24.26,59.21,0.2107,618.43,24.46,61.46,0.2107,630.71,17.17,90.44,0.2107,453.19,12.64,101.48,0.2107,479.61,12.44,100.1,0.2107,473.1,15.28,99.95,0.2107,474.24,24.0,24.48,0.01183,61.77,0.1163,0.0,673.07,5.0,498.0,23.76,24.44,0.01114,58.18,0.0394,0.0,435.28,0.0,213.47,22.76,22.53,0.01154,63.66,0.0144,0.0,584.12,0.0,562.5,23.9,23.27,0.0128,68.64,0.0133,0.0,946.86,5.0,0.0,23.02,23.01,0.0115,64.27,0.0273,0.0,612.38,0.0,0.0,248.37,0.0,602.6,4224720.24,765874.34,765874.34,0.0
182,22,45,17.16,91.34,17.25,91.91,0.3319,471.76,24.27,60.94,0.3319,765.97,24.42,61.1,0.3319,770.78,17.22,89.11,0.3319,477.07,12.26,99.37,0.3319,467.54,12.07,99.35,0.3319,484.08,13.96,101.67,0.3319,471.06,24.03,24.4,0.01176,61.3,0.0753,0.0,672.84,1.0,498.12,23.88,24.39,0.01111,58.8,0.0324,0.0,473.58,0.0,213.44,22.99,22.47,0.01151,65.02,0.0144,0.0,563.12,0.0,562.5,23.64,23.73,0.01237,64.56,0.1825,0.0,843.5,5.0,2400.0,22.87,22.88,0.01147,63.44,0.0273,0.0,594.72,0.0,0.0,436.76,0.0,602.6,6384137.04,935418.89,935418.89,0.0
182,23,0,17.09,90.55,17.41,90.46,0.4184,489.81,24.33,60.77,0.4184,736.78,24.16,61.5,0.4184,749.66,17.16,90.81,0.4184,465.31,13.13,99.87,0.4184,444.71,13.26,100.31,0.4184,483.93,14.57,101.06,0.4184,479.48,23.96,24.35,0.01164,61.64,0.0763,0.0,647.87,1.0,498.0,24.02,24.35,0.01107,57.49,0.0327,0.0,497.81,0.0,213.44,22.83,22.41,0.01148,64.86,0.0144,0.0,567.87,0.0,562.5,23.86,25.75,0.01159,60.28,0.2677,0.0,645.64,5.0,2520.0,22.73,22.77,0.01145,64.3,0.0273,0.0,561.3,0.0,0.0,463.68,0.0,602.6,8652686.76,959652.04,959652.04,0.0
182,23,15,17.1,89.32,17.32,89.84,0.3926,463.98,24.2,62.08,0.3926,607.54,24.32,59.3,0.3926,621.61,17.17,90.36,0.3926,449.29,13.52,100.06,0.3926,447.66,13.55,100.42,0.3926,482.77,15.05,100.76,0.3926,464.69,23.82,24.33,0.01152,60.78,0.078,0.0,623.92,1.0,498.12,23.82,24.32,0.01104,57.13,0.033,0.0,486.47,0.0,213.47,22.77,22.38,0.01145,65.28,0.0144,0.0,569.68,0.0,562.5,23.69,24.55,0.01126,59.24,0.24,0.0,549.8,5.0,2400.0,22.64,22.68,0.01142,66.5,0.0273,0.0,550.18,0.0,0.0,388.76,0.0,602.6,6384157.56,892221.24,892221.24,0.0
182,23,30,17.16,90.88,17.21,92.79,0.3086,475.92,24.1,62.38,0.3086,563.01,24.08,62.3,0.3086,561.21,17.03,90.96,0.3086,467.11,13.45,100.9,0.3086,470.79,13.66,99.11,0.3086,471.21,15.35,98.99,0.3086,476.67,23.83,23.82,0.01146,60.64,0.0169,0.0,599.17,0.0,449.16,23.88,23.88,0.01103,59.11,0.01,0.0,460.84,0.0,192.52,22.7,22.34,0.01143,64.91,0.0144,0.0,559.03,0.0,562.5,24.07,24.37,0.01132,61.7,0.24,0.0,566.58,5.0,2400.0,22.69,22.63,0.0114,64.63,0.0273,0.0,554.66,0.0,199.21,297.25,0.0,602.6,4515303.96,809867.9,809867.9,0.0
182,23,45,17.44,88.42,17.38,89.9,0.281,494.69,23.9,60.62,0.281,539.66,23.8,61.5,0.281,574.02,17.29,89.88,0.281,492.68,13.12,101.18,0.281,464.67,13.24,101.43,0.281,502.22,15.06,98.44,0.281,470.63,24.06,23.57,0.01143,59.22,0.0148,0.0,589.83,0.0,459.0,23.84,23.65,0.01103,59.33,0.0075,0.0,474.43,0.0,196.72,22.85,22.3,0.01141,61.83,0.0144,0.0,562.92,0.0,562.5,23.82,24.25,0.01137,60.07,0.217,0.0,553.06,3.0,2400.0,22.54,22.57,0.01138,63.46,0.0273,0.0,563.15,0.0,199.21,295.38,0.0,602.6,4503564.36,808183.8,808183.8,0.0
182,24,0,17.14,90.11,17.2,87.59,0.1522,480.53,23.9,61.62,0.1522,547.57,23.77,59.28,0.1522,555.64,17.12,91.83,0.1522,471.25,12.85,99.37,0.1522,471.36,12.95,101.9,0.1522,476.65,16.64,91.78,0.1522,461.06,23.87,23.46,0.01142,59.62,0.0148,0.0,584.22,0.0,449.28,23.66,23.54,0.01104,58.41,0.0064,0.0,465.65,0.0,192.54,22.71,22.26,0.0114,63.66,0.0144,0.0,547.94,0.0,562.5,23.87,25.11,0.01151,59.85,0.0893,0.0,571.55,3.0,0.0,22.54,22.53,0.01137,62.69,0.0273,0.0,554.19,0.0,199.21,155.33,0.0,602.6,4537022.76,682137.75,682137.75,0.0
183,0,15,17.24,91.27,17.28,90.03,0.3219,468.61,23.93,60.45,0.3219,544.64,23.74,59.86,0.3219,535.55,17.13,91.39,0.3219,476.24,13.25,100.32,0.3219,477.01,13.22,100.82,0.3219,479.42,15.04,98.7,0.3219,482.79,23.43,23.37,0.01137,62.28,0.0592,0.0,566.48,0.0,449.16,23.57,23.45,0.01104,58.87,0.0255,0.0,506.68,0.0,192.52,22.38,22.23,0.01136,65.12,0.0576,0.0,535.81,0.0,562.5,23.75,25.3,0.01149,58.96,0.0705,0.0,591.47,1.0,0.0,22.04,22.5,0.01133,64.9,0.109,0.0,537.0,0.0,199.21,340.53,0.0,602.6,4501058.76,851244.17,851244.17,0.0
183,0,30,17.18,89.34,17.23,90.06,0.2825,464.57,23.66,59.32,0.2825,551.54,23.62,59.88,0.2825,524.56,17.28,91.33,0.2825,453.98,12.98,98.8,0.2825,485.56,12.91,100.59,0.2825,479.66,14.93,100.04,0.2825,476.1,23.04,22.92,0.01131,63.07,0.0592,0.0,532.39,0.0,459.0,23.13,23.04,0.01103,62.1,0.0255,0.0,465.63,0.0,196.7,22.17,22.1,0.0113,66.71,0.0576,0.0,547.31,0.0,527.35,23.36,23.91,0.01146,60.6,0.0311,0.0,596.14,1.0,0.0,21.92,22.35,0.01128,66.06,0.109,0.0,520.4,0.0,199.22,309.9,0.0,602.6,1407290.76,821250.12,821250.12,0.0
183,0,45,17.21,88.95,17.01,91.04,0.2825,456.85,23.32,63.52,0.2825,517.62,23.13,61.5,0.2825,516.09,17.27,91.08,0.2825,485.9,12.84,100.53,0.2825,464.92,12.69,101.01,0.2825,474.65,15.02,98.78,0.2825,458.5,22.62,22.62,0.01126,62.55,0.0592,0.0,523.56,0.0,459.0,22.8,22.76,0.01103,63.47,0.0255,0.0,472.74,0.0,196.72,21.98,21.95,0.01125,66.18,0.0576,0.0,518.12,0.0,539.06,23.16,23.28,0.01149,64.1,0.0311,0.0,592.11,1.0,0.0,21.71,22.15,0.01123,68.64,0.109,0.0,523.92,0.0,199.22,309.89,0.0,602.6,1443535.56,821237.96,821237.96,0.0
183,1,0,17.14,89.0,17.08,89.55,0.2825,478.16,23.16,63.48,0.2825,499.27,23.12,62.36,0.2825,541.59,17.08,89.36,0.2825,470.18,12.98,99.04,0.2825,446.81,12.88,99.4,0.2825,471.54,14.99,99.7,0.2825,445.8,22.08,22.36,0.01122,65.86,0.0592,0.0,522.42,0.0,459.0,22.44,22.51,0.01103,65.15,0.0255,0.0,484.47,0.0,196.7,21.93,21.82,0.01121,67.83,0.0576,0.0,506.96,0.0,539.06,22.48,22.82,0.01152,65.19,0.0311,0.0,582.5,1.0,0.0,21.47,22.0,0.0112,70.22,0.109,0.0,504.0,0.0,199.22,309.87,0.0,602.6,1442854.08,821223.64,821223.64,0.0
183,1,15,17.26,90.21,17.11,92.55,0.2769,457.41,23.08,63.26,0.2769,486.81,22.97,62.96,0.2769,521.8,17.26,89.53,0.2769,490.03,12.85,100.5,0.2769,454.64,12.83,98.58,0.2769,469.25,14.99,100.62,0.2769,476.84,22.01,22.14,0.01119,63.77,0.0592,0.0,493.79,0.0,459.0,22.36,22.3,0.01104,64.18,0.0255,0.0,461.07,0.0,196.7,21.64,21.7,0.01119,67.76,0.0576,0.0,507.55,0.0,527.35,22.93,24.17,0.01149,62.9,0.0255,0.0,582.29,0.0,0.0,21.39,21.85,0.01118,67.44,0.109,0.0,490.35,0.0,199.22,305.15,0.0,602.6,3603114.36,816972.32,816972.32,0.0
183,1,30,17.29,92.13,16.95,93.27,0.4056,471.88,22.7,63.96,0.4056,506.69,22.9,62.96,0.4056,516.53,17.21,89.47,0.4056,498.91,13.86,101.26,0.4056,449.81,13.65,100.28,0.4056,494.29,15.19,99.54,0.4056,482.05,21.86,21.95,0.01118,65.66,0.0592,0.0,510.47,0.0,449.16,22.15,22.11,0.01105,64.55,0.0255,0.0,489.17,0.0,192.53,21.65,21.61,0.01118,67.24,0.0576,0.0,478.84,0.0,574.21,23.95,23.55,0.01134,60.52,0.1542,0.0,503.94,0.0,2400.0,21.37,21.73,0.01117,67.1,0.109,0.0,501.42,0.0,205.08,394.79,0.0,602.6,3604767.84,910911.5,910911.5,0.0
183,1,45,17.12,91.44,17.22,92.79,0.4459,471.97,22.94,61.88,0.4459,524.44,22.82,64.09,0.4459,513.94,17.27,93.12,0.4459,487.57,13.65,100.97,0.4459,478.51,13.55,100.23,0.4459,456.07,14.93,99.73,0.4459,464.05,21.73,21.79,0.01118,69.28,0.0592,0.0,504.54,0.0,459.0,22.04,21.94,0.01107,66.7,0.0255,0.0,449.96,0.0,196.7,21.64,21.52,0.01118,69.07,0.0576,0.0,468.35,0.0,585.94,23.95,23.67,0.01121,57.85,0.1945,0.0,512.35,0.0,2520.0,21.27,21.62,0.01117,68.34,0.109,0.0,517.37,0.0,199.22,461.17,0.0,602.6,3731215.32,957392.82,957392.82,0.0
183,2,0,17.05,92.79,17.24,94.05,0.2769,461.0,22.44,64.58,0.2769,504.26,22.51,64.62,0.2769,493.97,17.17,93.93,0.2769,441.1,12.8,100.16,0.2769,476.18,12.98,99.37,0.2769,474.57,15.15,99.93,0.2769,479.47,21.5,21.66,0.0112,67.59,0.0592,0.0,505.16,0.0,449.28,21.7,21.8,0.0111,66.61,0.0255,0.0,441.96,0.0,192.53,21.36,21.45,0.0112,68.5,0.0576,0.0,503.0,0.0,574.21,22.98,22.99,0.01121,62.49,0.0255,0.0,503.36,0.0,0.0,21.17,21.52,0.01119,70.62,0.109,120.17,479.77,0.0,199.22,303.48,0.0,602.6,1439583.84,815463.51,815463.51,43467.05
183,2,15,17.5,92.82,17.05,93.28,0.2769,448.52,22.14,65.56,0.2769,499.38,22.16,66.28,0.2769,489.7,17.25,90.25,0.2769,496.4,12.74,99.03,0.2769,483.8,12.9,99.84,0.2769,464.94,15.05,98.22,0.2769,483.85,21.59,21.53,0.01123,68.89,0.0592,0.0,511.12,0.0,449.16,21.44,21.65,0.01115,65.72,0.0255,0.0,497.75,0.0,192.52,21.47,21.38,0.01123,69.61,0.0576,0.0,503.3,0.0,574.22,22.14,22.45,0.01124,65.47,0.0255,0.0,488.72,0.0,0.0,21.08,21.43,0.01122,69.94,0.109,223.49,479.61,0.0,199.22,304.03,0.0,602.6,1439389.44,815965.89,815965.89,192930.28
183,2,30,17.24,91.91,17.18,91.95,0.2769,467.14,22.33,65.89,0.2769,498.15,22.25,65.77,0.2769,473.1,17.02,91.08,0.2769,444.62,13.0,100.31,0.2769,447.52,12.84,99.81,0.2769,460.94,14.9,101.13,0.2769,438.41,21.06,21.42,0.01124,67.44,0.0592,0.0,487.0,0.0,449.16,21.31,21.53,0.01117,67.94,0.0255,0.0,446.92,0.0,192.5,21.22,21.29,0.01124,68.78,0.0576,0.0,492.67,0.0,539.06,21.81,22.06,0.01124,68.98,0.0255,0.0,494.29,0.0,0.0,21.26,21.42,0.01123,69.29,0.109,229.75,459.48,0.0,199.21,304.59,0.0,602.6,1583178.48,816467.39,816467.39,211476.45
183,2,45,17.29,92.2,16.91,89.67,0.351,441.88,22.17,66.22,0.351,495.42,22.11,66.88,0.351,505.64,17.23,89.55,0.351,458.27,13.25,100.1,0.351,464.48,13.27,100.31,0.351,445.09,15.02,99.68,0.351,468.1,21.07,21.31,0.01122,70.14,0.0592,0.0,501.02,0.0,449.16,21.41,21.42,0.01116,67.38,0.0255,0.0,481.1,0.0,192.53,21.42,21.21,0.01122,70.39,0.0576,0.0,475.55,0.0,527.34,23.82,22.31,0.0112,58.6,0.0996,0.0,487.66,0.0,2400.0,21.12,21.38,0.01122,70.11,0.109,295.96,465.88,0.0,199.21,363.52,0.0,602.6,3733177.68,859948.28,859948.28,270752.88
183,3,0,17.16,90.98,17.3,90.79,0.2769,474.17,22.19,66.64,0.2769,509.91,21.98,66.02,0.2769,490.96,17.31,91.26,0.2769,477.69,12.76,100.22,0.2769,468.77,12.99,98.66,0.2769,437.71,14.95,100.23,0.2769,436.32,21.17,21.22,0.0112,70.18,0.0592,0.0,496.21,0.0,449.16,21.25,21.33,0.01115,69.39,0.0255,0.0,448.96,0.0,192.54,21.07,21.14,0.0112,69.66,0.0576,0.0,472.92,0.0,539.06,22.95,22.46,0.01118,64.63,0.0255,0.0,484.16,0.0,0.0,21.02,21.34,0.0112,68.98,0.109,351.63,488.24,0.0,199.22,305.71,0.0,602.6,1583880.48,817478.04,817478.04,316457.49
183,3,15,17.28,90.38,17.16,89.24,0.2769,488.43,21.63,65.68,0.2769,461.54,21.82,66.4,0.2769,464.42,17.19,88.35,0.2769,465.33,13.05,100.35,0.2769,470.23,12.76,101.36,0.2769,438.86,14.95,100.93,0.2769,459.25,21.1,21.14,0.01119,71.08,0.0592,79.86,454.64,0.0,449.16,21.26,21.25,0.01114,69.43,0.0255,0.0,465.49,0.0,192.52,21.09,21.08,0.01119,69.75,0.0576,49.97,477.75,0.0,527.34,21.82,21.96,0.01116,65.72,0.0255,0.0,473.93,0.0,0.0,21.06,21.31,0.01118,70.98,0.109,403.09,475.29,0.0,199.22,305.71,0.0,602.6,1573307.28,817481.81,817481.81,466254.2
183,3,30,17.13,88.28,17.05,88.34,0.2769,446.98,21.85,65.84,0.2769,484.09,21.67,67.01,0.2769,486.48,17.13,90.51,0.2769,453.97,13.11,99.96,0.2769,470.26,12.81,101.01,0.2769,466.71,14.92,100.8,0.2769,470.96,20.97,21.09,0.01117,68.93,0.0592,141.02,493.49,0.0,449.16,21.17,21.17,0.01113,69.45,0.0255,25.1,466.44,0.0,192.53,21.05,21.03,0.01117,68.83,0.0576,63.59,500.63,0.0,562.5,21.41,21.6,0.01115,69.14,0.0255,0.0,467.42,0.0,0.0,21.06,21.24,0.01116,68.75,0.109,531.77,457.54,0.0,199.22,305.71,0.0,602.6,1427508.36,817481.81,817481.81,687167.43
183,3,45,17.14,90.0,17.27,90.94,0.2769,482.67,21.82,66.76,0.2769,496.92,21.75,67.92,0.2769,467.71,17.18,91.47,0.2769,457.22,12.91,101.61,0.2769,431.75,12.77,99.94,0.2769,473.05,15.16,101.3,0.2769,449.53,21.11,21.04,0.01115,69.73,0.0592,163.76,467.95,0.0,458.88,21.01,21.11,0.01111,69.18,0.0255,53.39,454.12,0.0,196.69,20.93,20.99,0.01115,69.36,0.0576,96.16,492.01,0.0,562.5,21.12,21.33,0.01113,70.36,0.0255,77.94,474.35,0.0,0.0,21.07,21.2,0.01114,69.23,0.109,587.44,495.3,0.0,205.08,305.71,0.0,602.6,1444745.16,817481.81,817481.81,880820.64
183,4,0,17.06,91.31,17.15,90.46,0.3211,443.36,21.53,67.08,0.3211,453.73,21.63,67.24,0.3211,476.79,17.2,90.66,0.3211,460.7,13.28,98.69,0.3211,450.56,13.12,101.32,0.3211,449.37,15.01,97.74,0.3211,449.33,21.04,21.01,0.01114,70.51,0.0592,201.12,485.19,0.0,459.0,21.15,21.06,0.0111,68.55,0.0255,64.4,434.67,0.0,196.72,21.09,20.96,0.01114,70.63,0.0576,128.13,473.77,0.0,562.5,23.47,21.71,0.01111,58.19,0.0697,0.0,480.98,0.0,2400.0,21.09,21.16,0.01113,71.27,0.109,628.95,475.07,0.0,199.22,339.96,0.0,602.6,3600156.24,838690.15,838690.15,929522.69
183,4,15,17.1,90.54,17.42,91.35,0.3784,471.96,21.53,67.02,0.3784,458.76,21.55,66.24,0.3784,471.61,17.31,91.99,0.3784,452.17,13.5,100.25,0.3784,437.41,13.73,99.45,0.3784,472.49,14.96,99.91,0.3784,466.8,21.07,20.98,0.01112,69.39,0.0592,226.92,467.15,0.0,449.16,21.08,21.03,0.01109,70.58,0.0255,80.45,437.94,0.0,192.53,20.95,20.95,0.01112,67.93,0.0576,140.23,467.24,0.0,562.5,24.03,22.7,0.01105,58.39,0.127,0.0,468.49,0.0,2400.0,21.13,21.14,0.01111,69.71,0.109,640.89,476.36,0.0,205.08,381.71,0.0,602.6,3592227.96,890449.87,890449.87,980373.4
183,4,30,17.06,90.92,17.21,89.57,0.2769,454.19,21.57,66.84,0.2769,450.74,21.49,65.71,0.2769,496.32,17.17,89.3,0.2769,470.14,12.92,101.28,0.2769,465.84,12.94,100.95,0.2769,444.32,14.83,101.1,0.2769,492.97,21.02,21.03,0.01111,69.47,0.0592,177.95,478.94,0.0,468.72,21.23,21.09,0.01108,68.68,0.0255,54.92,466.52,0.0,200.89,21.33,21.06,0.01111,68.5,0.0576,69.12,457.47,0.0,562.5,22.54,22.48,0.01104,63.57,0.0255,0.0,480.95,0.0,0.0,20.99,21.13,0.0111,69.38,0.109,657.23,468.57,0.0,199.21,305.68,0.0,602.6,1478442.24,817451.64,817451.64,863283.74
183,4,45,17.29,89.11,17.31,90.74,0.2769,436.92,21.55,68.04,0.2769,472.91,21.41,67.04,0.2769,469.98,17.29,90.62,0.2769,447.97,12.84,100.25,0.2769,443.98,13.01,98.87,0.2769,458.3,15.08,100.77,0.2769,469.35,21.14,21.08,0.01109,68.65,0.0592,140.14,480.16,0.0,468.72,21.14,21.18,0.01107,69.4,0.0255,7.5,455.81,0.0,200.89,21.26,21.22,0.01109,70.03,0.0576,0.0,474.74,0.0,562.5,21.74,21.99,0.01104,66.6,0.0255,0.0,441.86,0.0,0.0,21.09,21.12,0.01109,68.86,0.109,664.25,492.52,0.0,199.21,305.67,0.0,602.6,1453407.84,817440.19,817440.19,730703.72
183,5,0,17.23,90.06,17.15,89.95,0.2769,448.53,21.37,68.57,0.2769,476.15,21.39,67.64,0.2769,458.94,17.23,88.72,0.2769,469.12,12.87,99.89,0.2769,468.3,13.0,99.11,0.2769,458.43,15.02,101.73,0.2769,455.67,21.12,21.14,0.01108,69.38,0.0592,65.56,466.47,0.0,468.72,21.06,21.27,0.01107,68.08,0.0255,0.0,457.53,0.0,200.89,21.26,21.33,0.01109,70.0,0.0576,0.0,454.41,0.0,562.5,21.36,21.69,0.01104,67.53,0.0255,0.0,483.62,0.0,0.0,21.14,21.11,0.01108,68.78,0.109,663.55,464.5,0.0,205.07,305.65,0.0,602.6,1483712.64,817426.36,817426.36,656205.02
183,5,15,17.31,88.98,17.38,87.76,0.3389,460.54,21.38,67.33,0.3389,467.23,21.56,68.69,0.3389,459.37,17.13,88.56,0.3389,446.49,13.22,100.29,0.3389,438.06,13.35,99.09,0.3389,473.41,15.32,100.18,0.3389,472.69,21.3,21.2,0.01108,67.03,0.0592,0.0,470.22,0.0,468.72,21.28,21.35,0.01106,66.9,0.0255,0.0,454.23,0.0,200.88,21.37,21.43,0.01108,64.71,0.0576,0.0,481.36,0.0,562.5,23.55,22.07,0.01103,60.92,0.0875,0.0,449.3,0.0,2400.0,20.89,21.11,0.01108,68.68,0.109,663.34,470.69,0.0,205.07,366.24,0.0,602.6,3618548.64,861125.21,861125.21,603901.13
183,5,30,17.44,88.27,17.48,88.72,0.3931,476.9,21.32,66.48,0.3931,465.0,21.66,68.27,0.3931,465.82,17.52,87.23,0.3931,444.28,13.67,99.6,0.3931,465.08,13.39,101.24,0.3931,472.49,15.2,99.81,0.3931,458.54,21.03,21.28,0.01106,70.33,0.0592,0.0,462.24,0.0,449.16,21.45,21.47,0.01105,67.39,0.0255,0.0,476.2,0.0,192.54,21.43,21.56,0.01106,68.26,0.0576,0.0,464.06,0.0,550.78,23.84,23.04,0.01098,59.12,0.1417,0.0,466.41,0.0,2400.0,21.14,21.12,0.01106,69.92,0.109,645.44,475.78,0.0,199.21,422.58,0.0,602.6,3600781.56,931022.8,931022.8,582694.45
183,5,45,17.54,88.28,17.49,88.61,0.2769,478.38,21.43,68.52,0.2769,486.98,21.32,66.99,0.2769,480.22,17.51,88.93,0.2769,469.88,12.99,101.34,0.2769,453.44,12.81,98.55,0.2769,450.39,15.09,100.03,0.2769,485.12,21.17,21.4,0.01106,68.4,0.0592,0.0,466.75,0.0,458.88,21.32,21.62,0.01104,67.47,0.0255,0.0,477.79,0.0,196.7,21.44,21.73,0.01106,67.11,0.0576,0.0,475.47,0.0,550.79,22.75,22.84,0.01098,61.29,0.0255,0.0,485.69,0.0,0.0,21.22,21.14,0.01106,69.44,0.109,628.6,483.69,0.0,199.21,334.88,0.0,602.6,1453947.84,843730.86,843730.86,565724.01
183,6,0,17.78,86.01,17.96,86.17,0.2769,465.43,21.29,68.14,0.2769,454.2,21.54,67.44,0.2769,465.31,17.9,85.68,0.2769,475.6,12.69,99.53,0.2769,463.81,12.79,98.75,0.2769,467.43,15.13,98.84,0.2769,455.59,21.24,21.54,0.01105,68.81,0.0592,0.0,444.44,0.0,459.0,21.66,21.81,0.01104,66.58,0.0255,0.0,473.69,0.0,196.72,21.91,21.92,0.01106,65.36,0.0576,0.0,471.8,0.0,550.79,22.34,22.5,0.01098,64.69,0.0255,0.0,467.2,0.0,0.0,21.21,21.16,0.01105,69.29,0.109,605.33,440.37,0.0,199.22,344.54,0.0,602.6,1428404.76,852426.62,852426.62,544800.76
183,6,15,17.77,84.88,17.81,85.33,0.2769,448.68,21.3,67.69,0.2769,477.08,21.3,67.1,0.2769,483.78,17.79,86.89,0.2769,452.87,12.96,99.54,0.2769,442.65,12.92,101.14,0.2769,466.41,14.96,99.89,0.2769,476.86,21.55,21.7,0.01105,67.02,0.0592,0.0,461.28,0.0,449.16,21.73,22.01,0.01104,65.01,0.0255,0.0,471.53,0.0,192.54,21.89,22.11,0.01105,64.49,0.0576,0.0,501.15,0.0,550.79,21.82,22.31,0.01099,66.47,0.0255,0.0,473.63,0.0,0.0,21.0,21.17,0.01105,69.43,0.109,582.99,459.62,0.0,199.22,344.52,0.0,602.6,1440813.96,852410.61,852410.61,524694.39
183,6,30,17.72,88.18,17.67,87.97,0.2769,454.38,21.46,67.93,0.2769,461.4,21.52,68.56,0.2769,485.93,17.76,89.23,0.2769,496.18,12.95,99.53,0.2769,481.14,13.03,100.26,0.2769,488.19,15.12,100.37,0.2769,427.81,21.78,21.86,0.01105,66.14,0.0592,0.0,470.42,0.0,449.16,21.99,22.22,0.01104,65.08,0.0255,0.0,450.57,0.0,192.52,22.12,22.31,0.01105,65.87,0.0576,0.0,498.31,0.0,562.5,21.67,22.22,0.011,64.49,0.0255,0.0,444.82,0.0,0.0,21.08,21.2,0.01105,69.76,0.109,551.49,450.51,0.0,205.08,344.51,0.0,602.6,1458029.16,852393.95,852393.95,496343.42
183,6,45,17.72,86.71,17.68,88.72,0.3739,459.17,21.5,66.64,0.3739,471.18,21.8,66.64,0.3739,476.82,17.87,86.83,0.3739,484.69,13.37,101.23,0.3739,488.6,13.45,99.16,0.3739,480.74,15.0,101.28,0.3739,436.39,21.86,22.03,0.01104,66.42,0.0592,0.0,481.04,0.0,459.0,21.94,22.44,0.01103,64.88,0.0255,0.0,465.18,0.0,196.72,22.41,22.51,0.01104,63.14,0.0576,0.0,481.84,0.0,562.5,23.76,22.78,0.01097,56.86,0.1225,0.0,462.73,0.0,2400.0,21.16,21.22,0.01104,69.43,0.109,525.61,472.55,0.0,199.21,438.64,0.0,602.6,3599485.56,924403.27,924403.27,476229.51
183,7,0,17.72,85.79,17.96,86.54,0.2769,466.66,21.65,68.65,0.2769,451.34,21.62,65.78,0.2769,451.51,17.75,88.43,0.2769,449.16,13.5,100.48,0.2769,462.95,13.6,100.58,0.2769,460.2,15.5,96.97,0.2769,481.76,21.99,22.25,0.01104,65.44,0.0592,0.0,487.65,0.0,459.0,22.35,22.7,0.01103,64.08,0.0255,0.0,472.37,0.0,196.69,22.46,22.74,0.01104,63.12,0.0576,0.0,484.12,0.0,562.5,23.54,23.1,0.01096,59.69,0.0255,0.0,492.06,0.0,0.0,21.08,21.26,0.01104,70.23,0.109,403.78,485.39,0.0,199.21,306.18,0.0,602.6,1465363.44,817899.44,817899.44,363398.17
183,7,15,17.89,84.67,18.04,85.86,0.2769,465.06,21.55,65.39,0.2769,445.84,21.71,65.46,0.2769,457.78,17.85,86.06,0.2769,483.21,12.96,98.93,0.2769,447.45,13.01,101.53,0.2769,461.35,14.93,98.67,0.2769,500.94,22.13,22.45,0.01103,63.86,0.0592,0.0,459.83,0.0,449.28,22.82,22.96,0.01102,61.82,0.0255,0.0,476.51,0.0,192.53,22.72,22.97,0.01103,61.84,0.0576,0.0,454.44,0.0,562.5,22.96,23.17,0.01096,63.21,0.0255,0.0,452.42,0.0,0.0,21.01,21.29,0.01103,70.23,0.109,414.09,476.23,0.0,199.21,353.26,0.0,602.6,1426946.76,860276.86,860276.86,372688.48
183,7,30,18.08,86.43,18.04,83.29,0.2769,461.98,21.69,65.19,0.2769,456.01,21.62,67.01,0.2769,453.76,17.87,83.11,0.2769,483.6,12.97,100.28,0.2769,487.44,12.77,100.09,0.2769,470.99,15.15,97.98,0.2769,459.4,22.38,22.69,0.011,63.01,0.0592,0.0,479.71,0.0,459.0,22.9,23.25,0.011,60.98,0.0255,0.0,465.98,0.0,196.72,23.0,23.22,0.01101,61.93,0.0576,0.0,477.66,0.0,574.21,22.49,23.06,0.01094,63.1,0.0255,0.0,467.34,0.0,0.0,21.16,21.38,0.011,68.31,0.109,267.21,457.91,0.0,199.22,362.08,0.0,602.6,1630095.84,868208.21,868208.21,240464.53
183,7,45,18.1,82.73,18.29,82.14,0.2769,469.69,21.65,66.83,0.2769,477.48,21.84,66.99,0.2769,476.28,18.22,82.25,0.2769,451.0,12.86,101.4,0.2769,475.66,12.83,102.05,0.2769,481.32,15.01,98.69,0.2769,475.75,22.6,22.94,0.01096,61.76,0.0592,0.0,458.56,0.0,468.84,23.22,23.54,0.01095,61.62,0.0255,0.0,448.67,0.0,200.89,23.25,23.47,0.01096,61.85,0.0576,0.0,476.24,0.0,585.95,22.63,23.09,0.01091,62.79,0.0255,0.0,464.0,0.0,0.0,21.18,21.43,0.01096,69.8,0.109,186.98,466.98,0.0,199.22,370.88,0.0,602.6,1652493.96,876129.36,876129.36,168286.46
183,8,0,18.18,80.3,18.49,79.0,0.2769,448.08,21.87,67.02,0.2769,448.36,21.75,65.48,0.2769,470.79,18.39,81.44,0.2769,472.42,13.02,100.54,0.2769,469.22,13.02,100.3,0.2769,436.05,14.76,98.97,0.2769,459.94,22.9,23.17,0.0109,62.69,0.0592,0.0,468.98,0.0,459.0,23.42,23.82,0.01089,59.59,0.0255,0.0,438.79,0.0,196.7,23.42,23.7,0.0109,60.66,0.0576,0.0,472.41,0.0,574.21,22.66,23.18,0.01085,59.21,0.0255,0.0,485.81,0.0,0.0,20.98,21.48,0.0109,68.79,0.109,110.85,455.44,0.0,199.22,379.73,0.0,602.6,1630073.16,884098.94,884098.94,99767.72
183,8,15,18.43,79.46,18.46,81.52,0.5048,470.26,22.4,64.2,0.5048,441.18,22.39,62.29,0.5048,463.24,18.55,80.22,0.5048,478.77,13.54,101.11,0.5048,459.79,13.8,100.1,0.5048,483.61,14.99,93.1,0.5048,466.74,22.93,23.43,0.01083,58.5,0.0592,0.0,467.83,0.0,459.0,23.76,24.13,0.01083,56.59,0.0255,0.0,484.33,0.0,196.69,23.53,23.96,0.01086,56.83,0.0632,0.0,484.9,1.0,574.22,23.86,25.35,0.01055,55.36,0.2478,0.0,461.97,0.0,2400.0,21.06,21.53,0.01084,66.89,0.109,28.08,495.98,0.0,199.22,695.95,0.0,602.6,5949327.96,1152305.09,1152305.09,25505.35
183,8,30,18.76,79.65,18.85,78.58,0.3336,447.38,22.41,63.71,0.3336,471.03,22.52,64.19,0.3336,477.13,18.87,77.95,0.3336,471.15,14.04,99.49,0.3336,464.89,13.71,99.27,0.3336,459.38,15.63,92.79,0.3336,430.0,23.53,23.76,0.01078,58.55,0.0592,0.0,454.23,0.0,449.28,23.89,24.48,0.01076,55.97,0.0399,0.0,434.19,0.0,192.53,23.78,24.28,0.01084,55.75,0.0782,0.0,497.8,1.0,644.53,23.96,24.47,0.0104,53.97,0.0473,0.0,485.62,0.0,0.0,21.19,21.55,0.01078,66.3,0.109,0.0,449.21,0.0,199.22,433.43,0.0,602.6,1533287.88,932425.29,932425.29,0.0
183,8,45,19.13,78.23,18.95,79.03,0.2825,453.76,21.09,57.92,0.2825,455.37,20.97,58.75,5.8734,468.03,21.04,60.72,5.8734,481.07,14.51,81.79,5.8734,466.97,14.53,81.36,5.8734,468.4,15.13,79.26,5.8734,490.43,21.08,23.99,0.00964,57.02,1.2316,4870.47,465.65,0.0,459.0,21.19,24.69,0.00964,56.03,0.5308,1955.58,491.57,0.0,196.72,21.08,24.48,0.00965,57.9,1.3137,4805.65,488.24,1.0,644.53,21.11,24.45,0.00955,58.06,0.5308,2157.31,469.34,0.0,0.0,19.64,21.61,0.00965,61.93,2.2666,8908.59,484.08,0.0,199.22,8816.72,0.0,2281.9,1521235.08,10937548.06,10937548.06,18862355.6
183,9,0,19.4,75.57,19.52,76.22,0.2825,466.48,20.49,61.05,0.2825,475.11,20.6,58.43,5.8734,481.32,20.63,62.49,5.8734,475.99,14.48,83.88,5.8734,463.63,14.55,83.9,5.8734,439.74,15.04,81.73,5.8734,463.66,20.42,23.17,0.00913,57.77,1.2316,4870.47,498.61,0.0,459.0,20.71,23.83,0.00913,55.9,0.5308,2157.31,475.44,0.0,196.69,20.37,23.44,0.00912,58.42,1.3137,4805.65,498.32,1.0,644.53,20.48,23.44,0.00912,57.81,0.5308,2157.31,483.51,0.0,0.0,19.23,20.87,0.00913,62.62,2.2666,8908.59,471.71,0.0,199.22,8591.51,0.0,2281.9,1546453.08,10178936.07,10178936.07,20609380.24
183,9,15,19.65,75.16,19.51,75.32,0.2921,478.37,20.28,60.65,0.2921,460.14,20.45,58.46,6.074,482.1,20.5,58.71,6.074,479.09,14.5,82.36,6.074,476.7,14.67,80.44,6.074,460.53,14.98,79.34,6.074,459.42,20.29,22.84,0.00883,58.34,1.2316,4870.47,485.82,0.0,449.28,20.85,23.5,0.00883,56.16,0.5308,2157.31,458.32,0.0,192.53,20.16,23.02,0.00884,57.32,1.3137,4805.65,498.54,1.0,644.52,19.99,23.0,0.00884,59.31,0.6462,2157.31,456.57,1.0,0.0,18.87,20.58,0.00884,62.9,2.3518,8908.59,471.44,2.0,199.22,8505.83,0.0,2434.2,1508037.48,10006334.18,10006334.18,20609380.24
183,9,30,19.83,75.42,19.58,73.15,0.3088,454.5,20.1,57.77,0.3088,494.42,19.89,58.85,6.4202,489.45,20.15,58.46,6.4202,489.13,14.59,79.02,6.4202,490.16,14.74,82.63,6.4202,456.24,15.01,76.95,6.4202,467.66,20.05,22.66,0.00859,56.03,1.2316,4870.47,498.98,0.0,468.72,20.6,23.3,0.00859,53.58,0.5308,2157.31,484.06,0.0,200.9,20.04,22.78,0.0086,56.34,1.3137,4805.65,493.67,1.0,726.56,18.84,22.6,0.0086,61.53,0.9924,2157.31,493.81,4.0,0.0,18.99,20.55,0.0086,58.81,2.3518,8908.59,509.38,3.0,410.15,8228.44,0.0,2707.91,2345829.12,10044707.63,10044707.63,20609380.24
183,9,45,19.92,71.89,19.93,73.14,0.3143,461.07,20.0,58.29,0.3143,498.23,20.13,57.8,6.5356,491.85,19.98,58.31,6.5356,510.62,14.72,79.51,6.5356,473.02,14.63,78.9,6.5356,507.82,15.12,75.05,6.5356,497.76,20.13,22.53,0.00843,56.69,1.2316,4870.47,461.29,0.0,459.0,20.48,23.16,0.00843,55.16,0.5308,2157.31,485.87,0.0,196.72,20.09,22.59,0.00844,55.58,1.3137,4805.65,467.27,1.0,726.56,18.28,22.02,0.00845,64.03,1.1078,2157.31,513.11,5.0,0.0,19.07,20.48,0.00844,59.1,2.3518,8908.59,500.57,3.0,404.3,8262.32,0.0,2802.19,2328181.92,10029947.08,10029947.08,20609380.24
183,10,0,19.81,73.7,19.99,70.94,0.3143,468.59,20.03,56.79,0.3143,506.43,19.87,56.65,6.5356,479.79,19.96,58.16,6.5356,503.95,14.57,77.61,6.5356,481.63,14.55,78.16,6.5356,497.72,15.05,75.06,6.5356,504.09,20.09,22.38,0.0083,55.41,1.2316,4870.47,510.08,0.0,468.72,20.58,23.15,0.0083,52.91,0.5308,2157.31,496.72,0.0,200.9,19.68,22.4,0.00831,56.88,1.4291,4805.65,496.67,2.0,726.56,18.39,21.57,0.00833,63.41,0.9924,2157.31,479.27,4.0,0.0,18.96,20.41,0.00832,61.03,2.3518,8908.59,520.48,4.0,410.16,8133.04,0.0,2802.19,2345298.84,9841701.04,9841701.04,20609380.24
183,10,15,20.37,69.58,20.3,70.59,0.3254,490.71,19.8,56.86,0.3254,491.21,19.71,56.16,6.7664,480.6,19.95,56.75,6.7664,481.62,14.56,75.74,6.7664,474.56,14.58,78.24,6.7664,494.24,14.9,75.58,6.7664,494.53,20.19,22.32,0.00822,55.02,1.2316,4870.47,497.17,0.0,459.0,20.52,23.1,0.00822,54.29,0.5308,2157.31,508.16,0.0,196.72,19.38,22.25,0.00824,57.88,1.6599,4805.65,512.75,4.0,726.55,18.24,21.39,0.00825,62.37,0.9924,2157.31,541.84,4.0,0.0,18.91,20.32,0.00823,59.93,2.3518,8908.59,501.55,1.0,410.15,8170.55,0.0,2995.26,2333301.12,10092433.94,10092433.94,20609380.24
183,10,30,20.82,69.13,20.45,69.76,0.3365,468.21,19.8,56.62,0.3365,484.09,19.67,56.54,6.9972,505.84,19.92,57.0,6.9972,490.5,14.56,77.71,6.9972,496.52,14.51,79.01,6.9972,494.98,15.06,75.18,6.9972,502.84,20.06,22.41,0.00816,53.47,1.2316,4870.47,485.49,0.0,683.64,20.77,23.15,0.00816,52.69,0.5308,2157.31,515.5,0.0,292.97,18.98,22.02,0.00819,59.37,1.8907,4805.65,526.34,6.0,679.69,18.25,21.26,0.00819,61.35,0.9924,2157.31,529.99,4.0,0.0,19.13,20.26,0.00816,58.53,2.3518,8908.59,521.87,1.0,603.52,8219.63,0.0,3194.34,3139287.84,10323845.6,10323845.6,20609380.24
183,10,45,20.78,68.8,20.85,68.25,0.3365,472.74,19.71,57.19,0.3365,509.13,19.54,56.32,6.9972,524.48,19.71,56.27,6.9972,518.3,14.7,77.26,6.9972,525.44,14.63,74.88,6.9972,515.52,15.13,74.16,6.9972,502.04,20.07,22.51,0.00811,52.64,1.2316,4870.47,491.99,0.0,683.52,20.78,23.33,0.00811,52.78,0.5308,2157.31,534.24,0.0,292.97,18.86,21.78,0.00814,59.06,1.8907,4805.65,540.34,6.0,691.4,18.31,21.15,0.00814,60.34,0.9924,2157.31,541.04,4.0,0.0,18.94,20.22,0.00811,59.14,2.3518,8908.59,488.87,1.0,603.52,8154.45,0.0,3194.34,3125238.12,10213912.35,10213912.35,20609380.24
183,11,0,21.27,67.71,21.07,68.75,0.3754,492.72,19.5,57.96,0.3754,540.37,19.6,56.16,7.805,532.41,19.54,56.95,7.805,483.95,14.32,78.19,7.805,518.39,14.66,78.11,7.805,521.69,14.97,73.74,7.805,524.74,19.82,22.68,0.00814,56.92,1.5778,4870.47,527.85,3.0,673.8,20.86,23.47,0.00812,52.91,0.5308,2157.31,526.24,0.0,288.79,18.95,21.64,0.00816,60.05,2.0061,4805.65,560.56,7.0,691.4,17.73,21.11,0.00817,63.6,1.3386,2157.31,539.09,7.0,0.0,18.89,20.19,0.00812,57.4,2.3518,8908.59,533.24,1.0,609.37,8728.47,0.0,3937.65,3142463.04,11430642.34,11430642.34,20609380.24
183,11,15,21.73,66.95,21.31,66.4,0.4031,505.27,19.57,55.86,0.4031,538.04,19.48,56.18,8.382,564.09,19.4,58.52,8.382,524.65,14.42,76.22,8.382,527.53,14.47,77.18,8.382,549.55,14.96,75.9,8.382,553.2,19.26,22.69,0.00817,57.1,1.924,4870.47,535.04,6.0,683.64,20.75,23.52,0.00813,50.81,0.5308,2157.31,534.44,0.0,292.98,18.48,21.54,0.00817,59.98,2.0061,4805.65,513.17,7.0,679.69,17.44,20.96,0.00819,63.23,1.5694,2157.31,582.83,9.0,0.0,18.91,20.17,0.00814,58.27,2.3518,8908.59,537.19,3.0,603.52,9030.67,0.0,4512.14,3114276.12,12251771.99,12251771.99,20609380.24
183,11,30,21.72,63.67,21.83,66.42,0.4293,499.06,19.23,57.46,0.4293,543.48,19.45,57.66,8.9252,575.93,19.5,57.33,8.9252,541.22,14.35,76.04,8.9252,543.78,14.26,78.98,8.9252,547.52,14.95,76.28,8.9252,533.69,19.03,22.99,0.00822,57.94,2.3518,4870.47,577.4,12.0,2324.16,20.9,23.72,0.00818,51.2,0.6462,2157.31,571.51,1.0,996.11,18.51,21.45,0.0082,61.97,2.0061,4805.65,579.02,7.0,632.81,17.54,20.79,0.00821,65.26,1.5694,2157.31,588.84,9.0,0.0,18.85,20.12,0.00817,58.5,2.3518,8908.59,559.02,1.0,404.29,9342.61,0.0,5085.39,5068023.12,12985203.1,12985203.1,20609380.24
183,11,45,22.43,63.26,22.33,63.35,0.4293,493.31,19.33,56.59,0.4293,569.18,19.27,58.32,8.9252,543.63,19.51,58.99,8.9252,575.65,14.33,79.73,8.9252,540.51,14.58,77.24,8.9252,558.51,14.96,73.49,8.9252,578.85,19.41,23.23,0.00823,59.84,2.3518,4870.47,581.76,12.0,2324.28,20.74,23.67,0.00819,53.18,0.6462,2157.31,578.42,1.0,996.08,18.68,21.42,0.00821,62.01,2.0061,4805.65,584.66,7.0,644.53,17.5,20.74,0.00822,66.8,1.5694,2157.31,564.99,9.0,0.0,18.86,20.08,0.00818,58.92,2.3518,8908.59,552.33,1.0,404.29,9376.44,0.0,5085.39,5083379.64,13015642.47,13015642.47,20609380.24
183,12,0,22.78,61.54,22.69,62.47,0.4126,482.94,19.26,58.04,0.4126,572.15,19.1,58.45,8.579,606.23,19.29,56.65,8.579,549.91,14.38,79.45,8.579,567.01,14.48,79.42,8.579,570.26,15.02,76.15,8.579,536.43,19.24,23.49,0.00823,57.17,2.3518,4870.47,578.18,12.0,2324.28,21.06,23.55,0.00818,52.57,0.5308,1781.73,590.29,0.0,996.08,18.47,21.43,0.00821,60.67,2.1215,4805.65,554.5,8.0,644.53,17.74,20.65,0.00822,62.21,1.2232,2157.31,583.31,6.0,0.0,18.9,20.08,0.00819,58.09,2.3518,8908.59,555.46,4.0,404.29,9153.77,0.0,4716.41,5084039.52,12483166.48,12483166.48,20271359.77
183,12,15,23.15,60.86,23.23,59.82,0.4015,481.78,19.06,57.76,0.4015,604.31,19.28,58.03,8.3482,570.79,19.43,58.96,8.3482,572.09,14.48,77.94,8.3482,563.15,14.45,79.02,8.3482,594.48,14.96,75.93,8.3482,583.94,19.51,23.77,0.00823,59.38,2.3518,4870.47,585.21,12.0,2324.16,20.79,23.53,0.00819,53.13,0.6462,2157.31,575.15,1.0,996.1,18.58,21.39,0.00821,59.55,1.8907,4805.65,576.79,6.0,644.53,18.09,20.72,0.00821,60.88,1.1078,2157.31,600.49,5.0,0.0,18.92,20.1,0.0082,56.58,2.3518,8908.59,564.3,5.0,404.29,9008.87,0.0,4477.47,5083164.72,12137708.8,12137708.8,20609380.24
183,12,30,23.44,57.97,23.39,60.65,0.4015,480.33,19.24,58.04,0.4015,616.06,19.32,57.16,8.3482,610.97,19.48,57.01,8.3482,573.89,14.47,78.71,8.3482,609.89,14.6,78.04,8.3482,570.34,15.09,76.69,8.3482,587.25,19.33,24.13,0.00824,58.72,2.3518,4870.47,624.64,11.0,1826.16,20.39,23.47,0.0082,52.16,0.6462,2157.31,588.49,1.0,782.65,18.86,21.46,0.00821,59.04,1.7753,4805.65,618.67,5.0,714.84,17.93,20.85,0.00823,63.09,1.2232,2157.31,600.77,6.0,0.0,18.97,20.14,0.0082,58.35,2.3518,8908.59,593.77,4.0,597.66,9096.76,0.0,4477.47,5278979.52,12216813.27,12216813.27,20609380.24
183,12,45,23.72,59.45,23.48,58.64,0.4126,462.52,19.48,57.32,0.4126,594.33,19.59,55.67,8.579,593.42,19.68,59.15,8.579,611.99,14.38,76.9,8.579,583.5,14.59,78.73,8.579,628.81,14.99,75.51,8.579,619.53,19.42,24.4,0.00826,58.39,2.3518,4870.47,627.39,11.0,1835.88,19.9,23.35,0.00824,55.6,0.7616,2157.31,612.54,2.0,786.83,18.75,21.56,0.00824,59.86,1.8907,4805.65,622.69,6.0,726.56,17.78,20.89,0.00825,63.46,1.2232,2157.31,643.01,6.0,0.0,18.94,20.21,0.00823,58.69,2.3518,8908.59,598.5,6.0,603.52,9442.25,0.0,4716.41,5312578.32,12719655.79,12719655.79,20609380.24
183,13,0,23.86,56.98,23.93,57.91,0.3754,472.4,19.62,55.22,0.3754,633.27,19.32,55.3,7.805,628.45,19.9,56.74,7.805,616.76,14.29,76.87,7.805,638.48,14.44,79.05,7.805,625.5,14.91,76.27,7.805,612.66,20.48,24.59,0.00822,55.0,1.6932,4870.47,619.07,4.0,1836.0,19.81,23.13,0.00822,56.68,0.7616,2157.31,644.25,2.0,786.83,18.71,21.56,0.00822,60.27,1.8907,4805.65,644.78,6.0,714.85,18.18,20.97,0.00823,62.37,1.1078,2157.31,684.01,5.0,0.0,19.03,20.28,0.00823,59.4,2.3518,8908.59,653.33,8.0,603.52,8926.27,0.0,3937.65,5296875.12,11517069.28,11517069.28,20609380.24
183,13,15,23.93,58.71,23.87,59.12,0.3995,489.65,20.66,54.6,0.3995,665.18,20.58,52.06,8.3056,671.9,20.88,53.71,8.3056,659.2,14.61,80.6,8.3056,639.83,14.47,80.97,8.3056,641.72,14.97,77.74,8.3056,635.56,20.34,25.2,0.00833,53.89,1.8086,4870.47,673.61,5.0,1826.16,19.75,23.03,0.00832,58.47,0.7616,2157.31,678.01,2.0,782.64,18.83,21.57,0.00832,61.77,1.8907,4805.65,679.36,6.0,714.85,23.59,30.63,0.00834,44.93,1.4929,0.0,694.74,6.0,14640.0,19.11,20.35,0.00831,60.33,2.3518,8908.59,650.78,7.0,603.52,10920.81,0.0,4433.97,27251471.52,13380502.28,13380502.28,18667805.09
183,13,30,23.95,60.54,23.81,60.47,0.4126,521.88,20.01,57.22,0.4126,695.95,19.92,57.62,8.579,688.4,20.24,56.13,8.579,663.21,14.31,79.81,8.579,686.27,14.45,77.6,8.579,660.52,15.13,77.02,8.579,655.07,20.14,25.77,0.00842,56.54,2.3518,4870.47,691.15,12.0,2187.48,20.05,23.12,0.00839,56.57,0.7616,2157.31,692.56,2.0,937.51,18.97,21.63,0.00839,61.48,1.7753,4805.65,673.4,5.0,667.97,20.26,26.85,0.00846,57.88,1.3386,2157.31,701.6,7.0,2520.0,19.24,20.58,0.00839,59.18,2.3518,8908.59,686.97,9.0,814.45,10402.42,0.0,4716.41,8626957.92,13762834.51,13762834.51,20515603.59
183,13,45,23.93,59.96,24.1,61.01,0.4015,489.23,19.93,57.1,0.4015,689.55,19.98,56.3,8.3482,681.65,20.22,57.66,8.3482,666.12,14.44,79.05,8.3482,704.42,14.38,80.42,8.3482,677.81,14.98,76.97,8.3482,672.23,19.88,25.7,0.00846,55.56,2.3518,4870.47,723.16,13.0,2197.2,19.99,23.14,0.00842,56.97,0.7616,2157.31,704.64,2.0,941.68,18.86,21.69,0.00842,60.14,1.7753,4805.65,706.67,5.0,679.69,19.01,24.71,0.00845,60.59,1.1078,2157.31,708.94,5.0,0.0,19.21,20.62,0.00842,60.16,2.3518,8908.59,705.46,8.0,820.32,9879.17,0.0,4477.47,6362262.72,13010712.27,13010712.27,20609380.24
183,14,0,23.9,59.55,24.02,61.27,0.4126,486.22,19.94,55.89,0.4126,712.93,20.0,57.92,8.579,695.86,20.08,59.27,8.579,690.13,14.31,80.59,8.579,697.83,14.15,78.92,8.579,693.38,15.0,77.91,8.579,674.29,20.04,25.65,0.00846,55.97,2.3518,4870.47,705.93,12.0,2187.6,20.02,23.16,0.00843,57.41,0.7616,2157.31,691.6,2.0,937.51,18.71,21.74,0.00844,62.41,2.0061,4805.65,697.96,7.0,667.97,20.14,24.5,0.00845,54.96,1.1078,2157.31,712.35,5.0,2520.0,19.05,20.63,0.00843,58.72,2.3518,8908.59,673.15,5.0,814.45,10293.09,0.0,4716.41,8621232.84,13506251.55,13506251.55,20609380.24
183,14,15,23.81,59.01,23.69,60.39,0.4126,475.54,19.98,57.28,0.4126,718.07,19.91,55.55,8.579,699.16,20.14,57.33,8.579,674.66,14.56,79.71,8.579,683.44,14.47,80.72,8.579,697.78,15.16,76.76,8.579,665.72,19.89,25.45,0.00847,57.85,2.3518,4870.47,712.22,12.0,2187.48,19.71,23.22,0.00845,58.03,0.877,2157.31,701.5,3.0,937.5,18.69,21.68,0.00844,62.61,1.8907,4805.65,692.65,6.0,667.97,19.45,25.59,0.00846,60.18,1.1078,2157.31,708.01,5.0,0.0,19.13,20.62,0.00843,57.8,2.3518,8908.59,720.48,5.0,814.45,10422.71,0.0,4716.41,8493912.72,13564690.33,13564690.33,20609380.24
183,14,30,23.79,59.29,23.89,59.24,0.4126,510.4,19.86,57.41,0.4126,697.67,19.93,56.7,8.579,722.29,19.99,57.3,8.579,697.29,14.33,80.04,8.579,714.12,14.63,80.13,8.579,703.32,14.81,76.11,8.579,672.44,19.77,25.01,0.00847,57.28,2.3518,4870.47,750.08,12.0,2177.76,19.63,22.86,0.00845,58.16,0.877,2157.31,721.28,3.0,933.31,18.81,21.74,0.00844,57.97,1.8907,4805.65,720.47,6.0,714.84,19.16,25.63,0.00846,60.76,1.1078,2157.31,717.89,5.0,0.0,19.16,20.63,0.00843,60.88,2.3518,8908.59,696.86,5.0,808.6,10330.44,0.0,4716.41,7444959.48,13542166.64,13542166.64,20609380.24
183,14,45,23.88,57.67,23.96,57.75,0.4237,492.86,19.93,58.74,0.4237,723.75,20.04,58.01,8.8098,678.94,20.25,56.45,8.8098,667.29,14.51,80.5,8.8098,712.05,14.45,79.59,8.8098,711.88,14.84,77.68,8.8098,671.52,19.55,24.87,0.00847,59.79,2.3518,4870.47,702.74,12.0,2167.92,19.66,22.69,0.00844,57.39,0.877,2157.31,716.48,3.0,929.12,18.89,21.72,0.00844,60.99,1.8907,4805.65,705.64,6.0,703.13,19.58,24.93,0.00846,59.04,1.3386,2157.31,729.89,7.0,2400.0,19.02,20.62,0.00843,59.29,2.3518,8908.59,692.82,4.0,814.45,10580.48,0.0,4961.0,7404016.68,13987333.83,13987333.83,20609380.24
183,15,0,24.03,58.06,23.85,57.89,0.4182,470.37,19.81,56.93,0.4182,727.84,19.83,59.44,8.6944,737.6,19.85,57.67,8.6944,710.83,14.53,82.56,8.6944,720.0,14.43,81.68,8.6944,701.27,15.13,79.3,8.6944,741.11,19.61,24.76,0.00846,57.92,2.3518,4870.47,716.89,13.0,2177.76,19.4,22.55,0.00843,60.32,0.877,2157.31,741.78,3.0,933.32,19.18,21.65,0.00842,58.78,1.6599,4805.65,726.44,4.0,714.85,18.42,24.44,0.00846,63.63,1.454,2157.31,745.42,8.0,0.0,18.97,20.6,0.00842,57.72,2.3518,8908.59,729.06,5.0,808.6,10077.44,0.0,4838.0,5236132.68,13535722.18,13535722.18,20609380.24
183,15,15,23.6,60.07,23.63,60.59,0.4293,481.57,19.64,56.58,0.4293,723.72,19.75,55.59,8.9252,727.14,19.84,58.78,8.9252,720.32,14.4,81.02,8.9252,744.06,14.48,80.72,8.9252,727.9,14.88,78.4,8.9252,731.5,19.9,24.65,0.00846,58.65,2.3518,4870.47,740.46,13.0,2167.92,19.37,22.41,0.00843,58.37,0.877,2157.31,750.74,3.0,929.12,19.02,21.67,0.00842,60.51,1.7753,4805.65,741.89,5.0,703.12,19.01,24.56,0.00845,60.58,1.5694,2157.31,741.75,9.0,2400.0,19.21,20.57,0.00842,60.9,2.3518,8908.59,734.59,5.0,808.6,10398.5,0.0,5085.39,7372935.36,13984974.3,13984974.3,20609380.24
183,15,30,23.42,60.08,23.55,61.82,0.4182,521.65,19.71,58.53,0.4182,727.09,19.79,56.99,8.6944,748.49,19.95,56.98,8.6944,739.41,14.27,80.39,8.6944,736.79,14.37,80.08,8.6944,724.26,15.1,76.61,8.6944,732.91,19.52,24.54,0.00846,58.13,2.3518,4870.47,744.81,13.0,2382.72,19.28,22.3,0.00843,59.81,0.877,2157.31,719.78,3.0,1021.2,18.84,21.55,0.00842,60.46,1.7753,4805.65,750.77,5.0,738.28,18.4,24.3,0.00845,62.22,1.3386,2157.31,765.85,7.0,0.0,18.88,20.51,0.00841,57.47,2.3518,8908.59,735.62,4.0,398.45,10095.88,0.0,4838.0,5112662.76,13413410.41,13413410.41,20609380.24
183,15,45,23.15,64.96,23.06,61.72,0.4182,492.04,19.74,57.68,0.4182,765.68,19.59,55.33,8.6944,763.73,19.91,60.6,8.6944,758.62,14.5,79.34,8.6944,768.02,14.51,81.5,8.6944,768.52,14.97,76.7,8.6944,747.55,19.43,24.53,0.00845,59.02,2.3518,4870.47,752.84,11.0,2392.56,19.39,22.22,0.00843,58.97,0.877,2157.31,759.63,3.0,1025.38,19.0,21.48,0.00842,60.23,1.7753,4805.65,787.37,5.0,738.28,19.49,24.89,0.00845,57.18,1.3386,2157.31,769.47,7.0,2520.0,19.11,20.43,0.00841,59.91,2.3518,8908.59,751.75,4.0,404.3,10037.96,0.0,4838.0,7424336.88,13361604.07,13361604.07,20609380.24
183,16,0,22.93,64.14,22.82,63.87,0.4182,490.72,19.75,58.52,0.4182,769.12,19.69,58.09,8.6944,746.5,19.71,60.25,8.6944,720.1,14.51,80.18,8.6944,734.74,14.43,80.63,8.6944,746.82,14.89,76.37,8.6944,754.42,19.8,24.43,0.00845,60.07,2.3518,4870.47,792.67,11.0,2382.72,19.66,22.11,0.00843,56.57,0.7616,2157.31,752.65,2.0,1021.2,18.81,21.42,0.00843,59.47,1.8907,4805.65,762.8,6.0,738.28,19.88,25.57,0.00846,57.58,1.3386,2157.31,771.12,7.0,2400.0,18.89,20.41,0.00842,63.14,2.3518,8908.59,736.24,5.0,404.29,10103.78,0.0,4838.0,7278678.36,13447604.57,13447604.57,20609380.24
183,16,15,22.83,65.85,22.83,61.89,0.4348,515.13,19.56,59.75,0.4348,786.13,19.35,56.96,9.0406,776.72,19.57,58.61,9.0406,767.51,14.28,80.49,9.0406,765.51,14.49,78.58,9.0406,763.36,15.02,77.83,9.0406,749.35,19.73,24.31,0.00845,59.23,2.3518,4870.47,779.64,11.0,2382.84,18.91,22.19,0.00845,62.62,1.1078,2157.31,770.0,5.0,1021.2,18.92,21.3,0.00842,60.15,1.6599,4805.65,781.31,4.0,738.29,18.37,25.49,0.00846,62.84,1.5694,2157.31,791.3,9.0,0.0,18.88,20.23,0.00843,61.56,2.3518,8908.59,777.73,8.0,0.0,10177.4,0.0,5211.17,4211780.76,14086480.58,14086480.58,20609380.24
183,16,30,22.62,65.03,22.99,63.67,0.4237,461.7,19.82,59.17,0.4237,770.02,19.51,58.65,8.8098,776.54,19.75,58.61,8.8098,787.84,14.42,81.17,8.8098,750.72,14.38,80.22,8.8098,764.07,14.97,78.03,8.8098,750.74,19.58,24.45,0.00845,57.43,2.3518,4870.47,796.44,11.0,2548.8,18.84,22.11,0.00844,58.72,0.9924,2157.31,762.21,4.0,1092.35,18.96,21.29,0.00843,59.93,1.7753,4805.65,777.01,5.0,667.97,19.71,25.77,0.00845,56.55,1.3386,2157.31,808.32,7.0,2400.0,19.09,20.35,0.00844,60.41,2.3518,8908.59,797.89,8.0,609.37,10110.73,0.0,4961.0,8767846.08,13474776.83,13474776.83,20609380.24
183,16,45,22.85,64.49,22.93,63.38,0.4309,483.81,19.83,56.19,0.4309,803.63,19.73,58.1,8.959,782.02,19.91,57.88,8.959,782.53,14.44,78.99,8.959,781.54,14.63,78.29,8.959,782.23,15.05,78.56,8.959,773.23,19.59,24.23,0.00845,58.19,2.2702,4870.47,818.07,9.0,2558.64,18.91,22.14,0.00845,63.51,1.1078,2157.31,792.14,5.0,1096.54,18.76,21.16,0.00843,60.05,1.7753,4805.65,797.89,5.0,679.69,19.21,27.12,0.00846,61.79,1.454,2157.31,810.26,8.0,0.0,19.11,20.44,0.00844,61.4,2.3518,8908.59,801.01,8.0,615.24,10549.38,0.0,5122.11,8809610.76,14010853.73,14010853.73,20609380.24
183,17,0,22.79,66.27,22.97,64.51,0.392,496.48,19.6,57.25,0.392,801.2,19.68,58.85,8.1512,793.76,19.89,58.35,8.1512,770.76,14.52,80.09,8.1512,764.01,14.44,79.17,8.1512,773.76,15.0,76.21,8.1512,785.85,20.28,23.85,0.00842,56.35,1.8086,4870.47,774.61,5.0,2548.8,19.25,21.93,0.00842,61.44,0.877,2157.31,809.6,3.0,1092.36,18.68,21.03,0.00841,60.59,1.6599,4805.65,771.05,4.0,679.69,18.73,26.92,0.00844,59.45,1.454,2157.31,781.54,8.0,0.0,18.97,20.45,0.00842,59.73,2.3518,8908.59,780.49,7.0,615.24,9475.44,0.0,4278.04,8832938.76,12395590.26,12395590.26,20609380.24
183,17,15,22.46,67.12,22.41,67.24,0.3698,471.32,19.68,57.73,0.3698,800.04,19.8,55.39,7.6896,806.59,19.77,57.87,7.6896,734.11,14.75,79.91,7.6896,776.69,14.57,78.7,7.6896,761.42,15.08,76.18,7.6896,791.59,21.0,23.67,0.00835,51.24,1.2316,4341.58,801.77,0.0,2548.8,20.31,21.91,0.00835,54.34,0.5308,2157.31,756.24,0.0,1092.36,18.55,20.97,0.00838,59.89,2.0061,4805.65,829.78,7.0,667.97,18.33,25.29,0.0084,62.21,1.5694,2157.31,830.67,9.0,0.0,19.02,20.44,0.00838,59.08,2.3518,8908.59,782.87,6.0,615.23,9045.78,0.0,3827.07,6594043.68,11605977.01,11605977.01,20093867.5
183,17,30,22.21,64.8,22.27,68.24,0.3809,497.41,19.92,57.22,0.3809,803.73,19.73,58.68,7.9204,784.73,19.82,58.13,7.9204,769.02,14.56,78.56,7.9204,774.75,14.38,77.13,7.9204,778.65,15.1,76.96,7.9204,784.83,21.09,23.65,0.00832,52.56,1.2316,4448.76,762.52,0.0,2070.24,20.65,22.24,0.00832,53.81,0.5308,2157.31,803.75,0.0,887.28,18.35,20.69,0.00835,62.78,1.8907,4805.65,796.83,6.0,667.97,18.68,25.07,0.00838,58.51,1.9156,2157.31,807.65,12.0,2449.2,19.13,20.41,0.00835,60.18,2.3518,8908.59,791.02,6.0,615.23,9211.82,0.0,4049.67,8232676.92,11935341.41,11935341.41,20229841.25
183,17,45,22.03,69.38,21.86,69.26,0.3587,497.06,19.8,55.01,0.3587,809.62,19.75,57.45,7.4588,776.69,19.92,58.23,7.4588,767.19,14.59,80.21,7.4588,771.45,14.48,79.54,7.4588,775.46,15.11,76.86,7.4588,743.63,20.91,23.48,0.00829,53.04,1.2316,4870.47,774.42,0.0,2070.36,20.71,22.29,0.00829,52.42,0.5308,2157.31,789.24,0.0,887.26,18.53,20.54,0.00832,61.14,1.8907,4805.65,799.13,6.0,667.97,18.22,24.29,0.00834,63.51,1.454,2157.31,824.05,8.0,0.0,18.94,20.37,0.00831,60.09,2.3518,8908.59,785.42,5.0,609.37,8822.89,0.0,3610.29,6003331.2,11189856.27,11189856.27,20609380.24
183,18,0,21.76,71.12,21.84,70.19,0.3421,477.78,19.91,56.4,0.3421,782.68,19.81,56.1,7.1126,786.08,19.91,56.58,7.1126,779.29,14.57,79.66,7.1126,775.52,14.59,77.82,7.1126,789.29,14.99,74.46,7.1126,789.48,21.08,23.27,0.00826,53.79,1.2316,4870.47,782.82,0.0,2070.24,20.72,22.25,0.00826,52.22,0.5308,2157.31,767.07,0.0,887.28,18.39,20.4,0.00828,64.16,1.8907,4805.65,787.55,6.0,667.97,18.87,23.83,0.0083,60.32,1.1078,2157.31,801.79,5.0,0.0,19.14,20.31,0.00827,60.87,2.3518,8908.59,772.91,2.0,615.23,8495.54,0.0,3296.11,6033570.12,10626283.99,10626283.99,20609380.24
183,18,15,21.49,70.74,21.39,70.24,0.331,481.38,19.92,55.3,0.331,790.66,19.85,55.37,6.8818,771.23,20.0,56.67,6.8818,753.43,14.72,76.62,6.8818,783.43,14.53,78.19,6.8818,767.91,15.16,75.83,6.8818,736.89,20.89,23.06,0.0082,52.21,1.2316,4870.47,763.12,0.0,2070.36,20.48,22.18,0.0082,54.44,0.5308,2157.31,763.83,0.0,887.28,18.66,20.23,0.00822,59.23,1.5445,4805.65,779.63,3.0,667.97,19.62,24.46,0.00824,56.91,1.2232,2157.31,777.46,6.0,2460.96,18.87,20.24,0.0082,57.89,2.3518,8908.59,780.38,1.0,609.37,8328.77,0.0,3094.05,8218215.72,10243034.64,10243034.64,20609380.24
183,18,30,21.27,68.99,21.2,67.16,0.3324,479.03,20.06,54.77,0.3324,780.14,19.78,55.48,6.912,759.48,20.08,57.87,6.912,780.38,14.47,77.36,6.912,771.26,14.71,74.85,6.912,744.46,14.91,74.55,6.912,763.63,20.77,22.84,0.00814,50.88,1.2316,4870.47,774.85,0.0,2158.2,19.84,22.16,0.00817,56.82,0.7616,2157.31,783.26,2.0,924.94,18.65,20.2,0.00816,57.46,1.5445,4805.65,746.02,3.0,574.21,20.03,24.8,0.00819,54.72,1.1078,2157.31,765.08,5.0,2402.28,19.06,20.19,0.00814,57.64,2.2666,8908.59,759.69,0.0,603.52,8358.54,0.0,3120.15,8264752.92,10327340.33,10327340.33,20609380.24
183,18,45,21.01,66.8,20.9,64.74,0.331,482.26,19.88,54.8,0.331,805.74,19.81,54.22,6.8818,763.27,19.91,57.58,6.8818,738.91,14.44,75.63,6.8818,736.15,14.63,77.64,6.8818,751.95,14.92,74.33,6.8818,744.88,20.16,22.64,0.00811,53.62,1.5778,4870.47,773.8,3.0,2158.2,19.64,21.75,0.00812,55.07,0.7616,2157.31,762.94,2.0,924.95,18.7,20.08,0.0081,60.26,1.4291,4805.65,736.9,2.0,562.5,19.96,24.03,0.00812,53.5,0.7616,2157.31,772.74,2.0,0.0,18.98,20.19,0.00809,58.54,2.3518,8908.59,755.23,1.0,609.38,8202.06,0.0,3094.05,6127875.72,10224201.12,10224201.12,20609380.24
183,19,0,20.47,63.54,20.51,66.57,0.3324,466.45,19.85,55.4,0.3324,755.21,19.82,54.8,6.912,751.04,19.87,55.22,6.912,770.62,14.54,76.2,6.912,733.35,14.59,75.06,6.912,738.2,15.07,74.63,6.912,737.65,19.61,22.14,0.00807,54.43,1.6932,4870.47,745.79,4.0,2158.32,19.46,21.51,0.00807,55.21,0.7616,2157.31,758.62,2.0,924.96,18.83,19.99,0.00806,57.66,1.3137,4805.65,745.28,1.0,574.22,19.26,23.31,0.00808,56.63,0.877,2157.31,757.64,3.0,0.0,18.78,20.12,0.00805,58.77,2.2666,8908.59,723.39,0.0,609.38,8125.74,0.0,3120.15,6113392.92,10157621.03,10157621.03,20609380.24
183,19,15,19.9,65.04,20.1,65.41,0.3269,506.76,19.79,54.2,0.3269,732.6,19.82,54.14,6.7966,740.06,19.69,55.04,6.7966,724.28,14.47,75.57,6.7966,735.72,14.4,75.98,6.7966,718.16,14.77,74.61,6.7966,736.26,19.58,21.74,0.00801,55.33,1.6932,4870.47,760.14,4.0,2158.2,19.27,21.3,0.00801,56.16,0.7616,2157.31,714.35,2.0,924.95,19.1,19.9,0.00799,56.62,1.1983,4805.65,695.74,0.0,562.5,19.43,23.7,0.00802,57.15,0.877,2157.31,756.73,3.0,0.0,19.09,20.09,0.00799,57.46,2.2666,8908.59,734.66,0.0,603.52,7892.56,0.0,3020.97,8254287.72,9822180.5,9822180.5,20609380.24
183,19,30,19.57,67.28,19.38,66.02,0.3324,461.85,19.62,54.38,0.3324,731.29,19.82,53.66,6.912,730.43,19.56,54.71,6.912,742.5,14.36,75.4,6.912,722.53,14.61,77.16,6.912,742.99,15.0,75.09,6.912,722.74,19.67,21.84,0.00796,55.74,1.5778,4870.47,742.08,3.0,1865.16,19.25,21.45,0.00797,55.68,0.7616,2157.31,723.89,2.0,799.38,19.09,19.81,0.00794,56.62,1.1983,4805.65,753.9,0.0,562.5,18.8,23.09,0.00799,56.85,1.1078,2157.31,742.86,5.0,0.0,19.02,20.03,0.00794,57.03,2.2666,8908.59,747.22,0.0,404.29,7898.48,0.0,3120.15,9590171.04,9925482.28,9925482.28,20609380.24
183,19,45,18.98,66.41,18.97,63.77,0.3047,491.15,21.4,51.31,0.3047,735.92,21.02,50.01,0.3047,717.75,18.95,64.71,0.3047,472.02,12.9,90.89,0.3047,476.11,13.01,91.54,0.3047,472.63,14.94,79.1,0.3047,465.08,22.2,21.8,0.00804,47.32,0.0592,0.0,707.5,0.0,1855.44,21.81,21.41,0.00809,49.65,0.0311,0.0,710.79,1.0,795.2,20.99,19.74,0.00802,51.42,0.0576,1598.59,698.9,0.0,574.21,21.73,22.72,0.00825,49.18,0.0477,0.0,808.41,4.0,0.0,21.02,19.98,0.00802,51.56,0.109,2473.07,675.73,0.0,410.15,465.46,0.0,602.6,9666614.52,961253.85,961253.85,6237631.51
183,20,0,18.16,64.42,18.33,63.51,0.3102,479.94,21.84,49.32,0.3102,679.94,21.8,47.42,0.3102,698.38,18.2,65.36,0.3102,459.37,13.01,88.0,0.3102,491.39,12.95,86.28,0.3102,480.48,15.01,79.28,0.3102,479.86,23.39,22.81,0.00808,44.39,0.0592,0.0,665.07,0.0,1865.16,22.85,22.41,0.00826,45.14,0.0366,0.0,752.61,2.0,799.37,21.15,20.46,0.00806,52.53,0.0576,695.95,680.19,0.0,562.5,23.02,24.12,0.00852,46.91,0.0477,0.0,801.18,4.0,0.0,21.12,20.94,0.00806,51.77,0.109,742.78,657.96,0.0,410.16,432.63,0.0,602.6,9590063.04,931703.13,931703.13,1327672.91
183,20,15,17.98,68.52,18.01,67.74,0.4804,486.92,22.11,46.91,0.4804,687.34,22.12,49.3,0.4804,664.99,17.85,69.01,0.4804,461.41,13.78,83.83,0.4804,462.7,14.02,81.84,0.4804,497.77,15.02,76.93,0.4804,475.66,23.68,23.45,0.00812,43.63,0.1014,0.0,656.55,0.0,1855.44,23.63,23.06,0.00842,45.07,0.0366,0.0,741.16,2.0,795.2,21.04,20.67,0.0081,51.43,0.0576,442.51,654.93,0.0,562.5,23.76,23.59,0.00862,45.85,0.1757,0.0,653.71,3.0,2414.04,21.24,21.2,0.0081,49.79,0.109,452.81,646.8,0.0,404.29,569.75,0.0,602.6,9582794.64,1061235.58,1061235.58,798575.05
183,20,30,17.52,70.65,17.52,69.64,0.6056,494.17,22.16,49.34,0.6056,651.95,22.24,49.15,0.6056,676.96,17.26,69.3,0.6056,465.38,13.95,83.63,0.6056,496.28,13.86,83.92,0.6056,468.67,14.77,77.9,0.6056,472.64,23.9,23.96,0.0083,45.23,0.1778,0.0,650.25,4.0,2099.52,23.87,23.59,0.00854,43.87,0.0596,0.0,725.25,1.0,899.83,21.04,20.78,0.00814,50.67,0.0576,339.0,642.09,0.0,574.22,24.03,23.74,0.00864,44.12,0.2015,0.0,629.94,3.0,2437.56,20.95,21.29,0.00814,50.57,0.109,350.48,614.22,0.0,404.29,715.82,0.0,602.6,9768381.84,1186576.25,1186576.25,620531.5
183,20,45,17.0,72.19,17.2,72.08,0.6285,489.0,22.27,48.26,0.6285,632.62,22.41,49.4,0.6285,663.47,17.15,73.45,0.6285,484.5,13.97,84.46,0.6285,438.63,14.12,84.0,0.6285,486.68,14.89,78.31,0.6285,481.45,23.86,24.15,0.00856,46.61,0.2015,0.0,616.14,5.0,2099.64,23.92,23.93,0.00863,47.16,0.0731,0.0,646.62,1.0,899.82,21.1,20.86,0.0082,51.17,0.0576,201.28,594.42,0.0,585.94,23.78,23.78,0.00867,46.54,0.1874,0.0,550.75,2.0,2425.8,21.02,21.41,0.0082,50.78,0.109,83.87,616.04,0.0,404.3,626.23,0.0,602.6,9768446.64,1105950.18,1105950.18,256633.97
183,21,0,16.64,76.01,16.65,76.22,0.7138,478.01,22.37,49.16,0.7138,574.26,22.34,49.32,0.7138,593.08,16.66,72.25,0.7138,468.3,14.12,84.72,0.7138,496.38,13.75,85.39,0.7138,484.05,14.95,81.02,0.7138,480.21,23.91,24.28,0.00879,46.07,0.2167,0.0,596.16,5.0,2099.64,23.91,24.1,0.0087,45.1,0.0792,0.0,570.25,1.0,899.82,21.06,20.91,0.00826,52.62,0.0576,175.55,604.91,0.0,574.22,23.89,25.61,0.00875,45.65,0.2513,0.0,542.18,3.0,2414.04,21.1,21.5,0.00827,52.8,0.109,0.0,591.56,0.0,404.3,645.29,0.0,602.6,11940953.04,1123099.59,1123099.59,157998.77
183,21,15,16.63,76.02,16.39,77.83,0.7688,460.89,22.65,48.46,0.7688,582.36,22.73,48.46,0.7688,562.43,16.45,76.85,0.7688,470.54,14.22,84.38,0.7688,480.58,14.22,84.32,0.7688,465.81,15.06,79.55,0.7688,476.26,23.95,24.38,0.00895,46.49,0.2288,0.0,622.6,5.0,2099.52,23.94,24.23,0.00878,47.08,0.0871,0.0,575.23,1.0,899.83,21.16,20.97,0.00833,52.62,0.0576,124.49,572.15,0.0,574.21,23.87,25.83,0.0088,47.97,0.2863,0.0,513.25,2.0,2402.28,21.23,21.58,0.00833,52.71,0.109,0.0,571.24,0.0,404.29,646.74,0.0,602.6,11919817.44,1124406.5,1124406.5,112042.49
183,21,30,16.59,77.31,16.52,76.42,0.4915,439.15,22.89,48.41,0.4915,556.56,22.86,47.56,0.4915,608.49,16.36,78.49,0.4915,473.03,13.94,86.6,0.4915,475.19,14.23,87.24,0.4915,483.99,15.34,82.61,0.4915,464.78,23.87,24.39,0.00908,49.16,0.2049,0.0,557.65,3.0,1767.6,23.97,24.29,0.00892,47.17,0.0833,0.0,572.48,1.0,757.52,21.08,21.01,0.00843,54.44,0.0576,67.81,570.28,0.0,562.5,23.85,24.0,0.00898,48.3,0.0366,0.0,561.96,2.0,0.0,21.04,21.6,0.00843,54.71,0.109,0.0,563.18,0.0,199.22,323.37,0.0,602.6,6798403.44,833374.21,833374.21,61031.2
183,21,45,16.08,78.87,16.25,78.17,0.4739,458.25,22.69,49.23,0.4739,539.6,22.84,48.35,0.4739,578.32,16.28,78.04,0.4739,474.37,13.62,88.29,0.4739,460.13,13.76,91.13,0.4739,479.63,14.89,84.4,0.4739,469.52,23.9,24.39,0.00915,49.04,0.1896,0.0,525.58,2.0,1767.6,23.8,24.32,0.00903,50.56,0.081,0.0,571.25,1.0,757.55,20.96,21.01,0.0085,53.96,0.0576,92.92,573.11,0.0,562.5,23.18,23.35,0.00916,51.95,0.0366,0.0,587.76,2.0,0.0,21.14,21.62,0.00851,51.57,0.109,0.0,551.57,0.0,205.08,355.4,0.0,602.6,6803684.64,862060.97,862060.97,83472.09
183,22,0,16.06,80.8,15.98,82.65,0.4674,467.13,22.86,50.8,0.4674,552.85,22.92,50.61,0.4674,581.36,16.1,81.99,0.4674,466.67,13.67,91.3,0.4674,451.27,13.8,90.26,0.4674,457.06,14.89,83.63,0.4674,485.49,23.8,24.37,0.0092,51.0,0.1823,0.0,515.86,1.0,1767.6,23.81,24.33,0.00918,46.89,0.0818,0.0,541.28,1.0,757.55,20.99,21.01,0.00861,55.05,0.0576,98.69,540.88,0.0,562.5,22.74,22.85,0.00939,54.91,0.0366,0.0,637.86,2.0,0.0,21.3,21.62,0.00861,53.43,0.109,0.0,530.59,0.0,205.08,331.24,0.0,602.6,6773271.84,840401.13,840401.13,88747.7
183,22,15,15.79,81.76,15.97,81.47,0.4602,482.7,22.66,49.67,0.4602,568.06,23.05,49.74,0.4602,542.57,15.78,84.24,0.4602,482.96,13.55,90.66,0.4602,477.84,13.95,91.77,0.4602,464.8,15.0,83.51,0.4602,471.76,23.94,24.36,0.00921,48.14,0.1809,0.0,524.52,1.0,1767.6,23.93,24.33,0.00921,48.81,0.0761,0.0,521.38,0.0,757.52,20.93,21.0,0.0087,55.5,0.0576,115.06,520.79,0.0,562.5,23.0,24.24,0.00956,53.72,0.0366,0.0,653.19,2.0,0.0,21.15,21.62,0.00871,55.02,0.109,0.0,487.93,0.0,199.21,291.57,0.0,602.6,8992121.04,804694.04,804694.04,103449.17
183,22,30,15.49,81.35,15.38,82.87,0.3902,466.66,23.02,50.38,0.3902,532.59,23.02,51.33,0.3902,541.24,15.59,82.7,0.3902,469.7,13.56,90.68,0.3902,493.36,13.76,90.9,0.3902,490.08,15.12,81.44,0.3902,496.32,23.84,24.2,0.00922,49.54,0.1353,0.0,521.41,1.0,1357.44,23.99,24.19,0.00918,47.95,0.0572,0.0,500.96,0.0,581.76,20.99,20.99,0.00878,56.13,0.0576,112.0,521.49,0.0,562.5,23.01,23.02,0.00963,55.06,0.0311,0.0,690.57,1.0,0.0,21.04,21.57,0.00878,54.85,0.109,0.0,504.51,0.0,199.21,207.78,0.0,602.6,5607421.56,729343.37,729343.37,100800.13
183,22,45,15.06,82.89,15.26,82.21,0.3761,488.36,22.77,52.96,0.3761,553.04,22.85,51.34,0.3761,550.18,15.34,82.29,0.3761,466.11,13.52,92.47,0.3761,482.92,13.52,94.27,0.3761,482.97,15.07,82.34,0.3761,482.73,23.87,24.14,0.00921,47.88,0.1252,0.0,521.56,1.0,1357.44,24.01,24.14,0.00915,48.16,0.0531,0.0,498.06,0.0,581.76,21.11,20.96,0.00882,56.06,0.0576,153.43,541.4,0.0,562.5,22.31,22.52,0.00964,55.27,0.0311,0.0,668.38,1.0,0.0,21.2,21.55,0.00882,55.08,0.109,38.34,512.53,0.0,199.21,201.2,0.0,602.6,5633233.56,723239.54,723239.54,155174.65
183,23,0,15.16,85.56,14.96,85.06,0.3687,471.61,22.79,51.59,0.3687,523.91,22.83,51.07,0.3687,504.65,15.17,84.31,0.3687,490.92,13.43,91.01,0.3687,467.39,13.6,92.85,0.3687,486.51,14.98,83.39,0.3687,471.95,23.9,24.09,0.00919,49.83,0.1198,0.0,513.74,1.0,1357.44,23.71,24.1,0.00909,48.5,0.0512,0.0,474.57,0.0,581.76,21.16,20.93,0.00885,58.16,0.0576,183.2,518.4,0.0,562.5,21.79,22.15,0.00961,57.69,0.0311,0.0,655.73,1.0,0.0,21.06,21.52,0.00885,54.23,0.109,82.35,502.0,0.0,199.21,171.66,0.0,602.6,5632552.08,696735.99,696735.99,244309.56
183,23,15,14.9,85.03,14.88,82.96,0.3643,468.34,22.74,51.33,0.3643,523.81,22.76,52.58,0.3643,531.26,14.74,84.27,0.3643,457.83,13.38,92.24,0.3643,459.59,13.3,90.6,0.3643,458.17,15.1,82.81,0.3643,472.71,23.63,24.05,0.00917,49.12,0.1166,0.0,527.29,1.0,1357.44,23.93,24.08,0.00905,48.32,0.05,0.0,504.04,0.0,581.76,21.01,20.91,0.00887,58.51,0.0576,203.13,490.91,0.0,562.5,22.65,23.33,0.00958,56.39,0.0311,0.0,653.63,1.0,0.0,21.15,21.5,0.00887,55.27,0.109,110.52,500.02,0.0,199.21,155.84,0.0,602.6,7805220.48,682530.6,682530.6,282240.5
183,23,30,14.62,86.43,14.54,84.51,0.288,480.44,22.75,51.48,0.288,534.28,22.83,51.43,0.288,549.99,14.51,83.11,0.288,505.58,12.9,95.04,0.288,434.62,12.92,95.09,0.288,507.83,15.08,82.97,0.288,480.56,23.75,23.62,0.00917,49.31,0.0648,0.0,522.66,1.0,830.04,23.74,23.69,0.00904,48.95,0.0255,0.0,488.78,0.0,355.74,21.1,20.9,0.00888,56.92,0.0576,211.59,495.17,0.0,562.5,23.01,23.93,0.00957,50.58,0.0311,0.0,632.18,1.0,0.0,21.09,21.5,0.00888,55.2,0.109,105.5,496.29,0.0,205.08,140.93,0.0,602.6,5615167.32,669174.98,669174.98,285378.79
183,23,45,14.62,85.8,14.51,85.65,0.2825,482.54,22.56,50.99,0.2825,553.63,22.59,52.9,0.2825,516.57,14.6,86.52,0.2825,478.01,12.98,95.68,0.2825,479.17,12.86,94.74,0.2825,477.01,15.08,80.99,0.2825,477.33,23.58,23.31,0.00916,50.5,0.0592,0.0,549.2,0.0,830.16,23.64,23.43,0.00903,48.3,0.0255,0.0,469.41,0.0,355.75,21.33,20.89,0.00889,56.97,0.0576,223.56,511.23,0.0,562.5,22.59,22.88,0.00956,55.37,0.0311,0.0,659.72,1.0,0.0,21.13,21.49,0.00889,54.68,0.109,131.75,467.82,0.0,199.22,129.52,0.0,602.6,3426687.72,658907.37,658907.37,319771.98
183,24,0,14.51,88.25,14.46,87.18,0.2769,488.81,22.24,52.29,0.2769,520.75,22.43,54.02,0.2769,536.4,14.45,86.97,0.2769,489.99,12.79,96.29,0.2769,474.39,12.71,95.87,0.2769,466.8,15.05,83.08,0.2769,468.62,23.3,23.12,0.00914,51.53,0.0592,0.0,502.33,0.0,830.04,23.36,23.25,0.00902,50.79,0.0255,0.0,489.78,0.0,355.74,21.18,20.86,0.0089,56.39,0.0576,257.11,486.65,0.0,550.78,21.93,22.32,0.00951,57.65,0.0255,0.0,596.39,0.0,0.0,21.12,21.46,0.0089,56.01,0.109,169.69,507.22,0.0,205.08,118.58,0.0,602.6,3395497.32,649062.38,649062.38,384107.82
184,0,15,13.93,87.66,14.13,88.22,0.2769,467.39,22.3,53.81,0.2769,483.65,22.4,52.51,0.2769,508.6,14.0,89.33,0.2769,457.9,12.99,93.03,0.2769,454.17,12.85,94.67,0.2769,469.69,14.77,82.77,0.2769,459.64,23.16,22.93,0.00911,51.33,0.0592,0.0,511.01,0.0,820.32,23.14,23.09,0.00901,49.69,0.0255,0.0,487.38,0.0,351.56,21.04,20.81,0.0089,55.71,0.0576,297.1,511.45,0.0,550.79,21.71,21.86,0.00944,58.0,0.0255,0.0,551.46,0.0,0.0,21.04,21.42,0.0089,56.85,0.109,229.58,502.83,0.0,199.22,88.41,0.0,602.6,3377730.24,621909.5,621909.5,473999.61
184,0,30,13.43,90.4,13.52,89.71,0.3359,476.39,22.14,53.23,0.3359,506.63,22.06,52.03,0.3359,524.26,13.46,90.28,0.3359,497.78,13.18,89.76,0.3359,475.76,13.34,91.12,0.3359,450.5,14.96,82.17,0.3359,446.16,22.4,22.29,0.00908,54.52,0.0592,0.0,507.19,0.0,439.44,22.81,22.53,0.00899,53.55,0.0255,0.0,485.66,0.0,188.34,21.1,20.77,0.0089,55.35,0.0576,340.96,484.73,0.0,550.78,23.56,22.06,0.00933,49.96,0.0845,0.0,588.97,0.0,2367.12,21.05,21.39,0.0089,57.53,0.109,288.19,493.31,0.0,199.22,35.18,0.0,602.6,3533550.48,585801.14,585801.14,574772.09
184,0,45,13.05,91.77,13.07,91.0,0.3803,494.3,21.94,52.86,0.3803,521.04,22.28,54.76,0.3948,515.21,13.66,91.55,0.3948,478.1,13.53,90.2,0.3948,475.95,13.51,89.11,0.3948,487.39,15.11,80.47,0.3948,476.82,21.86,21.82,0.00905,52.01,0.0615,0.0,541.84,0.0,439.44,22.03,22.1,0.00897,54.11,0.0265,0.0,483.94,0.0,188.33,20.97,20.72,0.00889,54.84,0.0598,400.12,501.66,0.0,550.78,23.83,22.82,0.00913,47.08,0.1338,0.0,525.02,0.0,2437.56,21.29,21.35,0.00889,57.5,0.1132,385.99,514.11,0.0,199.22,0.0,0.0,602.6,3571891.56,542339.09,542339.09,709647.0
184,1,0,12.87,92.48,12.98,92.67,0.381,472.87,21.89,54.49,0.381,518.72,22.01,53.81,0.417,485.53,13.71,88.25,0.417,479.35,13.53,87.87,0.417,478.3,13.58,87.36,0.417,484.97,14.99,79.68,0.417,470.52,21.52,21.47,0.00902,56.84,0.0648,0.0,485.15,0.0,449.16,21.85,21.76,0.00894,55.88,0.0279,0.0,483.62,0.0,192.52,21.07,20.69,0.00887,56.13,0.0631,469.65,491.57,0.0,562.5,23.89,23.01,0.00895,48.71,0.1418,0.0,526.64,0.0,2402.28,21.1,21.31,0.00887,56.57,0.1193,499.99,460.29,0.0,199.22,0.0,0.0,602.6,3588339.96,542339.09,542339.09,874043.94
184,1,15,12.73,93.85,12.75,92.11,0.449,467.41,22.06,54.07,0.449,516.87,22.05,53.86,0.5054,485.95,13.78,85.94,0.5054,464.08,13.84,86.32,0.5054,474.0,13.99,86.51,0.5054,476.58,14.93,80.39,0.5054,505.28,21.42,21.21,0.00896,56.29,0.0667,79.15,502.5,0.0,449.16,21.38,21.48,0.00891,54.69,0.0287,0.0,505.65,0.0,192.53,21.19,20.68,0.00885,56.75,0.0649,505.36,502.2,0.0,562.5,23.77,24.59,0.0088,45.08,0.2224,0.0,488.63,0.0,2437.56,21.12,21.27,0.00885,56.88,0.1227,583.38,489.97,0.0,199.22,0.0,0.0,602.6,5782207.68,542339.09,542339.09,1016548.54
184,1,30,12.74,93.47,12.68,92.58,0.4669,477.42,22.34,53.15,0.4669,464.14,22.04,54.79,0.5255,476.69,13.83,85.87,0.5255,483.69,13.8,86.14,0.5255,508.92,13.66,87.95,0.5255,465.17,14.98,80.41,0.5255,482.34,20.91,21.0,0.00891,55.19,0.0667,389.56,476.81,0.0,449.16,21.17,21.25,0.00887,54.87,0.0287,0.0,476.59,0.0,192.54,20.96,20.67,0.00883,55.34,0.0649,513.51,504.75,0.0,562.5,24.1,25.13,0.00874,46.74,0.2425,0.0,468.0,0.0,2425.8,21.23,21.25,0.00883,55.05,0.1227,613.46,469.15,0.0,205.08,0.0,0.0,602.6,5756364.36,542339.09,542339.09,1364869.09
184,1,45,12.78,94.31,12.99,92.66,0.2769,474.62,21.6,54.83,0.2769,471.02,21.86,53.38,0.2802,484.17,12.87,93.2,0.2802,494.95,12.73,94.16,0.2802,465.78,13.04,92.84,0.2802,446.11,14.82,80.18,0.2802,474.6,20.95,20.88,0.00889,55.42,0.0599,368.7,498.22,0.0,439.44,21.1,21.05,0.00885,54.55,0.0258,82.62,455.1,0.0,188.33,20.99,20.66,0.00881,56.17,0.0583,477.72,487.33,0.0,550.79,23.1,23.36,0.00872,49.89,0.0258,0.0,470.67,0.0,0.0,21.08,21.23,0.00881,53.55,0.1103,545.7,464.15,0.0,199.22,0.0,0.0,602.6,1403780.76,542339.09,542339.09,1331992.53
184,2,0,13.08,93.51,12.79,93.06,0.2769,468.73,21.42,55.09,0.2769,464.59,21.53,54.06,0.2799,501.64,12.98,95.02,0.2799,472.34,13.02,93.19,0.2799,465.59,12.86,92.99,0.2799,466.82,14.97,79.73,0.2799,501.9,20.92,20.78,0.00886,57.19,0.0599,448.99,495.27,0.0,449.28,21.02,20.91,0.00883,56.97,0.0258,147.67,466.45,0.0,192.52,21.07,20.64,0.00879,55.76,0.0582,511.45,481.29,0.0,550.78,22.36,22.57,0.00872,52.75,0.0258,0.0,491.77,0.0,0.0,21.19,21.19,0.00879,54.09,0.1102,611.56,471.83,0.0,199.22,0.0,0.0,602.6,1417172.76,542339.09,542339.09,1547395.16
184,2,15,12.57,94.11,12.53,92.11,0.2769,476.9,21.56,53.83,0.2769,470.19,21.44,55.18,0.2864,457.41,13.01,92.91,0.2864,455.01,12.87,92.56,0.2864,472.55,13.04,92.93,0.2864,481.75,15.1,81.22,0.2864,466.99,21.1,20.71,0.00882,55.09,0.0613,564.55,527.27,0.0,449.28,21.03,20.81,0.0088,56.3,0.0264,197.14,443.07,0.0,192.53,21.07,20.61,0.00877,54.36,0.0596,552.11,505.16,0.0,562.5,21.73,21.96,0.00871,51.94,0.0264,0.0,465.21,0.0,0.0,21.04,21.14,0.00877,55.86,0.1127,672.45,459.13,0.0,199.22,0.0,0.0,602.6,1426957.56,542339.09,542339.09,1787010.93
184,2,30,12.56,91.86,12.79,94.01,0.2769,474.68,21.36,53.01,0.2769,465.35,21.56,54.93,0.2927,503.33,13.09,88.89,0.2927,454.95,13.13,92.05,0.2927,468.11,13.05,90.06,0.2927,474.59,15.05,77.1,0.2927,478.43,21.03,20.65,0.00879,55.53,0.0626,664.47,475.1,0.0,429.72,20.99,20.75,0.00877,54.92,0.027,254.78,469.03,0.0,184.14,21.22,20.58,0.00875,52.8,0.0609,601.1,477.07,0.0,562.5,22.16,22.98,0.0087,51.44,0.027,0.0,456.81,0.0,0.0,21.24,21.16,0.00875,57.01,0.1152,680.45,502.01,0.0,199.21,0.0,0.0,602.6,3774855.96,542339.09,542339.09,1981630.14
184,2,45,12.54,93.83,12.23,92.38,0.2769,470.84,21.29,53.18,0.2769,462.3,21.51,54.26,0.2992,461.6,12.98,89.36,0.2992,470.83,12.88,88.95,0.2992,470.44,12.98,89.0,0.2992,480.95,14.97,78.43,0.2992,447.62,21.21,20.62,0.00874,55.29,0.064,713.79,490.26,0.0,429.72,21.26,20.71,0.00872,56.07,0.0276,281.07,473.23,0.0,184.16,21.17,20.56,0.00871,55.87,0.0623,628.77,479.36,0.0,562.5,21.82,21.95,0.00866,52.67,0.0276,0.0,464.69,0.0,0.0,21.21,21.16,0.0087,54.15,0.1178,705.59,489.22,0.0,199.21,0.0,0.0,602.6,1580587.56,542339.09,542339.09,2095030.19
184,3,0,12.19,93.48,12.08,92.76,0.3248,476.59,21.14,55.46,0.3248,500.79,21.27,55.29,0.3756,499.13,13.44,85.73,0.3756,457.63,13.32,85.73,0.3756,471.52,13.4,88.64,0.3756,467.34,15.07,77.72,0.3756,439.92,21.14,20.58,0.0087,55.22,0.0685,798.6,459.65,0.0,429.6,21.05,20.67,0.00869,55.24,0.0295,319.71,477.78,0.0,184.15,21.22,20.54,0.00867,54.52,0.0667,696.75,509.23,0.0,562.5,23.72,21.99,0.00862,45.38,0.0849,0.0,480.31,0.0,2402.4,21.14,21.14,0.00867,53.83,0.1261,794.58,493.18,0.0,199.22,0.0,0.0,602.6,3743298.36,542339.09,542339.09,2322665.68
184,3,15,11.97,93.03,12.18,93.53,0.2769,498.7,21.06,52.24,0.2769,501.5,21.05,55.13,0.3131,477.52,13.03,86.14,0.3131,488.74,13.18,87.21,0.3131,486.5,13.06,88.09,0.3131,490.96,15.02,77.34,0.3131,486.65,21.02,20.55,0.00865,56.26,0.067,818.13,480.33,0.0,429.72,21.17,20.64,0.00864,53.63,0.0289,329.58,459.64,0.0,184.15,21.28,20.52,0.00863,52.76,0.0651,706.75,459.83,0.0,562.5,22.47,22.11,0.00858,52.53,0.0289,0.0,468.21,0.0,0.0,21.1,21.11,0.00863,55.89,0.1232,789.81,492.59,0.0,199.22,0.0,0.0,602.6,1580478.48,542339.09,542339.09,2377877.27
184,3,30,11.91,90.34,11.86,92.16,0.2769,474.14,21.17,55.73,0.2769,471.52,21.18,54.17,0.3183,477.16,13.21,84.31,0.3183,467.89,13.14,85.62,0.3183,464.6,13.03,86.29,0.3183,485.27,15.06,76.62,0.3183,464.58,20.89,20.53,0.00859,53.6,0.0681,846.02,471.28,0.0,439.44,21.02,20.62,0.00858,54.36,0.0293,343.53,467.9,0.0,188.34,20.96,20.5,0.00857,53.06,0.0662,735.96,509.34,0.0,562.5,22.27,22.93,0.00852,50.35,0.0293,0.0,480.89,0.0,0.0,21.14,21.03,0.00857,51.41,0.1253,877.43,453.86,0.0,199.22,0.0,0.0,602.6,3588427.44,542339.09,542339.09,2523514.38
184,3,45,11.73,91.75,11.83,93.43,0.2769,453.24,21.24,53.9,0.2769,493.67,21.09,54.56,0.3238,487.16,13.19,85.22,0.3238,468.02,13.22,85.66,0.3238,466.94,13.12,84.08,0.3238,457.9,15.0,74.53,0.3238,456.03,21.26,20.52,0.0085,53.56,0.0693,853.2,502.66,0.0,449.28,21.14,20.61,0.00849,52.78,0.0298,350.02,486.73,0.0,192.5,21.2,20.49,0.00848,51.98,0.0674,766.23,483.76,0.0,550.79,22.57,23.3,0.00844,49.37,0.0298,0.0,487.68,0.0,0.0,21.3,21.03,0.00848,54.99,0.1275,922.6,467.63,0.0,205.08,0.0,0.0,602.6,3578609.16,542339.09,542339.09,2602925.24
184,4,0,11.64,90.3,11.88,89.47,0.2769,493.24,20.82,55.57,0.2769,458.36,20.87,55.18,0.3305,471.47,13.14,83.51,0.3305,473.42,13.3,82.53,0.3305,456.89,13.1,81.97,0.3305,469.69,14.99,73.77,0.3305,472.97,21.09,20.5,0.00839,53.56,0.0707,884.5,466.33,0.0,449.28,20.89,20.58,0.00839,52.11,0.0305,365.94,470.31,0.0,192.52,21.0,20.48,0.00839,53.54,0.0688,777.27,471.25,0.0,562.5,21.95,22.14,0.00835,50.41,0.0305,0.0,461.84,0.0,0.0,21.05,21.03,0.00838,54.42,0.1301,959.11,474.6,0.0,199.22,0.0,0.0,602.6,1428265.44,542339.09,542339.09,2684934.21
184,4,15,11.72,88.01,11.9,89.13,0.3264,454.53,20.79,53.17,0.3264,493.72,20.77,56.05,0.401,488.43,13.59,80.61,0.401,455.87,13.61,81.45,0.401,453.57,13.35,82.03,0.401,469.35,15.11,72.75,0.401,463.91,20.99,20.49,0.00833,51.54,0.0728,920.72,474.14,0.0,449.28,21.05,20.57,0.00833,53.38,0.0314,382.09,481.99,0.0,192.54,21.08,20.47,0.00833,51.77,0.0708,821.36,442.08,0.0,550.78,23.68,22.1,0.00826,44.87,0.0922,0.0,495.96,0.0,2425.8,21.12,21.01,0.00833,52.43,0.1339,1015.02,474.6,0.0,205.08,0.0,0.0,602.6,3606343.56,542339.09,542339.09,2798653.04
184,4,30,11.9,86.37,12.01,88.81,0.377,462.18,20.98,53.29,0.377,476.45,20.65,52.88,0.4576,443.8,13.57,79.96,0.4576,477.51,13.62,80.68,0.4576,479.64,13.55,80.76,0.4576,447.49,14.83,73.1,0.4576,443.52,21.27,20.53,0.00827,52.04,0.0719,885.25,469.5,0.0,449.16,21.21,20.67,0.00826,54.21,0.031,334.63,484.97,0.0,192.52,20.98,20.66,0.00826,52.67,0.07,637.76,475.94,0.0,550.78,23.83,22.76,0.00809,42.69,0.1524,0.0,457.4,0.0,2414.04,21.13,21.0,0.00826,53.25,0.1323,1061.27,486.9,0.0,199.21,0.0,0.0,602.6,3588252.48,542339.09,542339.09,2627023.23
184,4,45,12.11,87.66,12.18,87.16,0.2769,449.47,20.87,52.53,0.2769,468.12,20.8,52.99,0.3152,488.32,13.4,81.56,0.3152,461.04,13.15,80.84,0.3152,453.56,13.19,82.08,0.3152,474.24,15.12,72.39,0.3152,479.48,21.22,20.59,0.0082,51.77,0.0674,757.87,487.59,0.0,459.0,21.09,20.96,0.0082,51.97,0.0291,173.85,474.02,0.0,196.72,21.17,21.18,0.0082,51.3,0.0656,90.33,482.61,0.0,550.79,23.39,23.87,0.00802,43.09,0.0291,0.0,490.09,0.0,0.0,20.98,21.01,0.0082,52.2,0.1241,956.49,456.5,0.0,199.21,0.0,0.0,602.6,3590996.76,542339.09,542339.09,1781173.8
184,5,0,12.29,85.86,12.3,87.14,0.2769,499.15,20.8,54.37,0.2769,474.13,20.71,51.5,0.3089,503.05,13.07,81.74,0.3089,463.91,13.11,82.29,0.3089,494.46,13.15,81.18,0.3089,467.07,15.29,73.06,0.3089,456.18,21.0,20.66,0.00815,50.41,0.0661,674.52,468.44,0.0,449.28,21.1,21.32,0.00815,52.99,0.0285,0.0,461.43,0.0,192.54,21.54,21.72,0.00816,50.82,0.0643,0.0,511.3,0.0,550.78,22.48,22.67,0.00799,47.83,0.0285,0.0,486.27,0.0,0.0,21.26,21.02,0.00815,52.33,0.1216,907.31,464.13,0.0,205.07,0.0,0.0,602.6,1421147.16,542339.09,542339.09,1421727.01
184,5,15,12.57,85.18,12.71,85.7,0.2769,468.85,20.7,52.7,0.2769,469.24,20.84,53.94,0.2886,487.54,12.97,83.9,0.2886,453.69,12.86,83.3,0.2886,436.33,12.9,83.06,0.2886,464.69,15.07,71.6,0.2886,453.66,21.01,20.74,0.00812,51.17,0.0617,546.82,466.36,0.0,449.16,21.5,21.69,0.00811,49.53,0.0266,0.0,448.44,0.0,192.52,22.24,22.31,0.00812,48.27,0.0601,0.0,483.34,0.0,550.78,21.75,22.06,0.00797,47.54,0.0266,0.0,479.52,0.0,0.0,21.12,21.04,0.00812,51.82,0.1136,824.07,462.18,0.0,205.07,0.0,0.0,602.6,1421017.56,542339.09,542339.09,1233733.4
184,5,30,13.2,83.8,13.21,83.24,0.2769,439.46,20.61,52.21,0.2769,459.23,20.67,52.84,0.2769,471.86,13.09,84.39,0.2769,430.32,12.94,86.87,0.2769,462.11,12.88,81.48,0.2769,463.83,14.88,72.89,0.2769,477.0,21.23,20.83,0.00808,51.19,0.0592,427.11,453.04,0.0,449.28,22.1,22.22,0.00807,47.77,0.0255,0.0,497.57,0.0,192.53,22.83,22.97,0.00808,45.47,0.0576,0.0,475.19,0.0,550.79,21.26,21.69,0.00796,50.17,0.0255,0.0,473.85,0.0,0.0,20.93,21.06,0.00807,54.34,0.109,766.4,479.05,0.0,199.21,14.22,0.0,602.6,1417195.44,555133.04,555133.04,1074153.8
184,5,45,13.5,83.29,13.2,82.82,0.2769,481.72,20.99,51.71,0.2769,454.18,21.05,50.32,0.2769,486.62,13.37,82.4,0.2769,467.16,12.95,83.7,0.2769,464.4,13.04,85.44,0.2769,468.84,14.98,75.55,0.2769,457.68,21.03,20.96,0.00806,51.64,0.0592,329.37,441.81,0.0,449.16,22.63,23.0,0.00805,44.8,0.0255,0.0,448.98,0.0,192.52,23.52,23.85,0.00806,43.93,0.0576,0.0,463.71,0.0,550.78,22.12,22.96,0.00796,45.12,0.0255,0.0,458.59,0.0,0.0,20.98,21.09,0.00806,50.58,0.109,713.85,449.65,0.0,199.21,47.06,0.0,602.6,3579765.84,584689.87,584689.87,938897.83
184,6,0,13.95,83.03,13.75,80.6,0.3492,475.73,21.0,49.78,0.3492,456.81,20.95,52.68,0.3492,451.55,13.98,81.66,0.3492,460.42,13.36,82.68,0.3492,443.64,13.36,82.66,0.3492,469.36,15.0,73.91,0.3492,469.68,21.3,21.08,0.00806,50.18,0.0592,157.07,486.46,0.0,449.28,23.32,23.88,0.00805,43.57,0.0255,0.0,441.31,0.0,192.53,24.06,24.71,0.00806,43.4,0.1299,0.0,462.16,0.0,550.78,22.61,23.0,0.00798,48.57,0.0255,0.0,465.8,0.0,0.0,21.02,21.14,0.00805,52.35,0.109,607.86,467.68,0.0,199.22,53.65,0.0,602.6,2492961.84,597283.25,597283.25,701052.75
184,6,15,14.44,78.37,14.42,79.61,0.5725,444.56,21.25,50.24,0.5725,457.8,21.33,49.83,0.5725,474.43,14.34,79.41,0.5725,453.21,13.76,81.84,0.5725,477.38,14.07,80.12,0.5725,448.81,14.95,75.72,0.5725,430.03,21.12,21.23,0.00806,51.3,0.0592,0.0,462.61,0.0,449.16,23.94,24.87,0.00807,42.23,0.0674,0.0,471.26,0.0,192.52,23.8,25.34,0.00808,44.24,0.1996,0.0,459.89,0.0,550.79,23.76,23.03,0.00802,42.73,0.1373,0.0,435.05,0.0,2437.56,21.16,21.21,0.00806,50.02,0.109,509.71,462.31,0.0,199.22,94.38,0.0,602.6,3611442.24,633206.59,633206.59,459698.49
184,6,30,15.01,74.63,15.05,76.7,0.7066,454.98,21.3,51.09,0.7066,465.46,21.37,50.68,0.7066,450.63,15.08,78.21,0.7066,493.78,13.87,80.31,0.7066,479.12,13.85,80.33,0.7066,450.45,14.75,76.51,0.7066,452.2,21.05,21.38,0.00807,50.36,0.0592,0.0,438.46,0.0,449.28,24.01,25.69,0.00807,43.58,0.1108,0.0,452.66,0.0,192.54,23.85,25.81,0.00809,44.31,0.2397,0.0,472.69,0.0,539.06,23.92,23.61,0.00806,43.55,0.1878,0.0,448.94,0.0,2414.04,20.94,21.3,0.00807,50.84,0.109,436.68,461.79,0.0,205.08,256.23,0.0,602.6,3583253.16,772945.24,772945.24,393009.7
184,6,45,15.48,74.04,15.49,75.14,0.6144,423.84,21.62,50.1,0.6144,469.61,21.7,49.58,0.6144,448.13,15.65,73.9,0.6144,456.47,14.05,78.0,0.6144,470.01,14.26,79.12,0.6144,445.1,15.11,76.0,0.6144,472.27,21.43,21.56,0.00807,50.24,0.0592,0.0,466.7,0.0,449.16,23.87,26.31,0.00808,43.14,0.1421,0.0,460.01,0.0,192.54,23.95,26.1,0.00808,43.85,0.2785,0.0,450.74,0.0,539.06,23.01,23.26,0.00806,46.8,0.0255,0.0,457.54,0.0,0.0,21.22,21.36,0.00807,50.93,0.109,286.4,449.26,0.0,199.21,309.67,0.0,602.6,1405097.28,820721.09,820721.09,257520.81
184,7,0,16.07,73.83,16.05,71.58,0.6632,442.96,21.82,49.41,0.6632,462.92,21.71,46.93,0.6632,464.91,16.17,73.92,0.6632,464.79,14.25,79.64,0.6632,461.26,14.24,78.22,0.6632,435.37,14.98,74.47,0.6632,454.63,21.46,21.79,0.00807,48.5,0.0592,0.0,460.85,0.0,449.16,24.03,26.86,0.00805,41.73,0.1704,0.0,457.6,0.0,192.52,24.02,26.29,0.00806,42.8,0.299,0.0,435.77,0.0,550.79,22.73,23.0,0.00806,46.01,0.0255,0.0,474.45,0.0,0.0,21.05,21.43,0.00807,50.59,0.109,185.89,452.86,0.0,199.21,445.87,0.0,602.6,1415757.96,943977.74,943977.74,167544.51
184,7,15,16.38,68.61,16.33,69.23,0.697,449.9,21.78,47.82,0.697,456.74,21.77,48.89,0.697,446.05,16.64,70.91,0.697,471.03,14.21,77.35,0.697,436.05,14.06,77.69,0.697,478.48,14.9,72.73,0.697,432.68,21.83,22.03,0.00805,48.23,0.0592,0.0,451.7,0.0,449.28,24.01,27.36,0.00797,42.51,0.1956,0.0,456.33,0.0,192.54,23.87,26.41,0.00799,44.6,0.3076,0.0,446.74,0.0,539.06,22.67,22.91,0.00805,47.73,0.0255,0.0,451.74,0.0,35.16,21.14,21.49,0.00805,50.13,0.109,96.23,453.19,0.0,199.21,538.73,0.0,602.6,1436979.96,1027196.48,1027196.48,86609.85
184,7,30,16.52,69.19,16.61,70.62,0.7365,433.42,21.99,47.98,0.7365,445.73,22.07,49.26,0.7365,457.59,16.58,67.77,0.7365,425.95,14.04,77.26,0.7365,448.73,14.13,75.59,0.7365,462.84,14.97,71.92,0.7365,443.22,22.08,22.28,0.00802,47.29,0.0592,0.0,453.25,0.0,468.72,23.86,27.88,0.00785,41.25,0.2227,0.0,463.28,0.0,200.89,23.92,26.51,0.00789,44.91,0.3201,0.0,447.49,0.0,585.94,22.43,22.93,0.00801,45.57,0.0255,0.0,448.96,0.0,0.0,21.35,21.59,0.00802,51.18,0.109,0.0,450.82,0.0,199.22,634.88,0.0,602.6,1653683.04,1113733.14,1113733.14,0.0
184,7,45,16.94,65.36,16.9,67.45,0.7505,435.02,22.22,47.74,0.7505,470.34,22.03,47.14,0.7505,440.85,16.92,66.86,0.7505,447.32,14.18,76.25,0.7505,440.38,14.14,74.87,0.7505,449.31,15.04,72.44,0.7505,452.09,22.36,22.54,0.00796,47.03,0.0592,0.0,440.57,0.0,478.56,23.89,28.26,0.00773,39.99,0.2432,0.0,456.47,0.0,205.08,23.81,26.46,0.00777,41.96,0.3136,0.0,476.52,0.0,574.22,22.67,22.97,0.00796,47.68,0.0255,0.0,460.81,0.0,0.0,21.29,21.66,0.00797,52.14,0.109,0.0,452.77,0.0,199.22,705.83,0.0,602.6,1681028.64,1177587.79,1177587.79,0.0
184,8,0,17.25,64.57,17.22,65.53,0.7554,466.63,22.36,47.55,0.7554,436.55,22.33,46.73,0.7554,449.87,17.14,65.9,0.7554,474.27,14.31,71.14,0.7554,463.05,14.24,72.93,0.7554,468.84,14.95,68.81,0.7554,454.56,22.47,22.8,0.0079,45.05,0.0592,0.0,453.11,0.0,468.72,24.15,28.58,0.0076,39.25,0.2595,0.0,472.42,0.0,200.89,23.83,26.36,0.00766,41.98,0.3021,0.0,470.8,0.0,585.94,22.6,23.04,0.0079,45.25,0.0255,0.0,456.27,0.0,0.0,21.35,21.74,0.0079,48.14,0.109,0.0,441.33,0.0,199.22,774.05,0.0,602.6,1678847.04,1238985.84,1238985.84,0.0
184,8,15,17.5,62.64,17.56,64.95,0.8989,462.53,22.74,42.75,0.8989,449.51,22.75,45.04,0.8989,485.59,17.52,63.92,0.8989,413.03,14.31,70.81,0.8989,457.34,14.23,72.01,0.8989,488.29,14.98,68.97,0.8989,468.76,22.64,23.05,0.00786,45.07,0.0592,0.0,459.41,0.0,468.72,23.87,28.85,0.00751,39.1,0.2726,0.0,453.19,0.0,200.89,23.98,26.23,0.0076,40.88,0.2895,0.0,474.23,1.0,574.22,23.81,23.71,0.00773,40.66,0.1685,0.0,492.89,0.0,2402.28,21.3,21.82,0.00786,50.04,0.109,0.0,446.87,0.0,199.22,1014.02,0.0,602.6,3805334.64,1433588.76,1433588.76,0.0
184,8,30,17.9,62.81,17.65,63.89,0.7564,453.97,22.75,44.64,0.7564,436.75,22.76,42.89,0.7564,461.46,17.79,63.65,0.7564,427.28,14.3,73.61,0.7564,423.42,14.32,71.32,0.7564,464.34,15.13,69.85,0.7564,446.09,22.98,23.34,0.00781,45.58,0.0592,0.0,430.63,0.0,478.44,23.88,29.09,0.00749,40.93,0.2893,0.0,431.52,0.0,205.06,23.93,26.06,0.00758,39.28,0.2733,0.0,503.58,1.0,562.5,23.77,23.86,0.00762,42.85,0.0255,0.0,467.5,0.0,0.0,21.39,21.87,0.00781,47.39,0.109,0.0,457.39,0.0,199.22,873.06,0.0,602.6,1490289.84,1328090.02,1328090.02,0.0
184,8,45,18.12,62.63,18.09,61.9,0.7317,473.25,23.18,42.79,0.7317,475.28,23.0,41.91,0.7317,428.79,18.04,61.56,0.7317,457.16,14.25,71.69,0.7317,437.28,14.17,74.22,0.7317,447.1,14.98,70.05,0.7317,448.8,23.23,23.56,0.00777,42.95,0.0592,0.0,444.53,0.0,468.72,23.82,29.22,0.00747,39.69,0.2914,0.0,504.92,0.0,200.9,23.77,25.85,0.00757,38.95,0.2466,0.0,503.26,1.0,574.22,23.37,24.0,0.00758,42.87,0.0255,0.0,455.79,0.0,0.0,21.3,21.94,0.00777,48.59,0.109,0.0,442.2,0.0,199.22,933.44,0.0,602.6,1462662.36,1382339.73,1382339.73,0.0
184,9,0,18.3,60.07,18.3,59.75,0.7134,440.0,23.12,43.95,0.7134,463.98,23.09,42.65,0.7134,454.27,18.35,60.71,0.7134,467.56,14.31,72.17,0.7134,464.39,14.23,72.95,0.7134,457.25,14.93,70.06,0.7134,478.98,23.5,23.81,0.00772,42.71,0.0592,0.0,459.51,0.0,478.56,23.91,29.31,0.00746,39.94,0.2965,0.0,472.31,0.0,205.08,23.84,25.64,0.00756,40.06,0.2232,0.0,481.88,1.0,574.22,23.35,23.97,0.00757,43.62,0.0255,0.0,476.62,0.0,0.0,21.42,22.01,0.00773,49.66,0.109,0.0,470.27,0.0,199.22,961.47,0.0,602.6,1500969.96,1407666.43,1407666.43,0.0
184,9,15,18.61,59.59,18.58,58.2,0.9061,467.5,23.4,40.98,0.9061,480.34,23.33,42.97,0.9061,450.96,18.71,58.68,0.9061,468.44,14.38,69.72,0.9061,462.94,14.16,72.03,0.9061,453.42,14.85,66.11,0.9061,483.51,23.68,24.03,0.00767,42.7,0.0592,0.0,466.09,0.0,468.72,24.03,29.33,0.00734,38.17,0.2952,0.0,482.67,0.0,200.88,23.91,25.45,0.0075,40.71,0.2001,0.0,462.47,1.0,574.22,24.03,24.62,0.0075,39.46,0.237,0.0,487.56,2.0,2378.88,21.5,22.08,0.00769,47.27,0.1146,0.0,463.7,1.0,199.22,1385.34,0.0,602.6,3603643.56,1763133.47,1763133.47,0.0
184,9,30,19.29,57.94,19.24,56.66,0.3088,492.78,21.51,47.02,0.3088,482.01,21.33,46.29,6.4202,510.73,21.16,48.11,6.4202,491.84,14.55,72.14,6.4202,457.31,14.65,74.48,6.4202,468.2,14.87,71.14,6.4202,473.84,20.85,24.27,0.00764,49.62,1.2316,4870.47,496.33,0.0,459.0,21.96,29.32,0.00756,45.33,0.5308,0.0,448.47,0.0,196.69,21.26,25.32,0.00762,48.73,1.3137,4642.42,491.9,1.0,714.84,19.51,24.52,0.00769,53.94,0.9924,2157.31,521.81,4.0,0.0,19.95,22.34,0.00765,52.45,2.3518,8908.59,456.14,1.0,410.15,8702.34,0.0,2707.91,2320221.24,10746057.7,10746057.7,17157886.14
184,9,45,19.65,56.1,19.59,56.32,0.3143,459.94,20.55,48.46,0.3143,480.87,20.58,50.52,6.5356,504.83,20.62,50.26,6.5356,486.15,14.57,72.86,6.5356,494.22,14.68,73.74,6.5356,486.44,14.96,71.3,6.5356,477.9,20.56,23.31,0.00766,49.94,1.2316,4870.47,498.62,0.0,468.72,21.38,28.4,0.00765,48.26,0.5308,0.0,488.34,0.0,200.9,20.8,24.11,0.00767,51.36,1.3137,4805.65,454.22,1.0,714.85,18.54,22.94,0.00772,57.51,1.1078,2157.31,481.5,5.0,0.0,19.33,21.48,0.00767,55.57,2.3518,8908.59,498.74,1.0,404.3,8099.8,0.0,2802.19,2326732.56,10159878.36,10159878.36,18667805.09
184,10,0,19.88,57.07,19.92,54.82,0.3199,464.86,20.62,50.96,0.3199,497.62,20.51,49.66,6.651,488.63,20.47,50.05,6.651,504.4,14.63,73.31,6.651,466.22,14.61,72.81,6.651,510.66,15.0,70.36,6.651,455.53,20.37,22.92,0.00768,50.58,1.2316,4870.47,500.69,0.0,468.72,21.2,27.78,0.00768,48.33,0.5308,106.49,490.36,0.0,200.9,20.43,23.51,0.00769,51.89,1.3137,4805.65,473.77,1.0,703.12,18.08,22.24,0.00774,58.13,1.2232,2157.31,531.04,6.0,0.0,19.36,21.18,0.0077,53.67,2.3518,8908.59,509.27,6.0,410.16,8150.01,0.0,2897.97,2322122.04,10051899.28,10051899.28,18790482.19
184,10,15,20.72,52.51,20.8,51.12,0.3199,449.04,20.51,51.58,0.3199,498.32,20.61,51.26,6.651,527.88,20.56,51.31,6.651,503.53,14.48,72.2,6.651,472.38,14.68,74.65,6.651,487.63,15.19,71.27,6.651,489.43,20.27,22.75,0.00768,52.4,1.2316,4870.47,478.65,0.0,468.84,21.26,27.27,0.00768,47.7,0.5308,376.38,509.14,0.0,200.89,20.13,23.14,0.00769,51.82,1.3137,4805.65,513.03,1.0,714.84,18.07,21.76,0.00773,60.57,1.2232,2157.31,519.61,6.0,35.16,19.32,20.96,0.00769,56.59,2.3518,8908.59,496.74,1.0,410.15,8069.35,0.0,2897.97,2363733.36,9870587.42,9870587.42,19006543.05
184,10,30,21.54,45.11,21.29,47.05,0.3365,483.34,20.25,51.52,0.3365,506.09,20.18,50.41,6.9972,517.21,20.22,51.04,6.9972,509.97,14.52,72.65,6.9972,504.61,14.44,74.25,6.9972,507.38,15.08,72.16,6.9972,507.15,20.27,22.75,0.00768,51.36,1.2316,4870.47,538.93,0.0,468.72,21.02,26.82,0.00768,49.46,0.5308,628.17,481.89,0.0,200.89,19.56,22.96,0.00771,52.93,1.6599,4805.65,512.09,4.0,808.6,19.0,22.08,0.00773,57.35,1.2232,2157.31,539.59,6.0,2402.4,19.21,20.81,0.00769,55.14,2.3518,8908.59,498.39,1.0,603.52,8260.84,0.0,3194.34,4802091.48,10324979.32,10324979.32,19233650.67
184,10,45,22.03,41.89,22.1,41.71,0.3365,445.69,20.24,49.7,0.3365,495.56,20.36,50.85,6.9972,503.65,20.35,50.41,6.9972,503.47,14.58,74.97,6.9972,513.18,14.49,72.04,6.9972,532.26,14.81,71.28,6.9972,522.36,20.19,22.87,0.00767,50.99,1.2316,4870.47,493.13,0.0,468.72,21.08,26.38,0.00767,48.83,0.5308,894.38,530.88,0.0,200.88,19.43,22.59,0.0077,53.43,1.6599,4805.65,535.13,4.0,808.6,19.64,23.92,0.00773,53.44,1.2232,2157.31,536.91,6.0,2402.28,19.3,20.71,0.00769,55.42,2.3518,8908.59,495.99,3.0,603.52,8320.46,0.0,3194.34,6989837.76,10347962.81,10347962.81,19473980.94
184,11,0,22.75,38.0,22.93,38.56,0.3365,503.64,20.24,49.98,0.3365,509.2,20.43,50.45,6.9972,500.67,20.3,49.21,6.9972,518.22,14.55,73.26,6.9972,533.59,14.51,72.2,6.9972,498.79,15.13,70.03,6.9972,504.49,20.41,23.1,0.00765,51.34,1.2316,4870.47,522.08,0.0,468.84,21.14,25.94,0.00765,49.64,0.5308,1159.25,509.85,0.0,200.9,19.38,22.42,0.00768,53.79,1.6599,4805.65,499.76,4.0,808.6,19.84,24.63,0.00771,53.34,1.2232,2157.31,556.2,6.0,2437.56,19.03,20.65,0.00766,54.97,2.3518,8908.59,507.19,2.0,609.37,8406.27,0.0,3194.34,6970203.36,10440547.19,10440547.19,19711129.17
184,11,15,22.88,40.08,22.82,39.21,0.3199,461.05,20.21,52.15,0.3199,559.98,20.35,52.02,6.651,546.41,20.56,50.21,6.651,516.8,14.41,72.78,6.651,508.41,14.51,75.2,6.651,483.15,14.74,69.61,6.651,494.28,20.4,23.39,0.00764,48.74,1.2316,4870.47,534.32,0.0,468.72,21.17,25.49,0.00764,48.71,0.5308,1431.01,528.25,0.0,200.9,19.35,22.31,0.00767,53.49,1.6599,4805.65,547.64,4.0,808.6,20.58,23.48,0.00768,50.43,0.877,2157.31,523.31,3.0,2414.04,19.01,20.64,0.00766,54.62,2.3518,8908.59,522.92,5.0,603.52,8053.9,0.0,2897.97,4781615.76,9864715.06,9864715.06,19955771.2
184,11,30,22.96,39.89,23.11,39.62,0.3254,482.07,20.45,52.5,0.3254,560.55,20.26,50.88,6.7664,533.57,20.44,49.65,6.7664,507.92,14.47,73.99,6.7664,526.34,14.65,71.86,6.7664,538.36,14.8,70.71,6.7664,521.42,20.7,23.75,0.00763,49.51,1.2316,4870.47,549.69,0.0,459.0,21.18,25.06,0.00763,49.9,0.5308,1695.69,533.72,0.0,196.72,19.46,22.22,0.00766,53.63,1.6599,4805.65,537.78,4.0,820.32,18.99,22.98,0.00769,56.7,0.9924,2157.31,558.3,4.0,0.0,18.91,20.61,0.00766,55.44,2.3518,8908.59,526.88,5.0,404.29,8083.34,0.0,2995.26,2442848.76,10052976.76,10052976.76,20193960.61
184,11,45,23.06,40.49,23.16,41.55,0.3254,456.44,20.13,51.58,0.3254,568.18,20.29,51.05,6.7664,515.44,20.48,50.95,6.7664,538.65,14.51,72.68,6.7664,502.67,14.54,73.76,6.7664,542.68,14.95,70.67,6.7664,553.99,20.86,24.1,0.00763,47.6,1.2316,4870.47,537.46,0.0,468.72,21.01,24.62,0.00763,47.02,0.5308,1955.95,570.5,0.0,200.9,19.39,22.14,0.00766,53.39,1.6599,4805.65,564.22,4.0,820.32,18.68,22.2,0.00768,56.79,0.9924,2157.31,547.92,4.0,0.0,19.08,20.57,0.00766,54.77,2.3518,8908.59,524.76,5.0,404.29,8110.84,0.0,2995.26,2435601.96,10016037.49,10016037.49,20428168.27
184,12,0,23.33,39.27,23.32,41.88,0.338,450.63,20.26,50.87,0.338,541.39,20.12,50.97,7.0274,554.12,20.43,49.5,7.0274,553.42,14.56,73.26,7.0274,558.17,14.5,72.84,7.0274,531.47,14.97,73.6,7.0274,557.45,20.85,24.47,0.00764,47.6,1.2316,4870.47,572.63,0.0,468.72,21.07,24.23,0.00764,50.22,0.5308,2157.31,509.36,0.0,200.9,19.11,22.09,0.00768,54.0,1.7753,4805.65,543.68,5.0,820.31,17.99,21.88,0.0077,58.09,1.2232,2157.31,572.51,6.0,0.0,18.9,20.51,0.00765,55.56,2.2666,8908.59,535.12,0.0,404.29,8333.59,0.0,3220.83,2460625.56,10424254.03,10424254.03,20609380.24
184,12,15,23.52,41.48,23.6,41.01,0.3102,445.63,20.33,50.37,0.3102,573.64,20.36,49.67,6.4504,559.72,20.33,49.59,6.4504,507.57,14.59,74.02,6.4504,548.5,14.48,73.01,6.4504,576.74,14.95,71.2,6.4504,542.89,21.12,24.83,0.00763,47.72,1.2316,4680.26,562.72,0.0,459.0,20.96,23.89,0.00763,47.84,0.5308,2157.31,558.57,0.0,196.72,19.33,21.97,0.00765,53.81,1.5445,4805.65,568.42,3.0,820.32,18.8,22.97,0.00766,54.72,0.877,2157.31,565.46,3.0,0.0,19.0,20.48,0.00763,55.94,2.2666,8908.59,547.41,0.0,404.29,7934.28,0.0,2732.44,4606315.56,9536984.77,9536984.77,20421070.48
184,12,30,23.91,42.42,23.61,43.21,0.3047,478.64,20.44,51.96,0.3047,557.65,20.41,51.24,6.335,524.09,20.43,50.4,6.335,541.96,14.63,72.01,6.335,531.17,14.6,73.06,6.335,543.52,14.86,71.25,6.335,544.29,21.21,25.18,0.00762,47.37,1.2316,4229.52,544.36,0.0,478.56,20.89,23.6,0.00762,48.04,0.5308,2157.31,560.09,0.0,205.08,19.61,22.05,0.00764,52.47,1.4291,4805.65,572.97,2.0,832.03,18.96,22.13,0.00766,56.65,0.877,2157.31,565.63,3.0,0.0,19.15,20.51,0.00762,54.69,2.2666,8908.59,537.75,0.0,597.66,7897.68,0.0,2639.28,2626200.36,9483258.92,9483258.92,20032529.38
184,12,45,24.11,43.67,24.08,42.84,0.3199,464.56,20.39,51.22,0.3199,549.38,20.41,49.98,6.651,570.2,20.82,49.98,6.651,532.91,14.53,73.29,6.651,554.2,14.69,71.13,6.651,554.85,15.02,70.75,6.651,540.76,21.15,25.46,0.00765,49.38,1.2316,3893.41,544.47,0.0,478.56,20.75,23.4,0.00765,48.23,0.5308,2157.31,563.79,0.0,205.08,19.65,22.15,0.00767,53.63,1.4291,4805.65,513.21,2.0,832.03,18.26,21.98,0.0077,59.1,1.1078,2157.31,556.78,5.0,0.0,19.11,20.57,0.00767,56.11,2.3518,8908.59,562.62,5.0,603.52,8195.69,0.0,2897.97,2637302.76,9992413.96,9992413.96,19727148.43
184,13,0,24.39,43.49,24.38,43.76,0.331,476.93,20.46,49.25,0.331,573.52,20.42,50.75,6.8818,586.23,20.53,50.52,6.8818,564.68,14.42,72.84,6.8818,571.59,14.79,72.4,6.8818,554.59,15.06,71.6,6.8818,564.01,21.18,25.69,0.00768,47.38,1.2316,3588.44,544.44,0.0,478.56,20.57,23.29,0.00768,48.71,0.5308,2157.31,520.81,0.0,205.08,19.49,22.25,0.0077,52.88,1.5445,4805.65,550.1,3.0,832.03,17.8,21.82,0.00774,56.31,1.2232,2157.31,570.57,6.0,0.0,19.27,20.59,0.0077,54.88,2.3518,8908.59,533.14,4.0,603.52,8396.76,0.0,3094.05,2632140.36,10341735.26,10341735.26,19455552.48
184,13,15,24.1,44.39,24.23,42.72,0.3254,519.72,20.35,51.81,0.3254,549.24,20.39,53.16,6.7664,541.34,20.52,50.35,6.7664,542.93,14.57,73.38,6.7664,557.82,14.4,72.44,6.7664,570.01,15.07,72.85,6.7664,544.97,21.15,25.86,0.0077,50.0,1.2316,3423.73,561.94,0.0,478.56,20.62,23.2,0.0077,51.43,0.5308,2157.31,551.27,0.0,205.08,19.45,22.24,0.00772,54.57,1.5445,4805.65,578.86,3.0,832.03,18.13,21.82,0.00775,59.42,1.1078,2157.31,573.29,5.0,0.0,18.98,20.6,0.00772,55.6,2.3518,8908.59,578.75,4.0,603.52,8230.79,0.0,2995.26,2631481.56,10103449.27,10103449.27,19307319.58
184,13,30,23.8,42.93,23.82,44.6,0.3199,490.87,20.36,49.84,0.3199,582.14,20.47,49.89,6.651,596.48,20.64,51.96,6.651,562.99,14.55,74.49,6.651,549.08,14.56,72.08,6.651,573.26,15.1,71.08,6.651,545.52,21.09,25.98,0.0077,49.1,1.2316,3298.1,555.71,0.0,459.0,20.61,23.16,0.0077,50.38,0.5308,2157.31,573.61,0.0,196.7,19.69,22.27,0.00772,53.66,1.4291,4805.65,595.5,2.0,843.74,18.18,22.05,0.00775,56.21,1.1078,2157.31,585.47,5.0,0.0,18.95,20.63,0.00772,53.6,2.3518,8908.59,578.45,4.0,814.45,8122.5,0.0,2897.97,2830337.64,9918429.96,9918429.96,19194245.54
184,13,45,23.68,43.86,23.39,43.79,0.3587,481.13,20.28,51.98,0.3587,552.59,20.13,51.38,7.4588,573.45,20.44,50.38,7.4588,556.92,14.37,74.94,7.4588,561.01,14.54,75.54,7.4588,566.03,15.2,71.87,7.4588,573.25,21.12,26.1,0.00774,47.41,1.2316,3123.61,565.47,0.0,468.84,20.64,23.07,0.00774,53.28,0.5308,2157.31,566.72,0.0,200.89,19.03,22.34,0.00777,56.21,1.8907,4805.65,582.42,6.0,855.47,18.15,23.87,0.0078,60.16,1.454,2157.31,563.91,8.0,0.0,19.23,20.67,0.00776,55.19,2.3518,8908.59,567.99,4.0,820.32,8957.42,0.0,3610.29,5020307.64,11306720.72,11306720.72,19037112.89
184,14,0,23.27,45.11,23.37,45.03,0.3587,502.67,20.14,52.28,0.3587,586.01,20.29,49.88,7.4588,576.94,20.33,50.44,7.4588,574.48,14.46,74.24,7.4588,568.35,14.52,74.28,7.4588,567.89,15.1,71.86,7.4588,551.43,21.17,26.19,0.00777,47.91,1.2316,2996.38,583.13,0.0,459.0,20.51,22.94,0.00777,48.64,0.5308,2157.31,579.99,0.0,196.72,18.88,22.07,0.0078,54.46,1.7753,4805.65,583.08,5.0,843.76,18.0,23.13,0.00783,58.95,1.5694,2157.31,597.03,9.0,0.0,19.26,20.7,0.00779,55.94,2.3518,8908.59,566.77,5.0,814.45,8851.74,0.0,3610.29,2825196.84,11215828.53,11215828.53,18922698.5
184,14,15,23.36,43.56,23.4,45.57,0.3476,452.32,20.41,51.9,0.3476,590.08,20.53,50.99,7.228,598.75,20.41,52.28,7.228,589.51,14.53,75.15,7.228,593.14,14.55,75.69,7.228,598.7,14.95,72.62,7.228,598.97,21.02,26.26,0.00779,50.83,1.2316,2893.45,616.82,0.0,459.0,20.46,22.83,0.00779,52.66,0.5308,2157.31,593.96,0.0,196.69,18.85,21.97,0.00783,56.23,1.7753,4805.65,637.04,5.0,843.74,19.31,23.75,0.00785,54.02,1.3386,2157.31,618.53,7.0,2449.2,19.18,20.71,0.00782,56.2,2.3518,8908.59,593.25,4.0,814.45,8675.35,0.0,3399.36,5034056.04,10775607.38,10775607.38,18829715.11
184,14,30,23.8,46.52,23.81,44.23,0.3587,461.31,20.36,52.16,0.3587,600.84,20.23,52.86,7.4588,625.41,20.47,52.97,7.4588,594.8,14.48,75.51,7.4588,606.91,14.52,75.36,7.4588,587.63,15.26,71.15,7.4588,588.02,21.15,26.3,0.00784,48.7,1.2316,2805.29,621.2,0.0,459.0,20.35,22.72,0.00784,50.96,0.5308,2157.31,597.37,0.0,196.72,19.29,21.9,0.00788,56.8,1.7753,4805.65,597.46,5.0,773.44,19.16,24.69,0.00791,57.95,1.5694,2157.31,620.01,9.0,2414.04,19.23,20.73,0.00786,56.59,2.3518,8908.59,601.71,5.0,808.6,8928.7,0.0,3610.29,4912139.16,11285088.54,11285088.54,18750722.68
184,14,45,23.82,45.88,23.67,44.44,0.3587,482.05,20.34,52.29,0.3587,622.38,20.06,53.86,7.4588,603.91,20.34,52.98,7.4588,597.8,14.61,74.46,7.4588,628.2,14.32,75.02,7.4588,579.92,14.91,73.85,7.4588,612.15,20.89,26.26,0.00788,51.52,1.2316,2880.18,604.79,0.0,468.72,20.29,22.65,0.00788,50.88,0.5308,2157.31,607.37,0.0,200.9,19.06,21.86,0.00792,56.58,1.7753,4805.65,626.2,5.0,773.44,18.14,24.63,0.00796,58.66,1.5694,2157.31,637.3,9.0,35.16,19.24,20.73,0.0079,56.87,2.3518,8908.59,599.13,4.0,814.45,8842.49,0.0,3610.29,2819228.76,11253454.14,11253454.14,18817909.05
184,15,0,23.86,45.48,23.97,45.16,0.3476,487.29,20.33,51.9,0.3476,606.19,20.12,53.84,7.228,606.74,20.27,52.02,7.228,635.21,14.46,74.88,7.228,615.95,14.48,75.48,7.228,602.58,14.87,72.85,7.228,577.32,21.05,26.15,0.0079,48.59,1.2316,3033.85,601.44,0.0,468.72,20.32,22.57,0.0079,53.01,0.5308,2157.31,587.01,0.0,200.9,18.93,21.81,0.00793,57.73,1.7753,4805.65,639.13,5.0,773.44,18.61,24.52,0.00795,58.2,1.3386,2157.31,655.89,7.0,0.0,19.16,20.69,0.00791,55.18,2.3518,8908.59,604.35,1.0,808.6,8633.08,0.0,3399.36,2757278.88,10829193.2,10829193.2,18956419.73
184,15,15,24.09,45.24,23.89,46.23,0.3476,476.35,20.11,50.42,0.3476,604.14,20.15,52.06,7.228,622.39,20.24,52.14,7.228,595.79,14.51,76.97,7.228,612.11,14.57,74.7,7.228,619.12,15.09,72.36,7.228,614.08,21.08,25.97,0.00791,49.37,1.2316,3237.32,604.26,0.0,468.84,20.45,22.5,0.00791,52.24,0.5308,2157.31,614.84,0.0,200.89,18.94,21.76,0.00794,58.42,1.7753,4805.65,610.57,5.0,773.44,18.72,24.72,0.00796,56.51,1.3386,2157.31,644.77,7.0,0.0,19.04,20.65,0.00791,55.82,2.3518,8908.59,587.25,1.0,808.6,8632.89,0.0,3399.36,2757279.96,10829020.94,10829020.94,19139543.06
184,15,30,23.75,44.82,23.82,45.7,0.3476,484.08,20.11,54.16,0.3476,617.51,20.17,52.32,7.228,650.78,20.35,53.14,7.228,618.93,14.48,75.49,7.228,613.34,14.49,76.06,7.228,622.03,15.13,73.96,7.228,626.29,21.01,25.85,0.00791,49.41,1.2316,3411.03,597.5,0.0,439.44,20.43,22.49,0.00791,55.05,0.5308,2157.31,628.27,0.0,188.34,18.85,21.73,0.00794,56.02,1.7753,4805.65,649.62,5.0,832.03,18.84,24.97,0.00796,57.58,1.3386,2157.31,641.31,7.0,0.0,19.17,20.59,0.00791,56.97,2.3518,8908.59,627.93,1.0,398.45,8631.52,0.0,3399.36,2673482.76,10827789.12,10827789.12,19295884.06
184,15,45,23.83,45.47,23.84,45.87,0.3476,498.36,20.22,52.7,0.3476,605.54,20.18,51.79,7.228,619.58,20.29,51.96,7.228,631.32,14.56,74.37,7.228,611.45,14.45,74.82,7.228,606.35,15.0,73.78,7.228,604.94,21.03,25.67,0.00791,50.19,1.2316,3621.47,611.95,0.0,449.16,20.21,22.42,0.00791,52.6,0.5308,2157.31,627.98,0.0,192.53,18.93,21.66,0.00794,56.76,1.7753,4805.65,617.49,5.0,820.31,19.22,26.68,0.00797,58.91,1.3386,2157.31,656.03,7.0,0.0,18.96,20.54,0.00792,56.73,2.3518,8908.59,642.53,1.0,404.3,8666.53,0.0,3399.36,4854013.56,10848124.09,10848124.09,19485248.66
184,16,0,23.8,43.99,23.84,45.39,0.3587,483.87,20.27,51.6,0.3587,612.97,20.14,53.8,7.4588,615.06,20.21,52.43,7.4588,614.18,14.34,74.45,7.4588,616.74,14.48,77.61,7.4588,603.26,14.97,73.47,7.4588,612.49,21.11,25.46,0.00794,49.17,1.347,4697.05,614.27,1.0,449.16,19.73,22.35,0.00795,55.29,0.6462,2157.31,622.73,1.0,192.5,18.85,21.59,0.00797,57.13,1.7753,4805.65,616.58,5.0,832.02,19.82,26.54,0.008,53.6,1.3386,2157.31,623.33,7.0,2367.24,19.02,20.52,0.00794,56.02,2.3518,8908.59,626.08,2.0,404.29,8913.93,0.0,3610.29,4797259.56,11246592.64,11246592.64,20453068.91
184,16,15,23.87,46.32,23.85,47.53,0.3476,477.31,20.39,51.7,0.3476,626.57,20.12,53.51,7.228,613.72,20.66,54.59,7.228,601.53,14.58,74.04,7.228,617.49,14.45,75.13,7.228,610.74,15.16,72.12,7.228,604.17,21.04,25.24,0.00795,51.17,1.347,4870.47,639.5,1.0,449.16,19.13,22.11,0.00797,55.73,0.7616,2157.31,622.95,2.0,192.52,19.16,21.49,0.00797,56.95,1.5445,4805.65,632.68,3.0,820.31,20.77,27.01,0.008,51.56,1.2232,2157.31,647.53,6.0,2449.2,18.99,20.51,0.00795,55.96,2.3518,8908.59,635.92,1.0,398.44,8761.34,0.0,3399.36,4880376.36,10924588.56,10924588.56,20609380.24
184,16,30,23.78,46.68,23.91,45.26,0.3532,490.07,20.25,51.89,0.3532,604.27,20.46,53.87,7.3434,609.5,20.42,52.25,7.3434,620.5,14.47,76.36,7.3434,615.11,14.51,77.91,7.3434,625.49,14.9,73.43,7.3434,618.81,20.94,25.21,0.00797,50.25,1.347,4763.07,608.05,1.0,703.08,19.22,22.01,0.00799,57.15,0.7616,2157.31,603.11,2.0,301.33,19.17,21.49,0.00798,54.98,1.5445,4805.65,624.52,3.0,726.56,20.4,27.43,0.00804,51.71,1.3386,2157.31,664.22,7.0,2414.04,19.02,20.52,0.00797,56.94,2.3518,8908.59,617.64,1.0,814.45,8896.89,0.0,3504.09,6362618.04,11160879.91,11160879.91,20512722.66
184,16,45,23.97,49.09,23.99,48.42,0.3698,488.68,20.4,51.37,0.3698,627.0,20.25,53.78,7.6896,634.09,20.39,51.47,7.6896,629.83,14.56,75.75,7.6896,623.31,14.68,74.39,7.6896,627.57,14.81,74.28,7.6896,662.63,21.16,24.94,0.00801,50.27,1.347,4870.47,637.11,1.0,703.08,19.15,21.91,0.00803,55.39,0.7616,2157.31,639.13,2.0,301.33,18.73,21.44,0.00803,58.3,1.7753,4805.65,641.39,5.0,738.28,20.06,27.44,0.00808,53.3,1.454,2157.31,654.24,8.0,2437.56,19.05,20.54,0.008,58.55,2.3518,8908.59,627.28,1.0,814.45,9209.63,0.0,3827.07,6398938.44,11733035.39,11733035.39,20609380.24
184,17,0,23.99,47.89,23.85,47.74,0.3587,480.49,20.24,54.02,0.3587,674.14,20.18,53.89,7.4588,636.47,20.28,52.82,7.4588,619.09,14.49,75.36,7.4588,626.16,14.48,76.19,7.4588,631.77,15.0,74.57,7.4588,638.03,20.83,24.59,0.00802,50.36,1.347,4870.47,632.13,1.0,703.08,19.18,21.8,0.00804,58.21,0.7616,2157.31,644.66,2.0,301.33,18.85,21.24,0.00804,58.7,1.6599,4805.65,654.21,4.0,726.56,19.63,28.16,0.00808,56.42,1.3386,2157.31,646.78,7.0,35.16,19.06,20.56,0.00802,58.95,2.3518,8908.59,635.72,2.0,808.6,9012.53,0.0,3610.29,6389099.64,11364726.43,11364726.43,20609380.24
184,17,15,24.09,46.96,23.97,47.75,0.3587,476.69,20.13,52.72,0.3587,661.8,20.18,53.72,7.4588,645.78,20.38,53.69,7.4588,660.76,14.77,76.76,7.4588,654.0,14.56,77.19,7.4588,624.95,15.05,73.27,7.4588,655.79,20.74,24.19,0.00803,52.05,1.347,4870.47,646.94,1.0,712.92,19.16,21.67,0.00805,57.91,0.7616,2157.31,619.5,2.0,305.52,18.92,21.12,0.00805,58.25,1.6599,4805.65,645.23,4.0,726.56,19.12,26.57,0.00808,59.52,1.3386,2157.31,668.3,7.0,0.0,19.1,20.56,0.00804,55.24,2.3518,8908.59,657.19,4.0,814.46,8895.49,0.0,3610.29,4202619.12,11300229.09,11300229.09,20609380.24
184,17,30,24.21,48.91,24.22,47.28,0.3587,505.28,19.91,53.78,0.3587,658.68,20.03,54.57,7.4588,654.18,20.36,55.0,7.4588,625.9,14.49,75.6,7.4588,644.91,14.44,76.87,7.4588,662.58,14.93,73.5,7.4588,642.13,20.55,23.76,0.00803,52.76,1.347,4870.47,661.79,1.0,712.8,19.24,21.53,0.00805,56.42,0.7616,2157.31,650.84,2.0,305.52,19.25,20.98,0.00804,58.79,1.5445,4805.65,668.19,3.0,726.56,18.77,25.86,0.00808,59.34,1.454,2157.31,688.92,8.0,0.0,19.24,20.48,0.00803,55.42,2.3518,8908.59,636.89,2.0,404.29,8813.59,0.0,3610.29,3832696.44,11210489.92,11210489.92,20609380.24
184,17,45,24.36,48.5,24.15,47.2,0.331,503.87,20.07,52.53,0.331,651.92,20.08,53.23,6.8818,630.9,20.33,55.41,6.8818,643.28,14.69,75.41,6.8818,637.44,14.55,75.11,6.8818,608.7,15.15,72.76,6.8818,653.39,20.52,23.33,0.00798,51.4,1.2316,4870.47,645.83,0.0,712.92,19.02,21.4,0.008,57.47,0.7616,2157.31,648.29,2.0,305.53,19.04,20.9,0.00799,57.52,1.5445,4805.65,656.57,3.0,738.28,20.61,25.64,0.00801,52.28,0.9924,2157.31,675.48,4.0,2472.72,18.95,20.37,0.00799,59.15,2.3518,8908.59,659.35,2.0,410.16,8362.9,0.0,3094.05,6080123.52,10259325.68,10259325.68,20475768.41
184,18,0,24.33,49.09,24.44,47.37,0.3365,461.9,20.1,54.16,0.3365,655.58,20.1,53.7,6.9972,657.66,20.21,55.18,6.9972,637.44,14.54,75.08,6.9972,625.07,14.61,74.59,6.9972,642.22,14.83,72.95,6.9972,644.63,20.41,23.03,0.00797,51.07,1.347,4870.47,656.42,1.0,703.08,19.09,21.28,0.00799,57.91,0.7616,2157.31,642.87,2.0,301.33,18.7,20.81,0.00799,58.3,1.6599,4805.65,638.54,4.0,726.56,21.13,25.88,0.00801,51.99,0.877,1565.15,661.86,3.0,2425.8,19.06,20.32,0.00797,57.66,2.3518,8908.59,654.04,2.0,404.3,8454.24,0.0,3194.34,6008691.24,10474300.07,10474300.07,19902796.59
184,18,15,24.1,48.6,23.94,50.44,0.3421,454.95,19.9,53.06,0.3421,646.61,19.89,52.6,7.1126,623.05,20.19,52.87,7.1126,642.6,14.57,76.15,7.1126,631.87,14.65,76.57,7.1126,622.88,15.01,75.11,7.1126,636.44,19.77,22.56,0.00797,56.02,1.4624,4870.47,634.74,2.0,703.2,18.99,21.13,0.00799,57.09,0.7616,2157.31,645.75,2.0,301.34,18.96,20.61,0.00798,57.59,1.5445,4805.65,619.73,3.0,726.56,20.7,25.5,0.00801,53.34,0.9924,2157.31,674.46,4.0,2425.68,18.89,20.27,0.00797,59.01,2.3518,8908.59,643.16,3.0,404.29,8490.57,0.0,3296.11,6035712.84,10624317.69,10624317.69,20609380.24
184,18,30,23.8,47.88,23.95,49.11,0.3421,463.44,19.9,54.14,0.3421,657.12,19.96,53.9,7.1126,655.04,20.25,54.2,7.1126,627.98,14.44,76.43,7.1126,656.1,14.55,74.25,7.1126,640.48,14.91,74.85,7.1126,646.79,19.46,22.22,0.00797,55.66,1.5778,4870.47,679.08,3.0,810.48,19.0,21.06,0.00798,54.91,0.7616,2157.31,671.86,2.0,347.36,18.83,20.49,0.00797,56.79,1.5445,4805.65,646.38,3.0,562.5,20.84,24.98,0.008,49.15,0.877,2066.65,669.83,3.0,2437.56,18.8,20.16,0.00796,57.47,2.3518,8908.59,647.41,2.0,404.3,8388.61,0.0,3296.11,6170035.68,10547155.24,10547155.24,20546890.24
184,18,45,23.55,51.4,23.74,50.03,0.3476,448.91,19.91,54.76,0.3476,659.1,19.77,53.03,7.228,645.06,20.16,54.43,7.228,636.36,14.51,75.03,7.228,664.45,14.68,77.16,7.228,623.63,15.12,72.19,7.228,630.01,19.23,21.86,0.00797,55.59,1.5778,4870.47,653.37,3.0,810.48,18.89,20.95,0.00798,58.5,0.7616,2157.31,661.02,2.0,347.36,18.95,20.33,0.00796,55.9,1.4291,4805.65,641.56,2.0,574.21,20.47,26.16,0.00801,52.71,1.1078,2157.31,670.41,5.0,2437.44,19.03,20.09,0.00796,55.79,2.3518,8908.59,651.18,3.0,404.29,8462.82,0.0,3399.36,8286620.76,10672070.85,10672070.85,20609380.24
184,19,0,23.48,52.69,23.28,54.29,0.3421,478.53,19.88,54.95,0.3421,634.38,19.98,53.8,7.1126,636.19,20.09,55.9,7.1126,606.61,14.65,75.3,7.1126,625.5,14.48,76.51,7.1126,652.83,15.11,72.27,7.1126,634.58,19.14,21.58,0.00796,54.75,1.5778,4870.47,655.85,3.0,800.76,18.61,20.86,0.00797,59.8,0.877,2157.31,669.34,3.0,343.2,18.84,20.25,0.00795,58.21,1.4291,4805.65,636.77,2.0,562.5,20.92,24.48,0.00799,51.68,0.877,2157.31,662.56,3.0,2390.64,18.8,20.03,0.00795,56.95,2.3518,8908.59,651.8,1.0,404.3,8328.62,0.0,3296.11,6084445.68,10462254.04,10462254.04,20609380.24
184,19,15,22.98,53.72,22.78,53.12,0.338,457.76,19.55,54.68,0.338,662.81,19.38,56.45,7.0274,637.69,19.57,56.07,7.0274,652.67,14.56,74.14,7.0274,649.22,14.56,76.32,7.0274,614.24,14.99,71.2,7.0274,667.36,19.26,21.32,0.00793,55.28,1.5778,4870.47,609.42,3.0,810.6,18.68,20.65,0.00794,57.69,0.877,2157.31,666.46,3.0,347.38,18.77,20.12,0.00792,58.81,1.4291,4805.65,647.47,2.0,562.5,19.26,23.14,0.00795,57.9,0.877,2157.31,633.36,3.0,0.0,18.76,19.94,0.00791,56.13,2.2666,8908.59,650.68,0.0,404.3,7871.71,0.0,3220.83,3920353.56,10092803.42,10092803.42,20609380.24
184,19,30,22.77,54.84,22.79,53.16,0.3324,446.01,19.51,55.24,0.3324,646.11,19.37,56.6,6.912,654.66,19.7,54.28,6.912,637.26,14.5,74.95,6.912,629.99,14.62,73.92,6.912,652.35,14.93,71.47,6.912,624.1,19.02,21.49,0.00789,53.66,1.5778,4870.47,640.98,3.0,996.12,18.97,20.8,0.0079,56.51,0.7616,2157.31,648.85,2.0,426.9,18.78,19.94,0.00789,57.82,1.4291,4805.65,631.91,2.0,562.5,18.7,21.64,0.00791,56.36,0.877,2157.31,654.16,3.0,0.0,18.77,19.93,0.00787,56.81,2.2666,8908.59,664.73,0.0,404.3,7755.31,0.0,3120.15,6077426.76,9821936.49,9821936.49,20609380.24
184,19,45,22.51,56.08,22.46,55.93,0.3324,470.17,19.61,55.19,0.3324,671.53,19.51,55.67,6.912,657.88,19.37,55.21,6.912,644.29,14.67,75.03,6.912,641.45,14.55,73.66,6.912,644.2,15.09,71.9,6.912,646.31,19.03,21.49,0.00786,55.08,1.5778,4870.47,656.07,3.0,1005.84,19.05,20.94,0.00787,56.58,0.7616,2157.31,621.0,2.0,431.06,18.73,19.83,0.00786,57.5,1.4291,4805.65,637.76,2.0,562.5,18.35,20.89,0.00787,59.13,0.877,2157.31,656.83,3.0,0.0,18.71,19.89,0.00784,57.56,2.2666,8908.59,658.54,0.0,404.29,7728.28,0.0,3120.15,6064120.08,9763589.31,9763589.31,20609380.24
184,20,0,22.25,56.89,22.31,57.7,0.331,426.88,19.58,54.38,0.331,648.42,19.48,54.7,6.8818,646.09,19.54,54.46,6.8818,646.0,14.57,74.52,6.8818,642.5,14.8,74.19,6.8818,631.43,14.97,73.43,6.8818,650.44,19.31,21.45,0.00784,55.34,1.4624,4870.47,655.19,2.0,996.12,19.06,20.99,0.00785,57.45,0.7616,2157.31,649.52,2.0,426.9,18.63,19.74,0.00784,57.68,1.4291,4805.65,667.39,2.0,562.5,18.7,21.89,0.00786,60.05,0.877,2157.31,679.65,3.0,0.0,18.9,19.86,0.00782,58.02,2.3518,8908.59,644.1,1.0,404.29,7664.76,0.0,3094.05,8244770.76,9682935.67,9682935.67,20609380.24
184,20,15,21.92,56.59,21.97,59.45,0.3602,463.33,19.25,54.32,0.3602,625.84,19.04,56.98,7.489,631.37,19.31,55.66,7.489,642.16,14.56,73.7,7.489,626.26,14.55,73.7,7.489,634.79,14.83,72.14,7.489,628.82,19.42,21.45,0.00785,54.1,1.4624,4870.47,650.4,2.0,996.0,17.69,21.12,0.00789,61.75,1.454,2157.31,680.99,8.0,426.89,18.86,19.67,0.00785,59.65,1.4291,4805.65,674.68,2.0,562.5,18.37,20.6,0.00787,59.76,0.877,2157.31,658.38,3.0,35.16,18.7,19.81,0.00783,55.74,2.2666,8908.59,625.62,0.0,404.29,7870.49,0.0,3638.32,6083150.76,10478934.88,10478934.88,20609380.24
184,20,30,21.55,58.04,21.6,57.27,0.3587,449.46,19.27,56.47,0.3587,677.27,19.26,54.67,7.4588,668.38,19.48,54.69,7.4588,637.32,14.41,74.83,7.4588,648.29,14.45,73.51,7.4588,618.97,15.06,72.86,7.4588,616.54,19.37,21.51,0.00785,53.66,1.5778,4870.47,649.92,3.0,1484.4,17.78,20.78,0.00787,61.35,1.3386,2157.31,657.04,7.0,636.16,18.53,19.58,0.00784,56.28,1.4291,4805.65,648.38,2.0,539.06,19.64,20.63,0.00785,52.85,0.7616,2157.31,649.95,2.0,2402.4,18.77,19.7,0.00783,57.2,2.3518,8908.59,654.65,1.0,304.69,7901.95,0.0,3610.29,8580887.28,10331938.17,10331938.17,20609380.24
184,20,45,21.41,59.34,21.41,59.23,0.3602,480.86,19.23,55.77,0.3602,662.16,19.07,55.38,7.489,626.76,19.39,54.65,7.489,611.41,14.59,73.74,7.489,657.77,14.63,74.91,7.489,645.14,14.84,72.64,7.489,628.89,19.44,21.5,0.00785,55.2,1.5778,4870.47,650.98,3.0,1494.12,17.74,20.73,0.00787,60.6,1.3386,2157.31,697.49,7.0,640.36,18.57,19.52,0.00784,57.18,1.4291,4805.65,655.45,2.0,539.06,19.94,21.09,0.00786,53.71,0.877,2157.31,664.31,3.0,2437.44,18.7,19.61,0.00783,57.66,2.2666,8908.59,648.38,0.0,304.68,7907.62,0.0,3638.32,8620307.28,10391342.34,10391342.34,20609380.24
184,21,0,21.04,60.57,21.06,61.01,0.3643,484.6,19.0,54.76,0.3643,655.84,19.15,57.73,7.5742,644.39,18.85,55.54,7.5742,626.53,14.6,74.42,7.5742,645.78,14.69,73.41,7.5742,647.39,15.11,72.41,7.5742,659.86,19.58,21.46,0.00785,55.53,1.5778,4870.47,645.55,3.0,1484.4,17.94,20.68,0.00787,59.78,1.3386,2157.31,695.2,7.0,636.18,18.74,19.46,0.00784,59.16,1.4291,4805.65,643.59,2.0,539.06,18.6,20.57,0.00787,58.49,0.877,2157.31,647.19,3.0,0.0,18.66,19.59,0.00783,56.55,2.3518,8908.59,655.09,1.0,304.69,7771.76,0.0,3717.95,6388984.08,10429462.13,10429462.13,20609380.24
184,21,15,20.97,62.18,20.97,61.0,0.3476,467.15,19.21,57.1,0.3476,675.86,18.88,56.29,7.228,661.49,19.11,56.49,7.228,624.03,14.6,74.68,7.228,626.84,14.6,74.78,7.228,626.27,15.1,71.8,7.228,670.6,19.68,21.42,0.00782,53.01,1.4624,4870.47,659.02,2.0,1484.4,17.91,20.6,0.00784,58.55,1.2232,2157.31,657.08,6.0,636.16,18.6,19.4,0.00782,56.22,1.4291,4805.65,652.44,2.0,539.06,18.11,19.88,0.00783,60.63,0.7616,2157.31,672.32,2.0,0.0,18.83,19.54,0.00781,55.29,2.3518,8908.59,638.89,1.0,304.69,7522.98,0.0,3399.36,6451031.16,9830105.52,9830105.52,20609380.24
184,21,30,20.8,62.41,20.75,62.09,0.3435,455.66,19.12,56.05,0.3435,659.38,18.95,55.44,7.1428,669.81,19.16,55.86,7.1428,672.04,14.65,74.43,7.1428,630.8,14.44,72.25,7.1428,641.11,14.9,70.98,7.1428,678.81,19.42,21.36,0.0078,55.4,1.4624,4870.47,640.55,2.0,957.0,17.88,20.53,0.00783,59.59,1.2232,2157.31,678.89,6.0,410.14,18.62,19.36,0.0078,58.65,1.4291,4805.65,636.01,2.0,585.95,18.7,21.04,0.00781,56.62,0.7616,2157.31,661.1,2.0,0.0,18.74,19.49,0.00779,57.56,2.2666,8908.59,660.41,0.0,298.82,7429.61,0.0,3322.98,7924387.68,9664771.63,9664771.63,20609380.24
184,21,45,20.87,64.13,20.78,62.66,0.3324,459.74,18.96,57.15,0.3324,649.87,19.02,56.45,6.912,661.68,19.14,55.86,6.912,644.66,14.52,74.19,6.912,639.82,14.49,73.38,6.912,618.23,15.04,71.3,6.912,648.0,19.25,21.29,0.00777,52.98,1.4624,4870.47,648.67,2.0,957.0,18.07,20.42,0.00779,59.38,0.9924,2157.31,670.07,4.0,410.14,18.55,19.33,0.00777,57.11,1.4291,4805.65,663.74,2.0,585.94,18.5,19.99,0.00778,59.1,0.7616,2157.31,665.25,2.0,0.0,18.62,19.5,0.00776,53.85,2.2666,8908.59,624.46,0.0,298.82,7278.37,0.0,3120.15,5751740.88,9358671.23,9358671.23,20609380.24
184,22,0,20.36,63.03,20.68,61.78,0.3324,467.66,19.06,54.78,0.3324,661.28,18.93,56.39,6.912,654.02,19.05,56.23,6.912,635.96,14.36,73.15,6.912,624.19,14.43,72.3,6.912,635.22,15.02,72.29,6.912,663.15,19.4,21.23,0.00776,53.02,1.4624,4870.47,655.55,2.0,947.28,18.31,20.46,0.00778,58.49,0.9924,2157.31,658.55,4.0,405.97,18.43,19.3,0.00776,56.2,1.4291,4805.65,651.22,2.0,585.94,18.17,19.64,0.00777,58.53,0.7616,2157.31,659.01,2.0,0.0,18.59,19.48,0.00774,57.48,2.2666,8908.59,642.16,0.0,298.82,7225.39,0.0,3120.15,5739255.0,9310989.64,9310989.64,20609380.24
184,22,15,20.46,64.21,20.41,64.61,0.3269,468.73,19.11,55.29,0.3269,640.9,19.06,57.27,6.7966,634.42,19.04,55.57,6.7966,643.74,14.58,72.79,6.7966,666.07,14.55,72.1,6.7966,619.72,15.13,71.47,6.7966,678.38,19.17,21.19,0.00774,55.19,1.4624,4870.47,648.61,2.0,957.0,18.5,20.46,0.00775,58.42,0.877,2157.31,662.24,3.0,410.16,18.42,19.27,0.00774,58.86,1.4291,4805.65,651.12,2.0,585.94,18.22,19.39,0.00775,57.16,0.7616,2157.31,652.39,2.0,35.16,18.47,19.46,0.00772,56.58,2.2666,8908.59,627.96,0.0,304.69,7103.37,0.0,3020.97,5788665.0,9111904.14,9111904.14,20609380.24
184,22,30,20.2,64.34,20.29,64.39,0.3158,456.26,19.19,54.53,0.3158,607.58,19.05,54.43,6.5658,642.71,19.19,55.92,6.5658,654.92,14.67,72.52,6.5658,629.2,14.46,72.89,6.5658,641.84,14.93,68.66,6.5658,618.69,19.35,21.06,0.00769,53.18,1.347,4870.47,673.87,1.0,761.64,18.35,20.44,0.00771,58.11,0.877,2157.31,651.3,3.0,326.45,18.45,19.23,0.0077,58.78,1.4291,4805.65,660.6,2.0,550.78,20.3,21.27,0.0077,49.68,0.6462,2157.31,638.29,1.0,2402.4,18.78,19.36,0.00769,58.46,2.2666,8908.59,607.99,0.0,205.08,7042.59,0.0,2827.11,9179563.68,8816685.26,8816685.26,20609380.24
184,22,45,20.13,64.57,20.12,65.51,0.3102,449.12,19.22,53.13,0.3102,639.17,19.33,55.3,6.4504,626.88,19.29,54.11,6.4504,645.67,14.47,73.15,6.4504,645.03,14.6,73.57,6.4504,623.08,15.07,70.4,6.4504,627.55,19.55,21.05,0.00766,52.61,1.347,4870.47,647.24,1.0,761.76,18.31,20.42,0.00768,56.6,0.877,2157.31,660.24,3.0,326.46,18.83,19.19,0.00765,55.89,1.1983,4805.65,666.18,0.0,550.79,20.24,21.13,0.00767,50.93,0.7616,2157.31,653.55,2.0,2402.28,18.41,19.33,0.00765,56.18,2.2666,8908.59,646.73,0.0,199.21,6945.18,0.0,2732.44,6991624.08,8709849.94,8709849.94,20609380.24
184,23,0,20.07,65.35,20.1,65.75,0.3047,449.46,19.01,54.3,0.3047,623.01,19.07,54.12,6.335,627.0,19.41,54.64,6.335,650.18,14.58,74.73,6.335,636.24,14.74,72.55,6.335,616.49,14.96,70.54,6.335,608.06,19.43,21.01,0.00762,51.75,1.2316,4870.47,632.64,0.0,761.76,18.3,20.4,0.00764,57.28,0.877,2157.31,632.36,3.0,326.46,18.89,19.25,0.00762,55.98,1.1983,4805.65,616.19,0.0,550.79,18.69,20.57,0.00765,56.7,0.7616,2157.31,646.86,2.0,0.0,18.58,19.31,0.00762,56.87,2.2666,8908.59,613.7,0.0,205.08,6681.2,0.0,2639.28,4834960.2,8453511.73,8453511.73,20609380.24
184,23,15,19.96,64.76,19.75,66.13,0.3047,474.14,18.97,54.37,0.3047,637.82,19.2,53.92,6.335,618.17,19.19,55.94,6.335,634.89,14.75,70.53,6.335,618.11,14.65,73.38,6.335,614.96,14.92,69.52,6.335,602.59,19.71,21.05,0.00759,53.0,1.2316,4870.47,639.39,0.0,761.64,18.5,20.38,0.00762,55.54,0.877,2157.31,642.6,3.0,326.45,18.92,19.28,0.00759,54.95,1.1983,4805.65,607.04,0.0,550.78,18.3,19.81,0.00761,55.62,0.7616,2157.31,641.69,2.0,0.0,18.55,19.29,0.00759,57.12,2.2666,8908.59,640.51,0.0,199.22,6667.89,0.0,2639.28,4828913.28,8398072.01,8398072.01,20609380.24
184,23,30,19.89,64.5,19.7,63.83,0.3047,459.08,18.8,55.27,0.3047,634.68,18.94,55.69,6.335,619.44,19.12,55.82,6.335,638.07,14.62,73.23,6.335,643.35,14.44,72.79,6.335,632.48,15.0,70.02,6.335,632.94,19.41,20.43,0.00756,54.24,1.2316,4870.47,624.31,0.0,517.56,18.28,19.82,0.00759,57.18,0.877,2157.31,656.86,3.0,221.81,19.12,19.29,0.00756,54.51,1.1983,4805.65,596.99,0.0,562.5,18.27,19.47,0.00758,57.88,0.7616,2157.31,629.39,2.0,0.0,18.76,19.32,0.00756,54.38,2.2666,8908.59,613.72,0.0,199.22,6614.91,0.0,2639.28,2256482.88,8328769.47,8328769.47,20609380.24
184,23,45,19.46,63.44,19.61,65.41,0.2825,438.09,19.11,54.99,0.2825,603.22,19.08,54.85,5.8734,629.81,18.8,55.63,5.8734,579.16,14.29,71.71,5.8734,633.78,14.65,70.77,5.8734,589.24,15.02,68.09,5.8734,600.37,19.13,20.16,0.0075,52.57,1.2316,4870.47,611.09,0.0,517.56,18.84,19.52,0.00751,52.65,0.5308,2157.31,639.02,0.0,221.83,18.87,19.28,0.0075,54.69,1.1983,4805.65,597.85,0.0,562.5,18.78,20.7,0.00752,53.03,0.6462,2157.31,616.99,1.0,0.0,18.44,19.3,0.0075,54.33,2.2666,8908.59,602.08,0.0,205.08,6158.52,0.0,2281.9,4423384.08,7598321.23,7598321.23,20609380.24
184,24,0,19.22,63.72,19.33,63.18,0.2825,455.41,18.93,54.17,0.2825,618.76,18.98,53.6,5.8734,609.88,19.02,54.84,5.8734,595.0,14.68,70.54,5.8734,627.44,14.56,70.6,5.8734,599.23,15.09,68.61,5.8734,587.13,19.24,19.97,0.00745,53.68,1.2316,4870.47,619.36,0.0,517.56,18.98,19.64,0.00745,52.44,0.5308,2157.31,586.98,0.0,221.82,18.64,19.27,0.00745,54.62,1.1983,4805.65,624.0,0.0,562.5,18.62,19.76,0.00746,56.96,0.6462,2157.31,623.37,1.0,0.0,18.68,19.28,0.00745,54.25,2.2666,8908.59,636.66,0.0,199.22,6167.81,0.0,2281.9,2250532.08,7604744.72,7604744.72,20609380.24
185,0,15,18.92,63.58,18.96,62.35,0.2769,462.86,19.37,52.43,0.2769,604.62,19.52,51.66,0.2769,593.65,18.83,61.47,0.2769,473.93,12.91,91.26,0.2769,501.3,12.74,90.31,0.2769,476.28,14.99,77.25,0.2769,453.55,21.02,19.84,0.00756,48.28,0.0592,1530.99,600.4,0.0,517.68,20.91,19.65,0.00755,48.69,0.0255,841.25,567.56,0.0,221.83,20.82,19.25,0.00755,48.67,0.0576,2161.28,590.32,0.0,562.5,22.37,20.01,0.00757,40.5,0.0255,0.0,556.61,0.0,2402.4,20.77,19.26,0.00755,48.06,0.109,3821.29,582.66,0.0,199.22,440.99,0.0,602.6,4406881.68,939232.13,939232.13,10172155.35
185,0,30,18.73,62.95,18.72,64.94,0.2769,466.14,19.99,50.44,0.2769,585.91,19.87,50.66,0.2769,582.3,18.52,65.42,0.2769,480.56,13.0,90.31,0.2769,465.84,12.85,91.17,0.2769,488.48,14.95,75.75,0.2769,485.98,21.06,20.41,0.00766,49.85,0.0592,965.56,618.96,0.0,468.72,21.08,20.27,0.00765,48.75,0.0255,531.74,592.8,0.0,200.89,21.02,20.09,0.00765,48.68,0.0576,1238.57,586.67,0.0,562.5,22.32,22.48,0.00767,46.47,0.0255,0.0,589.59,0.0,0.0,21.09,20.33,0.00765,49.32,0.109,2359.74,577.85,0.0,0.0,416.32,0.0,602.6,3647782.08,917029.38,917029.38,4090096.11
185,0,45,18.24,64.78,18.33,63.62,0.4124,469.59,20.37,49.6,0.4124,583.71,20.42,51.93,0.4124,541.47,18.17,65.96,0.4124,441.15,13.61,83.37,0.4124,491.24,13.55,81.26,0.4124,485.74,15.11,74.46,0.4124,487.01,21.12,20.56,0.00772,48.16,0.0592,709.93,565.19,0.0,478.44,21.22,20.47,0.00772,49.62,0.0255,386.56,563.6,0.0,205.08,21.09,20.35,0.00772,48.12,0.0576,860.47,559.15,0.0,550.78,23.59,23.5,0.00783,41.04,0.161,0.0,491.74,0.0,2414.16,21.18,20.55,0.00772,48.61,0.109,1786.36,563.41,0.0,0.0,542.46,0.0,602.6,5803278.48,1018922.46,1018922.46,3340545.42
185,1,0,17.77,65.4,17.74,64.95,0.4273,487.91,20.42,51.13,0.4273,576.89,20.38,48.72,0.4273,564.48,17.6,64.04,0.4273,463.99,13.54,80.72,0.4273,455.27,13.35,80.78,0.4273,477.1,14.9,74.49,0.4273,497.12,21.21,20.67,0.00778,48.29,0.0592,609.46,557.5,0.0,468.72,21.25,20.6,0.00777,49.76,0.0255,323.15,553.13,0.0,200.88,21.21,20.52,0.00777,48.44,0.0576,686.06,549.44,0.0,562.5,23.94,23.04,0.00797,41.86,0.1759,0.0,500.85,0.0,2425.68,21.05,20.71,0.00777,50.24,0.109,1597.46,569.4,0.0,0.0,520.47,0.0,602.6,3659025.96,1010762.68,1010762.68,2894506.83
185,1,15,17.68,67.09,17.58,65.15,0.3968,476.41,20.24,49.83,0.3968,546.52,20.27,51.01,0.3968,549.51,17.81,66.47,0.3968,484.64,13.56,82.38,0.3968,474.42,13.63,82.72,0.3968,461.39,15.01,75.74,0.3968,456.51,21.16,20.74,0.00784,49.36,0.0592,502.36,502.76,0.0,468.72,21.21,20.69,0.00784,50.05,0.0255,261.64,531.45,0.0,200.89,21.2,20.63,0.00783,49.59,0.0576,533.31,558.54,0.0,550.79,23.97,23.17,0.00808,42.87,0.1454,0.0,478.59,0.0,2402.4,21.16,20.81,0.00784,50.26,0.109,1339.35,559.26,0.0,0.0,454.37,0.0,602.6,3602303.28,951269.78,951269.78,2372992.73
185,1,30,17.63,67.81,17.41,66.78,0.2769,467.58,20.39,51.7,0.2769,528.94,20.27,51.73,0.2769,516.35,17.72,66.65,0.2769,496.75,12.99,88.49,0.2769,446.42,12.95,88.21,0.2769,478.52,14.95,78.17,0.2769,447.22,20.94,20.77,0.0079,49.93,0.0592,501.62,525.11,0.0,429.72,20.93,20.74,0.0079,49.3,0.0255,249.94,518.68,0.0,184.16,21.19,20.7,0.00789,50.91,0.0576,452.52,553.51,0.0,562.5,22.72,22.68,0.00812,46.97,0.0255,0.0,466.02,0.0,0.0,21.25,20.85,0.00789,51.03,0.109,1111.88,532.32,0.0,205.08,343.83,0.0,602.6,1404588.6,851784.67,851784.67,2084484.39
185,1,45,17.35,68.43,17.22,66.97,0.2769,468.56,20.41,52.82,0.2769,500.03,20.26,53.22,0.2769,550.11,17.48,67.76,0.2769,478.53,12.94,88.42,0.2769,488.39,12.84,89.64,0.2769,478.24,14.81,79.28,0.2769,490.27,20.96,20.79,0.00799,51.85,0.0592,477.14,517.26,0.0,439.44,21.17,20.78,0.00799,51.56,0.0255,229.38,530.19,0.0,188.35,21.15,20.73,0.00798,49.65,0.0576,415.68,509.9,0.0,562.5,21.84,21.97,0.00817,49.28,0.0255,0.0,451.6,0.0,0.0,21.09,20.88,0.00799,51.39,0.109,1068.71,510.6,0.0,199.21,332.98,0.0,602.6,1412354.88,842024.09,842024.09,1971787.27
185,2,0,17.28,70.72,17.24,69.91,0.2769,480.74,20.4,53.98,0.2769,491.57,20.41,53.03,0.2769,519.66,17.0,70.99,0.2769,472.36,12.86,89.46,0.2769,467.91,12.82,89.17,0.2769,473.71,15.14,77.88,0.2769,491.71,21.12,20.79,0.00806,49.36,0.0592,475.76,547.63,0.0,439.44,21.03,20.8,0.00806,51.6,0.0255,219.39,495.05,0.0,188.33,21.02,20.75,0.00806,49.51,0.0576,400.23,489.35,0.0,562.5,21.28,21.55,0.00822,51.92,0.0255,0.0,461.4,0.0,0.0,20.93,20.91,0.00806,50.89,0.109,1033.72,511.87,0.0,205.07,322.13,0.0,602.6,1417733.28,832258.13,832258.13,1915970.99
185,2,15,17.15,70.33,17.17,71.72,0.2769,434.14,20.39,52.56,0.2769,512.27,20.34,51.07,0.2769,515.92,17.06,71.69,0.2769,480.23,12.79,90.68,0.2769,485.17,13.1,91.34,0.2769,466.58,15.01,80.59,0.2769,482.16,21.01,20.79,0.00816,51.19,0.0592,483.7,518.17,0.0,439.44,21.05,20.81,0.00816,49.3,0.0255,214.3,523.05,0.0,188.33,21.15,20.75,0.00815,51.4,0.0576,398.61,539.27,0.0,562.5,21.13,21.21,0.00829,53.5,0.0255,135.31,478.4,0.0,0.0,21.24,20.92,0.00815,51.32,0.109,1024.19,507.69,0.0,199.21,312.33,0.0,602.6,1411803.0,823437.19,823437.19,2030505.97
185,2,30,16.88,73.57,16.89,73.82,0.2803,464.31,20.48,53.18,0.2803,529.68,20.41,53.73,0.2803,520.48,17.0,73.92,0.2803,454.59,13.03,93.07,0.2803,482.45,13.03,95.2,0.2803,446.2,14.97,81.48,0.2803,459.14,21.11,20.79,0.00824,51.99,0.0592,468.04,523.14,0.0,459.0,21.21,20.82,0.00824,51.7,0.0255,200.84,505.22,0.0,196.7,20.98,20.75,0.00823,52.22,0.0576,402.2,538.99,0.0,562.5,23.31,21.53,0.00835,45.55,0.0289,0.0,446.35,0.0,2449.2,21.1,20.93,0.00823,52.91,0.109,1013.28,521.32,0.0,199.21,302.46,0.0,602.6,3666908.88,815788.61,815788.61,1885992.55
185,2,45,16.81,75.92,16.79,74.08,0.374,474.06,20.42,52.45,0.374,495.8,20.41,53.72,0.374,519.44,16.88,77.08,0.374,491.74,13.6,91.84,0.374,466.55,13.57,90.85,0.374,440.13,15.19,81.71,0.374,474.14,21.12,20.79,0.00833,52.36,0.0592,466.32,493.65,0.0,468.72,21.13,20.82,0.00833,52.64,0.0255,196.34,509.7,0.0,200.88,21.03,20.75,0.00832,52.12,0.0576,405.99,509.47,0.0,562.5,23.79,22.57,0.00859,45.56,0.1226,0.0,462.35,0.0,2414.04,21.18,20.94,0.00833,52.59,0.109,996.31,505.09,0.0,205.08,356.66,0.0,602.6,3653711.28,863259.55,863259.55,1854458.19
185,3,0,16.8,78.41,16.51,76.58,0.2769,480.28,20.57,54.61,0.2769,539.41,20.48,54.46,0.2769,476.56,16.52,78.89,0.2769,458.53,12.73,95.96,0.2769,475.52,12.69,99.35,0.2769,488.0,15.07,83.39,0.2769,497.46,21.21,20.79,0.00843,52.57,0.0592,467.27,517.28,0.0,468.72,21.01,20.83,0.00843,52.46,0.0255,196.06,497.71,0.0,200.88,21.17,20.75,0.00842,52.58,0.0576,406.57,470.77,0.0,562.5,22.35,22.31,0.00868,52.03,0.0255,0.0,482.28,0.0,0.0,21.19,20.95,0.00843,53.14,0.109,977.91,512.19,0.0,199.22,283.05,0.0,602.6,1475903.16,797080.23,797080.23,1843087.88
185,3,15,16.91,77.86,16.89,78.24,0.2769,484.82,20.52,53.14,0.2769,504.51,20.41,52.89,0.2769,485.32,16.76,79.31,0.2769,475.45,12.74,101.64,0.2769,460.62,12.82,98.4,0.2769,461.63,14.94,84.72,0.2769,459.37,21.14,20.8,0.00854,54.35,0.0592,465.1,505.3,0.0,458.88,21.12,20.83,0.00854,53.94,0.0255,196.13,509.31,0.0,196.69,21.06,20.76,0.00853,54.2,0.0576,393.74,455.93,0.0,562.5,21.57,21.7,0.00876,53.44,0.0255,0.0,500.3,0.0,0.0,21.2,20.96,0.00854,53.62,0.109,970.74,496.01,0.0,199.22,290.59,0.0,602.6,1463179.68,803873.17,803873.17,1823060.24
185,3,30,17.06,80.33,17.09,80.69,0.2769,450.36,20.28,53.29,0.2769,513.64,20.65,55.12,0.2769,495.6,17.02,81.74,0.2769,465.79,13.0,101.25,0.2769,456.51,12.87,99.35,0.2769,463.8,14.92,86.1,0.2769,462.44,21.12,20.79,0.00867,55.53,0.0592,459.37,513.08,0.0,468.72,20.99,20.83,0.00867,54.4,0.0255,193.06,477.23,0.0,200.89,20.91,20.77,0.00866,54.07,0.0576,419.51,501.45,0.0,527.35,21.07,21.3,0.00886,55.02,0.0255,184.68,486.4,0.0,0.0,21.24,20.96,0.00866,55.87,0.109,964.74,517.34,0.0,205.08,298.05,0.0,602.6,1397958.48,810585.06,810585.06,1915718.61
185,3,45,17.03,79.86,17.03,80.6,0.32,466.44,20.64,57.2,0.32,491.67,20.7,53.8,0.32,498.79,17.09,81.9,0.32,475.77,13.09,101.06,0.32,491.81,13.21,101.02,0.32,467.45,14.87,89.17,0.32,466.18,21.15,20.8,0.00879,55.91,0.0592,457.72,492.55,0.0,459.0,21.19,20.84,0.00879,56.42,0.0255,191.56,485.83,0.0,196.72,20.94,20.77,0.00877,55.25,0.0576,401.05,486.2,0.0,539.06,23.46,21.63,0.00899,48.56,0.0686,0.0,448.64,0.0,2437.44,21.13,20.96,0.00878,55.52,0.109,975.24,523.14,0.0,199.21,337.24,0.0,602.6,3609560.88,836984.63,836984.63,1831947.54
185,4,0,17.19,80.9,17.19,81.72,0.2769,443.1,20.52,54.23,0.2769,469.64,20.53,55.2,0.2769,495.54,17.12,79.66,0.2769,462.34,12.81,98.66,0.2769,448.1,13.12,98.47,0.2769,456.44,15.12,91.43,0.2769,422.21,21.07,20.82,0.00892,56.59,0.0592,431.55,467.31,0.0,468.72,21.23,20.85,0.00892,59.13,0.0255,180.69,504.92,0.0,200.89,21.23,20.79,0.0089,56.56,0.0576,396.89,484.71,0.0,527.34,22.32,22.05,0.00911,53.56,0.0255,0.0,468.07,0.0,0.0,21.05,20.96,0.00891,54.99,0.109,958.87,469.93,0.0,205.07,312.71,0.0,602.6,1422960.48,823775.77,823775.77,1771118.43
185,4,15,17.24,80.73,17.18,82.11,0.2769,504.17,20.47,57.77,0.2769,496.31,20.31,56.3,0.2769,511.16,17.31,81.19,0.2769,470.24,12.87,100.82,0.2769,449.82,12.85,100.76,0.2769,488.35,15.0,91.61,0.2769,458.9,21.18,20.82,0.00905,57.69,0.0592,433.83,495.07,0.0,459.0,21.07,20.85,0.00905,58.84,0.0255,182.09,484.43,0.0,196.72,21.0,20.79,0.00904,57.4,0.0576,389.53,484.33,0.0,527.34,21.46,21.49,0.00922,59.27,0.0255,0.0,429.46,0.0,0.0,20.96,20.96,0.00904,57.71,0.109,957.17,482.56,0.0,199.22,321.47,0.0,602.6,1405215.0,831662.46,831662.46,1766339.44
185,4,30,17.35,83.07,17.46,81.83,0.2769,458.73,20.49,56.49,0.2769,474.73,20.45,57.89,0.2769,487.38,17.55,83.0,0.2769,478.02,12.79,99.87,0.2769,451.12,12.95,98.76,0.2769,448.18,15.02,94.66,0.2769,494.08,21.15,20.87,0.00921,58.33,0.0592,370.94,509.99,0.0,459.0,20.96,21.01,0.0092,56.46,0.0255,103.31,473.12,0.0,196.72,21.08,21.09,0.00919,58.47,0.0576,42.0,490.26,0.0,585.94,21.11,21.17,0.00935,57.63,0.0255,237.07,464.18,0.0,0.0,21.07,20.97,0.0092,58.0,0.109,945.82,507.7,0.0,205.08,330.12,0.0,602.6,1488461.4,839447.35,839447.35,1479802.46
185,4,45,17.74,84.04,17.6,80.72,0.2769,496.46,20.52,57.76,0.2769,485.1,20.53,59.41,0.2769,470.02,17.73,83.03,0.2769,443.6,12.86,100.18,0.2769,471.83,12.89,100.29,0.2769,483.07,15.06,96.58,0.2769,454.69,21.06,20.93,0.00944,60.73,0.0592,298.47,476.65,0.0,468.72,21.32,21.33,0.00943,60.0,0.0255,0.0,514.06,0.0,200.89,21.38,21.65,0.00942,58.43,0.0576,0.0,500.53,0.0,585.95,21.04,21.08,0.00955,60.85,0.0255,236.41,474.37,0.0,0.0,21.2,20.97,0.00942,60.61,0.109,937.2,474.74,0.0,199.22,338.66,0.0,602.6,1471106.88,847134.61,847134.61,1311433.15
185,5,0,17.67,82.03,17.79,85.14,0.317,446.96,20.74,59.7,0.317,454.43,20.92,58.47,0.317,477.4,17.88,84.05,0.317,484.33,13.21,99.37,0.317,455.91,13.04,97.59,0.317,480.42,15.0,97.96,0.317,473.4,21.11,21.0,0.00957,59.83,0.0592,213.64,496.7,0.0,468.72,21.7,21.78,0.00957,58.63,0.0255,0.0,484.04,0.0,200.9,22.06,22.38,0.00955,56.3,0.0576,0.0,489.92,0.0,585.94,23.55,21.62,0.00971,50.8,0.0656,0.0,475.04,0.0,2414.04,21.03,20.99,0.00956,59.44,0.109,897.69,490.35,0.0,205.08,384.99,0.0,602.6,3674166.48,876992.2,876992.2,1005669.89
185,5,15,18.25,84.32,17.96,84.27,0.2769,468.98,20.75,60.5,0.2769,508.22,20.66,59.9,0.2769,479.37,18.16,82.96,0.2769,475.95,13.03,98.73,0.2769,455.47,12.76,101.25,0.2769,483.02,14.96,97.0,0.2769,441.79,21.21,21.11,0.00971,61.85,0.0592,141.66,493.2,0.0,459.0,21.81,22.33,0.00971,58.6,0.0255,0.0,464.24,0.0,196.72,22.81,23.16,0.00969,54.36,0.0576,0.0,470.76,0.0,585.94,22.46,22.19,0.00984,57.76,0.0255,0.0,473.25,0.0,0.0,21.0,21.03,0.00969,62.65,0.109,831.98,483.0,0.0,199.21,364.28,0.0,602.6,1458038.88,870189.7,870189.7,876197.21
185,5,30,18.4,82.24,18.36,84.74,0.2976,466.82,20.73,59.89,0.2976,483.09,20.88,60.9,0.2976,496.15,18.3,83.63,0.2976,452.25,12.96,100.29,0.2976,459.89,13.02,101.62,0.2976,446.76,14.87,98.03,0.2976,498.52,21.23,21.21,0.00983,61.46,0.0592,0.0,463.16,0.0,449.16,22.67,23.1,0.00983,56.18,0.0255,0.0,449.48,0.0,192.53,23.73,24.11,0.00982,51.35,0.0783,0.0,475.66,0.0,562.5,21.6,21.83,0.00995,60.78,0.0255,0.0,470.49,0.0,0.0,21.18,21.13,0.00982,60.38,0.109,680.97,463.37,0.0,199.21,414.7,0.0,602.6,1609454.88,893008.35,893008.35,598627.42
185,5,45,18.47,80.74,18.66,83.02,0.3669,435.11,20.98,60.52,0.3669,458.12,21.13,60.13,0.3669,469.69,18.75,79.37,0.3669,484.71,13.36,100.05,0.3669,484.47,13.4,101.21,0.3669,444.77,15.21,99.3,0.3669,457.5,21.14,21.33,0.00995,62.59,0.0592,0.0,489.39,0.0,459.0,23.41,23.89,0.00995,54.46,0.0255,0.0,486.2,0.0,196.7,23.97,24.91,0.01003,52.84,0.1476,0.0,459.68,0.0,550.78,21.23,21.69,0.01006,62.73,0.0255,0.0,499.9,0.0,0.0,21.03,21.19,0.00994,62.9,0.109,527.67,475.01,0.0,205.08,498.9,0.0,602.6,1612295.28,1000203.95,1000203.95,482892.18
185,6,0,18.86,81.82,18.93,82.13,0.5296,456.16,21.35,61.99,0.5296,466.4,21.26,60.54,0.5296,471.94,19.09,80.95,0.5296,466.48,13.97,100.38,0.5296,459.27,13.65,100.1,0.5296,451.91,15.09,97.69,0.5296,479.02,21.22,21.49,0.01003,63.83,0.0592,0.0,490.26,0.0,459.0,23.85,24.74,0.01008,53.55,0.0601,0.0,483.75,0.0,196.7,23.82,25.4,0.01022,54.03,0.2055,0.0,489.89,0.0,562.5,23.57,22.24,0.01017,53.78,0.0957,0.0,454.68,0.0,2402.4,21.07,21.28,0.01002,63.0,0.109,450.25,485.19,0.0,199.22,773.32,0.0,602.6,3785007.96,1205766.18,1205766.18,407702.9
185,6,15,19.67,76.44,19.81,79.34,0.2769,473.23,20.44,61.31,0.2769,466.13,20.45,60.48,5.758,475.61,20.61,61.08,5.758,488.88,14.66,81.99,5.758,457.3,14.66,80.83,5.758,460.75,14.77,79.88,5.758,465.11,20.09,21.72,0.00929,61.24,1.2316,4870.47,475.59,0.0,459.0,21.63,25.46,0.0093,56.54,0.5308,1402.34,459.86,0.0,196.72,21.47,25.81,0.00934,55.72,1.1983,3132.64,452.71,0.0,550.79,21.39,23.34,0.00932,54.67,0.5308,711.12,476.81,0.0,2402.28,19.64,21.36,0.00929,61.03,2.2666,8908.59,471.07,0.0,199.22,8262.33,0.0,2196.4,3768968.88,9999453.62,9999453.62,16519708.11
185,6,30,20.48,74.79,20.57,72.64,0.2769,476.08,20.38,58.6,0.2769,488.51,20.18,58.84,5.758,478.37,20.19,57.63,5.758,490.3,14.63,80.05,5.758,481.69,14.52,79.76,5.758,480.97,15.01,78.4,5.758,490.84,19.61,21.3,0.00886,58.34,1.2316,4870.47,486.44,0.0,449.16,21.34,25.05,0.00887,55.03,0.5308,1630.55,452.51,0.0,192.52,21.24,25.11,0.00888,52.62,1.1983,3981.18,504.37,0.0,539.06,20.1,22.25,0.00887,57.42,0.5308,2157.31,481.08,0.0,0.0,19.17,20.6,0.00887,62.58,2.2666,8908.59,486.04,0.0,199.22,7901.42,0.0,2196.4,1403110.08,9445043.41,9445043.41,19463048.25
185,6,45,21.29,71.8,21.31,72.64,0.2769,452.61,20.2,58.78,0.2769,465.38,20.12,58.07,5.758,504.59,20.25,59.05,5.758,459.33,14.54,81.22,5.758,470.95,14.54,80.96,5.758,454.36,15.04,78.33,5.758,462.68,19.53,21.23,0.00862,60.51,1.2316,4870.47,460.71,0.0,449.28,21.16,24.99,0.00862,51.39,0.5308,1667.22,497.08,0.0,192.54,21.21,24.81,0.00862,53.68,1.1983,4346.98,490.52,0.0,539.06,19.73,21.75,0.00862,58.9,0.5308,2157.31,490.75,0.0,0.0,18.96,20.34,0.00862,61.44,2.2666,8908.59,485.76,0.0,199.22,7923.15,0.0,2196.4,1378226.88,9203834.53,9203834.53,19820213.52
185,7,0,22.34,70.2,22.28,70.1,0.2769,472.18,19.87,57.47,0.2769,490.38,20.16,54.33,5.758,451.53,20.27,57.49,5.758,468.86,14.56,77.97,5.758,457.42,14.75,79.97,5.758,483.74,15.07,76.02,5.758,474.73,19.8,21.26,0.00845,58.89,1.2316,4870.47,459.36,0.0,459.0,21.22,24.85,0.00845,52.48,0.5308,1746.71,490.2,0.0,196.72,21.18,24.47,0.00845,53.39,1.1983,4752.31,498.72,0.0,550.79,19.84,21.52,0.00845,57.33,0.5308,2157.31,483.24,0.0,0.0,18.98,20.19,0.00845,60.86,2.2666,8908.59,460.54,0.0,199.21,7802.02,0.0,2196.4,1427064.48,8998580.89,8998580.89,20191841.46
185,7,15,22.59,69.68,22.69,68.08,0.2769,462.84,20.02,57.97,0.2769,486.14,20.25,56.76,5.758,475.27,20.2,55.69,5.758,455.34,14.66,75.45,5.758,496.55,14.7,76.87,5.758,466.62,14.77,74.92,5.758,464.83,19.53,21.33,0.00831,57.13,1.2316,4870.47,454.31,0.0,459.0,21.2,24.78,0.00831,50.77,0.5308,1810.54,479.55,0.0,196.72,21.05,24.23,0.00831,53.11,1.1983,4805.65,473.99,0.0,550.79,20.91,22.0,0.00831,53.11,0.5308,1554.89,461.1,0.0,2414.04,18.68,20.1,0.00831,59.15,2.2666,8908.59,478.35,0.0,199.21,7617.56,0.0,2196.4,3598944.48,8866401.23,8866401.23,19716104.32
185,7,30,22.95,65.93,22.74,68.12,0.2769,466.95,20.25,53.89,0.2769,473.07,20.14,53.57,5.758,481.1,20.37,54.5,5.758,469.02,14.48,75.45,5.758,487.89,14.65,75.56,5.758,456.36,14.97,74.85,5.758,497.56,20.09,21.85,0.00818,55.76,1.2316,4870.47,453.42,0.0,1132.8,21.07,24.95,0.00818,50.63,0.5308,1475.81,438.63,0.0,485.5,20.88,23.92,0.00818,51.24,1.1983,4805.65,478.46,0.0,609.37,20.03,22.05,0.00818,55.25,0.5308,2157.31,478.23,0.0,0.0,18.95,20.04,0.00818,59.07,2.2666,8908.59,506.69,0.0,199.22,7589.16,0.0,2196.4,3752963.28,8830019.08,8830019.08,19996244.3
185,7,45,22.99,67.35,23.01,68.18,0.2825,439.57,20.18,51.97,0.2825,503.99,20.22,53.34,5.8734,481.61,20.27,56.29,5.8734,478.78,14.81,76.41,5.8734,497.72,14.62,76.23,5.8734,454.72,14.94,73.89,5.8734,479.28,20.09,22.19,0.00812,54.04,1.2316,4870.47,467.64,0.0,1132.8,21.08,25.35,0.00814,49.64,0.6462,2069.96,468.03,1.0,485.48,20.69,23.89,0.00812,52.62,1.1983,4805.65,449.62,0.0,597.66,19.86,21.73,0.00812,55.34,0.5308,2157.31,466.69,0.0,0.0,18.68,20.01,0.00812,58.17,2.2666,8908.59,479.93,0.0,199.22,7687.72,0.0,2281.9,3741752.88,8981296.67,8981296.67,20530918.62
185,8,0,23.11,66.64,23.42,65.94,0.2825,457.81,20.17,55.18,0.2825,451.6,20.1,53.61,5.8734,478.34,20.35,54.73,5.8734,484.02,14.72,76.81,5.8734,489.44,14.6,75.06,5.8734,460.45,15.01,75.99,5.8734,480.37,20.05,22.44,0.00809,55.07,1.347,4870.47,461.84,1.0,1132.8,21.07,25.62,0.00809,52.49,0.5308,1077.74,482.86,0.0,485.48,21.04,23.83,0.00809,53.47,1.1983,4805.65,484.78,0.0,597.66,19.71,21.66,0.00809,55.74,0.5308,2157.31,486.25,0.0,0.0,18.81,20.0,0.00809,58.66,2.2666,8908.59,482.98,0.0,199.22,7678.83,0.0,2281.9,3742411.68,8964657.77,8964657.77,19637767.98
185,8,15,23.7,65.91,23.7,63.52,0.288,463.39,20.06,54.43,0.288,479.87,20.12,52.08,5.9888,439.38,20.25,55.04,5.9888,486.55,14.56,77.21,5.9888,439.3,14.6,76.64,5.9888,473.55,14.97,75.14,5.9888,475.34,20.11,22.56,0.00809,53.94,1.347,4870.47,489.11,1.0,1132.8,21.26,25.89,0.00808,50.52,0.5308,908.75,460.3,0.0,485.48,20.53,23.77,0.00809,50.63,1.3137,4805.65,472.09,1.0,597.66,19.66,21.68,0.00808,55.28,0.5308,2157.31,450.11,0.0,35.16,18.73,20.0,0.00808,59.46,2.2666,8908.59,462.62,0.0,199.22,7787.63,0.0,2368.95,3774056.76,9140922.87,9140922.87,19485679.6
185,8,30,24.12,67.88,24.26,67.6,0.2825,446.42,20.3,52.08,0.2825,468.42,19.93,52.39,5.8734,485.73,20.23,53.44,5.8734,456.95,14.49,74.58,5.8734,489.3,14.53,76.03,5.8734,497.22,14.92,73.22,5.8734,496.59,20.25,22.37,0.00808,53.03,1.2316,4870.47,464.71,0.0,576.12,21.15,25.87,0.00807,51.25,0.5308,1121.91,462.1,0.0,246.94,20.42,23.6,0.00808,53.83,1.3137,4805.65,471.73,1.0,539.06,20.91,22.29,0.00807,51.37,0.5308,1382.95,499.96,0.0,2414.04,18.83,20.05,0.00807,57.76,2.2666,8908.59,479.5,0.0,205.08,7690.74,0.0,2281.9,4278459.96,8974056.71,8974056.71,18939939.48
185,8,45,24.49,68.14,24.55,66.87,0.2825,450.16,20.39,52.9,0.2825,463.34,20.23,53.77,5.8734,463.6,20.47,54.31,5.8734,464.62,14.51,75.64,5.8734,465.3,14.53,75.47,5.8734,496.03,15.11,75.2,5.8734,501.28,20.11,22.4,0.00808,53.92,1.2316,4870.47,469.52,0.0,576.12,21.25,26.17,0.00808,50.3,0.5308,942.36,468.25,0.0,246.94,20.48,23.49,0.00809,52.93,1.3137,4805.65,470.23,1.0,539.06,20.22,22.37,0.00808,54.61,0.5308,2157.31,474.49,0.0,0.0,18.93,20.07,0.00808,57.2,2.2666,8908.59,470.09,0.0,199.21,7736.35,0.0,2281.9,2076179.04,9007448.34,9007448.34,19515914.03
185,9,0,24.89,66.29,25.09,65.62,0.2825,461.56,20.22,54.13,0.2825,499.05,20.17,53.26,5.8734,446.41,20.51,56.25,5.8734,465.88,14.69,75.1,5.8734,471.77,14.48,75.84,5.8734,447.18,14.85,72.7,5.8734,485.1,20.14,22.47,0.0081,53.01,1.2316,4870.47,489.68,0.0,576.24,21.0,26.4,0.0081,53.23,0.5308,805.06,491.99,0.0,246.94,20.38,23.36,0.00811,52.28,1.3137,4805.65,495.04,1.0,539.06,20.12,22.16,0.0081,52.52,0.5308,2157.31,487.27,0.0,0.0,18.85,20.08,0.0081,57.94,2.2666,8908.59,477.75,0.0,199.21,7745.43,0.0,2281.9,2075616.36,9029512.39,9029512.39,19392322.38
185,9,15,25.5,64.7,25.53,66.59,0.2921,460.66,20.23,54.25,0.2921,457.28,20.15,53.41,6.074,465.65,20.47,54.37,6.074,475.66,14.54,76.08,6.074,441.21,14.58,75.05,6.074,488.28,15.03,74.82,6.074,464.51,20.09,22.57,0.00814,53.46,1.2316,4870.47,460.74,0.0,576.24,21.25,26.59,0.00814,52.98,0.5308,686.7,492.1,0.0,246.94,20.2,23.22,0.00815,54.53,1.3137,4805.65,493.28,1.0,539.06,19.43,22.15,0.00815,55.29,0.6462,2157.31,476.6,1.0,0.0,18.82,20.1,0.00814,60.91,2.3518,8908.59,483.58,1.0,199.21,7944.43,0.0,2434.2,2076276.24,9342131.37,9342131.37,19285760.02
185,9,30,25.96,66.16,25.87,66.72,0.2921,456.05,20.17,55.16,0.2921,467.64,20.17,53.79,6.074,466.17,20.57,54.45,6.074,485.73,14.8,79.18,6.074,457.3,14.66,77.97,6.074,473.21,15.09,73.68,6.074,483.26,20.2,22.67,0.00817,54.33,1.2316,4870.47,475.32,0.0,468.72,21.06,26.75,0.00817,50.4,0.5308,632.0,454.41,0.0,200.9,20.24,23.11,0.00818,54.62,1.3137,4805.65,490.22,1.0,703.13,20.8,22.6,0.00818,51.35,0.6462,1966.07,490.58,1.0,2425.8,18.93,20.22,0.00817,57.58,2.3518,8908.59,483.61,2.0,603.52,8031.86,0.0,2434.2,5059401.48,9378411.71,9378411.71,18974565.69
185,9,45,26.23,64.75,26.23,64.43,0.2977,456.52,20.32,53.45,0.2977,463.29,20.32,53.08,6.1894,477.03,20.63,53.23,6.1894,489.29,14.66,76.23,6.1894,466.48,14.73,77.54,6.1894,495.64,15.01,76.65,6.1894,486.37,20.27,22.74,0.00822,55.39,1.2316,4870.47,517.73,0.0,478.44,21.25,26.37,0.00822,50.4,0.5308,875.02,501.54,0.0,205.07,20.27,22.99,0.00823,56.4,1.3137,4805.65,497.39,1.0,703.12,20.04,24.18,0.00825,57.61,0.7616,2157.31,490.45,2.0,0.0,18.97,20.32,0.00823,59.09,2.3518,8908.59,482.2,2.0,603.52,8280.35,0.0,2523.91,5060633.76,9683287.44,9683287.44,19455228.6
185,10,0,26.8,63.28,26.61,62.38,0.3143,450.38,20.16,54.18,0.3143,518.24,20.16,55.6,6.5356,492.61,20.52,54.26,6.5356,483.11,14.64,77.57,6.5356,502.39,14.62,80.8,6.5356,498.62,15.05,76.99,6.5356,483.14,20.27,22.82,0.00829,54.05,1.2316,4870.47,530.15,0.0,468.84,21.17,25.84,0.00831,51.8,0.6462,2027.73,484.69,1.0,200.89,20.28,22.9,0.0083,53.48,1.3137,4805.65,513.05,1.0,703.13,18.98,22.86,0.00833,61.36,0.9924,2157.31,537.39,4.0,0.0,18.99,20.37,0.0083,60.96,2.3518,8908.59,495.71,2.0,603.52,8528.55,0.0,2802.19,2870997.48,10235933.19,10235933.19,20492501.6
185,10,15,26.72,62.95,26.52,63.2,0.331,425.89,20.16,55.4,0.331,501.35,20.03,55.43,6.8818,509.69,20.45,55.66,6.8818,490.63,14.45,78.15,6.8818,497.21,14.59,80.64,6.8818,484.51,14.89,78.68,6.8818,498.42,20.5,22.89,0.00835,53.48,1.2316,4870.47,461.89,0.0,478.56,20.83,25.34,0.00837,52.72,0.6462,2157.31,515.97,1.0,205.08,19.48,22.85,0.00838,59.04,1.6599,4805.65,488.83,4.0,703.12,18.66,22.24,0.00839,62.67,0.9924,2157.31,522.72,4.0,0.0,19.06,20.38,0.00836,59.2,2.3518,8908.59,447.42,2.0,603.52,8859.41,0.0,3094.05,2888775.36,10764497.66,10764497.66,20609380.24
185,10,30,26.68,65.28,26.78,64.29,0.3587,447.48,20.0,57.82,0.3587,514.4,20.0,56.41,7.4588,478.16,20.33,57.13,7.4588,509.31,14.48,79.84,7.4588,517.34,14.63,79.51,7.4588,508.24,15.12,76.83,7.4588,523.68,20.45,23.34,0.00843,54.79,1.2316,4870.47,485.64,0.0,605.4,20.88,25.07,0.00845,54.84,0.6462,2157.31,515.46,1.0,259.49,19.1,22.66,0.00846,61.81,2.0061,4805.65,523.41,7.0,761.71,19.06,22.58,0.00847,59.92,1.2232,2157.31,515.7,6.0,2402.28,18.91,20.36,0.00844,60.96,2.3518,8908.59,499.65,2.0,404.29,9322.56,0.0,3610.29,6470416.08,11658283.38,11658283.38,20609380.24
185,10,45,26.64,64.28,26.56,63.94,0.3698,460.29,20.06,55.72,0.3698,518.0,20.05,55.45,7.6896,525.5,20.27,57.04,7.6896,519.11,14.42,80.76,7.6896,511.64,14.53,79.62,7.6896,497.4,14.85,78.02,7.6896,541.8,20.48,23.62,0.0085,54.04,1.2316,4870.47,473.57,0.0,615.24,20.93,25.21,0.00852,55.1,0.6462,2157.31,505.78,1.0,263.66,18.84,22.37,0.00853,61.2,2.0061,4805.65,510.69,7.0,761.71,19.04,22.87,0.00855,61.13,1.454,2157.31,551.16,8.0,2414.04,18.85,20.33,0.00851,60.39,2.3518,8908.59,522.82,1.0,404.29,9536.41,0.0,3827.07,6493614.48,12027138.0,12027138.0,20609380.24
185,11,0,26.81,62.85,26.78,65.32,0.3476,446.79,19.81,56.89,0.3476,521.46,20.11,57.53,7.228,513.49,20.46,57.78,7.228,528.75,14.67,81.34,7.228,544.56,14.34,81.76,7.228,508.98,14.92,78.92,7.228,546.85,20.83,23.94,0.00852,54.57,1.2316,4870.47,519.37,0.0,605.52,20.87,25.35,0.00853,54.44,0.6462,2157.31,541.96,1.0,259.46,19.01,22.2,0.00854,61.17,1.7753,4805.65,550.13,5.0,761.72,19.57,24.27,0.00855,58.08,1.2232,2157.31,531.59,6.0,2425.8,19.05,20.33,0.00852,61.29,2.3518,8908.59,526.1,1.0,404.29,9231.49,0.0,3399.36,8684155.8,11333936.7,11333936.7,20609380.24
185,11,15,26.77,65.25,26.78,64.56,0.3476,488.66,20.31,55.83,0.3476,517.55,19.99,57.2,7.228,531.95,20.39,58.03,7.228,532.14,14.4,79.78,7.228,530.69,14.59,81.64,7.228,553.58,14.98,80.22,7.228,559.17,21.04,24.34,0.00855,53.92,1.2316,4870.47,499.24,0.0,615.24,20.94,25.37,0.00857,53.9,0.6462,2157.31,523.7,1.0,263.66,19.1,22.22,0.00858,61.57,1.7753,4805.65,559.98,5.0,761.72,18.78,24.4,0.0086,61.58,1.2232,2157.31,549.03,6.0,0.0,18.97,20.35,0.00856,61.93,2.3518,8908.59,534.82,2.0,404.29,9376.49,0.0,3399.36,6524037.0,11472302.2,11472302.2,20609380.24
185,11,30,26.82,64.37,26.92,64.54,0.3476,474.92,20.19,56.75,0.3476,554.08,20.29,57.24,7.228,549.42,20.47,60.37,7.228,550.55,14.61,82.0,7.228,521.48,14.44,83.45,7.228,556.62,15.03,79.59,7.228,547.34,21.3,24.96,0.00858,52.94,1.2316,4336.36,496.16,0.0,615.24,20.63,25.39,0.00861,57.87,0.7616,2157.31,538.22,2.0,263.68,19.32,22.2,0.0086,58.82,1.5445,4805.65,513.81,3.0,726.56,18.4,24.28,0.00862,63.72,1.3386,2157.31,533.77,7.0,0.0,18.89,20.38,0.00859,60.56,2.3518,8908.59,537.47,1.0,404.3,9405.82,0.0,3399.36,6945185.16,11513120.82,11513120.82,20122512.79
185,11,45,27.01,66.47,27.12,64.87,0.3476,454.34,20.21,58.48,0.3476,539.39,20.03,57.86,7.228,551.87,20.43,57.02,7.228,525.79,14.76,80.56,7.228,519.51,14.53,80.51,7.228,565.56,14.8,77.86,7.228,509.78,21.1,25.34,0.00861,56.11,1.2316,3910.57,510.24,0.0,615.24,19.95,24.94,0.00864,57.66,0.877,2157.31,537.89,3.0,263.68,19.52,22.28,0.00862,60.15,1.5445,4805.65,528.99,3.0,714.84,18.66,24.18,0.00864,62.24,1.2232,2157.31,537.89,6.0,0.0,18.82,20.4,0.00861,61.13,2.3518,8908.59,502.19,1.0,404.3,9443.72,0.0,3399.36,6888993.84,11545645.53,11545645.53,19729841.94
185,12,0,27.2,65.39,27.16,64.64,0.3587,471.53,20.5,56.25,0.3587,557.39,20.29,58.59,7.4588,557.34,20.55,58.47,7.4588,563.65,14.5,83.13,7.4588,520.39,14.52,81.14,7.4588,558.03,15.16,76.61,7.4588,566.59,21.05,25.68,0.00865,54.71,1.347,4298.07,566.78,1.0,624.96,19.38,24.42,0.00869,61.35,0.9924,2157.31,557.1,4.0,267.85,19.43,22.28,0.00866,61.17,1.5445,4805.65,570.04,3.0,714.85,19.77,24.8,0.00869,58.41,1.2232,2157.31,594.04,6.0,2437.56,19.13,20.43,0.00865,61.58,2.3518,8908.59,540.63,1.0,410.15,9756.89,0.0,3610.29,9094719.96,11987152.6,11987152.6,20091500.32
185,12,15,27.72,64.48,27.59,62.27,0.3976,453.93,20.18,56.2,0.3976,577.16,20.4,57.08,8.2666,558.04,20.67,58.05,8.2666,547.77,14.4,83.1,8.2666,541.64,14.46,84.39,8.2666,573.12,15.11,80.3,8.2666,550.77,21.17,26.02,0.0087,55.58,1.4624,4703.32,550.95,2.0,615.24,19.17,23.93,0.00872,62.78,0.9924,2157.31,569.17,4.0,263.68,19.22,22.33,0.00871,64.27,1.8907,4805.65,558.33,6.0,714.84,19.47,25.46,0.00874,60.48,1.5694,2157.31,595.5,9.0,2425.68,19.03,20.47,0.00869,64.21,2.3518,8908.59,564.19,1.0,404.3,11240.99,0.0,4394.38,9102529.44,14030688.69,14030688.69,20457386.85
185,12,30,28.18,61.61,28.24,61.09,0.392,487.86,20.0,59.11,0.392,564.57,19.92,59.39,8.1512,581.92,20.43,58.76,8.1512,540.01,14.39,81.92,8.1512,568.46,14.59,82.11,8.1512,592.97,15.03,81.85,8.1512,557.82,20.95,26.23,0.00875,54.84,1.6932,4870.47,582.07,4.0,1123.08,18.89,23.55,0.00876,64.16,1.2232,2157.31,585.28,6.0,481.31,19.31,22.13,0.00874,60.04,1.6599,4805.65,569.67,4.0,632.82,18.62,23.35,0.00876,66.08,1.2232,2157.31,606.2,6.0,0.0,18.98,20.45,0.00873,64.15,2.3518,8908.59,558.22,1.0,609.38,10732.22,0.0,4278.04,4735761.12,13642648.81,13642648.81,20609380.24
185,12,45,28.64,62.36,29.0,60.18,0.3865,479.52,20.18,58.14,0.3865,583.68,20.11,56.44,8.0358,578.56,20.58,59.07,8.0358,575.2,14.57,82.74,8.0358,581.24,14.47,84.25,8.0358,576.04,15.0,79.45,8.0358,571.41,20.86,26.4,0.00878,56.06,1.8086,4870.47,611.8,5.0,1132.8,18.47,23.18,0.00879,64.47,1.2232,2157.31,605.82,6.0,485.5,19.36,22.2,0.00877,62.72,1.6599,4805.65,564.57,4.0,632.81,19.85,23.12,0.00878,58.61,0.9924,2157.31,604.02,4.0,2367.12,19.13,20.46,0.00876,62.33,2.3518,8908.59,580.89,2.0,603.52,10783.5,0.0,4163.14,6848263.8,13342286.77,13342286.77,20609380.24
185,13,0,29.39,58.77,29.32,57.71,0.4087,445.26,20.17,59.04,0.4087,546.93,19.96,57.86,8.4974,584.85,20.6,58.44,8.4974,582.77,14.47,83.78,8.4974,589.06,14.49,83.96,8.4974,565.18,15.1,80.11,8.4974,587.09,20.88,26.57,0.0088,56.51,1.8086,4870.47,596.88,5.0,1123.08,18.62,23.05,0.0088,65.31,1.2232,2157.31,610.53,6.0,481.32,19.16,22.25,0.00879,60.03,1.6599,4805.65,610.2,4.0,632.81,19.15,23.69,0.00882,62.63,1.454,2157.31,571.19,8.0,2449.32,19.06,20.5,0.00879,62.61,2.3518,8908.59,596.59,4.0,603.52,11741.2,0.0,4631.32,6934847.4,14687017.02,14687017.02,20609380.24
185,13,15,29.37,59.36,29.45,60.78,0.3809,485.89,20.12,57.65,0.3809,589.88,20.04,59.57,7.9204,621.14,20.5,60.08,7.9204,612.05,14.74,82.87,7.9204,607.83,14.57,84.03,7.9204,611.12,15.07,82.27,7.9204,601.97,21.01,26.74,0.00882,55.39,1.6932,4870.47,600.03,4.0,1123.08,20.4,22.82,0.00881,57.89,0.5308,2157.31,593.4,0.0,481.3,19.33,22.3,0.00882,63.31,1.7753,4805.65,623.75,5.0,632.82,17.94,23.08,0.00884,66.77,1.5694,2157.31,629.72,9.0,0.0,19.18,20.54,0.00883,63.62,2.3518,8908.59,591.34,6.0,609.38,10649.54,0.0,4049.67,4742349.12,13229253.6,13229253.6,20609380.24
185,13,30,29.53,58.06,29.46,59.3,0.3809,463.1,20.06,59.21,0.3809,574.78,20.18,59.02,7.9204,620.35,20.62,60.81,7.9204,609.05,14.39,82.06,7.9204,608.07,14.53,82.06,7.9204,574.53,15.03,80.33,7.9204,586.28,20.72,26.89,0.00884,56.53,1.8086,4870.47,614.73,5.0,839.88,20.76,23.34,0.00882,57.81,0.5308,2157.31,613.87,0.0,359.93,18.96,22.3,0.00884,64.04,1.8907,4805.65,597.19,6.0,656.26,18.46,24.2,0.00884,65.42,1.3386,2157.31,602.84,7.0,0.0,19.11,20.67,0.00884,61.01,2.3518,8908.59,598.62,5.0,603.5,10828.38,0.0,4049.67,6616680.48,13318862.43,13318862.43,20609380.24
185,13,45,29.52,61.21,29.47,58.86,0.3865,476.78,20.4,57.94,0.3865,601.97,20.31,57.26,8.0358,630.42,20.84,57.72,8.0358,596.87,14.55,83.97,8.0358,611.95,14.33,83.93,8.0358,603.41,15.14,81.12,8.0358,612.81,20.55,26.95,0.00886,57.24,1.924,4870.47,625.25,6.0,839.88,20.44,23.55,0.00884,59.41,0.6462,2157.31,626.71,1.0,359.94,18.98,22.25,0.00885,65.05,1.8907,4805.65,615.27,6.0,667.97,19.55,23.95,0.00886,61.57,1.2232,2157.31,625.28,6.0,2449.2,19.35,20.72,0.00885,61.84,2.3518,8908.59,606.65,4.0,603.52,11308.02,0.0,4163.14,6643626.48,13837045.35,13837045.35,20609380.24
185,14,0,29.33,62.98,29.41,61.84,0.3809,490.55,20.18,58.91,0.3809,614.93,20.24,58.18,7.9204,630.48,20.47,60.65,7.9204,627.66,14.57,82.69,7.9204,635.04,14.52,83.78,7.9204,612.89,15.06,82.55,7.9204,629.36,21.02,26.94,0.00887,56.17,1.6932,4870.47,608.67,4.0,839.88,20.42,23.45,0.00886,56.61,0.6462,2157.31,640.78,1.0,359.93,19.32,22.22,0.00886,63.19,1.6599,4805.65,636.29,4.0,656.24,18.26,24.05,0.00889,66.5,1.5694,2157.31,651.55,9.0,0.0,19.27,20.78,0.00888,63.07,2.3518,8908.59,636.23,8.0,603.52,11001.19,0.0,4049.67,4428773.28,13591001.25,13591001.25,20598615.99
185,14,15,29.62,58.55,29.86,58.54,0.3754,453.44,20.29,58.23,0.3754,650.43,20.25,57.72,7.805,653.65,20.73,59.16,7.805,648.07,14.54,83.34,7.805,624.59,14.47,84.11,7.805,655.83,14.85,79.65,7.805,625.57,21.18,27.14,0.00887,56.56,1.6932,4732.84,623.42,4.0,839.88,20.39,23.43,0.00887,58.99,0.6462,2157.31,636.29,1.0,359.93,19.37,22.32,0.00887,62.75,1.7753,4805.65,645.38,5.0,656.24,19.38,24.39,0.00888,60.8,1.3386,2157.31,685.12,7.0,2460.96,19.26,20.82,0.00889,62.22,2.3518,8908.59,637.69,7.0,609.37,11140.89,0.0,3937.65,6648248.88,13416009.62,13416009.62,20464428.38
185,14,30,29.91,59.05,29.91,57.35,0.4253,452.11,20.21,57.92,0.4253,650.6,20.22,58.88,8.8436,631.12,20.58,60.56,8.8436,622.74,14.45,83.98,8.8436,639.73,14.43,83.17,8.8436,661.9,15.02,80.62,8.8436,624.97,20.4,27.71,0.00888,58.45,2.2702,4870.47,662.04,9.0,1132.8,19.96,23.82,0.00886,56.76,0.7616,2157.31,670.4,2.0,485.48,18.95,22.32,0.00887,63.39,2.0061,4805.65,673.16,7.0,632.82,18.52,24.7,0.00888,63.96,1.454,2157.31,659.18,8.0,35.16,19.01,20.77,0.00887,62.91,2.3518,8908.59,657.4,5.0,404.3,13034.48,0.0,4997.31,6174833.04,16376929.54,16376929.54,20609380.24
185,14,45,30.27,56.27,30.42,58.06,0.4309,453.23,20.06,58.97,0.4309,667.58,20.25,59.17,8.959,663.16,20.39,60.21,8.959,677.35,14.45,83.8,8.959,672.21,14.38,84.27,8.959,642.53,15.22,79.05,8.959,654.57,20.13,27.54,0.00887,59.09,2.2702,4870.47,678.22,9.0,1142.52,20.19,23.82,0.00885,60.69,0.7616,2157.31,657.11,2.0,489.67,18.84,22.19,0.00885,62.3,2.0061,4805.65,671.34,7.0,632.82,18.24,24.66,0.00886,63.88,1.5694,2157.31,699.49,9.0,0.0,18.99,20.74,0.00886,61.44,2.3518,8908.59,687.06,6.0,410.15,12941.91,0.0,5122.11,6149162.52,16257623.22,16257623.22,20609380.24
185,15,0,30.52,54.08,30.46,54.28,0.4253,456.06,20.25,58.99,0.4253,656.57,20.14,58.96,8.8436,671.28,20.33,59.99,8.8436,680.21,14.48,82.2,8.8436,637.54,14.42,85.45,8.8436,648.75,14.87,79.34,8.8436,646.76,20.46,27.42,0.00885,59.78,2.1548,4870.47,655.57,8.0,1132.8,20.09,23.82,0.00884,57.63,0.7616,2157.31,654.83,2.0,485.48,19.01,22.13,0.00884,63.05,2.0061,4805.65,689.03,7.0,632.81,19.18,25.38,0.00885,63.05,1.5694,2157.31,674.23,9.0,2425.8,19.37,20.72,0.00884,63.07,2.3518,8908.59,667.41,5.0,404.3,12692.18,0.0,4997.31,8289462.24,15856156.56,15856156.56,20609380.24
185,15,15,30.57,55.36,30.68,53.85,0.4198,436.07,20.18,57.72,0.4198,668.59,20.13,59.15,8.7282,700.94,20.75,57.73,8.7282,660.31,14.42,82.39,8.7282,649.85,14.52,83.89,8.7282,648.49,14.93,80.19,8.7282,667.33,20.2,27.36,0.00885,58.04,2.2702,4870.47,692.18,9.0,1132.8,19.75,23.81,0.00883,60.97,0.7616,2157.31,670.53,2.0,485.48,18.91,22.07,0.00883,64.2,2.0061,4805.65,686.28,7.0,632.81,19.05,25.52,0.00885,62.76,1.3386,2157.31,704.4,7.0,35.04,18.99,20.72,0.00884,62.28,2.3518,8908.59,657.39,5.0,410.16,12612.43,0.0,4873.91,6148340.64,15737710.76,15737710.76,20609380.24
185,15,30,30.53,54.9,30.35,54.74,0.4309,442.04,20.19,59.61,0.4309,679.55,20.16,58.68,8.959,657.16,20.67,57.96,8.959,699.9,14.54,85.71,8.959,690.92,14.64,83.28,8.959,666.9,15.04,79.83,8.959,667.13,19.9,26.89,0.00884,57.97,2.2702,4870.47,706.27,9.0,810.6,19.28,23.56,0.00884,61.38,0.877,2157.31,709.44,3.0,347.36,18.62,22.01,0.00883,63.23,2.0061,4805.65,683.48,7.0,632.81,19.72,26.23,0.00885,60.43,1.454,2157.31,719.25,8.0,2390.52,19.1,20.82,0.00884,62.67,2.3518,8908.59,676.44,6.0,808.6,12945.11,0.0,5122.11,7411929.84,16332573.89,16332573.89,20609380.24
185,15,45,30.64,55.12,30.65,53.4,0.442,476.79,20.22,57.35,0.442,694.26,20.03,56.98,9.1898,689.07,20.73,58.9,9.1898,676.91,14.5,82.73,9.1898,704.77,14.45,83.49,9.1898,691.25,14.93,79.47,9.1898,683.75,19.94,26.54,0.00884,60.64,2.2702,4870.47,683.48,9.0,820.32,19.34,23.26,0.00884,60.78,0.877,2157.31,712.76,3.0,351.56,18.62,21.95,0.00884,64.44,2.0061,4805.65,674.78,7.0,632.82,19.42,26.9,0.00886,61.74,1.6848,2157.31,704.98,10.0,2460.96,19.29,20.86,0.00884,61.54,2.3518,8908.59,708.33,4.0,808.6,13365.92,0.0,5375.88,7462700.64,16867623.74,16867623.74,20609380.24
185,16,0,30.51,53.32,30.52,54.51,0.4087,457.16,19.96,58.67,0.4087,668.39,19.99,60.21,8.4974,685.58,20.45,56.5,8.4974,702.23,14.31,83.84,8.4974,659.14,14.51,83.44,8.4974,709.51,14.83,80.59,8.4974,685.66,20.57,26.21,0.00884,57.19,1.8086,4870.47,722.15,5.0,810.48,19.39,23.09,0.00884,62.98,0.877,2157.31,719.71,3.0,347.39,18.87,21.89,0.00884,62.61,1.8907,4805.65,731.4,6.0,632.81,19.07,26.98,0.00886,62.69,1.5694,2157.31,736.97,9.0,691.32,19.36,20.87,0.00884,63.57,2.3518,8908.59,686.7,5.0,808.58,11941.02,0.0,4631.32,6194802.24,14938234.43,14938234.43,20609380.24
185,16,15,30.31,53.87,30.55,55.74,0.4198,450.37,20.1,59.37,0.4198,681.9,20.02,59.28,8.7282,747.68,20.42,57.91,8.7282,687.63,14.38,83.57,8.7282,662.44,14.54,83.39,8.7282,690.31,14.91,82.38,8.7282,687.1,20.82,26.08,0.00884,57.84,1.6932,4870.47,693.23,4.0,810.48,19.28,22.93,0.00884,61.04,0.877,2157.31,703.08,3.0,347.39,18.71,21.86,0.00884,64.45,2.0061,4805.65,707.0,7.0,621.1,18.57,26.7,0.00886,64.68,1.8002,2157.31,730.32,11.0,0.0,19.11,20.85,0.00884,62.4,2.3518,8908.59,677.62,4.0,814.45,12375.19,0.0,4873.91,5403929.04,15531700.08,15531700.08,20609380.24
185,16,30,30.28,56.79,30.33,55.01,0.4031,449.48,20.04,59.68,0.4031,701.17,20.11,58.41,8.382,724.27,20.48,58.23,8.382,694.8,14.67,81.73,8.382,681.67,14.45,83.43,8.382,700.67,14.83,79.62,8.382,721.04,20.99,25.86,0.00883,53.76,1.2316,3010.18,714.77,0.0,820.32,19.24,22.8,0.00884,62.09,0.877,2157.31,710.37,3.0,351.56,18.69,21.74,0.00884,65.81,2.0061,4805.65,699.36,7.0,621.1,19.31,28.45,0.00885,60.3,1.9156,2157.31,730.11,12.0,2437.44,19.05,20.71,0.00883,61.75,2.3518,8908.59,685.16,1.0,404.29,11602.7,0.0,4512.14,9069837.84,14464226.62,14464226.62,18896817.3
185,16,45,30.16,57.61,30.26,56.72,0.3754,478.23,20.1,58.83,0.3754,736.85,19.88,59.08,7.805,721.36,20.53,59.66,7.805,705.33,14.47,82.62,7.805,700.34,14.59,82.87,7.805,706.69,15.09,80.21,7.805,696.92,21.01,25.63,0.00883,55.72,1.2316,3311.49,708.58,0.0,810.6,19.75,22.63,0.00884,60.3,0.6462,2157.31,694.72,1.0,347.36,18.58,21.64,0.00884,62.14,1.8907,4805.65,720.99,6.0,621.1,18.97,28.47,0.00886,64.08,1.6848,2157.31,729.28,10.0,0.0,19.3,20.61,0.00883,60.66,2.3518,8908.59,725.26,1.0,404.29,10610.68,0.0,3937.65,6848969.04,13034688.42,13034688.42,19155769.18
185,17,0,30.0,56.93,29.89,56.7,0.3754,491.98,19.96,57.98,0.3754,695.89,20.15,59.58,7.805,737.04,20.29,60.83,7.805,705.83,14.62,83.76,7.805,697.45,14.62,81.57,7.805,693.89,14.87,82.19,7.805,671.74,20.83,25.3,0.00883,55.95,1.2316,3721.9,701.38,0.0,810.6,20.33,22.73,0.00883,58.13,0.5308,2157.31,737.7,0.0,347.36,18.64,21.58,0.00884,63.15,1.8907,4805.65,718.29,6.0,632.82,18.33,26.81,0.00886,64.42,1.8002,2157.31,770.4,11.0,0.0,19.02,20.38,0.00883,62.19,2.3518,8908.59,702.19,1.0,0.0,10360.8,0.0,3937.65,3779738.64,12976044.03,12976044.03,19572656.55
185,17,15,29.76,57.98,29.85,57.38,0.3809,483.28,19.93,59.69,0.3809,726.67,19.85,60.94,7.9204,716.07,20.33,60.24,7.9204,687.23,14.71,83.76,7.9204,709.1,14.55,83.64,7.9204,693.93,15.05,77.79,7.9204,704.06,21.12,24.94,0.00883,56.52,1.2316,4146.38,725.09,0.0,820.32,20.24,22.9,0.00884,59.34,0.6462,2157.31,704.66,1.0,351.56,18.74,21.46,0.00885,63.77,1.8907,4805.65,708.83,6.0,632.81,18.32,25.96,0.00886,64.46,1.8002,2157.31,739.4,11.0,0.0,18.84,20.23,0.00883,63.1,2.3518,8908.59,692.51,1.0,0.0,10484.78,0.0,4049.67,3817398.24,13081011.42,13081011.42,19957697.73
185,17,30,29.41,61.86,29.42,59.78,0.4031,456.27,19.75,61.23,0.4031,712.89,19.61,57.99,8.382,679.29,20.13,60.89,8.382,691.97,14.57,83.24,8.382,703.67,14.35,83.22,8.382,690.14,14.94,80.76,8.382,693.39,20.28,24.37,0.00884,59.23,1.6932,4870.47,691.0,4.0,800.88,19.98,22.57,0.00884,60.0,0.6462,2157.31,713.03,1.0,343.2,18.85,21.32,0.00884,64.43,1.8907,4805.65,705.33,6.0,609.38,18.08,25.14,0.00885,68.14,1.8002,2157.31,718.06,11.0,0.0,18.7,20.14,0.00883,63.84,2.3518,8908.59,719.93,1.0,0.0,11002.25,0.0,4512.14,2938664.88,14115342.84,14115342.84,20609380.24
185,17,45,29.27,59.93,29.36,61.83,0.4031,469.63,19.75,61.96,0.4031,720.77,19.66,60.35,8.382,717.15,20.01,60.54,8.382,712.56,14.31,81.55,8.382,704.0,14.37,83.86,8.382,712.69,14.87,81.76,8.382,702.32,19.88,23.61,0.00884,59.46,1.6932,4870.47,705.94,4.0,810.48,19.41,22.34,0.00884,60.46,0.7616,2157.31,731.99,2.0,347.39,18.58,21.16,0.00884,63.99,1.8907,4805.65,706.56,6.0,609.38,18.36,25.91,0.00885,64.92,1.6848,2157.31,735.76,10.0,0.0,19.04,20.26,0.00883,62.65,2.3518,8908.59,689.26,2.0,609.38,10922.81,0.0,4512.14,6241758.48,13928564.81,13928564.81,20609380.24
185,18,0,28.92,64.44,28.85,63.72,0.3809,466.83,19.68,61.48,0.3809,710.86,19.87,61.3,7.9204,684.13,20.18,61.0,7.9204,678.65,14.44,81.49,7.9204,708.98,14.44,83.16,7.9204,664.79,14.9,80.6,7.9204,703.35,19.5,23.09,0.00885,60.84,1.6932,4870.47,709.19,4.0,810.6,19.39,22.0,0.00885,63.78,0.7616,2157.31,719.58,2.0,347.39,18.86,20.98,0.00884,63.29,1.5445,4805.65,706.32,3.0,609.37,19.48,26.36,0.00886,59.66,1.5694,2157.31,753.93,9.0,2472.6,18.97,20.3,0.00884,64.85,2.3518,8908.59,686.05,1.0,603.52,10262.37,0.0,4049.67,8472389.4,12768152.43,12768152.43,20609380.24
185,18,15,28.7,62.26,28.55,64.08,0.3865,485.87,19.53,59.97,0.3865,707.06,19.73,60.54,8.0358,737.35,19.98,62.0,8.0358,701.67,14.52,84.62,8.0358,689.28,14.5,82.36,8.0358,692.19,14.97,80.81,8.0358,686.16,20.21,22.63,0.00884,58.05,1.2316,4870.47,705.49,0.0,810.6,19.11,21.79,0.00886,63.01,0.877,2157.31,729.43,3.0,347.38,18.8,21.02,0.00885,65.18,1.8907,4805.65,714.8,6.0,609.37,18.33,25.98,0.00888,66.31,1.6848,2157.31,760.77,10.0,0.0,19.05,20.28,0.00884,62.8,2.3518,8908.59,714.18,1.0,609.37,10312.52,0.0,4163.14,6252310.08,13129900.97,13129900.97,20609380.24
185,18,30,28.61,64.64,28.69,64.74,0.3698,471.24,19.6,59.88,0.3698,739.98,19.61,59.1,7.6896,712.09,20.22,60.7,7.6896,693.75,14.23,83.44,7.6896,688.17,14.43,84.09,7.6896,700.7,15.05,80.33,7.6896,712.06,20.03,22.94,0.00885,61.24,1.8086,4870.47,733.71,5.0,2334.0,18.97,21.78,0.00886,62.06,0.877,2157.31,706.61,3.0,1000.28,19.11,20.74,0.00885,62.46,1.4291,4805.65,693.58,2.0,632.81,18.82,24.95,0.00886,63.25,1.2232,2157.31,715.45,6.0,0.0,18.99,20.35,0.00885,63.79,2.3518,8908.59,709.36,4.0,404.3,9821.33,0.0,3827.07,9150165.0,12271419.52,12271419.52,20609380.24
185,18,45,28.4,63.95,28.48,64.05,0.4015,487.16,19.68,59.88,0.4015,733.0,19.9,59.63,8.3482,716.86,20.21,59.28,8.3482,687.86,14.4,82.46,8.3482,710.31,14.51,82.75,8.3482,707.19,14.92,81.44,8.3482,698.41,19.17,22.78,0.00889,63.78,2.3518,4870.47,743.85,14.0,2334.0,18.86,21.84,0.00886,64.9,0.9924,2157.31,720.52,4.0,1000.26,19.27,20.8,0.00885,63.04,1.4291,4805.65,686.21,2.0,632.82,20.12,25.3,0.00887,57.56,1.2232,2157.31,706.8,6.0,2449.2,19.03,20.34,0.00885,63.84,2.3518,8908.59,723.85,1.0,398.44,11032.52,0.0,4477.47,11317607.28,13945214.82,13945214.82,20609380.24
185,19,0,28.32,65.27,28.43,64.18,0.3793,502.19,19.58,59.27,0.3793,728.29,19.53,59.65,7.8866,747.65,20.21,62.7,7.8866,727.42,14.47,82.48,7.8866,713.62,14.58,81.75,7.8866,708.37,14.98,82.5,7.8866,726.47,18.9,22.43,0.0089,62.52,2.3518,4870.47,757.91,16.0,2334.0,20.11,21.61,0.00885,56.93,0.5308,2157.31,684.36,0.0,1000.27,19.13,20.74,0.00886,63.01,1.4291,4805.65,712.88,2.0,632.81,19.05,24.96,0.00888,62.58,1.2232,2157.31,738.43,6.0,0.0,18.96,20.3,0.00885,61.2,2.3518,8908.59,703.5,1.0,404.29,10055.07,0.0,4016.69,9129084.48,12731241.26,12731241.26,20609380.24
185,19,15,28.2,66.21,28.2,64.69,0.3752,485.72,19.76,60.84,0.3752,733.63,19.75,60.61,7.8014,712.72,19.93,61.25,7.8014,723.1,14.44,84.79,7.8014,714.95,14.66,82.12,7.8014,677.36,15.16,80.76,7.8014,718.36,18.93,22.23,0.00891,66.11,2.3518,4870.47,757.4,16.0,2334.0,20.72,22.02,0.00886,54.01,0.5308,2157.31,742.61,0.0,1000.27,19.22,20.66,0.00886,64.48,1.4291,4805.65,723.43,2.0,632.81,18.72,24.21,0.00888,64.38,1.2232,2157.31,766.37,6.0,0.0,19.01,20.26,0.00886,63.03,2.2666,8908.59,714.3,0.0,404.29,9898.52,0.0,3934.15,9108013.68,12474076.51,12474076.51,20609380.24
185,19,30,27.88,66.21,28.22,68.06,0.3752,452.54,19.64,61.56,0.3752,720.55,19.52,61.93,7.8014,705.49,19.97,59.65,7.8014,729.85,14.35,81.99,7.8014,721.13,14.52,83.88,7.8014,706.73,14.83,81.18,7.8014,713.75,19.09,21.95,0.00891,61.28,2.3518,4870.47,727.99,16.0,3447.24,20.86,22.04,0.00886,55.62,0.5308,2157.31,716.43,0.0,1477.39,19.32,20.51,0.00886,61.46,1.1983,4805.65,717.96,0.0,562.5,19.12,24.16,0.00889,63.39,1.454,2157.31,754.07,8.0,2437.44,19.11,20.26,0.00886,64.17,2.2666,8908.59,718.06,0.0,404.29,9836.45,0.0,3934.15,11716266.6,12416906.69,12416906.69,20609380.24
185,19,45,27.95,67.0,27.86,68.94,0.3752,469.72,19.53,60.48,0.3752,754.53,19.55,59.47,7.8014,726.36,20.0,62.92,7.8014,715.98,14.37,83.71,7.8014,720.59,14.43,82.72,7.8014,715.83,14.94,80.55,7.8014,716.97,18.94,21.87,0.00891,61.14,2.3518,4870.47,732.75,13.0,3447.24,20.98,22.18,0.00887,54.6,0.5308,2157.31,704.33,0.0,1477.39,19.4,20.57,0.00887,62.2,1.1983,4805.65,707.22,0.0,574.22,18.28,23.69,0.0089,69.26,1.454,2157.31,753.4,8.0,35.16,18.94,20.24,0.00887,63.74,2.2666,8908.59,706.75,0.0,404.29,9892.89,0.0,3934.15,9595061.28,12467984.51,12467984.51,20609380.24
185,20,0,27.86,67.74,27.78,70.0,0.3697,441.45,19.75,61.74,0.3697,721.54,19.55,60.86,7.686,736.59,20.03,61.62,7.686,729.15,14.69,83.45,7.686,708.8,14.45,83.98,7.686,714.45,14.97,83.57,7.686,737.54,18.91,21.77,0.00891,63.14,2.3518,4870.47,742.36,15.0,3447.24,20.9,22.23,0.00886,57.24,0.5308,2156.4,724.58,0.0,1477.39,19.44,20.55,0.00886,62.3,1.1983,4805.65,710.77,0.0,574.22,18.28,23.12,0.00888,64.99,1.3386,2157.31,763.71,7.0,0.0,19.01,20.21,0.00886,63.78,2.2666,8908.59,741.91,0.0,404.3,9732.35,0.0,3823.62,9548880.48,12200371.72,12200371.72,20608567.52
185,20,15,27.45,69.55,27.57,69.59,0.3863,473.11,19.55,60.9,0.3863,721.94,19.74,61.97,8.0322,731.65,19.84,62.49,8.0322,739.51,14.53,83.98,8.0322,711.87,14.55,82.72,8.0322,727.19,14.96,81.47,8.0322,715.97,19.1,21.7,0.00891,63.72,2.3518,4870.47,741.37,15.0,3447.36,20.0,22.29,0.00888,57.59,0.7616,2157.31,728.83,2.0,1477.42,19.4,20.52,0.00886,62.09,1.1983,4805.65,720.64,0.0,574.21,18.95,23.46,0.00889,63.03,1.454,2157.31,767.0,8.0,2472.6,18.99,20.18,0.00886,64.36,2.2666,8908.59,703.32,0.0,404.3,10185.65,0.0,4159.55,11758571.28,12883874.85,12883874.85,20609380.24
185,20,30,27.31,72.41,27.34,71.23,0.3919,460.07,19.58,62.01,0.3919,715.78,19.52,62.3,8.1476,744.67,19.71,64.18,8.1476,717.03,14.45,82.88,8.1476,715.72,14.42,84.26,8.1476,722.65,14.95,80.09,8.1476,695.45,19.2,21.99,0.00891,61.89,2.3518,4870.47,771.09,15.0,3300.72,20.03,22.23,0.00888,60.52,0.7616,2157.31,727.61,2.0,1414.62,19.27,20.49,0.00886,59.5,1.1983,4805.65,727.74,0.0,562.5,18.0,23.23,0.0089,66.63,1.5694,2157.31,754.22,9.0,35.16,18.78,20.17,0.00886,63.71,2.2666,8908.59,732.9,0.0,398.45,10258.23,0.0,4274.41,10927963.8,13158145.78,13158145.78,20609380.24
185,20,45,26.98,72.77,26.87,73.9,0.3752,457.95,19.44,60.85,0.3752,739.87,19.35,61.84,7.8014,736.63,19.89,63.42,7.8014,734.28,14.68,83.48,7.8014,709.17,14.38,83.46,7.8014,737.97,14.79,82.03,7.8014,710.33,18.87,22.04,0.0089,61.07,2.3518,4870.47,738.45,15.0,3300.84,19.98,22.2,0.00887,59.86,0.7616,2157.31,742.15,2.0,1414.62,19.29,20.44,0.00885,61.67,1.1983,4805.65,727.65,0.0,574.22,18.18,22.68,0.00888,66.01,1.2232,2157.31,787.29,6.0,0.0,18.94,20.15,0.00885,63.09,2.2666,8908.59,714.55,0.0,398.44,9721.41,0.0,3934.15,10907628.48,12290002.61,12290002.61,20609380.24
185,21,0,26.8,74.68,26.82,74.06,0.3752,469.08,19.7,59.86,0.3752,704.86,19.66,61.57,7.8014,737.6,19.89,61.71,7.8014,736.46,14.52,83.03,7.8014,715.03,14.54,83.38,7.8014,732.51,14.93,80.99,7.8014,718.59,19.3,22.05,0.0089,63.82,2.3518,4870.47,759.06,15.0,3300.84,20.06,22.18,0.00887,58.45,0.7616,2157.31,734.32,2.0,1414.63,19.48,20.4,0.00885,60.81,1.1983,4805.65,721.37,0.0,574.21,19.4,23.13,0.00887,60.32,1.2232,2157.31,751.02,6.0,2402.4,19.05,20.13,0.00885,63.82,2.2666,8908.59,724.92,0.0,404.29,9825.72,0.0,3934.15,13085642.88,12315248.9,12315248.9,20609380.24
185,21,15,26.64,74.61,26.76,73.9,0.3752,457.39,19.69,59.65,0.3752,761.57,19.59,58.98,7.8014,756.92,19.99,61.55,7.8014,708.8,14.54,82.78,7.8014,707.1,14.52,82.22,7.8014,737.29,15.0,81.35,7.8014,713.81,19.31,22.07,0.0089,62.59,2.3518,4870.47,755.25,15.0,3300.72,19.9,22.17,0.00887,58.48,0.7616,2157.31,751.29,2.0,1414.61,19.56,20.39,0.00885,61.87,1.1983,4805.65,732.84,0.0,562.5,19.58,23.62,0.00888,60.32,1.2232,2157.31,734.35,6.0,2425.8,19.12,20.14,0.00885,62.83,2.2666,8908.59,745.89,0.0,404.3,9839.14,0.0,3934.15,13074431.4,12395959.74,12395959.74,20609380.24
185,21,30,26.64,73.64,26.65,73.47,0.3697,465.63,19.48,63.29,0.3697,723.78,19.53,60.07,7.686,739.31,19.82,64.37,7.686,708.35,14.43,84.31,7.686,710.29,14.42,84.39,7.686,726.21,14.98,80.17,7.686,716.19,18.95,21.93,0.0089,65.31,2.3518,4870.47,763.25,15.0,2119.2,19.42,22.02,0.00886,62.7,0.7616,2157.31,769.45,2.0,908.2,19.29,20.37,0.00885,60.0,1.1983,4805.65,727.07,0.0,539.06,18.61,23.26,0.00887,64.41,1.1078,2157.31,725.23,5.0,35.16,18.79,19.91,0.00884,63.17,2.2666,8908.59,759.01,0.0,199.21,9625.92,0.0,3823.62,8399446.2,12168576.35,12168576.35,20609380.24
185,21,45,26.72,74.51,26.64,73.89,0.3697,473.98,19.47,60.91,0.3697,739.03,19.48,61.63,7.686,732.39,19.8,61.85,7.686,717.12,14.6,82.83,7.686,717.06,14.42,82.32,7.686,730.15,14.97,81.39,7.686,733.14,18.91,21.77,0.00888,62.57,2.3518,4870.47,765.57,15.0,2128.92,19.65,21.84,0.00885,62.47,0.7616,2157.31,737.38,2.0,912.4,19.4,20.34,0.00883,62.39,1.1983,4805.65,679.3,0.0,550.79,18.52,22.84,0.00886,66.26,1.1078,2157.31,745.28,5.0,0.0,18.61,19.81,0.00883,64.25,2.2666,8908.59,736.1,0.0,199.21,9537.59,0.0,3823.62,8375016.6,12025087.48,12025087.48,20609380.24
185,22,0,26.64,73.98,26.69,73.38,0.3213,478.91,19.54,59.66,0.3213,764.89,19.33,60.76,6.6812,742.58,19.89,62.74,6.6812,729.64,14.59,81.57,6.6812,706.35,14.63,81.27,6.6812,708.66,15.06,78.41,6.6812,712.68,19.88,21.54,0.00877,55.81,1.347,4870.47,702.88,1.0,2128.92,19.47,21.74,0.00877,61.44,0.7616,2157.31,719.59,2.0,912.4,19.35,20.31,0.00876,59.79,1.1983,4805.65,717.54,0.0,539.06,18.45,22.66,0.00877,65.07,1.1078,2157.31,729.21,5.0,0.0,18.85,19.75,0.00876,63.42,2.2666,8908.59,726.28,0.0,199.21,8619.5,0.0,2923.29,8360502.48,10347795.98,10347795.98,20609380.24
185,22,15,26.71,72.99,26.49,73.43,0.3158,477.9,19.44,61.29,0.3158,734.83,19.39,59.7,6.5658,700.54,19.79,60.73,6.5658,715.64,14.49,82.45,6.5658,711.16,14.49,82.66,6.5658,724.86,15.0,78.43,6.5658,718.89,20.23,21.89,0.00871,56.71,1.2316,4870.47,711.0,0.0,2128.92,19.36,21.69,0.00872,59.56,0.7616,2157.31,698.97,2.0,912.4,19.47,20.29,0.00871,60.65,1.1983,4805.65,741.53,0.0,539.06,18.29,21.07,0.00872,67.33,1.1078,2157.31,746.48,5.0,0.0,18.72,19.71,0.00871,62.2,2.2666,8908.59,729.88,0.0,199.21,8459.99,0.0,2827.11,6202435.68,10166934.76,10166934.76,20609380.24
185,22,30,26.67,73.96,26.64,74.77,0.3102,454.44,19.41,59.63,0.3102,696.52,19.31,60.27,6.4504,691.93,19.92,60.83,6.4504,709.03,14.56,80.16,6.4504,706.13,14.42,82.21,6.4504,695.13,14.94,79.84,6.4504,737.42,20.08,21.72,0.00866,58.14,1.2316,4870.47,734.62,0.0,556.68,18.95,21.32,0.00867,61.77,0.7616,2157.31,713.04,2.0,238.56,19.24,20.26,0.00866,62.17,1.1983,4805.65,703.36,0.0,585.94,18.15,20.39,0.00867,65.36,0.9924,2157.31,724.56,4.0,0.0,18.78,19.62,0.00866,62.22,2.2666,8908.59,676.99,0.0,205.08,8297.25,0.0,2732.44,3271261.68,9945262.08,9945262.08,20609380.24
185,22,45,26.53,71.86,26.64,72.89,0.3102,491.53,19.33,59.29,0.3102,701.44,19.31,59.37,6.4504,688.96,19.97,61.93,6.4504,680.7,14.77,79.38,6.4504,691.06,14.64,81.02,6.4504,685.56,14.99,79.2,6.4504,645.29,19.77,21.45,0.00861,57.84,1.2316,4870.47,685.88,0.0,556.56,18.85,21.01,0.00862,60.15,0.7616,2157.31,697.31,2.0,238.56,19.34,20.23,0.00861,60.27,1.1983,4805.65,699.51,0.0,585.94,19.27,20.62,0.00862,61.41,0.9924,2157.31,733.42,4.0,2402.28,18.7,19.56,0.00861,63.33,2.2666,8908.59,692.79,0.0,199.21,8180.31,0.0,2732.44,5428054.08,9828006.55,9828006.55,20609380.24
185,23,0,26.62,71.28,26.67,72.74,0.3102,493.58,19.35,60.01,0.3102,683.43,19.35,59.56,6.4504,699.84,19.93,59.34,6.4504,692.69,14.6,81.82,6.4504,678.24,14.58,81.54,6.4504,673.42,15.0,78.55,6.4504,690.47,19.61,21.33,0.00857,58.79,1.2316,4870.47,668.94,0.0,556.68,18.85,20.85,0.00858,62.15,0.7616,2157.31,726.6,2.0,238.57,19.19,20.21,0.00857,61.05,1.1983,4805.65,696.78,0.0,585.94,19.45,20.99,0.00859,59.04,0.9924,2157.31,698.84,4.0,2437.56,18.7,19.52,0.00857,61.7,2.2666,8908.59,686.83,0.0,199.22,8162.8,0.0,2732.44,5460486.48,9807482.83,9807482.83,20609380.24
185,23,15,26.44,73.45,26.47,73.81,0.2991,475.84,19.53,58.42,0.2991,713.73,19.43,58.33,6.2196,686.35,19.78,59.07,6.2196,672.22,14.51,80.52,6.2196,675.65,14.57,79.18,6.2196,660.0,14.96,78.87,6.2196,677.72,19.86,21.24,0.00853,60.38,1.2316,4870.47,648.58,0.0,556.56,19.41,20.68,0.00854,57.92,0.5308,2157.31,692.52,0.0,238.56,19.28,20.17,0.00853,60.78,1.1983,4805.65,659.5,0.0,585.94,19.75,22.6,0.00856,57.73,0.9924,2157.31,723.8,4.0,2449.2,18.58,19.49,0.00853,61.64,2.2666,8908.59,674.7,0.0,205.08,7977.2,0.0,2547.64,7658761.68,9455030.24,9455030.24,20609380.24
185,23,30,26.23,76.22,26.19,74.74,0.2936,458.81,19.57,58.85,0.2936,680.96,19.37,60.82,6.1042,699.12,19.99,60.77,6.1042,668.56,14.58,80.9,6.1042,666.9,14.66,78.05,6.1042,682.07,14.96,77.57,6.1042,662.84,19.46,20.76,0.0085,59.26,1.2316,4870.47,678.52,0.0,458.88,19.56,20.49,0.0085,58.87,0.5308,2157.31,665.41,0.0,196.7,19.17,20.14,0.0085,61.4,1.1983,4805.65,691.56,0.0,527.34,20.0,21.72,0.00852,56.66,0.877,2157.31,707.72,3.0,2449.2,18.75,19.48,0.0085,63.39,2.2666,8908.59,688.95,0.0,199.22,7907.66,0.0,2457.53,3609377.28,9328665.35,9328665.35,20609380.24
185,23,45,25.84,76.51,25.87,75.97,0.2936,464.73,19.4,59.17,0.2936,688.12,19.41,58.1,6.1042,689.42,19.79,60.98,6.1042,683.45,14.44,80.23,6.1042,677.85,14.8,79.81,6.1042,677.93,15.01,78.09,6.1042,673.16,19.29,20.54,0.00849,59.01,1.2316,4870.47,673.98,0.0,458.88,19.3,20.36,0.00848,60.18,0.5308,2157.31,648.16,0.0,196.7,19.01,20.1,0.00849,60.7,1.1983,4805.65,662.89,0.0,539.06,20.02,21.59,0.00851,58.82,0.877,2157.31,712.99,3.0,2402.4,18.81,19.45,0.00849,60.84,2.2666,8908.59,677.0,0.0,199.22,7825.74,0.0,2457.53,3577905.0,9254942.57,9254942.57,20609380.24
185,24,0,25.68,80.66,25.56,80.39,0.2825,477.34,19.35,57.55,0.2825,656.16,19.3,57.91,5.8734,654.68,19.6,60.17,5.8734,678.51,14.73,78.34,5.8734,658.38,14.5,79.73,5.8734,648.34,14.96,75.92,5.8734,681.91,19.47,20.37,0.00845,58.63,1.2316,4870.47,657.11,0.0,468.72,19.36,20.24,0.00845,59.25,0.5308,2157.31,656.91,0.0,200.88,19.15,20.06,0.00845,59.38,1.1983,4805.65,663.27,0.0,527.35,20.65,21.46,0.00846,53.68,0.6462,2157.31,690.44,1.0,2425.68,18.85,19.42,0.00845,60.21,2.2666,8908.59,656.31,0.0,199.22,7484.67,0.0,2281.9,3600811.8,8810704.96,8810704.96,20609380.24
186,0,15,25.57,76.9,25.53,79.04,0.2769,480.48,19.29,58.17,0.2769,638.25,19.36,58.74,5.758,651.38,19.71,61.05,5.758,654.85,14.75,78.38,5.758,643.73,14.46,77.22,5.758,671.47,15.12,76.24,5.758,671.36,19.33,20.26,0.00841,58.44,1.2316,4870.47,648.91,0.0,468.72,19.18,20.16,0.00841,59.0,0.5308,2157.31,624.4,0.0,200.88,19.24,20.03,0.00841,59.1,1.1983,4805.65,653.15,0.0,539.06,20.85,21.69,0.00841,54.66,0.5308,1587.22,629.79,0.0,2414.16,18.69,19.39,0.00841,62.3,2.2666,8908.59,679.07,0.0,199.22,7352.47,0.0,2196.4,3601115.28,8603192.14,8603192.14,20070325.09
186,0,30,25.58,77.04,25.55,77.1,0.2769,492.51,19.62,59.29,0.2769,640.15,19.38,60.57,5.758,666.19,19.53,60.44,5.758,645.39,14.76,79.28,5.758,640.04,14.59,78.04,5.758,661.71,14.95,77.03,5.758,648.85,19.25,20.19,0.00837,59.55,1.2316,4870.47,637.16,0.0,459.0,19.42,20.09,0.00837,58.35,0.5308,2157.31,646.83,0.0,196.69,19.28,20.02,0.00837,58.02,1.1983,4805.65,626.87,0.0,550.79,21.09,21.82,0.00837,53.28,0.5308,1550.61,638.86,0.0,2425.68,18.42,19.37,0.00837,61.82,2.2666,8908.59,663.29,0.0,199.21,7330.56,0.0,2196.4,3609388.08,8574260.99,8574260.99,20063351.98
186,0,45,25.73,74.71,25.51,75.83,0.2769,492.52,19.44,58.18,0.2769,646.85,19.38,58.67,5.758,657.78,19.7,59.73,5.758,630.16,14.75,76.53,5.758,650.31,14.72,77.49,5.758,608.33,14.93,76.78,5.758,628.44,19.04,20.13,0.00834,57.24,1.2316,4870.47,622.76,0.0,459.0,19.18,20.05,0.00834,58.86,0.5308,2157.31,644.29,0.0,196.69,19.32,20.01,0.00835,59.98,1.1983,4805.65,660.33,0.0,550.79,21.19,21.87,0.00834,50.96,0.5308,1560.04,638.1,0.0,2402.4,18.67,19.35,0.00835,61.3,2.2666,8908.59,632.25,0.0,199.21,7301.96,0.0,2196.4,3588553.8,8548523.08,8548523.08,20071837.41
186,1,0,25.65,73.44,25.62,73.49,0.2769,438.43,19.18,57.45,0.2769,620.6,19.28,58.54,5.758,634.48,19.61,60.25,5.758,627.59,14.65,77.14,5.758,611.45,14.7,77.13,5.758,606.41,15.13,76.75,5.758,620.16,19.02,20.09,0.00831,58.92,1.2316,4870.47,615.66,0.0,468.72,19.24,20.01,0.00831,57.63,0.5308,2157.31,633.43,0.0,200.88,19.29,20.0,0.00831,57.59,1.1983,4805.65,609.71,0.0,562.5,19.93,21.33,0.00831,56.59,0.5308,2157.31,618.8,0.0,0.0,18.72,19.34,0.00831,62.69,2.2666,8908.59,598.22,0.0,199.22,7152.19,0.0,2196.4,1450014.48,8470278.73,8470278.73,20609380.24
186,1,15,25.7,74.25,25.5,72.41,0.2769,466.75,19.18,57.45,0.2769,637.1,19.34,60.0,5.758,619.83,19.68,60.45,5.758,631.81,14.57,77.67,5.758,641.05,14.55,74.94,5.758,608.06,15.11,76.94,5.758,625.88,19.18,20.05,0.00828,56.88,1.2316,4870.47,622.72,0.0,468.72,19.2,19.97,0.00828,57.79,0.5308,2157.31,609.69,0.0,200.88,19.13,19.98,0.00828,60.81,1.1983,4805.65,618.98,0.0,562.5,19.57,20.68,0.00828,58.18,0.5308,2157.31,620.91,0.0,0.0,18.55,19.31,0.00828,62.29,2.2666,8908.59,592.22,0.0,199.22,7125.88,0.0,2196.4,1449463.68,8413061.63,8413061.63,20609380.24
186,1,30,25.71,72.43,25.69,70.85,0.2769,454.84,19.1,58.7,0.2769,607.96,19.3,57.33,5.758,655.96,19.76,61.56,5.758,586.66,14.69,77.01,5.758,591.15,14.67,77.23,5.758,599.92,15.03,75.09,5.758,599.09,19.25,20.02,0.00825,58.32,1.2316,4870.47,618.06,0.0,449.28,19.23,19.94,0.00825,58.83,0.5308,2157.31,605.43,0.0,192.53,19.15,19.96,0.00825,58.96,1.1983,4805.65,610.27,0.0,550.79,19.35,20.33,0.00825,58.15,0.5308,2157.31,625.55,0.0,0.0,18.54,19.34,0.00825,60.9,2.2666,8908.59,603.3,0.0,205.08,7080.84,0.0,2196.4,1598351.4,8349520.59,8349520.59,20609380.24
186,1,45,25.74,73.75,25.64,72.57,0.2769,455.01,18.96,59.42,0.2769,624.04,19.32,57.03,5.758,630.4,19.59,61.2,5.758,591.17,14.66,77.25,5.758,599.37,14.57,76.51,5.758,568.03,15.1,75.54,5.758,595.14,19.03,19.99,0.00822,56.32,1.2316,4870.47,615.56,0.0,449.16,19.03,19.92,0.00822,57.78,0.5308,2157.31,623.92,0.0,192.5,19.22,19.94,0.00823,56.11,1.1983,4805.65,607.77,0.0,550.79,19.17,20.13,0.00822,59.27,0.5308,2157.31,613.7,0.0,0.0,18.56,19.34,0.00823,59.47,2.2666,8908.59,595.67,0.0,199.22,7051.79,0.0,2196.4,1593070.2,8323367.83,8323367.83,20609380.24
186,2,0,25.52,71.86,25.49,71.89,0.2769,464.31,19.2,56.24,0.2769,603.41,19.15,57.34,5.758,628.0,19.4,58.74,5.758,605.56,14.65,78.58,5.758,580.52,14.57,79.18,5.758,592.4,14.83,73.77,5.758,605.33,19.1,19.96,0.00821,57.4,1.2316,4870.47,601.79,0.0,449.28,19.35,19.9,0.0082,56.85,0.5308,2157.31,594.66,0.0,192.53,18.9,19.93,0.00821,58.78,1.1983,4805.65,605.13,0.0,550.79,18.97,19.97,0.0082,58.42,0.5308,2157.31,613.16,0.0,0.0,18.5,19.33,0.00821,61.35,2.2666,8908.59,581.79,0.0,199.22,7020.0,0.0,2196.4,1593751.68,8294762.78,8294762.78,20609380.24
186,2,15,25.48,71.68,25.32,71.96,0.2769,477.29,19.19,58.06,0.2769,582.82,19.08,59.15,5.758,615.79,19.58,58.93,5.758,629.3,14.91,75.62,5.758,610.44,14.72,76.35,5.758,565.5,15.07,75.47,5.758,580.61,18.98,19.94,0.00818,57.03,1.2316,4870.47,558.44,0.0,449.16,19.15,19.88,0.00818,57.71,0.5308,2157.31,595.0,0.0,192.5,19.04,19.91,0.00818,57.84,1.1983,4805.65,605.29,0.0,550.78,18.78,19.87,0.00818,59.92,0.5308,2157.31,574.83,0.0,35.16,18.44,19.32,0.00818,60.19,2.2666,8908.59,594.02,0.0,199.22,6974.06,0.0,2196.4,1624681.8,8253414.94,8253414.94,20609380.24
186,2,30,25.4,71.09,25.27,70.64,0.2769,470.32,19.38,56.81,0.2769,584.68,19.18,57.37,5.758,590.8,19.48,59.5,5.758,579.92,14.73,75.46,5.758,575.99,14.58,76.34,5.758,592.23,15.0,75.2,5.758,560.3,19.07,19.92,0.00814,58.87,1.2316,4870.47,589.07,0.0,478.56,19.31,19.87,0.00814,56.69,0.5308,2157.31,589.71,0.0,205.08,19.09,19.89,0.00814,58.16,1.1983,4805.65,580.93,0.0,562.5,20.59,20.35,0.00814,50.53,0.5308,2157.31,578.95,0.0,2414.04,18.6,19.26,0.00814,59.7,2.2666,8908.59,555.79,0.0,199.22,6964.94,0.0,2196.4,3636604.08,8216590.64,8216590.64,20609380.24
186,2,45,25.15,68.2,24.99,69.39,0.2769,483.36,19.36,57.35,0.2769,619.63,19.23,58.39,5.758,611.17,19.54,55.98,5.758,551.8,14.75,75.11,5.758,556.89,14.57,75.49,5.758,581.46,15.05,73.5,5.758,556.93,19.07,19.92,0.0081,58.32,1.2316,4870.47,577.58,0.0,488.28,19.17,19.87,0.0081,56.74,0.5308,2157.31,580.02,0.0,209.26,19.15,19.89,0.00811,59.8,1.1983,4805.65,583.67,0.0,562.5,20.98,21.15,0.0081,51.82,0.5308,1928.13,582.91,0.0,2449.2,18.74,19.24,0.00811,60.19,2.2666,8908.59,558.92,0.0,199.22,6953.45,0.0,2196.4,3705886.08,8223443.66,8223443.66,20304826.88
186,3,0,24.97,66.46,25.19,67.22,0.2769,468.26,19.2,57.83,0.2769,585.2,19.31,58.13,5.758,582.37,19.54,58.12,5.758,568.29,14.64,75.22,5.758,567.1,14.49,75.55,5.758,573.66,15.11,74.37,5.758,580.25,19.13,19.91,0.00807,58.19,1.2316,4870.47,578.92,0.0,478.56,19.04,19.86,0.00807,56.73,0.5308,2157.31,573.26,0.0,205.08,19.1,19.88,0.00807,56.79,1.1983,4805.65,565.09,0.0,562.5,21.15,21.42,0.00807,51.48,0.5308,1825.02,562.53,0.0,2414.16,18.56,19.24,0.00807,58.67,2.2666,8908.59,574.83,0.0,199.21,6942.87,0.0,2196.4,3636810.36,8225340.82,8225340.82,20310322.8
186,3,15,25.07,67.28,24.82,66.45,0.2769,484.74,19.17,56.02,0.2769,567.09,19.26,57.58,5.758,556.42,19.55,58.07,5.758,570.57,14.75,76.65,5.758,559.62,14.56,73.58,5.758,562.64,14.8,73.47,5.758,552.57,19.13,19.91,0.00804,56.9,1.2316,4870.47,558.69,0.0,488.28,19.11,19.85,0.00804,54.6,0.5308,2157.31,548.11,0.0,209.27,19.15,19.88,0.00804,57.62,1.1983,4805.65,562.84,0.0,562.5,19.82,21.02,0.00804,57.07,0.5308,2157.31,558.73,0.0,0.0,18.63,19.24,0.00804,60.3,2.2666,8908.59,552.09,0.0,199.21,6824.29,0.0,2196.4,1501607.16,8175760.38,8175760.38,20609380.24
186,3,30,24.89,69.09,24.89,69.71,0.2769,456.05,19.12,55.55,0.2769,567.04,19.27,56.07,5.758,571.85,19.52,57.57,5.758,592.51,14.69,76.01,5.758,568.34,14.59,74.77,5.758,568.11,15.12,72.71,5.758,545.13,19.08,19.9,0.00802,55.14,1.2316,4870.47,567.35,0.0,449.28,19.05,19.84,0.00802,57.36,0.5308,2157.31,527.86,0.0,192.52,19.09,19.87,0.00802,56.1,1.1983,4805.65,577.66,0.0,562.5,19.22,20.42,0.00802,57.24,0.5308,2157.31,556.76,0.0,0.0,18.74,19.23,0.00802,60.37,2.2666,8908.59,541.71,0.0,199.21,6824.92,0.0,2196.4,1449442.08,8137541.17,8137541.17,20609380.24
186,3,45,24.95,70.75,25.08,71.12,0.2769,458.07,19.14,56.99,0.2769,560.97,18.93,56.96,5.758,547.16,19.6,57.25,5.758,545.53,14.5,73.96,5.758,571.37,14.54,73.81,5.758,527.72,15.03,72.35,5.758,520.7,18.78,19.88,0.008,57.57,1.2316,4870.47,543.33,0.0,449.16,19.04,19.82,0.008,57.21,0.5308,2157.31,534.26,0.0,192.53,19.23,19.86,0.008,57.64,1.1983,4805.65,543.07,0.0,562.5,19.08,20.12,0.008,57.23,0.5308,2157.31,572.1,0.0,0.0,18.62,19.22,0.008,58.55,2.2666,8908.59,561.36,0.0,199.21,6792.63,0.0,2196.4,1449462.6,8090126.71,8090126.71,20609380.24
186,4,0,24.88,69.0,24.94,69.37,0.2769,493.11,18.99,54.86,0.2769,536.58,19.21,57.96,5.758,543.81,19.56,60.02,5.758,542.9,14.61,76.66,5.758,530.56,14.55,74.39,5.758,565.36,15.1,74.29,5.758,560.78,18.99,19.87,0.00799,55.48,1.2316,4870.47,539.71,0.0,449.16,18.99,19.81,0.00799,55.53,0.5308,2157.31,563.57,0.0,192.52,19.04,19.85,0.00799,60.03,1.1983,4805.65,544.52,0.0,562.5,18.99,19.94,0.00799,57.58,0.5308,2157.31,552.65,0.0,0.0,18.56,19.21,0.00799,58.16,2.2666,8908.59,546.11,0.0,199.22,6773.11,0.0,2196.4,1450122.48,8072559.95,8072559.95,20609380.24
186,4,15,24.85,69.54,24.92,70.6,0.2769,456.0,19.16,57.79,0.2769,555.59,18.95,55.59,5.758,551.25,19.27,58.07,5.758,550.75,14.7,75.82,5.758,545.26,14.61,76.37,5.758,538.86,15.09,75.29,5.758,532.33,19.12,19.85,0.00799,56.12,1.2316,4870.47,554.23,0.0,449.28,19.19,19.8,0.00799,58.32,0.5308,2157.31,550.44,0.0,192.53,19.07,19.84,0.00799,54.82,1.1983,4805.65,526.26,0.0,562.5,19.12,19.82,0.00799,58.12,0.5308,2157.31,527.28,0.0,0.0,18.53,19.2,0.00799,57.19,2.2666,8908.59,538.46,0.0,199.22,6759.99,0.0,2196.4,1449474.48,8060751.36,8060751.36,20609380.24
186,4,30,25.12,70.33,24.91,72.01,0.2769,473.72,18.95,56.49,0.2769,544.14,19.22,57.89,5.758,562.41,19.49,55.9,5.758,542.05,14.45,74.38,5.758,582.91,14.66,73.77,5.758,539.89,15.12,72.98,5.758,546.1,19.15,19.88,0.008,57.8,1.2316,4870.47,549.1,0.0,449.28,19.16,19.92,0.008,56.59,0.5308,2157.31,540.23,0.0,192.53,19.24,20.07,0.008,59.59,1.1983,4805.65,544.88,0.0,562.5,19.01,19.76,0.008,58.9,0.5308,2157.31,556.19,0.0,0.0,18.47,19.19,0.008,58.42,2.2666,8908.59,544.93,0.0,199.22,6749.24,0.0,2196.4,1424320.2,8051080.09,8051080.09,20609380.24
186,4,45,24.95,73.58,24.91,72.16,0.2769,451.06,18.97,56.4,0.2769,534.82,19.07,57.94,5.758,540.75,19.42,56.59,5.758,564.84,14.61,76.27,5.758,559.65,14.67,75.5,5.758,545.55,14.97,73.6,5.758,526.18,19.02,19.93,0.00801,58.4,1.2316,4870.47,537.85,0.0,449.16,19.35,20.24,0.00801,56.7,0.5308,2157.31,544.6,0.0,192.52,19.44,20.64,0.00801,56.74,1.1983,4805.65,572.57,0.0,550.79,18.92,19.75,0.00801,57.92,0.5308,2157.31,551.81,0.0,23.4,18.45,19.19,0.00801,60.64,2.2666,8908.59,547.82,0.0,199.22,6747.39,0.0,2196.4,1434839.4,8049411.19,8049411.19,20609380.24
186,5,0,24.87,73.19,24.95,75.18,0.2769,501.67,19.41,56.79,0.2769,545.68,19.17,57.65,5.758,531.01,19.65,56.0,5.758,543.38,14.66,76.47,5.758,521.74,14.65,74.82,5.758,523.68,15.02,74.57,5.758,528.21,19.02,19.99,0.00803,58.07,1.2316,4870.47,537.13,0.0,449.16,19.2,20.66,0.00803,55.6,0.5308,2157.31,540.98,0.0,192.53,19.55,21.27,0.00803,55.22,1.1983,4805.65,533.82,0.0,550.79,20.6,20.35,0.00803,48.45,0.5308,2157.31,523.72,0.0,2425.8,18.65,19.2,0.00803,57.53,2.2666,8908.59,538.98,0.0,205.08,6996.96,0.0,2196.4,3602173.68,8171527.68,8171527.68,20609380.24
186,5,15,24.7,76.26,24.86,74.83,0.2769,443.34,19.37,57.48,0.2769,528.19,19.41,55.04,5.758,548.1,19.64,57.95,5.758,534.37,14.5,75.34,5.758,536.22,14.64,74.34,5.758,547.03,15.19,74.36,5.758,537.73,19.13,20.08,0.00804,57.9,1.2316,4870.47,541.92,0.0,449.28,19.91,21.2,0.00804,55.69,0.5308,2157.31,525.61,0.0,192.52,19.98,21.98,0.00804,52.02,1.1983,4805.65,533.54,0.0,550.78,20.76,21.23,0.00804,50.96,0.5308,1960.81,579.91,0.0,2367.12,18.53,19.25,0.00804,59.41,2.2666,8908.59,510.31,0.0,205.08,7000.65,0.0,2196.4,3549545.28,8241218.47,8241218.47,20329834.64
186,5,30,24.56,76.62,24.44,77.63,0.2769,463.38,19.57,57.15,0.2769,539.98,19.53,56.38,5.758,551.48,19.88,58.18,5.758,512.54,14.59,77.14,5.758,540.4,14.64,75.3,5.758,521.03,15.01,75.12,5.758,533.18,19.17,20.18,0.00805,57.1,1.2316,4870.47,548.87,0.0,449.28,19.88,21.75,0.00805,53.17,0.5308,2157.31,536.89,0.0,192.53,20.28,22.58,0.00806,52.14,1.1983,4805.65,513.49,0.0,562.5,20.41,22.56,0.00805,53.01,0.5308,2157.31,515.4,0.0,0.0,18.57,19.31,0.00805,60.31,2.2666,8908.59,535.55,0.0,199.22,7178.33,0.0,2196.4,3597626.88,8377587.37,8377587.37,20609380.24
186,5,45,24.11,78.2,24.32,78.49,0.2769,457.13,19.76,56.77,0.2769,561.91,19.71,57.68,5.758,532.72,19.9,56.77,5.758,518.16,14.65,77.25,5.758,534.95,14.72,75.14,5.758,532.59,14.79,73.63,5.758,541.96,19.13,20.26,0.00807,56.86,1.2316,4870.47,523.78,0.0,439.56,20.45,22.42,0.00807,53.43,0.5308,2157.31,537.04,0.0,188.35,20.7,23.26,0.00807,52.56,1.1983,4805.65,521.2,0.0,562.5,19.61,21.28,0.00807,56.36,0.5308,2157.31,518.48,0.0,0.0,18.45,19.38,0.00807,60.61,2.2666,8908.59,531.7,0.0,199.22,7166.5,0.0,2196.4,1412592.48,8419299.3,8419299.3,20609380.24
186,6,0,23.84,79.77,23.88,79.97,0.2769,483.11,19.5,55.16,0.2769,524.57,19.54,56.82,5.758,500.56,19.75,56.89,5.758,541.79,14.62,75.8,5.758,531.82,14.55,76.34,5.758,520.93,14.83,73.82,5.758,504.84,19.03,20.36,0.00807,55.6,1.2316,4870.47,530.64,0.0,439.44,20.64,23.22,0.00807,53.69,0.5308,2157.31,522.53,0.0,188.33,20.65,23.97,0.00807,50.39,1.1983,4805.65,489.86,0.0,562.5,19.34,20.91,0.00807,57.31,0.5308,2157.31,529.06,0.0,0.0,18.78,19.44,0.00807,59.22,2.2666,8908.59,533.7,0.0,199.22,7186.71,0.0,2196.4,1412344.08,8431887.17,8431887.17,20609380.24
186,6,15,24.15,77.63,24.37,77.07,0.2769,494.91,19.67,53.85,0.2769,492.71,19.72,55.21,5.758,516.76,19.97,58.52,5.758,529.15,14.53,76.98,5.758,516.1,14.85,75.07,5.758,517.29,15.07,74.79,5.758,498.97,19.14,20.48,0.00808,55.02,1.2316,4870.47,476.46,0.0,449.28,20.81,24.09,0.00808,50.81,0.5308,1960.04,506.34,0.0,192.52,21.29,24.62,0.00808,52.28,1.1983,4243.29,512.68,0.0,550.78,19.36,20.77,0.00808,56.75,0.5308,2157.31,517.06,0.0,0.0,18.65,19.5,0.00808,59.12,2.2666,8908.59,502.57,0.0,199.22,7251.61,0.0,2196.4,1414536.48,8503206.6,8503206.6,19925717.66
186,6,30,24.81,76.68,24.78,77.33,0.2769,481.02,19.56,55.68,0.2769,504.08,19.75,55.96,5.758,505.29,19.97,56.95,5.758,520.57,14.63,75.18,5.758,505.71,14.48,76.12,5.758,522.48,14.97,73.7,5.758,522.54,19.2,20.62,0.0081,56.38,1.2316,4870.47,530.01,0.0,449.28,21.04,24.94,0.0081,51.68,0.5308,1525.87,536.26,0.0,192.52,21.19,25.13,0.0081,50.9,1.1983,3725.68,525.2,0.0,550.78,19.22,20.74,0.0081,57.15,0.5308,2157.31,514.0,0.0,0.0,18.74,19.61,0.0081,59.09,2.2666,8908.59,530.48,0.0,199.22,7319.63,0.0,2196.4,1624240.08,8564431.19,8564431.19,19069115.41
186,6,45,25.25,75.25,25.14,74.66,0.2769,449.61,19.75,54.98,0.2769,512.88,19.72,56.49,5.758,541.66,20.1,56.58,5.758,533.4,14.55,76.07,5.758,503.63,14.72,77.01,5.758,487.37,14.85,73.33,5.758,519.71,19.46,20.76,0.00812,57.68,1.2316,4870.47,531.7,0.0,439.56,21.08,25.54,0.00812,49.85,0.5308,1245.99,550.36,0.0,188.35,21.2,25.33,0.00812,50.47,1.1983,3544.89,539.39,0.0,550.78,19.54,20.76,0.00812,57.74,0.5308,2157.31,516.19,0.0,0.0,18.73,19.69,0.00812,59.24,2.2666,8908.59,498.35,0.0,199.22,7402.39,0.0,2196.4,1606376.88,8638909.48,8638909.48,18654519.37
186,7,0,25.56,73.52,25.69,74.04,0.2769,458.57,20.05,54.12,0.2769,508.99,20.06,54.79,5.758,491.22,20.46,56.56,5.758,506.17,14.63,76.21,5.758,517.37,14.58,77.02,5.758,512.93,15.02,74.54,5.758,497.13,19.34,20.91,0.00815,58.32,1.2316,4870.47,512.71,0.0,439.44,21.22,26.05,0.00815,51.99,0.5308,971.99,516.87,0.0,188.33,21.04,25.42,0.00815,50.88,1.1983,3463.82,523.13,0.0,550.78,20.67,21.39,0.00815,50.2,0.5308,1879.53,502.4,0.0,2437.44,18.83,19.76,0.00815,60.48,2.2666,8908.59,484.19,0.0,199.22,7630.86,0.0,2196.4,3800051.28,8774454.08,8774454.08,18028881.79
186,7,15,25.9,74.01,26.06,72.2,0.2769,470.06,20.04,55.8,0.2769,518.76,20.07,55.83,5.758,499.82,20.17,56.24,5.758,497.8,14.75,77.86,5.758,493.9,14.58,77.32,5.758,507.54,14.93,75.71,5.758,534.98,19.48,21.06,0.00818,57.78,1.2316,4870.47,524.53,0.0,449.28,21.1,26.51,0.00818,51.05,0.5308,697.71,524.17,0.0,192.5,21.13,25.44,0.00819,49.45,1.1983,3454.79,526.03,0.0,550.79,21.24,22.21,0.00818,52.71,0.5308,1196.46,467.89,0.0,2379.0,18.81,19.84,0.00819,60.04,2.2666,8908.59,511.17,0.0,199.22,7666.51,0.0,2196.4,3734819.28,8876617.52,8876617.52,17215207.68
186,7,30,26.13,72.96,26.01,71.35,0.2769,485.43,20.04,55.66,0.2769,484.29,20.09,53.87,5.758,509.28,20.26,55.94,5.758,518.49,14.53,78.4,5.758,501.39,14.66,78.49,5.758,516.03,14.95,74.51,5.758,521.14,19.58,21.34,0.00822,55.19,1.2316,4870.47,503.98,0.0,468.72,21.08,27.01,0.00822,52.4,0.5308,397.74,528.01,0.0,200.89,21.07,25.4,0.00822,51.64,1.1983,3506.87,500.01,0.0,585.94,20.15,21.99,0.00822,55.32,0.5308,2157.31,509.18,0.0,0.0,18.63,19.85,0.00822,61.0,2.2666,8908.59,495.0,0.0,199.22,7763.62,0.0,2196.4,1998557.28,8959188.5,8959188.5,17856407.43
186,7,45,26.47,74.2,26.31,71.53,0.2825,471.13,19.95,55.35,0.2825,508.3,20.06,54.2,5.8734,490.33,20.45,56.41,5.8734,507.87,14.9,77.34,5.8734,493.68,14.6,76.18,5.8734,508.4,15.18,76.27,5.8734,508.26,19.55,21.54,0.00826,56.83,1.347,4870.47,498.31,1.0,478.44,21.17,27.33,0.00825,51.9,0.5308,208.61,515.97,0.0,205.08,21.05,25.24,0.00825,53.21,1.1983,3729.89,517.62,0.0,574.22,19.81,21.66,0.00825,57.19,0.5308,2157.31,480.18,0.0,0.0,18.84,19.89,0.00825,58.9,2.2666,8908.59,480.25,0.0,199.22,7901.98,0.0,2281.9,2001096.36,9160416.09,9160416.09,17887156.87
186,8,0,26.71,72.21,26.85,70.82,0.2769,461.52,20.14,54.15,0.2769,506.61,19.91,54.25,5.758,505.92,20.36,55.48,5.758,499.26,14.6,77.05,5.758,508.71,14.69,78.81,5.758,511.53,14.91,77.43,5.758,524.38,19.71,21.66,0.00828,56.35,1.2316,4870.47,499.13,0.0,478.44,21.1,27.56,0.00827,50.18,0.5308,84.17,508.4,0.0,205.07,21.28,25.03,0.00827,53.61,1.1983,4006.93,476.39,0.0,585.94,19.8,21.59,0.00827,57.14,0.5308,2157.31,502.76,0.0,0.0,18.96,19.93,0.00827,60.82,2.2666,8908.59,493.67,0.0,205.08,7814.18,0.0,2196.4,2017014.48,9009519.77,9009519.77,18024712.85
186,8,15,27.18,70.52,27.19,71.04,0.288,462.61,20.05,55.92,0.288,513.62,20.17,54.93,5.9888,497.76,20.42,56.32,5.9888,504.35,14.58,79.13,5.9888,516.31,14.62,76.85,5.9888,514.24,15.23,76.52,5.9888,501.65,20.21,21.84,0.00831,55.23,1.2316,4870.47,502.29,0.0,468.84,21.1,27.74,0.00831,52.67,0.5308,0.0,497.48,0.0,200.9,20.76,24.81,0.00832,53.4,1.4291,4805.65,513.55,2.0,574.22,19.66,21.6,0.00831,56.9,0.5308,2157.31,504.49,0.0,0.0,19.0,19.95,0.00831,60.41,2.2666,8908.59,506.04,0.0,205.08,8048.35,0.0,2368.95,1993956.48,9375565.31,9375565.31,18667805.09
186,8,30,27.48,68.34,27.45,66.87,0.2936,451.92,20.22,54.19,0.2936,497.27,20.2,55.14,6.1042,536.77,20.56,56.22,6.1042,507.8,14.52,78.19,6.1042,515.8,14.65,80.57,6.1042,521.7,14.94,79.28,6.1042,473.2,20.18,22.34,0.00834,54.2,1.2316,4870.47,506.54,0.0,1201.08,21.46,28.17,0.00834,52.11,0.5308,0.0,503.96,0.0,514.78,20.33,24.47,0.00836,56.52,1.5445,4805.65,530.02,3.0,574.22,19.71,21.64,0.00834,55.36,0.5308,2157.31,502.99,0.0,0.0,18.86,20.04,0.00834,60.32,2.2666,8908.59,524.04,0.0,199.22,8310.4,0.0,2457.53,4126550.4,9665023.79,9665023.79,18667805.09
186,8,45,27.99,65.76,27.98,66.61,0.2825,469.06,20.39,55.84,0.2825,492.89,20.2,54.91,5.8734,515.09,20.52,56.29,5.8734,513.51,14.68,77.79,5.8734,503.39,14.39,78.41,5.8734,520.37,15.1,76.84,5.8734,499.04,20.56,22.71,0.00835,54.97,1.2316,4870.47,525.7,0.0,1210.92,21.83,28.47,0.00835,51.72,0.5308,0.0,500.75,0.0,518.99,20.44,23.99,0.00837,55.11,1.3137,4805.65,508.84,1.0,585.94,19.95,21.7,0.00835,54.5,0.5308,2157.31,512.09,0.0,0.0,18.9,20.08,0.00835,59.88,2.2666,8908.59,480.84,0.0,199.21,8147.64,0.0,2281.9,4149716.4,9386589.75,9386589.75,18667805.09
186,9,0,28.37,66.91,28.27,64.65,0.3158,466.48,20.47,55.21,0.3158,502.18,20.3,55.55,6.5658,504.02,20.81,56.72,6.5658,487.7,14.52,77.6,6.5658,540.32,14.59,79.58,6.5658,500.64,14.99,77.75,6.5658,502.6,19.51,23.01,0.00846,59.56,1.924,4870.47,513.04,6.0,1201.2,21.68,28.61,0.00843,50.53,0.5308,0.0,509.36,0.0,514.8,20.64,23.75,0.00844,54.35,1.3137,4805.65,512.25,1.0,585.94,20.65,22.33,0.00843,54.3,0.5308,1353.06,524.01,0.0,2414.04,18.97,20.12,0.00843,61.32,2.2666,8908.59,510.39,0.0,199.21,8903.82,0.0,2827.11,6309836.28,10542971.29,10542971.29,17903554.36
186,9,15,28.66,63.76,28.52,64.06,0.3405,473.18,20.2,56.84,0.3405,533.93,20.38,55.03,7.0788,533.08,20.53,56.46,7.0788,517.05,14.5,81.91,7.0788,520.44,14.54,82.54,7.0788,539.59,14.95,79.75,7.0788,485.46,19.09,23.0,0.00863,60.73,2.3518,4870.47,551.56,27.0,1201.2,21.67,28.65,0.00851,51.72,0.5308,0.0,498.84,0.0,514.79,20.48,23.5,0.00852,56.29,1.3137,4805.65,539.35,1.0,574.21,21.1,22.99,0.00851,53.32,0.5308,961.88,532.04,0.0,2414.16,18.74,20.16,0.00851,60.99,2.3518,8908.59,535.19,1.0,199.21,9364.0,0.0,3266.12,6299370.0,11379387.42,11379387.42,17510500.12
186,9,30,28.69,60.63,28.82,63.87,0.3516,463.65,20.55,56.89,0.3516,561.41,20.55,54.95,7.3096,584.13,21.05,54.97,7.3096,552.14,14.69,80.58,7.3096,551.45,14.51,82.08,7.3096,558.52,14.93,79.58,7.3096,561.76,20.09,24.13,0.00876,60.19,2.3518,4870.47,624.95,31.0,3222.72,22.63,29.52,0.00861,50.6,0.5308,0.0,527.87,0.0,1381.14,20.42,23.27,0.00862,58.63,1.3137,4805.65,558.65,1.0,609.38,19.8,24.2,0.00864,59.09,0.7616,2157.31,571.02,2.0,0.0,19.07,20.34,0.00861,63.12,2.3518,8908.59,561.24,1.0,404.29,9961.02,0.0,3473.24,13121224.56,11921063.49,11921063.49,18667805.09
186,9,45,29.17,63.82,29.16,62.34,0.3793,479.31,20.27,57.94,0.3793,566.09,20.46,57.28,7.8866,574.32,20.81,56.75,7.8866,585.09,14.52,81.71,7.8866,581.89,14.45,84.13,7.8866,606.22,15.03,80.22,7.8866,593.8,20.14,24.79,0.00885,59.72,2.3518,4870.47,609.07,30.0,3232.44,22.86,30.02,0.00869,49.92,0.5308,0.0,565.15,0.0,1385.34,19.38,23.16,0.00872,60.79,1.8907,4805.65,595.51,6.0,621.1,19.52,22.81,0.00872,62.58,0.7616,2157.31,597.59,2.0,0.0,19.15,20.48,0.0087,62.2,2.3518,8908.59,542.52,2.0,404.3,11086.74,0.0,4016.69,11007968.04,13557410.07,13557410.07,18667805.09
186,10,0,29.42,61.66,29.35,59.76,0.3516,482.48,20.35,57.14,0.3516,585.2,20.39,57.96,7.3096,596.35,20.84,58.42,7.3096,599.25,14.59,83.87,7.3096,570.08,14.45,83.2,7.3096,581.49,15.02,82.44,7.3096,599.21,20.37,25.14,0.00891,58.96,2.3518,4870.47,645.29,31.0,3232.44,23.09,30.16,0.00875,49.56,0.5308,0.0,573.95,0.0,1385.33,19.51,22.66,0.00878,59.4,1.4291,4805.65,624.03,2.0,621.1,19.44,22.37,0.00877,61.42,0.6462,2157.31,597.04,1.0,0.0,19.26,20.56,0.00876,63.35,2.3518,8908.59,563.75,2.0,404.29,10091.73,0.0,3473.24,11013885.36,12208469.16,12208469.16,18667805.09
186,10,15,29.92,59.77,29.92,59.23,0.3627,508.31,20.53,56.77,0.3627,653.97,20.44,58.81,7.5404,636.85,20.84,57.03,7.5404,625.51,14.35,82.9,7.5404,602.99,14.55,85.38,7.5404,639.61,14.84,81.22,7.5404,626.6,20.46,25.43,0.00895,61.28,2.3518,4870.47,710.11,30.0,3222.6,22.95,30.12,0.00879,49.42,0.5308,0.0,622.7,0.0,1381.13,20.2,22.65,0.0088,60.18,1.3137,4805.65,608.35,1.0,609.37,18.64,22.34,0.00883,63.9,0.9924,2157.31,636.94,4.0,0.0,19.22,20.62,0.00881,62.14,2.3518,8908.59,594.4,3.0,404.29,10899.01,0.0,3686.24,10984758.84,13041050.24,13041050.24,18667805.09
186,10,30,30.43,58.79,30.33,59.27,0.3849,483.13,20.37,59.43,0.3849,652.25,20.46,57.75,8.002,641.87,20.97,58.77,8.002,619.53,14.55,83.78,8.002,642.57,14.56,83.06,8.002,619.19,15.12,82.13,8.002,640.91,20.34,25.54,0.00898,58.97,2.3518,4870.47,707.45,31.0,2460.96,22.58,29.77,0.00882,52.61,0.5308,0.0,600.64,0.0,1054.69,19.42,22.83,0.00884,60.4,1.6599,4805.65,647.28,4.0,621.1,18.36,22.03,0.00885,66.94,1.1078,2157.31,636.15,5.0,0.0,19.22,20.79,0.00884,63.01,2.3518,8908.59,664.13,7.0,603.5,11962.82,0.0,4129.73,9929003.76,14472119.67,14472119.67,18667805.09
186,10,45,30.56,55.7,30.45,57.68,0.3587,495.24,20.32,58.89,0.3587,636.23,20.32,58.25,7.4588,643.88,20.95,59.14,7.4588,649.24,14.58,82.73,7.4588,657.16,14.66,85.6,7.4588,630.52,15.11,80.08,7.4588,618.66,20.96,25.42,0.00888,56.93,1.4624,3953.98,666.16,2.0,2460.84,22.41,29.27,0.00884,52.7,0.5308,0.0,640.34,0.0,1054.68,19.16,22.68,0.00887,63.32,2.0061,4805.65,644.98,7.0,621.1,19.44,22.38,0.00887,59.55,1.1078,2157.31,681.12,5.0,2367.12,19.21,20.91,0.00887,61.44,2.3518,8908.59,656.38,8.0,609.38,11012.0,0.0,3610.29,12069305.64,13087353.59,13087353.59,17865048.92
186,11,0,31.24,56.69,31.14,57.21,0.3643,488.84,20.47,58.06,0.3643,663.38,20.67,58.08,7.5742,661.62,20.94,57.84,7.5742,648.44,14.58,83.56,7.5742,618.29,14.52,86.43,7.5742,661.91,15.09,80.8,7.5742,641.2,21.25,25.9,0.00885,55.7,1.4624,3027.73,652.93,2.0,2460.84,22.12,28.76,0.00885,50.91,0.5308,0.0,651.36,0.0,1054.68,18.92,22.47,0.00888,62.68,2.0061,4805.65,660.43,7.0,621.1,19.49,22.89,0.00889,62.21,1.2232,2157.31,650.04,6.0,2437.56,19.34,20.98,0.00889,63.37,2.3518,8908.59,660.02,9.0,603.52,11363.31,0.0,3717.95,12122711.64,13573131.19,13573131.19,17009342.84
186,11,15,31.0,54.65,30.99,57.43,0.3532,499.02,20.45,57.82,0.3532,644.76,20.35,58.18,7.3434,681.28,20.87,58.7,7.3434,652.59,14.58,83.68,7.3434,663.07,14.65,85.24,7.3434,663.98,14.99,80.49,7.3434,705.88,21.08,26.18,0.00885,56.29,1.347,2159.32,662.06,1.0,2460.96,21.9,28.23,0.00885,55.07,0.5308,0.0,659.74,0.0,1054.68,18.88,22.36,0.00888,64.81,2.0061,4805.65,699.33,7.0,621.1,18.37,22.45,0.00889,67.11,1.1078,2157.31,662.86,5.0,0.0,19.33,21.02,0.00889,62.85,2.3518,8908.59,686.51,8.0,603.52,10804.73,0.0,3504.09,9928463.76,12938382.79,12938382.79,16222038.44
186,11,30,31.01,58.35,31.26,55.45,0.3421,509.76,20.45,57.78,0.3421,676.05,20.27,56.57,7.1126,682.23,21.04,58.19,7.1126,644.41,14.82,83.04,7.1126,650.34,14.64,82.87,7.1126,680.15,14.86,82.47,7.1126,640.57,21.1,26.06,0.00886,54.26,1.347,2507.09,645.75,1.0,2187.48,21.51,27.31,0.00885,55.38,0.5308,0.0,635.17,0.0,937.49,19.56,22.26,0.00887,61.59,1.6599,4805.65,660.62,4.0,644.53,18.1,22.04,0.00888,66.82,1.2232,2157.31,695.6,6.0,0.0,19.29,20.95,0.00888,59.94,2.3518,8908.59,714.36,5.0,603.52,10231.06,0.0,3296.11,7879519.08,12212411.07,12212411.07,16540202.73
186,11,45,31.03,55.39,31.02,56.49,0.3421,495.23,20.43,57.4,0.3421,660.6,20.23,57.46,7.1126,656.04,20.53,60.39,7.1126,683.59,14.38,81.84,7.1126,671.24,14.58,84.56,7.1126,621.84,14.97,81.5,7.1126,635.2,21.32,26.27,0.00885,56.02,1.347,2225.1,648.36,1.0,2197.32,21.18,26.6,0.00884,55.79,0.5308,263.35,676.72,0.0,941.69,19.41,22.36,0.00886,61.41,1.6599,4805.65,692.35,4.0,632.81,18.0,21.81,0.00887,67.05,1.2232,2157.31,677.29,6.0,0.0,19.16,20.93,0.00887,63.57,2.3518,8908.59,667.6,7.0,609.37,10141.33,0.0,3296.11,7912557.36,12093693.81,12093693.81,16523995.25
186,12,0,31.08,55.18,31.08,56.44,0.3365,485.67,20.47,57.18,0.3365,673.59,20.59,58.21,6.9972,650.64,21.12,57.14,6.9972,670.19,14.48,83.65,6.9972,658.14,14.62,86.12,6.9972,672.15,14.78,80.53,6.9972,654.81,21.06,26.54,0.00885,55.59,1.5778,3537.85,665.1,3.0,2187.48,21.02,26.07,0.00884,53.05,0.5308,455.02,680.89,0.0,937.5,19.23,22.38,0.00886,61.52,1.6599,4805.65,691.8,4.0,644.53,19.93,22.2,0.00886,60.39,0.877,2157.31,693.61,3.0,2402.28,19.3,20.9,0.00886,61.92,2.3518,8908.59,702.4,4.0,603.52,10277.41,0.0,3194.34,10037090.16,11992786.81,11992786.81,17874404.84
186,12,15,31.69,54.37,31.52,53.33,0.3697,468.05,20.67,56.92,0.3697,684.82,20.6,57.86,7.686,691.2,21.43,57.64,7.686,645.26,14.64,83.09,7.686,675.79,14.35,83.16,7.686,700.45,15.15,82.15,7.686,709.01,20.72,27.11,0.00899,56.8,2.3518,4870.47,725.44,30.0,2187.48,20.88,25.68,0.00884,55.57,0.5308,691.63,704.93,0.0,937.51,19.4,22.41,0.00886,59.62,1.6599,4805.65,710.93,4.0,632.81,20.18,22.99,0.00886,57.43,0.877,2157.31,707.52,3.0,2425.8,19.26,20.86,0.00884,63.98,2.2666,8908.59,662.15,0.0,603.52,11847.59,0.0,3823.62,10052209.08,14035015.05,14035015.05,19292434.82
186,12,30,31.7,53.5,31.47,52.85,0.3919,494.74,20.38,57.99,0.3919,735.6,20.51,58.58,8.1476,743.88,21.09,58.44,8.1476,685.16,14.36,82.31,8.1476,722.88,14.45,84.68,8.1476,723.43,14.88,81.43,8.1476,708.05,21.04,27.34,0.00903,56.78,2.3518,4870.47,812.72,34.0,2548.92,20.81,25.44,0.00885,57.42,0.5308,697.13,719.62,0.0,1092.36,19.1,22.45,0.00887,62.36,1.8907,4805.65,734.2,6.0,703.12,18.72,22.84,0.00889,66.77,1.1078,2157.31,732.58,5.0,0.0,19.29,20.83,0.00885,63.13,2.2666,8908.59,706.97,0.0,615.23,12523.6,0.0,4274.41,8222977.44,15259162.04,15259162.04,19295183.08
186,12,45,31.78,53.2,32.03,53.03,0.4126,483.8,20.4,58.35,0.4126,742.94,20.46,59.1,8.579,744.99,21.04,59.17,8.579,731.41,14.47,84.08,8.579,722.98,14.57,85.18,8.579,719.89,15.0,82.64,8.579,751.49,20.97,27.76,0.00905,57.33,2.3518,4870.47,783.08,35.0,2558.64,21.2,25.27,0.00885,55.07,0.5308,785.49,730.23,0.0,1096.55,18.98,22.38,0.00888,64.74,2.0061,4805.65,719.43,7.0,703.13,18.36,23.78,0.00889,66.54,1.3386,2157.31,743.02,7.0,0.0,19.2,20.84,0.00886,62.82,2.3518,8908.59,693.64,3.0,609.37,13537.6,0.0,4716.41,10371886.92,16475791.13,16475791.13,19374801.67
186,13,0,32.2,51.78,32.24,52.34,0.3904,508.77,20.58,56.83,0.3904,724.89,20.49,58.95,8.1174,776.38,21.13,59.74,8.1174,757.57,14.6,84.73,8.1174,720.85,14.39,82.53,8.1174,765.43,14.87,81.56,8.1174,728.66,21.13,28.08,0.00906,57.18,2.3518,4870.47,824.81,35.0,2548.8,21.23,25.18,0.00886,56.12,0.5308,841.41,748.38,0.0,1092.34,19.32,22.29,0.00888,64.14,1.6599,4805.65,735.9,4.0,703.13,18.6,24.07,0.00889,64.63,1.2232,2157.31,739.59,6.0,0.0,19.24,20.83,0.00888,64.62,2.3518,8908.59,763.97,3.0,615.23,12635.59,0.0,4244.22,10328135.04,15158098.6,15158098.6,19380804.08
186,13,15,32.38,50.94,32.27,52.1,0.3849,505.08,20.44,58.67,0.3849,786.54,20.63,59.8,8.002,777.99,21.2,56.33,8.002,771.4,14.42,83.15,8.002,746.95,14.55,84.2,8.002,770.12,15.05,81.41,8.002,788.62,21.13,28.37,0.00907,57.17,2.3518,4620.47,841.52,35.0,2548.8,21.17,25.13,0.00887,55.28,0.5308,868.88,757.39,0.0,1092.35,19.43,22.44,0.00889,61.95,1.6599,4805.65,774.74,4.0,703.12,19.05,24.48,0.0089,63.0,1.1078,2157.31,769.17,5.0,0.0,19.5,20.91,0.00891,62.44,2.3518,8908.59,771.26,9.0,609.37,12696.36,0.0,4129.73,10358580.24,15050216.57,15050216.57,19186455.34
186,13,30,32.53,51.36,32.64,50.13,0.3793,499.03,20.86,55.14,0.3793,785.58,20.7,56.79,7.8866,778.23,21.28,56.15,7.8866,767.29,14.71,84.84,7.8866,782.53,14.65,83.97,7.8866,796.18,15.04,80.76,7.8866,780.29,21.06,28.38,0.00909,56.85,2.3518,4870.47,861.61,35.0,2226.6,21.1,24.91,0.00889,56.28,0.5308,1115.61,764.91,0.0,954.24,19.55,22.5,0.0089,60.63,1.5445,4805.65,792.33,3.0,621.1,20.43,25.56,0.00892,57.94,1.1078,2157.31,840.22,5.0,2414.04,19.25,20.96,0.00892,63.08,2.3518,8908.59,772.25,7.0,398.44,12872.16,0.0,4016.69,11046465.72,15036862.66,15036862.66,19671774.96
186,13,45,32.6,49.37,32.61,49.65,0.3199,500.72,20.84,56.39,0.3199,807.46,20.79,58.18,6.651,790.47,21.33,55.6,6.651,799.8,14.51,84.69,6.651,775.4,14.43,85.31,6.651,734.43,15.18,81.29,6.651,780.16,21.03,28.19,0.00896,56.39,1.347,0.0,807.0,1.0,2236.32,20.95,24.85,0.0089,54.23,0.5308,1144.38,781.75,0.0,958.44,19.87,22.62,0.00892,61.32,1.4291,4805.65,781.36,2.0,632.81,20.68,26.63,0.00894,56.3,0.9924,1807.4,798.03,4.0,2402.4,19.47,20.98,0.00894,60.75,2.3518,8908.59,781.57,7.0,404.29,10327.99,0.0,2897.97,11084146.92,11850632.98,11850632.98,14839901.21
186,14,0,32.71,49.34,32.88,51.01,0.3254,511.87,20.97,55.79,0.3254,796.03,21.27,56.56,6.7664,794.41,21.61,57.12,6.7664,782.38,14.69,82.73,6.7664,757.41,14.62,82.02,6.7664,760.08,14.92,81.37,6.7664,796.08,21.46,28.27,0.0089,55.6,1.2316,0.0,757.35,0.0,2236.32,21.21,24.82,0.00892,55.05,0.6462,1981.14,773.76,1.0,958.43,19.71,22.77,0.00893,60.57,1.5445,4805.65,799.67,3.0,632.82,21.02,27.47,0.00895,56.31,0.9924,1464.9,801.03,4.0,2402.28,19.4,21.01,0.00895,65.08,2.3518,8908.59,767.62,7.0,404.3,10670.61,0.0,2995.26,11052384.12,12299285.28,12299285.28,15444251.66
186,14,15,32.73,48.29,32.76,50.27,0.3809,490.55,20.57,56.11,0.3809,764.01,20.54,57.53,7.9204,778.02,21.23,56.69,7.9204,769.53,14.52,83.41,7.9204,756.95,14.35,82.48,7.9204,762.92,15.09,82.83,7.9204,780.23,21.1,28.45,0.00891,56.13,1.8086,2754.09,788.42,5.0,2236.32,20.69,24.83,0.00891,56.92,0.7616,2157.31,785.18,2.0,958.44,19.38,22.83,0.00891,60.99,1.7753,4805.65,755.2,5.0,632.81,19.41,26.19,0.00894,63.75,1.2232,2157.31,837.79,6.0,35.16,19.05,21.04,0.00893,62.54,2.3518,8908.59,765.84,7.0,404.3,12626.75,0.0,4049.67,6766458.12,15334977.35,15334977.35,18679852.93
186,14,30,32.72,49.83,32.97,49.07,0.4031,473.58,20.6,56.79,0.4031,796.98,20.67,57.5,8.382,794.36,21.21,58.07,8.382,815.37,14.52,86.03,8.382,787.16,14.38,83.86,8.382,761.5,14.91,79.8,8.382,746.32,21.15,28.93,0.0089,55.72,1.924,2836.74,776.98,6.0,2451.12,20.23,25.19,0.0089,59.72,0.877,2157.31,807.51,3.0,1050.49,19.44,22.73,0.0089,61.59,1.7753,4805.65,785.94,5.0,656.24,18.66,25.66,0.00891,66.27,1.454,2157.31,794.39,8.0,0.0,19.31,20.98,0.00891,62.81,2.3518,8908.59,810.48,6.0,404.29,13512.54,0.0,4512.14,9182234.52,16399750.07,16399750.07,18808003.66
186,14,45,32.72,50.25,32.8,49.73,0.4087,518.8,20.84,57.94,0.4087,761.72,20.7,56.91,8.4974,782.52,21.28,58.0,8.4974,771.04,14.57,85.51,8.4974,799.4,14.36,83.69,8.4974,785.97,14.98,80.65,8.4974,764.21,20.99,29.0,0.00889,57.02,1.924,2757.91,789.77,6.0,2441.52,19.92,25.19,0.00889,59.49,0.9924,2157.31,812.93,4.0,1046.33,19.12,22.69,0.00888,63.55,1.8907,4805.65,801.81,6.0,656.24,19.75,26.01,0.00889,59.11,1.3386,2157.31,800.63,7.0,2402.28,19.26,20.96,0.00889,60.15,2.3518,8908.59,774.28,6.0,404.29,13719.9,0.0,4631.32,11326509.72,16511055.3,16511055.3,18710302.05
186,15,0,32.71,50.31,32.82,47.98,0.392,487.75,20.55,56.8,0.392,798.72,20.63,56.56,8.1512,756.86,21.26,57.54,8.1512,787.18,14.51,84.38,8.1512,767.38,14.42,83.45,8.1512,775.25,15.11,81.49,8.1512,764.71,21.14,28.98,0.00888,56.16,1.924,2773.62,775.5,6.0,2451.12,20.69,25.02,0.00887,58.79,0.7616,2157.31,793.87,2.0,1050.5,19.32,22.58,0.00887,61.57,1.7753,4805.65,802.3,5.0,656.24,19.15,26.12,0.00889,63.81,1.3386,2157.31,808.06,7.0,0.0,19.4,20.94,0.00887,62.01,2.3518,8908.59,764.76,4.0,404.29,12938.61,0.0,4278.04,9181467.72,15501443.53,15501443.53,18722743.76
186,15,15,32.48,48.25,32.64,52.07,0.3865,511.2,20.57,56.42,0.3865,804.76,20.64,58.19,8.0358,796.21,21.34,58.36,8.0358,789.78,14.54,85.33,8.0358,788.42,14.5,84.97,8.0358,780.99,15.07,83.02,8.0358,759.31,21.05,28.89,0.00888,55.26,1.924,2907.05,814.28,6.0,2441.4,20.84,25.24,0.00888,58.07,0.7616,2157.31,790.78,2.0,1046.32,19.18,22.56,0.00887,60.4,1.7753,4805.65,805.03,5.0,656.24,19.48,27.47,0.00888,59.86,1.2232,2157.31,826.49,6.0,0.0,19.22,20.93,0.00887,63.06,2.3518,8908.59,804.81,5.0,404.29,12746.72,0.0,4163.14,11342364.12,15188553.68,15188553.68,18842578.84
186,15,30,32.3,52.09,32.34,50.7,0.3809,475.66,20.7,58.05,0.3809,786.54,20.65,54.6,7.9204,799.87,21.39,56.78,7.9204,771.14,14.29,81.6,7.9204,763.24,14.52,83.21,7.9204,768.87,15.02,80.2,7.9204,785.32,21.0,28.61,0.00888,58.28,1.8086,2365.31,806.83,5.0,2509.8,20.99,25.17,0.00888,57.45,0.7616,2157.31,750.82,2.0,1075.61,19.32,22.54,0.00888,60.91,1.7753,4805.65,771.92,5.0,750.0,20.59,28.83,0.00889,56.91,1.2232,2071.99,767.1,6.0,2449.2,19.29,21.02,0.00888,60.3,2.3518,8908.59,805.47,5.0,603.52,12751.17,0.0,4049.67,13485319.56,15007117.22,15007117.22,17902530.27
186,15,45,31.95,53.83,32.04,52.89,0.4031,499.99,20.8,55.39,0.4031,766.84,20.7,56.16,8.382,823.51,21.21,57.33,8.382,768.59,14.68,83.78,8.382,772.56,14.56,84.39,8.382,771.99,15.15,81.35,8.382,776.15,20.96,28.4,0.00889,57.32,1.924,3464.88,828.56,6.0,2509.8,20.14,25.15,0.0089,59.57,0.9924,2157.31,817.28,4.0,1075.61,19.09,22.51,0.00888,61.49,1.8907,4805.65,792.58,6.0,750.0,20.09,29.29,0.00891,61.92,1.2232,2157.31,804.61,6.0,0.0,19.33,21.07,0.00888,62.45,2.3518,8908.59,795.78,5.0,603.52,13748.04,0.0,4512.14,11292173.28,16486396.18,16486396.18,19344394.6
186,16,0,31.76,52.94,31.65,54.32,0.4198,468.53,20.42,58.48,0.4198,801.88,20.45,58.06,8.7282,761.8,21.05,59.03,8.7282,754.94,14.44,84.2,8.7282,803.16,14.41,83.09,8.7282,773.35,15.15,82.52,8.7282,780.09,21.13,28.09,0.00889,56.82,1.924,3836.07,794.97,6.0,2509.8,19.72,24.77,0.00889,58.7,0.9924,2157.31,790.89,4.0,1075.63,19.17,22.37,0.00888,64.12,1.8907,4805.65,776.66,6.0,738.29,19.16,27.86,0.0089,63.89,1.5694,2157.31,834.42,9.0,0.0,19.36,21.08,0.00888,62.75,2.3518,8908.59,818.14,5.0,609.37,13876.15,0.0,4873.91,9082656.36,17155792.75,17155792.75,19678770.5
186,16,15,31.63,53.62,31.68,55.6,0.4142,465.26,20.45,57.24,0.4142,792.48,20.45,59.29,8.6128,779.51,21.15,58.28,8.6128,793.33,14.59,85.24,8.6128,778.09,14.44,85.17,8.6128,792.59,14.79,82.12,8.6128,767.96,21.11,27.8,0.00889,54.93,1.924,4184.1,808.11,6.0,2509.68,19.87,24.58,0.00889,61.06,0.9924,2157.31,782.6,4.0,1075.61,19.18,22.26,0.00888,62.14,1.8907,4805.65,782.88,6.0,750.0,19.98,27.77,0.00889,59.59,1.454,2157.31,815.32,8.0,2402.28,19.25,21.04,0.00888,62.77,2.3518,8908.59,794.69,4.0,603.52,13714.14,0.0,4751.91,11249957.16,16601615.85,16601615.85,19991645.79
186,16,30,31.79,53.38,31.51,54.89,0.4198,486.84,20.56,57.38,0.4198,806.36,20.55,59.03,8.7282,816.83,21.14,56.95,8.7282,759.54,14.64,83.75,8.7282,761.78,14.32,82.1,8.7282,791.41,15.13,82.53,8.7282,793.72,20.98,27.57,0.00889,55.68,1.924,4033.16,808.29,6.0,3017.64,19.84,24.47,0.00889,59.74,0.9924,2157.31,795.33,4.0,1293.24,19.11,22.15,0.00888,62.07,1.7753,4805.65,783.77,5.0,714.84,19.32,29.02,0.0089,64.12,1.6848,2157.31,811.19,10.0,35.16,19.18,20.94,0.00887,63.21,2.3518,8908.59,769.23,3.0,404.3,13983.45,0.0,4873.91,11522561.04,17016756.81,17016756.81,19855869.74
186,16,45,31.75,53.04,31.88,53.46,0.4198,465.12,20.28,56.93,0.4198,789.25,20.49,58.31,8.7282,783.17,20.91,59.44,8.7282,766.97,14.46,84.34,8.7282,781.01,14.26,82.53,8.7282,789.2,15.08,81.16,8.7282,764.64,21.07,27.3,0.00889,55.56,1.924,4350.42,808.76,6.0,3017.52,19.88,24.38,0.00889,60.83,0.9924,2157.31,775.13,4.0,1293.25,18.99,22.09,0.00888,64.65,1.8907,4805.65,802.5,6.0,703.12,19.08,29.07,0.00889,62.61,1.5694,2157.31,802.55,9.0,0.0,19.27,20.86,0.00887,63.85,2.3518,8908.59,782.47,3.0,404.3,13865.12,0.0,4873.91,11537703.72,16865128.9,16865128.9,20141337.67
186,17,0,31.61,54.78,31.57,55.14,0.4198,471.7,20.5,57.84,0.4198,772.66,20.4,58.9,8.7282,774.96,20.82,57.61,8.7282,785.89,14.42,83.17,8.7282,763.8,14.36,83.1,8.7282,754.52,14.99,81.12,8.7282,776.57,21.18,27.05,0.00889,55.67,1.924,4656.45,791.24,6.0,3017.52,19.75,24.27,0.00889,58.82,0.9924,2157.31,801.16,4.0,1293.25,18.82,21.99,0.00888,63.13,2.0061,4805.65,769.25,7.0,714.84,19.46,29.33,0.00889,60.67,1.454,2157.31,836.94,8.0,0.0,19.02,20.82,0.00887,62.44,2.3518,8908.59,793.65,3.0,404.3,13778.62,0.0,4873.91,11532939.84,16814261.93,16814261.93,20416805.73
186,17,15,31.4,54.69,31.46,53.02,0.4531,464.99,20.3,58.4,0.4531,781.52,20.42,57.45,9.4206,808.37,20.92,59.23,9.4206,789.68,14.52,83.39,9.4206,789.16,14.46,84.07,9.4206,772.91,15.06,81.09,9.4206,789.69,21.21,26.73,0.00887,55.38,1.924,4870.47,795.07,6.0,3017.64,19.45,24.17,0.00888,64.89,1.2232,2157.31,829.55,6.0,1293.24,18.8,21.79,0.00886,67.31,2.1215,4805.65,820.07,8.0,703.12,19.7,30.22,0.00888,57.61,1.8002,2157.31,819.87,11.0,2414.04,19.15,20.79,0.00886,63.87,2.3518,8908.59,777.62,4.0,404.3,15119.17,0.0,5635.17,13674051.72,18729753.16,18729753.16,20609380.24
186,17,30,31.22,54.03,31.17,54.28,0.4475,458.97,20.27,57.31,0.4475,788.3,20.29,58.74,9.3052,785.02,20.76,58.37,9.3052,807.98,14.33,85.54,9.3052,772.54,14.44,84.2,9.3052,792.94,15.03,82.08,9.3052,786.78,21.07,26.14,0.00885,55.13,1.8086,4870.47,796.14,5.0,2529.36,19.01,23.63,0.00886,62.22,1.2232,2157.31,802.07,6.0,1084.0,18.6,21.58,0.00885,64.44,2.1215,4805.65,812.52,8.0,773.44,19.86,30.6,0.00887,59.98,1.8002,2157.31,827.69,11.0,2437.56,19.33,20.88,0.00884,62.88,2.3518,8908.59,801.37,3.0,398.44,14617.65,0.0,5504.84,12908287.44,18110240.35,18110240.35,20609380.24
186,17,45,30.97,53.73,30.82,54.49,0.4253,478.91,19.96,58.66,0.4253,799.0,20.12,58.42,8.8436,767.27,20.62,61.05,8.8436,781.16,14.59,81.55,8.8436,793.18,14.37,85.63,8.8436,783.18,14.95,81.03,8.8436,819.49,21.16,25.64,0.00883,55.71,1.5778,4321.33,789.83,3.0,2538.96,19.15,23.31,0.00884,61.35,1.2232,2157.31,832.19,6.0,1088.16,18.59,21.41,0.00883,65.29,2.0061,4805.65,789.96,7.0,785.16,18.95,28.41,0.00886,62.78,1.6848,2157.31,819.46,10.0,0.0,19.18,20.86,0.00883,60.57,2.3518,8908.59,789.23,3.0,404.29,12806.72,0.0,4997.31,8585240.76,16235615.86,16235615.86,20117094.9
186,18,0,30.49,52.88,30.56,53.78,0.4142,476.84,20.1,59.24,0.4142,814.42,19.98,60.71,8.6128,816.23,20.43,60.27,8.6128,777.13,14.5,83.82,8.6128,794.19,14.55,83.83,8.6128,774.45,14.93,82.09,8.6128,826.12,21.07,25.23,0.0088,54.61,1.2316,2347.31,756.65,0.0,2539.08,18.96,23.08,0.00883,63.9,1.2232,2157.31,783.71,6.0,1088.18,18.58,21.29,0.00882,64.33,2.1215,4805.65,800.24,8.0,785.15,18.78,27.16,0.00883,67.86,1.6848,2157.31,838.62,10.0,0.0,19.18,20.81,0.00881,62.17,2.3518,8908.59,812.12,4.0,404.3,12082.03,0.0,4751.91,8586039.96,15257659.93,15257659.93,18318249.79
186,18,15,30.29,58.56,30.21,57.41,0.3976,470.65,19.81,60.79,0.3976,795.33,19.94,59.06,8.2666,808.8,20.3,59.24,8.2666,804.54,14.47,83.26,8.2666,795.02,14.37,84.63,8.2666,770.58,15.14,80.69,8.2666,804.86,20.93,24.9,0.0088,55.25,1.5778,4870.47,817.88,3.0,2539.08,18.94,22.88,0.00882,64.02,1.2232,2157.31,805.19,6.0,1088.16,18.95,21.08,0.00881,64.65,1.7753,4805.65,799.26,5.0,785.16,19.14,26.12,0.00882,65.6,1.3386,2157.31,822.59,7.0,0.0,18.91,20.77,0.00881,63.44,2.3518,8908.59,803.12,6.0,404.3,11298.63,0.0,4394.38,8585262.36,14123707.79,14123707.79,20609380.24
186,18,30,29.95,57.96,30.09,58.38,0.3865,454.61,20.25,58.47,0.3865,811.24,20.3,58.48,8.0358,817.26,20.6,58.23,8.0358,790.0,14.5,82.63,8.0358,778.16,14.53,81.58,8.0358,782.73,15.09,81.09,8.0358,795.13,20.37,24.72,0.00882,59.6,2.0394,4870.47,816.12,7.0,2939.52,19.85,22.76,0.00881,60.25,0.877,2157.31,792.54,3.0,1259.77,18.89,20.97,0.00881,63.61,1.6599,4805.65,798.18,4.0,597.66,20.37,25.89,0.00882,57.63,1.1078,2157.31,787.12,5.0,2437.56,19.06,20.72,0.00882,62.13,2.3518,8908.59,802.92,6.0,398.44,11264.6,0.0,4163.14,11532945.24,13712692.71,13712692.71,20603997.27
186,18,45,29.65,60.41,29.61,61.04,0.396,492.57,20.09,59.54,0.396,796.34,20.16,60.54,8.2328,801.07,20.58,59.69,8.2328,755.35,14.37,83.68,8.2328,787.36,14.72,83.48,8.2328,809.74,15.01,80.28,8.2328,776.17,19.81,24.26,0.00884,59.92,2.3518,4870.47,821.0,11.0,2949.24,19.43,22.99,0.00883,60.04,0.9924,2157.31,789.78,4.0,1263.96,19.21,20.89,0.00881,61.5,1.4291,4805.65,793.22,2.0,609.38,19.24,25.29,0.00884,62.59,1.1078,2157.31,794.56,5.0,35.16,19.16,20.69,0.00883,62.35,2.3518,8908.59,791.93,5.0,404.29,11509.22,0.0,4360.13,9403734.96,14370614.01,14370614.01,20609380.24
186,19,0,29.35,61.65,29.44,62.82,0.4015,467.89,19.9,59.67,0.4015,811.97,19.92,61.19,8.3482,809.98,20.38,59.94,8.3482,801.03,14.59,84.07,8.3482,779.03,14.45,84.18,8.3482,782.05,15.11,83.19,8.3482,783.53,19.59,23.83,0.00886,62.38,2.3518,4870.47,827.46,15.0,2949.24,19.44,22.85,0.00884,61.62,0.9924,2157.31,794.68,4.0,1263.96,19.3,20.88,0.00882,61.9,1.3137,4805.65,794.74,1.0,609.37,18.62,24.16,0.00884,65.96,1.3386,2157.31,826.26,7.0,0.0,19.14,20.62,0.00883,63.63,2.3518,8908.59,797.89,5.0,404.3,11374.03,0.0,4477.47,9347738.04,14404124.02,14404124.02,20609380.24
186,19,15,29.29,61.17,29.27,63.18,0.396,476.46,19.91,60.27,0.396,807.47,19.96,58.94,8.2328,809.98,20.41,60.23,8.2328,796.36,14.5,84.57,8.2328,797.21,14.49,83.68,8.2328,794.22,15.14,80.33,8.2328,763.85,19.34,23.57,0.00887,60.34,2.3518,4870.47,818.89,15.0,2939.4,19.23,22.76,0.00884,62.27,0.9924,2157.31,782.97,4.0,1259.76,19.3,20.86,0.00882,61.07,1.3137,4805.65,787.45,1.0,597.66,19.42,23.46,0.00884,61.22,1.2232,2157.31,819.11,6.0,2402.4,19.15,20.54,0.00883,64.08,2.3518,8908.59,784.58,3.0,404.3,11090.09,0.0,4360.13,11511182.16,13890782.4,13890782.4,20609380.24
186,19,30,28.69,64.34,28.58,62.4,0.3849,461.88,19.96,59.22,0.3849,818.99,19.92,60.37,8.002,799.44,20.31,60.65,8.002,763.2,14.49,82.73,8.002,794.1,14.41,83.61,8.002,799.56,14.91,81.16,8.002,773.36,19.34,23.33,0.00887,61.08,2.3518,4870.47,810.24,15.0,3056.64,19.5,22.64,0.00884,61.4,0.9924,2157.31,812.71,4.0,1309.99,19.37,20.74,0.00882,61.53,1.1983,4805.65,799.02,0.0,562.5,19.63,22.75,0.00884,61.03,1.1078,2157.31,834.67,5.0,2425.8,19.11,20.56,0.00884,62.95,2.3518,8908.59,777.12,5.0,404.29,10721.82,0.0,4129.73,11927982.24,13366395.67,13366395.67,20609380.24
186,19,45,28.58,64.26,28.43,63.43,0.3793,461.5,20.14,60.43,0.3793,799.75,19.78,58.07,7.8866,787.97,20.37,60.14,7.8866,805.42,14.67,85.59,7.8866,794.02,14.56,82.36,7.8866,799.55,15.05,81.74,7.8866,805.62,19.42,23.17,0.00887,58.11,2.3518,4870.47,840.79,15.0,3056.64,19.44,22.57,0.00884,63.33,0.9924,2157.31,817.43,4.0,1309.99,19.38,20.71,0.00882,60.41,1.1983,4805.65,808.75,0.0,574.22,18.49,21.94,0.00885,63.47,0.9924,2157.31,810.86,4.0,0.0,19.2,20.54,0.00884,62.66,2.3518,8908.59,795.29,5.0,404.29,10268.75,0.0,4016.69,9734889.96,12952594.48,12952594.48,20609380.24
186,20,0,28.2,63.84,28.33,63.41,0.3904,475.93,19.67,61.79,0.3904,819.42,19.54,58.55,8.1174,799.95,20.24,61.01,8.1174,802.82,14.51,83.38,8.1174,794.67,14.37,83.74,8.1174,802.04,15.04,80.61,8.1174,801.41,19.25,23.04,0.00887,58.89,2.3518,4870.47,833.69,15.0,3056.64,19.27,22.51,0.00884,63.71,0.9924,2157.31,793.86,4.0,1309.99,19.59,20.68,0.00882,62.15,1.1983,4805.65,792.34,0.0,574.22,17.93,21.23,0.00884,68.06,1.2232,2157.31,822.47,6.0,0.0,19.11,20.49,0.00883,64.35,2.3518,8908.59,810.85,3.0,404.29,10451.68,0.0,4244.22,9760692.24,13349146.96,13349146.96,20609380.24
186,20,15,28.06,66.07,28.17,66.64,0.3904,481.56,19.56,62.52,0.3904,815.4,19.46,60.16,8.1174,792.54,20.09,61.47,8.1174,796.62,14.5,82.19,8.1174,831.33,14.5,83.44,8.1174,796.48,15.0,80.21,8.1174,793.16,19.46,22.93,0.00887,60.7,2.3518,4870.47,823.22,15.0,3056.64,19.42,22.44,0.00884,62.78,0.9924,2157.31,806.45,4.0,1309.99,19.34,20.63,0.00881,63.05,1.1983,4805.65,786.18,0.0,574.22,18.23,22.16,0.00883,66.23,1.2232,2157.31,807.31,6.0,0.0,19.1,20.44,0.00883,61.89,2.3518,8908.59,815.71,4.0,404.3,10361.91,0.0,4244.22,11896952.76,13145515.0,13145515.0,20609380.24
186,20,30,27.56,68.81,27.81,67.83,0.396,470.48,19.79,61.57,0.396,813.29,19.81,60.81,8.2328,795.25,20.12,59.61,8.2328,774.65,14.6,83.03,8.2328,777.22,14.47,84.5,8.2328,798.4,15.02,81.41,8.2328,783.1,19.27,22.82,0.00886,62.56,2.3518,4870.47,825.31,15.0,2861.28,19.16,22.37,0.00883,62.56,0.9924,2157.31,806.93,4.0,1226.28,19.57,20.58,0.00881,61.06,1.1983,4805.65,804.36,0.0,562.5,18.97,22.94,0.00883,63.99,1.3386,2157.31,811.67,7.0,2425.8,18.99,20.41,0.00883,63.05,2.3518,8908.59,807.19,4.0,398.44,10694.71,0.0,4360.13,13813305.84,13465844.65,13465844.65,20609380.24
186,20,45,27.53,67.06,27.64,67.57,0.4015,459.86,19.58,61.16,0.4015,817.73,19.43,61.03,8.3482,825.26,20.0,62.73,8.3482,797.51,14.53,83.58,8.3482,790.94,14.47,83.2,8.3482,788.77,15.05,79.77,8.3482,797.93,19.46,22.75,0.00886,62.58,2.3518,4870.47,826.71,15.0,2861.28,19.11,22.32,0.00883,62.64,0.9924,2157.31,844.93,4.0,1226.28,19.63,20.55,0.00881,62.02,1.1983,4805.65,789.11,0.0,562.5,18.2,22.96,0.00884,67.86,1.454,2157.31,824.73,8.0,35.16,18.94,20.4,0.00882,63.18,2.3518,8908.59,808.9,4.0,404.3,10696.11,0.0,4477.47,11707866.36,13738579.63,13738579.63,20609380.24
186,21,0,27.35,68.64,27.27,68.13,0.4015,472.83,19.23,60.49,0.4015,839.16,19.45,62.05,8.3482,829.63,19.84,62.68,8.3482,787.06,14.5,85.01,8.3482,779.97,14.38,85.54,8.3482,755.82,14.92,82.67,8.3482,789.07,19.38,22.67,0.00885,61.32,2.3518,4870.47,832.9,15.0,2861.28,19.29,22.25,0.00882,62.78,0.9924,2157.31,825.62,4.0,1226.28,19.35,20.5,0.0088,62.14,1.1983,4805.65,788.62,0.0,562.5,17.62,21.12,0.00883,68.72,1.454,2157.31,820.81,8.0,0.0,19.15,20.37,0.00882,63.85,2.3518,8908.59,823.08,3.0,404.3,10456.44,0.0,4477.47,9468012.24,13542097.93,13542097.93,20609380.24
186,21,15,27.38,68.03,27.2,68.25,0.3808,462.92,19.45,59.69,0.3808,804.23,19.55,60.27,7.9168,805.25,19.96,62.92,7.9168,798.74,14.44,84.75,7.9168,788.18,14.51,82.85,7.9168,790.73,14.95,81.02,7.9168,809.82,19.27,22.6,0.00884,61.92,2.3518,4870.47,826.0,15.0,2861.28,19.25,22.21,0.00881,62.63,0.9924,2157.31,824.08,4.0,1226.28,19.36,20.46,0.00879,60.97,1.1983,4805.65,774.83,0.0,562.5,19.1,20.96,0.0088,61.44,1.1078,2157.31,828.29,5.0,2437.44,18.84,20.29,0.00879,63.15,2.2666,8908.59,794.73,0.0,404.3,9851.7,0.0,4046.13,11661566.76,12449644.02,12449644.02,20609380.24
186,21,30,27.28,68.57,27.07,68.03,0.3808,440.26,19.34,61.29,0.3808,793.48,19.53,61.63,7.9168,802.1,19.82,60.38,7.9168,810.17,14.51,84.17,7.9168,818.41,14.38,82.6,7.9168,782.77,15.09,78.53,7.9168,795.85,19.04,22.5,0.00882,62.56,2.3518,4870.47,834.26,14.0,2421.96,19.11,22.14,0.0088,63.21,0.9924,2157.31,800.45,4.0,1037.94,19.36,20.42,0.00878,61.25,1.1983,4805.65,774.99,0.0,562.5,17.86,20.7,0.0088,67.7,1.1078,2157.31,789.2,5.0,35.16,18.9,20.0,0.00878,62.98,2.2666,8908.59,784.67,0.0,199.22,9719.0,0.0,4046.13,7841131.56,12440046.71,12440046.71,20609380.24
186,21,45,27.04,67.97,27.12,68.63,0.3808,454.72,19.32,61.83,0.3808,793.97,19.38,59.68,7.9168,799.5,19.82,62.9,7.9168,782.8,14.66,81.66,7.9168,768.49,14.48,82.92,7.9168,771.75,14.89,80.47,7.9168,780.96,18.92,22.38,0.0088,64.23,2.3518,4870.47,821.26,14.0,2412.12,19.09,22.04,0.00878,62.83,0.9924,2157.31,817.28,4.0,1033.76,19.27,20.37,0.00876,61.71,1.1983,4805.65,788.13,0.0,562.5,17.88,20.13,0.00878,67.14,1.1078,2157.31,824.65,5.0,0.0,18.74,19.86,0.00876,65.36,2.2666,8908.59,814.28,0.0,199.22,9618.74,0.0,4046.13,7771201.56,12342254.6,12342254.6,20609380.24
186,22,0,27.14,65.73,26.96,66.33,0.3102,471.65,19.5,60.44,0.3102,782.85,19.54,59.97,6.4504,797.6,19.94,61.72,6.4504,745.7,14.59,80.34,6.4504,764.95,14.63,81.28,6.4504,761.25,14.85,79.06,6.4504,762.85,20.34,22.17,0.00865,57.08,1.347,4870.47,790.39,1.0,2421.84,20.43,21.9,0.00865,56.05,0.5308,2157.31,780.36,0.0,1037.95,19.41,20.33,0.00864,59.31,1.1983,4805.65,774.02,0.0,562.5,17.67,19.85,0.00864,67.56,1.1078,2157.31,792.29,5.0,0.0,18.87,19.77,0.00864,62.28,2.2666,8908.59,802.42,0.0,199.22,8310.12,0.0,2732.44,7809519.96,9877502.29,9877502.29,20609380.24
186,22,15,27.17,67.26,27.09,67.03,0.3102,429.74,19.85,59.3,0.3102,761.37,19.67,57.37,6.4504,768.12,20.17,57.45,6.4504,745.72,14.49,79.53,6.4504,756.81,14.41,79.76,6.4504,739.63,15.18,78.59,6.4504,767.6,20.42,22.58,0.00855,55.61,1.347,4870.47,784.47,1.0,2412.12,20.73,22.4,0.00855,54.59,0.5308,2157.31,757.5,0.0,1033.76,19.41,20.3,0.00855,59.45,1.1983,4805.65,755.09,0.0,562.5,18.72,20.25,0.00856,60.56,1.1078,2157.31,768.49,5.0,2437.56,18.78,19.74,0.00855,61.28,2.2666,8908.59,765.07,0.0,199.22,8426.19,0.0,2732.44,9965005.56,9970468.14,9970468.14,20609380.24
186,22,30,27.17,65.3,27.24,64.95,0.3047,460.86,19.85,57.06,0.3047,766.05,19.87,58.33,6.335,765.68,20.43,58.6,6.335,747.11,14.64,80.53,6.335,778.08,14.37,79.05,6.335,761.45,14.85,78.45,6.335,738.33,20.48,22.28,0.0085,52.86,1.347,4870.47,759.76,1.0,2226.6,20.89,22.22,0.00849,54.62,0.5308,2157.31,757.81,0.0,954.24,19.31,20.29,0.0085,59.11,1.1983,4805.65,747.62,0.0,562.5,19.74,22.18,0.00851,56.76,0.9924,2157.31,761.67,4.0,2414.04,18.63,19.67,0.00849,60.58,2.2666,8908.59,761.24,0.0,205.08,8359.9,0.0,2639.28,9909731.16,9864864.36,9864864.36,20609380.24
186,22,45,27.21,65.39,27.18,65.56,0.3047,422.46,19.65,57.55,0.3047,750.5,19.48,59.23,6.335,745.07,19.97,58.84,6.335,699.81,14.6,78.75,6.335,714.82,14.6,80.56,6.335,750.09,14.98,76.64,6.335,721.52,20.15,22.16,0.00846,54.72,1.347,4870.47,761.27,1.0,2226.48,20.63,22.16,0.00845,54.62,0.5308,2157.31,725.26,0.0,954.24,19.3,20.28,0.00845,58.43,1.1983,4805.65,727.99,0.0,562.5,18.34,20.98,0.00848,63.83,0.9924,2157.31,757.88,4.0,35.16,18.77,19.66,0.00845,62.26,2.2666,8908.59,707.79,0.0,199.22,8159.29,0.0,2639.28,5601989.16,9814456.22,9814456.22,20609380.24
186,23,0,27.41,64.73,27.27,64.16,0.2936,464.49,19.71,57.45,0.2936,752.51,19.6,58.42,6.1042,746.57,19.74,58.33,6.1042,726.19,14.63,79.21,6.1042,746.26,14.43,80.29,6.1042,732.9,14.9,76.46,6.1042,702.52,20.65,22.08,0.0084,53.35,1.2316,4870.47,703.69,0.0,2226.6,20.81,22.11,0.0084,54.88,0.5308,2157.31,721.23,0.0,954.24,19.31,20.26,0.0084,59.65,1.1983,4805.65,709.63,0.0,562.5,18.07,20.23,0.00842,62.29,0.877,2157.31,748.22,3.0,0.0,18.83,19.62,0.0084,60.3,2.2666,8908.59,711.32,0.0,205.08,7918.41,0.0,2457.53,5575063.68,9371854.82,9371854.82,20609380.24
186,23,15,26.94,64.61,26.93,64.97,0.2936,429.88,19.58,58.76,0.2936,749.06,19.6,58.85,6.1042,716.0,19.8,57.06,6.1042,711.46,14.68,80.87,6.1042,703.25,14.72,79.16,6.1042,730.85,15.14,76.0,6.1042,722.96,20.64,22.1,0.00835,55.54,1.2316,4870.47,753.83,0.0,2226.6,20.6,22.07,0.00835,53.59,0.5308,2157.31,716.36,0.0,954.24,19.38,20.23,0.00835,59.49,1.1983,4805.65,736.86,0.0,562.5,18.19,19.95,0.00836,63.92,0.877,2157.31,730.47,3.0,0.0,18.85,19.59,0.00835,62.37,2.2666,8908.59,701.87,0.0,199.22,7858.51,0.0,2457.53,5569771.68,9284435.29,9284435.29,20609380.24
186,23,30,26.95,61.7,26.63,63.03,0.2936,445.4,19.58,58.81,0.2936,737.66,19.43,58.14,6.1042,707.88,19.94,57.11,6.1042,716.56,14.54,77.73,6.1042,723.63,14.64,76.65,6.1042,707.99,15.04,77.08,6.1042,689.16,19.98,21.53,0.0083,56.5,1.2316,4870.47,680.48,0.0,1289.04,20.41,21.56,0.0083,55.91,0.5308,2157.31,725.35,0.0,552.44,19.22,20.2,0.00831,58.96,1.1983,4805.65,715.94,0.0,562.5,18.47,21.27,0.00832,61.83,0.877,2157.31,724.14,3.0,0.0,18.94,19.59,0.0083,61.19,2.2666,8908.59,717.34,0.0,398.44,7791.85,0.0,2457.53,4869965.16,9235546.74,9235546.74,20609380.24
186,23,45,26.52,63.19,26.36,62.23,0.2936,481.92,19.73,57.17,0.2936,729.68,19.7,57.16,6.1042,709.4,19.89,59.73,6.1042,686.5,14.73,77.85,6.1042,667.13,14.61,78.27,6.1042,715.88,15.08,75.26,6.1042,722.84,19.8,21.18,0.00825,56.51,1.2316,4870.47,690.77,0.0,1298.76,20.18,21.21,0.00825,55.42,0.5308,2157.31,681.4,0.0,556.64,19.06,20.17,0.00825,57.32,1.1983,4805.65,673.51,0.0,574.21,18.47,21.7,0.00827,61.76,0.877,2157.31,745.39,3.0,0.0,18.89,19.58,0.00825,59.67,2.2666,8908.59,715.82,0.0,404.3,7720.64,0.0,2457.53,4891143.96,9160353.59,9160353.59,20609380.24
186,24,0,26.08,63.78,26.08,60.9,0.288,458.84,19.52,56.8,0.288,727.16,19.37,57.85,5.9888,713.51,19.94,58.72,5.9888,707.29,14.58,76.24,5.9888,682.46,14.61,76.93,5.9888,681.88,14.9,75.26,5.9888,715.37,19.79,20.97,0.0082,58.11,1.2316,4870.47,684.98,0.0,1298.76,19.99,21.0,0.0082,55.03,0.5308,2157.31,679.79,0.0,556.64,19.27,20.14,0.0082,55.25,1.1983,4805.65,691.89,0.0,574.22,18.59,20.43,0.00822,61.94,0.7616,2157.31,688.1,2.0,0.0,18.55,19.56,0.0082,60.16,2.2666,8908.59,713.33,0.0,404.29,7552.44,0.0,2368.95,2740118.76,8929244.55,8929244.55,20609380.24
187,0,15,26.01,62.31,26.02,60.83,0.2825,459.65,19.37,57.9,0.2825,713.7,19.46,55.74,5.8734,692.51,19.69,58.17,5.8734,689.16,14.52,77.74,5.8734,654.45,14.47,77.05,5.8734,652.22,15.04,74.82,5.8734,663.12,19.63,20.83,0.00816,56.39,1.2316,4870.47,672.51,0.0,1289.04,19.81,20.84,0.00816,55.47,0.5308,2157.31,667.91,0.0,552.47,19.13,20.12,0.00816,59.08,1.1983,4805.65,679.04,0.0,562.5,18.44,20.06,0.00817,59.0,0.6462,2157.31,687.26,1.0,0.0,18.71,19.52,0.00816,61.29,2.2666,8908.59,658.28,0.0,398.44,7359.59,0.0,2281.9,2686107.96,8677343.18,8677343.18,20609380.24
187,0,30,25.82,61.12,26.14,62.93,0.2825,477.41,19.35,54.06,0.2825,674.5,19.42,56.77,5.8734,695.78,19.78,57.23,5.8734,668.61,14.46,77.05,5.8734,667.7,14.57,77.38,5.8734,680.26,15.12,75.22,5.8734,656.02,19.44,20.62,0.00812,55.42,1.2316,4870.47,663.56,0.0,429.72,19.64,20.64,0.00812,55.62,0.5308,2157.31,675.21,0.0,184.18,19.28,20.09,0.00813,56.96,1.1983,4805.65,686.63,0.0,562.5,18.68,19.89,0.00813,58.6,0.6462,2157.31,695.7,1.0,0.0,18.57,19.47,0.00813,61.22,2.2666,8908.59,693.94,0.0,205.08,7284.4,0.0,2281.9,1407788.64,8609674.61,8609674.61,20609380.24
187,0,45,26.09,62.89,26.09,62.91,0.2825,458.71,19.34,56.1,0.2825,678.14,19.53,54.93,5.8734,664.8,19.72,56.18,5.8734,645.92,14.53,77.35,5.8734,618.25,14.73,76.53,5.8734,650.29,15.01,73.19,5.8734,659.22,19.23,20.43,0.00809,58.16,1.2316,4870.47,659.22,0.0,439.56,19.28,20.45,0.00809,56.62,0.5308,2157.31,667.97,0.0,188.35,19.25,20.07,0.00809,58.01,1.1983,4805.65,670.28,0.0,574.22,19.16,21.29,0.0081,56.87,0.6462,2157.31,657.27,1.0,0.0,18.57,19.42,0.00809,60.0,2.2666,8908.59,661.62,0.0,199.21,7196.83,0.0,2281.9,3618806.76,8547580.9,8547580.9,20609380.24
187,1,0,26.1,62.15,25.98,61.18,0.2825,489.5,19.31,57.37,0.2825,662.52,19.22,56.9,5.8734,683.76,19.74,58.58,5.8734,646.14,14.62,75.72,5.8734,655.0,14.61,76.18,5.8734,658.67,15.14,74.73,5.8734,648.47,19.13,20.29,0.00805,56.64,1.2316,4870.47,656.21,0.0,439.44,19.42,20.3,0.00805,58.35,0.5308,2157.31,657.18,0.0,188.33,19.24,20.05,0.00805,57.75,1.1983,4805.65,665.55,0.0,562.5,18.89,20.32,0.00806,57.61,0.6462,2157.31,670.65,1.0,0.0,18.77,19.38,0.00805,58.53,2.2666,8908.59,648.74,0.0,205.07,7174.97,0.0,2281.9,1420369.56,8511180.74,8511180.74,20609380.24
187,1,15,26.13,62.71,26.11,63.79,0.2825,480.66,19.21,57.3,0.2825,653.38,19.28,57.54,5.8734,680.26,19.73,57.26,5.8734,648.71,14.7,76.47,5.8734,638.99,14.55,75.58,5.8734,637.62,14.99,74.32,5.8734,628.59,19.17,20.21,0.00803,58.24,1.2316,4870.47,647.27,0.0,439.44,19.21,20.2,0.00803,57.58,0.5308,2157.31,657.51,0.0,188.33,19.29,20.03,0.00803,57.04,1.1983,4805.65,653.51,0.0,562.5,18.75,20.03,0.00804,59.98,0.6462,2157.31,650.84,1.0,0.0,18.76,19.35,0.00803,58.68,2.2666,8908.59,614.75,0.0,199.21,7104.25,0.0,2281.9,1414440.36,8447533.86,8447533.86,20609380.24
187,1,30,26.1,62.51,26.02,62.58,0.2825,450.15,19.17,57.31,0.2825,671.83,19.01,58.27,5.8734,657.03,19.49,57.37,5.8734,645.22,14.49,75.16,5.8734,648.06,14.53,73.49,5.8734,614.65,15.02,74.55,5.8734,646.63,19.0,20.14,0.00801,55.67,1.2316,4870.47,648.42,0.0,488.28,19.04,20.13,0.00801,57.75,0.5308,2157.31,650.61,0.0,209.26,19.24,20.01,0.00801,58.0,1.1983,4805.65,657.82,0.0,562.5,18.71,19.83,0.00802,59.32,0.6462,2157.31,641.88,1.0,0.0,18.8,19.37,0.00801,56.9,2.2666,8908.59,648.87,0.0,199.21,7041.77,0.0,2281.9,1662343.56,8391307.41,8391307.41,20609380.24
187,1,45,26.21,63.15,25.84,61.59,0.2825,435.36,19.25,57.94,0.2825,623.53,19.29,56.82,5.8734,630.49,19.68,57.48,5.8734,620.76,14.63,73.88,5.8734,623.36,14.76,74.63,5.8734,646.6,14.94,75.54,5.8734,632.01,19.22,20.1,0.00799,55.94,1.2316,4870.47,638.39,0.0,478.56,19.23,20.08,0.00799,54.92,0.5308,2157.31,598.91,0.0,205.08,19.37,19.99,0.00799,55.28,1.1983,4805.65,603.83,0.0,562.5,19.22,21.2,0.008,57.49,0.6462,2157.31,630.68,1.0,0.0,18.65,19.36,0.00799,58.33,2.2666,8908.59,650.96,0.0,205.08,7012.9,0.0,2281.9,3832398.36,8356921.88,8356921.88,20609380.24
187,2,0,26.04,64.27,26.16,61.66,0.2825,454.28,19.3,55.49,0.2825,634.76,19.25,57.3,5.8734,627.3,19.6,58.96,5.8734,611.9,14.79,75.16,5.8734,618.52,14.53,76.31,5.8734,618.91,14.79,73.1,5.8734,622.22,19.28,20.08,0.00797,55.21,1.2316,4870.47,636.76,0.0,488.28,19.11,20.04,0.00797,56.64,0.5308,2157.31,612.21,0.0,209.27,19.1,19.99,0.00797,56.69,1.1983,4805.65,627.98,0.0,562.5,19.29,21.73,0.00798,55.47,0.6462,2157.31,620.08,1.0,0.0,18.61,19.36,0.00797,58.27,2.2666,8908.59,630.44,0.0,199.22,7036.34,0.0,2281.9,3813951.96,8379888.31,8379888.31,20609380.24
187,2,15,25.42,63.08,25.32,63.87,0.2825,473.84,19.15,57.56,0.2825,637.55,19.21,56.79,5.8734,624.12,19.4,56.74,5.8734,612.08,14.61,74.36,5.8734,615.72,14.4,76.16,5.8734,600.47,15.16,72.56,5.8734,609.38,19.07,20.03,0.00796,56.74,1.2316,4870.47,635.01,0.0,478.56,19.07,19.99,0.00796,56.44,0.5308,2157.31,641.24,0.0,205.08,19.11,19.96,0.00796,57.95,1.1983,4805.65,650.06,0.0,562.5,19.08,20.55,0.00797,56.35,0.6462,2157.31,634.95,1.0,35.16,18.61,19.36,0.00796,59.09,2.2666,8908.59,626.46,0.0,199.22,6964.74,0.0,2281.9,1675670.76,8341315.63,8341315.63,20609380.24
187,2,30,24.59,65.84,24.87,65.68,0.2825,442.51,19.15,54.7,0.2825,605.46,19.29,57.53,5.8734,594.51,19.5,55.99,5.8734,622.68,14.55,74.11,5.8734,607.68,14.73,74.88,5.8734,583.27,14.96,74.0,5.8734,580.95,19.23,19.95,0.00794,56.12,1.2316,4870.47,627.09,0.0,419.88,19.07,19.92,0.00794,55.76,0.5308,2157.31,598.99,0.0,179.96,19.27,19.91,0.00794,58.55,1.1983,4805.65,606.53,0.0,550.79,20.32,20.68,0.00795,51.7,0.6462,2157.31,601.35,1.0,2437.56,18.65,19.3,0.00794,58.94,2.2666,8908.59,590.73,0.0,199.22,6922.9,0.0,2281.9,3571923.96,8264624.26,8264624.26,20609380.24
187,2,45,23.9,65.82,24.08,68.53,0.2769,466.81,19.36,56.37,0.2769,602.98,18.84,57.19,5.758,628.06,19.46,57.04,5.758,605.79,14.7,75.07,5.758,597.59,14.51,74.69,5.758,586.49,14.85,73.83,5.758,599.73,19.0,19.88,0.00791,57.67,1.2316,4870.47,605.74,0.0,420.0,19.02,19.86,0.00791,56.35,0.5308,2157.31,621.22,0.0,179.96,19.02,19.86,0.00791,57.04,1.1983,4805.65,596.11,0.0,550.79,21.01,21.16,0.00791,49.68,0.5308,1805.33,612.94,0.0,2437.44,18.55,19.28,0.00791,56.17,2.2666,8908.59,622.56,0.0,199.22,6780.71,0.0,2196.4,3572582.76,8076520.62,8076520.62,20258257.3
187,3,0,23.15,72.02,23.25,70.18,0.2769,427.51,19.37,54.08,0.2769,606.94,19.23,56.02,5.758,612.66,19.5,57.95,5.758,590.27,14.51,73.32,5.758,587.53,14.68,74.66,5.758,592.96,15.11,72.09,5.758,601.71,19.04,19.81,0.00788,57.75,1.2316,4870.47,584.89,0.0,419.88,18.96,19.79,0.00788,55.95,0.5308,2157.31,616.88,0.0,179.96,18.87,19.8,0.00788,57.72,1.1983,4805.65,615.44,0.0,550.79,20.97,21.42,0.00788,51.21,0.5308,1807.5,592.24,0.0,2367.24,18.44,19.26,0.00788,57.54,2.2666,8908.59,601.47,0.0,199.22,6754.67,0.0,2196.4,3483492.48,8055961.85,8055961.85,20294553.94
187,3,15,22.95,71.88,23.03,75.83,0.2769,468.87,19.07,55.28,0.2769,584.54,19.22,56.4,5.758,578.75,19.28,55.56,5.758,564.48,14.67,75.59,5.758,540.94,14.7,73.74,5.758,588.62,15.05,72.85,5.758,568.59,18.95,19.76,0.00787,56.56,1.2316,4870.47,601.13,0.0,419.88,18.99,19.75,0.00787,54.98,0.5308,2157.31,571.38,0.0,179.96,19.04,19.76,0.00787,56.48,1.1983,4805.65,587.55,0.0,550.78,19.73,20.98,0.00787,53.61,0.5308,2157.31,568.49,0.0,0.0,18.38,19.25,0.00787,55.44,2.2666,8908.59,590.01,0.0,199.22,6620.45,0.0,2196.4,1378108.08,7994359.03,7994359.03,20609380.24
187,3,30,22.69,76.1,22.58,75.07,0.2769,460.29,18.86,56.77,0.2769,579.25,19.1,56.12,5.758,565.01,19.28,58.12,5.758,571.22,14.71,74.25,5.758,580.52,14.65,74.59,5.758,588.06,15.1,72.44,5.758,585.39,19.0,19.72,0.00786,58.46,1.2316,4870.47,596.76,0.0,449.16,19.16,19.71,0.00786,56.39,0.5308,2157.31,629.06,0.0,192.52,19.18,19.72,0.00786,55.22,1.1983,4805.65,576.74,0.0,550.78,19.06,20.33,0.00786,55.66,0.5308,2157.31,600.08,0.0,0.0,18.57,19.23,0.00786,57.28,2.2666,8908.59,589.14,0.0,199.22,6610.24,0.0,2196.4,1442099.16,7946444.23,7946444.23,20609380.24
187,3,45,22.57,79.52,22.42,76.48,0.2769,463.98,19.21,54.97,0.2769,581.06,19.09,55.29,5.758,564.89,19.11,56.2,5.758,580.88,14.54,74.76,5.758,585.01,14.64,72.21,5.758,549.29,14.96,72.85,5.758,600.99,18.86,19.68,0.00786,56.89,1.2316,4870.47,568.09,0.0,459.0,19.05,19.67,0.00786,57.55,0.5308,2157.31,571.27,0.0,196.72,18.94,19.67,0.00786,58.37,1.1983,4805.65,575.94,0.0,562.5,19.03,20.0,0.00786,56.44,0.5308,2157.31,581.83,0.0,0.0,18.51,19.21,0.00786,58.91,2.2666,8908.59,579.81,0.0,205.08,6570.7,0.0,2196.4,1444863.96,7890392.67,7890392.67,20609380.24
187,4,0,22.16,80.9,22.16,81.42,0.2769,486.76,19.08,56.25,0.2769,602.49,19.1,56.93,5.758,573.94,19.16,58.3,5.758,561.12,14.56,73.18,5.758,592.97,14.57,73.9,5.758,596.76,15.05,72.89,5.758,571.78,18.99,19.64,0.00786,56.98,1.2316,4870.47,555.57,0.0,458.88,18.97,19.63,0.00786,57.53,0.5308,2157.31,572.55,0.0,196.69,18.92,19.63,0.00786,59.01,1.1983,4805.65,560.6,0.0,562.5,18.99,19.79,0.00786,56.09,0.5308,2157.31,569.32,0.0,0.0,18.4,19.19,0.00786,58.13,2.2666,8908.59,574.09,0.0,199.21,6540.71,0.0,2196.4,1465146.36,7863401.65,7863401.65,20609380.24
187,4,15,22.16,82.68,22.24,82.43,0.2769,465.6,18.96,57.88,0.2769,570.21,19.0,56.35,5.758,570.25,19.12,57.01,5.758,560.94,14.59,73.2,5.758,561.38,14.61,76.77,5.758,559.13,14.85,71.94,5.758,563.4,18.88,19.59,0.00786,54.88,1.2316,4870.47,544.65,0.0,449.16,18.96,19.6,0.00786,56.47,0.5308,2157.31,559.73,0.0,192.53,18.93,19.59,0.00786,55.92,1.1983,4805.65,549.49,0.0,550.79,18.97,19.64,0.00786,57.36,0.5308,2157.31,560.97,0.0,35.16,18.5,19.17,0.00786,58.05,2.2666,8908.59,568.14,0.0,199.21,6511.45,0.0,2196.4,1448071.56,7837062.87,7837062.87,20609380.24
187,4,30,21.77,82.76,21.94,82.49,0.2769,437.59,19.24,55.66,0.2769,568.39,19.18,56.61,5.758,545.99,19.26,56.54,5.758,543.42,14.49,74.55,5.758,549.22,14.54,74.71,5.758,540.85,15.27,74.46,5.758,534.28,18.88,19.61,0.00786,56.89,1.2316,4870.47,553.53,0.0,449.16,19.12,19.76,0.00786,56.84,0.5308,2157.31,570.06,0.0,192.52,19.26,19.94,0.00786,54.79,1.1983,4805.65,594.8,0.0,527.34,20.48,20.13,0.00786,50.73,0.5308,2157.31,536.46,0.0,2402.4,18.55,19.17,0.00786,57.05,2.2666,8908.59,546.7,0.0,404.29,6602.26,0.0,2196.4,3766410.36,7850245.63,7850245.63,20609380.24
187,4,45,21.85,83.03,21.8,81.29,0.2769,476.36,18.99,55.29,0.2769,573.48,19.22,55.0,5.758,561.34,19.17,55.55,5.758,524.31,14.44,75.01,5.758,545.74,14.64,73.72,5.758,535.71,15.08,72.95,5.758,541.33,18.93,19.64,0.00786,56.63,1.2316,4870.47,522.46,0.0,459.0,19.32,20.18,0.00786,55.88,0.5308,2157.31,552.57,0.0,196.69,19.54,20.71,0.00786,56.12,1.1983,4805.65,570.39,0.0,539.06,21.12,20.94,0.00786,48.38,0.5308,2056.61,535.85,0.0,2425.8,18.47,19.21,0.00786,58.3,2.2666,8908.59,540.01,0.0,404.29,6595.1,0.0,2196.4,3786260.76,7890050.7,7890050.7,20434130.16
187,5,0,21.78,84.57,21.75,84.14,0.2769,452.8,19.34,57.55,0.2769,574.2,19.28,55.4,5.758,577.08,19.33,56.46,5.758,545.2,14.72,72.31,5.758,542.05,14.61,74.47,5.758,563.88,15.0,72.8,5.758,549.87,18.81,19.7,0.00786,55.36,1.2316,4870.47,560.52,0.0,459.0,19.46,20.75,0.00786,54.16,0.5308,2157.31,524.45,0.0,196.72,19.87,21.59,0.00786,53.96,1.1983,4805.65,537.19,0.0,539.06,19.7,20.74,0.00786,54.95,0.5308,2157.31,525.41,0.0,0.0,18.73,19.24,0.00786,57.26,2.2666,8908.59,548.51,0.0,404.29,6682.2,0.0,2196.4,1627436.88,7980586.03,7980586.03,20609380.24
187,5,15,22.0,81.69,22.14,84.12,0.2769,482.95,19.31,55.23,0.2769,563.06,19.34,53.97,5.758,554.61,19.11,58.9,5.758,549.48,14.68,73.95,5.758,544.81,14.5,74.0,5.758,539.61,14.84,72.05,5.758,548.39,19.03,19.79,0.00787,56.7,1.2316,4870.47,527.76,0.0,459.0,19.93,21.36,0.00787,52.87,0.5308,2157.31,543.37,0.0,196.72,20.03,22.38,0.00787,54.21,1.1983,4805.65,533.27,0.0,527.34,19.21,20.25,0.00787,55.93,0.5308,2157.31,553.32,0.0,0.0,18.49,19.28,0.00787,58.16,2.2666,8908.59,570.77,0.0,404.29,6716.65,0.0,2196.4,1591742.88,8016517.93,8016517.93,20609380.24
187,5,30,22.7,80.75,22.55,81.36,0.2769,467.38,19.44,54.39,0.2769,573.62,19.18,55.54,5.758,539.82,19.46,57.53,5.758,547.0,14.49,75.28,5.758,522.12,14.58,74.58,5.758,566.26,15.01,72.76,5.758,523.1,19.09,19.91,0.00789,56.86,1.2316,4870.47,548.21,0.0,449.28,20.14,22.12,0.00789,52.6,0.5308,2157.31,536.88,0.0,192.52,20.66,23.23,0.00789,50.14,1.1983,4805.65,526.46,0.0,585.94,19.08,20.11,0.00789,54.66,0.5308,2157.31,566.73,0.0,0.0,18.69,19.31,0.00789,58.07,2.2666,8908.59,535.81,0.0,199.21,6803.09,0.0,2196.4,1448816.76,8077852.88,8077852.88,20609380.24
187,5,45,22.95,81.1,23.11,79.25,0.2769,430.96,19.54,52.89,0.2769,563.0,19.37,54.25,5.758,539.55,19.72,55.32,5.758,559.46,14.68,75.16,5.758,516.16,14.52,74.37,5.758,533.33,15.03,71.13,5.758,550.9,19.11,20.03,0.0079,55.51,1.2316,4870.47,519.35,0.0,458.88,20.47,22.84,0.0079,50.66,0.5308,2157.31,547.1,0.0,196.7,20.83,23.89,0.0079,49.84,1.1983,4805.65,523.64,0.0,597.66,19.16,20.1,0.0079,54.95,0.5308,2157.31,507.1,0.0,0.0,18.55,19.36,0.0079,59.8,2.2666,8908.59,532.76,0.0,205.08,6919.0,0.0,2196.4,1476270.36,8173699.67,8173699.67,20609380.24
187,6,0,23.29,79.11,23.39,79.83,0.2769,452.15,19.73,53.59,0.2769,535.67,19.59,54.75,5.758,519.65,19.8,55.51,5.758,515.81,14.6,73.84,5.758,548.56,14.51,76.73,5.758,531.86,14.87,73.42,5.758,521.86,19.17,20.16,0.00793,56.64,1.2316,4870.47,519.91,0.0,459.0,20.81,23.58,0.00793,51.51,0.5308,2157.31,531.12,0.0,196.7,21.12,24.45,0.00793,51.34,1.1983,4522.39,533.15,0.0,585.94,19.03,20.13,0.00793,56.96,0.5308,2157.31,514.5,0.0,0.0,18.76,19.42,0.00793,58.76,2.2666,8908.59,516.87,0.0,199.22,7037.76,0.0,2196.4,1461333.96,8279184.94,8279184.94,20327281.49
187,6,15,23.95,77.54,23.8,77.65,0.2769,474.44,19.77,54.09,0.2769,514.65,19.72,55.75,5.758,546.42,19.99,55.69,5.758,506.15,14.47,76.37,5.758,523.18,14.7,75.64,5.758,512.75,15.04,73.54,5.758,532.66,19.13,20.32,0.00796,55.58,1.2316,4870.47,542.05,0.0,459.0,21.0,24.35,0.00796,49.34,0.5308,1972.73,523.65,0.0,196.72,21.2,24.91,0.00796,49.29,1.1983,4025.56,536.32,0.0,585.94,20.7,20.78,0.00796,51.77,0.5308,2157.31,521.48,0.0,2425.8,18.57,19.48,0.00796,60.54,2.2666,8908.59,497.64,0.0,199.22,7286.75,0.0,2196.4,3643916.76,8445672.7,8445672.7,19669412.1
187,6,30,24.31,77.52,24.43,75.3,0.2769,483.71,19.79,55.18,0.2769,529.99,19.72,52.32,5.758,515.47,19.97,56.1,5.758,526.43,14.65,76.54,5.758,527.23,14.78,76.23,5.758,531.38,14.72,74.52,5.758,526.1,19.26,20.5,0.00799,56.07,1.2316,4870.47,506.97,0.0,458.88,21.04,25.1,0.00799,49.68,0.5308,1533.92,524.0,0.0,196.7,21.11,25.26,0.00799,50.23,1.1983,3635.78,483.63,0.0,550.78,20.93,21.85,0.00799,50.88,0.5308,1772.75,517.72,0.0,2402.4,18.75,19.57,0.00799,58.27,2.2666,8908.59,530.7,0.0,199.22,7358.21,0.0,2196.4,3615458.76,8561296.89,8561296.89,18507279.24
187,6,45,25.01,76.22,25.07,74.06,0.2769,449.37,20.01,54.52,0.2769,525.29,19.9,53.82,5.758,513.93,20.07,57.9,5.758,536.31,14.62,74.77,5.758,530.16,14.82,74.57,5.758,511.97,14.96,74.29,5.758,505.73,19.41,20.67,0.00803,56.09,1.2316,4870.47,533.48,0.0,459.0,21.17,25.65,0.00803,53.21,0.5308,1202.84,525.37,0.0,196.72,21.15,25.43,0.00804,51.89,1.1983,3456.5,514.96,0.0,539.06,19.83,21.56,0.00803,56.74,0.5308,2157.31,516.65,0.0,0.0,18.7,19.64,0.00804,59.04,2.2666,8908.59,522.57,0.0,199.22,7450.72,0.0,2196.4,1443535.56,8677721.0,8677721.0,18535451.72
187,7,0,25.59,74.32,25.52,74.71,0.2769,482.85,20.03,53.17,0.2769,515.33,19.77,53.92,5.758,510.52,20.06,56.35,5.758,521.44,14.67,76.05,5.758,503.85,14.61,75.57,5.758,532.36,14.95,73.82,5.758,528.31,19.31,20.84,0.00807,55.81,1.2316,4870.47,516.8,0.0,459.0,21.01,26.14,0.00807,49.82,0.5308,913.49,518.33,0.0,196.7,20.96,25.51,0.00807,50.6,1.1983,3364.99,503.9,0.0,550.78,19.44,21.2,0.00807,56.01,0.5308,2157.31,517.2,0.0,0.0,18.79,19.7,0.00807,59.96,2.2666,8908.59,531.46,0.0,199.22,7498.52,0.0,2196.4,1453513.68,8719387.06,8719387.06,18192507.75
187,7,15,25.98,71.89,25.72,73.65,0.2769,451.55,19.93,55.62,0.2769,497.1,19.87,52.83,5.758,515.94,20.31,57.11,5.758,502.48,14.66,76.36,5.758,498.51,14.67,76.35,5.758,510.53,14.97,74.38,5.758,526.02,19.65,20.99,0.0081,57.74,1.2316,4870.47,516.37,0.0,459.0,21.0,26.57,0.0081,52.79,0.5308,656.93,504.8,0.0,196.72,21.2,25.5,0.0081,53.21,1.1983,3404.0,511.84,0.0,539.06,19.61,21.12,0.0081,55.75,0.5308,2157.31,523.5,0.0,0.0,18.83,19.76,0.0081,59.85,2.2666,8908.59,506.73,0.0,199.22,7523.21,0.0,2196.4,1442983.68,8747650.59,8747650.59,17997557.85
187,7,30,26.31,72.95,26.13,73.0,0.2769,460.39,19.79,55.17,0.2769,520.87,19.94,54.96,5.758,522.52,20.3,57.86,5.758,513.76,14.83,75.03,5.758,511.01,14.42,77.15,5.758,525.74,15.01,74.46,5.758,531.58,19.59,21.15,0.00812,57.43,1.2316,4870.47,501.63,0.0,459.0,21.17,26.94,0.00812,49.73,0.5308,439.33,522.84,0.0,196.72,21.14,25.42,0.00812,51.9,1.1983,3459.9,504.31,0.0,597.66,19.63,21.15,0.00812,54.67,0.5308,2157.31,522.14,0.0,0.0,19.06,19.85,0.00812,58.89,2.2666,8908.59,493.99,0.0,205.08,7569.98,0.0,2196.4,1657020.24,8789740.11,8789740.11,17852029.31
187,7,45,26.58,71.72,26.4,72.11,0.2769,480.48,19.91,53.55,0.2769,513.07,20.03,54.11,5.758,520.77,20.19,57.05,5.758,519.6,14.53,76.98,5.758,525.58,14.65,78.09,5.758,530.68,14.95,75.27,5.758,504.74,19.66,21.3,0.00814,55.68,1.2316,4870.47,520.99,0.0,468.84,21.17,27.22,0.00814,51.42,0.5308,271.14,541.18,0.0,200.89,21.2,25.26,0.00814,49.26,1.1983,3683.76,519.76,0.0,597.66,19.61,21.2,0.00814,56.92,0.5308,2157.31,536.12,0.0,0.0,18.84,19.91,0.00814,57.3,2.2666,8908.59,503.98,0.0,199.21,7630.83,0.0,2196.4,1669622.76,8844510.65,8844510.65,17902137.77
187,8,0,26.69,72.53,26.65,71.29,0.2769,471.42,20.05,54.71,0.2769,503.8,20.2,54.98,5.758,469.67,20.39,54.61,5.758,483.03,14.53,78.92,5.758,572.1,14.82,78.18,5.758,509.98,14.88,76.67,5.758,516.34,19.73,21.44,0.00817,55.81,1.2316,4870.47,540.85,0.0,468.72,21.27,27.46,0.00817,51.7,0.5308,137.08,484.92,0.0,200.89,21.09,25.05,0.00818,52.13,1.1983,3963.42,500.89,0.0,597.66,20.94,21.83,0.00817,51.15,0.5308,1642.95,523.6,0.0,2414.04,18.79,19.95,0.00817,60.68,2.2666,8908.59,545.46,0.0,205.08,7803.98,0.0,2196.4,3842141.04,8948614.03,8948614.03,17523671.68
187,8,15,27.1,72.05,27.22,70.2,0.2769,470.87,20.35,53.5,0.2769,524.01,20.16,56.24,5.758,496.68,20.48,54.04,5.758,527.18,14.66,77.08,5.758,535.45,14.62,75.87,5.758,484.72,15.04,76.58,5.758,531.06,19.84,21.6,0.00822,57.65,1.2316,4870.47,533.63,0.0,468.72,21.1,27.65,0.00822,51.9,0.5308,26.28,481.98,0.0,200.9,21.28,24.82,0.00822,50.9,1.1983,4265.61,507.57,0.0,597.66,21.11,22.59,0.00822,51.87,0.5308,936.24,490.45,0.0,2437.44,18.82,20.0,0.00822,59.35,2.2666,8908.59,511.85,0.0,199.22,7864.37,0.0,2196.4,3858059.16,9054697.01,9054697.01,17106463.84
187,8,30,27.61,72.31,27.54,69.52,0.2825,463.78,20.32,51.28,0.2825,500.97,20.39,54.81,5.8734,485.02,20.66,58.01,5.8734,510.67,14.58,78.66,5.8734,517.06,14.66,79.42,5.8734,494.24,14.95,77.38,5.8734,482.57,19.98,21.75,0.00827,57.5,1.2316,4870.47,503.81,0.0,478.56,21.22,27.8,0.00827,50.69,0.5308,0.0,493.55,0.0,205.08,20.79,24.57,0.00828,53.08,1.3137,4805.65,492.51,1.0,539.06,20.41,22.35,0.00827,58.5,0.5308,2157.31,518.27,0.0,0.0,18.91,20.01,0.00827,60.03,2.2666,8908.59,487.61,0.0,398.44,8097.46,0.0,2281.9,1649276.64,9325281.6,9325281.6,18667805.09
187,8,45,27.89,70.8,27.79,70.24,0.2825,451.84,20.27,53.57,0.2825,498.16,20.31,53.42,5.8734,502.31,20.4,57.54,5.8734,528.76,14.77,79.36,5.8734,501.1,14.76,79.8,5.8734,517.29,15.09,75.61,5.8734,543.51,20.03,21.88,0.00832,55.38,1.2316,4870.47,530.01,0.0,468.72,21.11,27.86,0.00832,52.65,0.5308,0.0,500.28,0.0,200.89,20.7,24.21,0.00833,54.78,1.3137,4805.65,520.93,1.0,539.06,19.97,22.04,0.00832,55.6,0.5308,2157.31,521.85,0.0,0.0,19.01,20.04,0.00832,60.45,2.2666,8908.59,481.5,0.0,404.29,8176.08,0.0,2281.9,1616898.24,9405415.62,9405415.62,18667805.09
187,9,0,28.35,69.61,28.57,68.9,0.2825,445.84,20.1,54.82,0.2825,510.7,20.22,55.27,5.8734,526.26,20.71,57.0,5.8734,503.44,14.57,78.13,5.8734,527.81,14.57,79.93,5.8734,488.07,15.04,76.86,5.8734,518.63,19.79,22.01,0.00837,56.57,1.2316,4870.47,476.53,0.0,478.44,21.16,27.87,0.00837,52.75,0.5308,0.0,499.6,0.0,205.08,20.5,23.86,0.00838,53.5,1.3137,4805.65,511.3,1.0,539.06,19.99,21.96,0.00837,56.78,0.5308,2157.31,485.81,0.0,0.0,18.81,20.06,0.00837,61.84,2.2666,8908.59,495.9,0.0,404.29,8274.91,0.0,2281.9,1654439.04,9501134.75,9501134.75,18667805.09
187,9,15,28.64,68.79,28.38,69.88,0.2977,468.01,20.31,56.0,0.2977,511.83,20.16,57.32,6.1894,508.85,20.86,58.46,6.1894,521.19,14.74,79.52,6.1894,532.1,14.44,80.96,6.1894,501.23,15.01,78.68,6.1894,520.11,19.97,22.11,0.00843,57.2,1.2316,4870.47,482.51,0.0,468.72,21.15,27.82,0.00843,54.64,0.5308,0.0,498.44,0.0,200.88,20.39,23.55,0.00844,55.02,1.3137,4805.65,513.82,1.0,539.06,19.2,21.99,0.00845,62.53,0.7616,2157.31,518.07,2.0,0.0,18.99,20.08,0.00843,61.98,2.3518,8908.59,494.1,1.0,404.29,8660.7,0.0,2523.91,1616876.64,10071746.7,10071746.7,18667805.09
187,9,30,28.82,68.23,28.93,68.27,0.3032,473.59,20.09,56.7,0.3032,517.24,20.05,57.93,6.3048,525.3,20.44,58.06,6.3048,538.19,14.61,79.85,6.3048,489.92,14.62,78.78,6.3048,528.44,14.95,77.67,6.3048,536.82,20.09,22.21,0.00849,56.1,1.2316,4870.47,501.42,0.0,468.72,21.06,27.7,0.00849,51.28,0.5308,40.29,514.12,0.0,200.9,20.4,23.28,0.0085,55.34,1.3137,4805.65,500.68,1.0,714.84,19.01,23.21,0.00852,61.61,0.877,2157.31,556.18,3.0,0.0,18.95,20.26,0.0085,60.23,2.3518,8908.59,476.13,2.0,820.31,8802.06,0.0,2615.15,4904402.04,10275491.03,10275491.03,18704064.7
187,9,45,29.06,68.33,29.0,66.17,0.3088,447.38,20.19,56.47,0.3088,517.97,20.1,55.98,6.4202,517.63,20.58,58.11,6.4202,539.87,14.68,79.36,6.4202,523.46,14.66,80.25,6.4202,519.75,14.94,80.13,6.4202,523.07,20.12,22.3,0.00854,57.91,1.2316,4870.47,513.13,0.0,478.56,21.1,27.51,0.00854,52.6,0.5308,147.41,516.3,0.0,205.08,20.2,23.08,0.00855,56.75,1.3137,4805.65,518.9,1.0,714.85,18.7,22.14,0.00857,61.73,0.9924,2157.31,552.86,4.0,0.0,18.98,20.35,0.00855,61.54,2.3518,8908.59,515.01,3.0,820.31,9056.33,0.0,2707.91,2718372.96,10580436.0,10580436.0,18801366.96
187,10,0,29.45,65.28,29.46,66.41,0.3143,505.72,20.01,56.27,0.3143,521.4,20.09,56.48,6.5356,491.84,20.67,58.79,6.5356,509.98,14.45,81.93,6.5356,513.3,14.51,82.18,6.5356,522.31,14.92,80.8,6.5356,511.11,19.98,22.4,0.00858,59.2,1.2316,4870.47,498.35,0.0,478.56,21.09,27.21,0.00858,54.47,0.5308,325.17,488.83,0.0,205.08,20.08,22.95,0.00859,59.67,1.3137,4805.65,511.63,1.0,714.85,18.2,21.78,0.00862,64.5,1.1078,2157.31,529.75,5.0,0.0,19.1,20.41,0.00859,60.99,2.3518,8908.59,540.27,3.0,820.31,9219.72,0.0,2802.19,2744282.16,10820756.55,10820756.55,18961233.7
187,10,15,29.9,65.21,29.77,66.47,0.331,483.41,19.97,57.77,0.331,550.61,19.96,57.31,6.8818,528.59,20.72,58.04,6.8818,530.94,14.66,82.68,6.8818,532.39,14.56,81.38,6.8818,514.6,15.09,82.21,6.8818,528.28,20.2,22.51,0.00864,57.15,1.2316,4870.47,528.33,0.0,468.72,21.03,26.93,0.00864,53.16,0.5308,506.09,530.48,0.0,200.9,19.57,22.91,0.00866,58.9,1.6599,4805.65,522.52,4.0,714.84,18.08,21.55,0.00868,66.41,1.1078,2157.31,590.33,5.0,0.0,18.93,20.42,0.00865,61.96,2.3518,8908.59,520.85,2.0,820.31,9637.13,0.0,3094.05,2705758.56,11452234.08,11452234.08,19123443.25
187,10,30,30.28,64.03,30.13,64.48,0.3532,482.38,19.84,58.24,0.3532,537.19,20.08,60.16,7.3434,537.71,20.51,58.29,7.3434,519.17,14.52,83.61,7.3434,519.24,14.44,83.6,7.3434,528.33,15.04,78.95,7.3434,522.18,20.13,22.68,0.00871,57.1,1.2316,4870.47,538.59,0.0,478.56,21.22,26.61,0.00871,53.14,0.5308,699.29,535.9,0.0,205.08,19.04,22.69,0.00875,63.68,2.0061,4805.65,554.8,7.0,750.0,18.22,22.97,0.00875,64.61,1.2232,2157.31,559.01,6.0,0.0,18.9,20.32,0.00872,62.72,2.3518,8908.59,527.68,1.0,404.29,10139.54,0.0,3504.09,4369582.8,12280873.36,12280873.36,19297022.41
187,10,45,30.61,62.8,30.7,62.96,0.3476,484.89,19.78,58.24,0.3476,530.63,20.0,60.17,7.228,522.28,20.45,59.49,7.228,539.79,14.59,83.71,7.228,546.98,14.55,82.95,7.228,528.65,14.93,82.34,7.228,540.41,20.33,22.9,0.00876,57.98,1.2316,4870.47,526.08,0.0,468.84,21.08,26.21,0.00876,55.43,0.5308,949.96,552.14,0.0,200.9,18.96,22.42,0.00879,62.21,1.8907,4805.65,542.82,6.0,750.0,18.29,21.92,0.00879,66.33,1.2232,2157.31,577.35,6.0,0.0,18.8,20.26,0.00876,63.48,2.3518,8908.59,556.47,1.0,404.29,10072.87,0.0,3399.36,2193793.2,12125004.42,12125004.42,19522770.49
187,11,0,31.17,60.67,30.99,58.93,0.3421,490.46,19.89,60.52,0.3421,575.81,19.83,58.81,7.1126,559.86,20.39,60.83,7.1126,565.07,14.45,82.57,7.1126,572.72,14.63,82.25,7.1126,608.95,15.08,80.56,7.1126,546.54,20.57,23.16,0.00878,59.18,1.2316,4870.47,560.26,0.0,478.44,21.14,25.78,0.00878,54.87,0.5308,1199.31,539.87,0.0,205.08,19.39,22.32,0.0088,62.75,1.7753,4805.65,573.03,5.0,750.0,19.09,22.21,0.00881,63.37,1.2232,2157.31,577.31,6.0,2414.04,18.66,20.23,0.00878,64.87,2.3518,8908.59,552.34,1.0,404.29,10072.85,0.0,3296.11,4378827.6,11974723.25,11974723.25,19747068.23
187,11,15,31.4,60.62,31.15,60.63,0.3476,456.69,20.15,59.97,0.3476,565.35,19.98,57.59,7.228,567.87,20.58,58.94,7.228,568.29,14.77,83.31,7.228,560.3,14.44,82.12,7.228,580.78,14.94,81.68,7.228,545.3,20.64,23.47,0.00882,57.91,1.2316,4870.47,550.11,0.0,468.72,21.13,25.35,0.00882,55.27,0.5308,1460.91,557.79,0.0,200.9,19.22,22.32,0.00884,62.86,1.7753,4805.65,568.38,5.0,750.0,19.02,22.64,0.00886,64.06,1.3386,2157.31,592.17,7.0,2437.44,18.95,20.23,0.00882,65.06,2.3518,8908.59,554.57,1.0,404.29,10275.85,0.0,3399.36,4387359.6,12307693.28,12307693.28,19982623.12
187,11,30,31.3,61.52,31.45,58.28,0.3698,509.64,20.18,60.8,0.3698,558.32,19.87,60.95,7.6896,573.13,20.54,58.7,7.6896,576.26,14.41,83.98,7.6896,573.2,14.67,84.54,7.6896,586.19,15.07,82.24,7.6896,567.28,20.62,23.82,0.00884,55.16,1.2316,4870.47,573.76,0.0,507.84,20.98,24.95,0.00884,54.13,0.5308,1698.63,537.94,0.0,217.63,19.27,22.3,0.00887,63.07,1.7753,4805.65,603.38,5.0,691.4,18.48,22.84,0.00889,67.49,1.8002,2157.31,593.28,11.0,2437.56,19.02,20.3,0.00886,63.51,2.3518,8908.59,591.01,6.0,609.37,11212.94,0.0,3827.07,4625026.56,13570183.48,13570183.48,20196338.0
187,11,45,31.55,61.4,31.57,58.99,0.3643,459.53,20.01,59.69,0.3643,559.08,20.04,60.52,7.5742,544.47,20.67,61.8,7.5742,573.77,14.45,86.56,7.5742,556.81,14.55,82.69,7.5742,595.87,14.74,83.54,7.5742,561.77,20.99,24.28,0.00886,57.01,1.2316,4870.47,581.97,0.0,517.56,20.91,24.63,0.00886,55.76,0.5308,1892.06,576.22,0.0,221.81,19.07,22.3,0.00889,62.16,1.8907,4805.65,571.82,6.0,691.4,18.04,23.58,0.0089,67.82,1.5694,2157.31,612.26,9.0,0.0,18.93,20.33,0.00887,63.79,2.3518,8908.59,556.62,1.0,609.37,11127.39,0.0,3717.95,4667169.24,13316703.56,13316703.56,20370567.6
187,12,0,31.83,59.32,31.78,58.55,0.3698,507.91,20.1,59.52,0.3698,579.03,20.11,60.89,7.6896,595.42,20.77,59.99,7.6896,598.03,14.45,83.85,7.6896,589.8,14.42,84.04,7.6896,549.29,15.01,81.35,7.6896,584.27,20.87,24.72,0.00888,57.17,1.2316,4642.35,582.72,0.0,507.84,20.58,24.34,0.00889,57.98,0.6462,2157.31,602.33,1.0,217.62,19.03,22.28,0.0089,63.75,1.8907,4805.65,601.95,6.0,691.42,18.13,23.74,0.00891,68.79,1.5694,2157.31,609.48,9.0,0.0,18.89,20.34,0.00889,64.45,2.3518,8908.59,567.29,2.0,603.52,11363.28,0.0,3827.07,4588102.44,13671535.91,13671535.91,20380079.3
187,12,15,31.88,59.07,31.72,58.05,0.3643,506.05,20.1,58.88,0.3643,588.19,20.2,59.34,7.5742,565.98,20.65,59.51,7.5742,598.94,14.58,85.58,7.5742,616.49,14.57,84.26,7.5742,592.64,14.99,81.19,7.5742,588.14,21.16,25.16,0.0089,55.96,1.347,4870.47,582.71,1.0,507.84,20.25,23.91,0.00891,58.0,0.6462,2157.31,617.82,1.0,217.63,18.64,22.3,0.00892,64.09,2.1215,4805.65,636.81,8.0,691.4,19.49,22.9,0.00892,62.29,1.1078,2157.31,637.34,5.0,2425.8,19.0,20.36,0.0089,63.45,2.3518,8908.59,596.26,1.0,609.38,11426.4,0.0,3717.95,4613783.76,13510771.42,13510771.42,20609380.24
187,12,30,31.9,57.86,31.97,58.1,0.3587,491.93,20.05,58.87,0.3587,595.86,20.32,59.36,7.4588,596.27,20.75,59.41,7.4588,573.23,14.47,84.48,7.4588,599.98,14.23,84.25,7.4588,587.93,15.04,81.65,7.4588,617.74,21.03,25.64,0.00891,55.73,1.4624,4870.47,598.69,2.0,693.36,20.22,23.73,0.00892,59.16,0.6462,2157.31,581.16,1.0,297.16,19.13,22.24,0.00892,62.21,1.8907,4805.65,588.42,6.0,714.84,18.66,22.7,0.00894,67.35,1.1078,2157.31,609.97,5.0,0.0,18.99,20.43,0.00891,62.62,2.3518,8908.59,596.48,1.0,603.52,11320.0,0.0,3610.29,3283134.12,13395654.19,13395654.19,20609380.24
187,12,45,32.09,58.89,32.09,58.79,0.3754,504.8,20.08,61.59,0.3754,623.76,19.86,60.01,7.805,605.11,20.47,61.39,7.805,593.28,14.66,84.0,7.805,599.2,14.41,85.47,7.805,606.47,15.01,81.71,7.805,563.35,20.94,25.98,0.00892,56.03,1.4624,4645.6,605.16,2.0,693.36,20.1,23.58,0.00892,59.51,0.6462,2157.31,610.87,1.0,297.16,19.18,22.32,0.00893,60.89,1.7753,4805.65,598.17,5.0,703.12,17.86,22.33,0.00894,68.74,1.5694,2157.31,643.81,9.0,0.0,19.03,20.47,0.00891,63.52,2.3518,8908.59,630.93,1.0,609.37,11861.6,0.0,3937.65,3247537.32,14310330.02,14310330.02,20398621.97
187,13,0,32.26,59.12,32.21,57.22,0.3476,492.79,20.17,59.27,0.3476,606.85,20.12,58.94,7.228,596.95,20.95,58.87,7.228,587.73,14.59,83.92,7.228,586.32,14.61,85.85,7.228,618.84,15.09,81.66,7.228,600.33,21.4,26.3,0.00893,54.16,1.4624,4251.05,620.5,2.0,683.52,20.32,23.5,0.00893,59.32,0.6462,2157.31,614.55,1.0,292.96,19.39,22.4,0.00894,63.35,1.6599,4805.65,626.65,4.0,714.85,18.32,21.98,0.00894,66.71,1.1078,2157.31,623.15,5.0,0.0,19.05,20.52,0.00894,63.4,2.3518,8908.59,607.77,5.0,609.37,10846.54,0.0,3399.36,3275778.24,12775328.32,12775328.32,20043095.98
187,13,15,32.44,57.69,32.35,57.27,0.3698,489.01,20.28,57.32,0.3698,634.68,20.35,60.06,7.6896,620.21,20.74,61.56,7.6896,608.95,14.57,85.29,7.6896,611.98,14.51,87.2,7.6896,626.78,14.93,82.83,7.6896,611.09,21.15,26.58,0.00893,57.95,1.4624,3899.45,604.01,2.0,693.36,20.24,23.46,0.00893,59.08,0.6462,2157.31,612.45,1.0,297.16,19.72,22.53,0.00893,60.93,1.5445,4805.65,597.71,3.0,703.12,18.49,22.92,0.00895,65.47,1.6848,2157.31,634.64,10.0,2449.2,19.22,20.6,0.00895,63.23,2.3518,8908.59,623.82,6.0,609.38,11884.41,0.0,3827.07,5451720.12,14126534.71,14126534.71,19733873.48
187,13,30,32.43,56.21,32.75,54.55,0.3754,468.29,20.33,60.93,0.3754,636.59,20.11,60.57,7.805,640.03,20.82,60.91,7.805,628.84,14.5,85.03,7.805,628.97,14.56,84.37,7.805,626.81,14.9,84.74,7.805,606.33,21.26,26.83,0.00893,54.88,1.4624,3548.33,673.19,2.0,742.2,20.12,23.45,0.00893,60.89,0.6462,2157.31,665.89,1.0,318.08,19.65,22.69,0.00893,61.38,1.5445,4805.65,633.29,3.0,726.56,17.77,22.89,0.00895,69.46,1.8002,2157.31,658.44,11.0,0.0,19.14,20.59,0.00895,63.96,2.3518,8908.59,638.48,6.0,404.3,12087.41,0.0,3937.65,2990662.56,14487640.05,14487640.05,19419244.9
187,13,45,32.82,56.19,32.61,53.55,0.3809,493.24,20.16,59.89,0.3809,646.87,20.03,60.67,7.9204,638.97,20.64,59.99,7.9204,631.78,14.49,86.12,7.9204,616.44,14.5,83.49,7.9204,628.57,15.15,83.4,7.9204,645.78,21.17,26.96,0.00892,56.1,1.4624,3401.18,610.88,2.0,732.36,20.33,23.43,0.00892,58.36,0.6462,2157.31,637.99,1.0,313.91,19.66,22.76,0.00893,61.15,1.5445,4805.65,615.08,3.0,726.56,18.42,23.45,0.00894,65.51,1.9156,2157.31,680.98,12.0,2496.0,19.13,20.58,0.00894,64.18,2.3518,8908.59,668.45,6.0,404.3,12183.62,0.0,4049.67,5255400.96,14672088.78,14672088.78,19286923.01
187,14,0,32.82,53.05,32.68,54.3,0.3976,511.38,20.0,58.67,0.3976,634.05,20.06,58.98,8.2666,648.36,20.83,59.82,8.2666,628.93,14.53,83.71,8.2666,654.74,14.46,84.01,8.2666,670.34,15.05,80.61,8.2666,654.32,20.92,27.02,0.00891,55.17,1.4624,3307.54,646.96,2.0,742.2,20.78,23.38,0.00891,57.32,0.5308,2157.31,640.28,0.0,318.07,19.26,22.85,0.00892,63.61,1.8907,4805.65,681.39,6.0,726.56,18.41,24.15,0.00893,67.59,2.031,2157.31,654.17,13.0,2449.2,19.07,20.62,0.00893,62.7,2.3518,8908.59,675.72,7.0,398.44,13059.67,0.0,4394.38,5190297.48,15667395.51,15667395.51,19202748.8
187,14,15,32.62,55.74,32.59,55.47,0.3643,499.35,19.98,60.09,0.3643,666.67,20.08,58.82,7.5742,646.4,20.71,58.05,7.5742,628.68,14.46,84.55,7.5742,650.15,14.29,84.67,7.5742,655.05,14.96,84.44,7.5742,644.84,21.13,27.05,0.00891,55.19,1.5778,4203.24,670.17,3.0,732.48,20.52,23.56,0.00891,58.58,0.6462,2157.31,626.04,1.0,313.88,19.3,22.68,0.00892,62.77,1.7753,4805.65,665.12,5.0,726.56,18.61,23.87,0.00893,65.44,1.2232,2157.31,673.52,6.0,0.0,19.29,20.65,0.00893,63.04,2.3518,8908.59,657.75,7.0,404.29,11661.73,0.0,3717.95,2977993.08,13841712.39,13841712.39,20008874.78
187,14,30,32.51,54.6,32.53,56.76,0.3643,497.71,20.14,57.94,0.3643,654.98,20.29,58.59,7.5742,675.47,20.96,58.3,7.5742,678.24,14.67,82.36,7.5742,692.76,14.34,86.25,7.5742,689.16,14.97,82.77,7.5742,645.19,21.24,27.04,0.00893,56.12,1.5778,3903.54,642.96,3.0,1005.84,20.23,23.5,0.00892,59.06,0.6462,2157.31,661.07,1.0,431.08,19.61,22.67,0.00893,62.31,1.6599,4805.65,669.47,4.0,843.74,18.92,25.65,0.00894,66.94,1.3386,2157.31,672.54,7.0,0.0,19.03,20.74,0.00894,61.68,2.3518,8908.59,664.58,7.0,603.52,11780.34,0.0,3717.95,6004564.56,13948464.8,13948464.8,19739140.91
187,14,45,32.27,58.11,32.43,57.78,0.3754,494.42,20.62,57.61,0.3754,673.22,20.63,57.57,7.805,709.99,21.05,59.49,7.805,704.51,14.67,84.38,7.805,669.07,14.56,84.16,7.805,668.81,15.16,83.38,7.805,675.49,21.12,26.9,0.00894,55.38,1.5778,4079.4,676.58,3.0,1005.84,19.19,23.47,0.00895,63.89,0.9924,2157.31,702.47,4.0,431.1,19.41,22.72,0.00894,62.59,1.6599,4805.65,667.26,4.0,843.74,20.25,26.96,0.00895,59.61,1.2232,2157.31,689.48,6.0,2449.2,19.14,20.8,0.00895,63.79,2.3518,8908.59,687.83,7.0,609.38,12843.1,0.0,3937.65,8193605.76,14940085.28,14940085.28,19897226.41
187,15,0,32.2,56.23,32.26,58.68,0.392,501.04,20.5,56.37,0.392,704.04,20.45,57.83,8.1512,668.6,21.22,59.76,8.1512,680.42,14.31,85.77,8.1512,626.87,14.57,84.51,8.1512,665.87,15.14,81.74,8.1512,675.52,21.2,26.74,0.00895,57.12,1.5778,4251.67,695.06,3.0,1005.84,18.8,23.05,0.00896,64.32,0.9924,2157.31,696.84,4.0,431.08,19.25,22.75,0.00896,64.32,1.8907,4805.65,690.59,6.0,843.74,20.38,28.13,0.00898,58.67,1.3386,2157.31,689.2,7.0,2414.16,19.4,20.86,0.00897,61.54,2.3518,8908.59,663.02,7.0,603.5,13607.2,0.0,4278.04,8182558.44,16096715.54,16096715.54,20052465.51
187,15,15,32.21,57.5,32.1,58.23,0.3976,500.2,20.43,60.13,0.3976,674.61,20.19,59.73,8.2666,697.67,20.95,59.47,8.2666,697.5,14.37,83.94,8.2666,699.09,14.34,84.66,8.2666,682.35,14.92,81.49,8.2666,705.02,21.11,26.52,0.00894,56.92,1.4624,3736.95,692.46,2.0,1005.84,18.8,22.83,0.00896,65.5,0.9924,2157.31,721.65,4.0,431.08,19.2,22.67,0.00895,62.66,2.0061,4805.65,697.22,7.0,843.74,19.19,28.14,0.00898,64.8,1.454,2157.31,748.76,8.0,0.0,19.31,20.9,0.00897,63.57,2.3518,8908.59,697.56,7.0,603.52,13386.95,0.0,4394.38,5936762.16,16256736.63,16256736.63,19589402.49
187,15,30,32.05,58.78,32.43,56.64,0.4087,486.05,20.11,60.9,0.4087,699.31,20.16,59.65,8.4974,725.91,20.7,60.27,8.4974,698.55,14.4,86.31,8.4974,677.28,14.42,85.83,8.4974,700.94,15.06,83.22,8.4974,679.84,21.26,26.27,0.00894,57.42,1.4624,4011.29,693.12,2.0,1044.96,18.96,22.68,0.00895,63.87,0.9924,2157.31,704.17,4.0,447.83,19.15,22.52,0.00895,64.35,2.0061,4805.65,698.24,7.0,843.74,18.52,26.46,0.00896,66.6,1.6848,2157.31,735.07,10.0,0.0,19.24,20.83,0.00895,62.6,2.3518,8908.59,683.23,6.0,603.52,13448.86,0.0,4631.32,3664646.28,16518171.81,16518171.81,19836331.15
187,15,45,32.21,55.99,32.18,56.72,0.4031,500.75,20.09,61.39,0.4031,709.69,20.0,60.32,8.382,690.64,20.64,59.96,8.382,713.81,14.64,85.07,8.382,732.87,14.4,84.31,8.382,692.62,14.78,82.09,8.382,704.95,21.22,26.18,0.00892,55.36,1.4624,4123.77,718.55,2.0,1035.12,18.82,22.54,0.00894,66.07,0.9924,2157.31,738.49,4.0,443.64,19.16,22.38,0.00893,63.71,1.8907,4805.65,719.36,6.0,855.47,18.37,26.05,0.00894,66.1,1.6848,2157.31,754.54,10.0,0.0,19.35,20.78,0.00894,62.08,2.3518,8908.59,707.41,7.0,609.37,13056.45,0.0,4512.14,3693665.88,15811732.48,15811732.48,19937348.75
187,16,0,32.31,56.3,32.23,55.07,0.4031,453.71,20.26,59.58,0.4031,746.78,19.98,59.91,8.382,716.19,20.58,60.96,8.382,725.56,14.49,84.69,8.382,696.4,14.53,84.8,8.382,740.88,14.93,81.7,8.382,722.82,21.05,26.07,0.00892,57.5,1.4624,4211.84,726.45,2.0,1044.96,18.83,22.4,0.00893,65.1,0.9924,2157.31,719.48,4.0,447.82,18.93,22.3,0.00892,63.82,1.8907,4805.65,728.26,6.0,855.47,19.29,26.64,0.00893,64.34,1.6848,2157.31,757.17,10.0,2449.32,19.33,20.76,0.00894,62.81,2.3518,8908.59,681.89,8.0,609.38,13053.26,0.0,4512.14,5910550.56,15725709.96,15725709.96,20016642.18
187,16,15,31.8,55.87,32.05,57.23,0.3754,490.76,20.29,60.2,0.3754,720.81,20.33,58.35,7.805,705.2,20.79,59.48,7.805,737.71,14.54,82.89,7.805,726.82,14.44,83.97,7.805,719.95,15.13,82.69,7.805,682.9,21.07,25.98,0.00891,54.89,1.4624,4335.34,733.17,2.0,1035.12,18.88,22.27,0.00892,65.76,0.9924,2157.31,746.07,4.0,443.64,19.67,22.17,0.00891,62.52,1.5445,4805.65,700.7,3.0,855.48,18.9,26.76,0.00894,65.04,1.454,2157.31,743.76,8.0,0.0,19.32,20.75,0.00894,64.65,2.3518,8908.59,727.32,8.0,603.52,11906.28,0.0,3937.65,3662508.96,14187367.4,14187367.4,20127769.42
187,16,30,31.66,57.67,31.72,58.6,0.3865,473.14,20.27,60.48,0.3865,758.09,20.3,59.07,8.0358,726.06,20.77,60.65,8.0358,722.57,14.52,83.67,8.0358,707.23,14.56,83.18,8.0358,731.87,15.14,82.95,8.0358,739.7,21.05,25.79,0.0089,57.33,1.347,3751.49,731.47,1.0,1005.84,18.47,22.14,0.00892,67.94,1.1078,2157.31,749.48,5.0,431.09,19.28,22.19,0.00891,61.45,1.5445,4805.65,712.51,3.0,750.0,19.59,27.55,0.00893,60.78,1.6848,2157.31,741.69,10.0,2484.36,19.27,20.8,0.00893,64.62,2.3518,8908.59,736.76,8.0,808.6,12281.02,0.0,4163.14,6109917.48,14826888.08,14826888.08,19602348.2
187,16,45,31.33,57.67,31.37,57.98,0.3754,515.09,20.14,59.69,0.3754,726.38,20.31,59.45,7.805,743.46,20.74,58.32,7.805,716.81,14.44,84.11,7.805,724.62,14.46,83.74,7.805,715.59,14.99,81.21,7.805,750.54,21.17,25.46,0.00889,55.33,1.347,4161.73,738.32,1.0,1015.56,18.78,21.9,0.00891,64.94,0.9924,2157.31,758.32,4.0,435.25,19.69,22.09,0.0089,62.01,1.4291,4805.65,738.7,2.0,761.71,18.75,27.31,0.00893,62.63,1.6848,2157.31,746.96,10.0,0.0,19.39,20.81,0.00893,61.85,2.3518,8908.59,737.75,8.0,814.45,11746.97,0.0,3937.65,3908359.08,14146522.97,14146522.97,19971569.58
187,17,0,31.17,59.38,31.23,60.31,0.3754,490.7,20.13,59.37,0.3754,720.95,20.32,59.82,7.805,732.47,20.68,60.0,7.805,719.19,14.58,84.46,7.805,735.94,14.61,83.6,7.805,728.72,15.18,80.26,7.805,754.04,21.01,25.11,0.00889,56.85,1.347,4612.2,750.45,1.0,1015.68,18.45,21.84,0.00891,66.88,1.1078,2157.31,775.76,5.0,435.28,19.37,22.07,0.00889,61.04,1.5445,4805.65,750.95,3.0,750.0,20.13,27.44,0.00892,59.2,1.454,2157.31,788.54,8.0,2472.6,19.24,20.8,0.00892,61.43,2.3518,8908.59,757.16,8.0,808.6,11721.49,0.0,3937.65,6112736.28,14041780.42,14041780.42,20376958.93
187,17,15,31.2,61.2,31.06,60.93,0.392,470.9,20.25,59.79,0.392,775.64,20.34,59.64,8.1512,740.4,20.98,59.79,8.1512,737.22,14.61,83.24,8.1512,745.93,14.5,83.66,8.1512,726.07,15.04,81.28,8.1512,727.84,21.06,24.76,0.00888,56.52,1.347,4870.47,741.41,1.0,1005.84,18.52,21.62,0.0089,65.15,0.9924,2157.31,769.14,4.0,431.09,19.01,21.96,0.0089,65.07,1.8907,4805.65,757.41,6.0,750.0,20.14,29.31,0.00893,60.45,1.5694,2157.31,791.49,9.0,2425.68,19.5,20.79,0.00892,63.22,2.3518,8908.59,749.81,8.0,808.6,12594.16,0.0,4278.04,8229740.4,15123213.87,15123213.87,20609380.24
187,17,30,30.83,63.35,30.92,61.02,0.392,493.91,20.0,59.12,0.392,756.59,20.08,59.91,8.1512,748.53,20.6,61.07,8.1512,727.65,14.38,83.69,8.1512,713.61,14.53,83.57,8.1512,727.71,15.0,81.91,8.1512,765.45,21.06,24.39,0.00889,58.24,1.347,4870.47,740.12,1.0,966.84,18.51,21.55,0.00891,64.93,0.9924,2157.31,762.7,4.0,414.34,18.86,21.67,0.0089,65.68,1.8907,4805.65,736.86,6.0,679.68,19.4,29.19,0.00893,63.16,1.5694,2157.31,797.85,9.0,0.0,19.05,20.68,0.00891,63.1,2.3518,8908.59,745.71,6.0,404.29,12297.77,0.0,4278.04,5401359.72,15082625.01,15082625.01,20609380.24
187,17,45,30.68,61.05,30.81,61.52,0.3754,470.35,20.07,58.65,0.3754,733.94,19.99,60.89,7.805,779.54,20.64,60.31,7.805,743.18,14.6,86.38,7.805,734.45,14.61,85.06,7.805,729.32,15.0,80.96,7.805,741.55,20.36,23.85,0.0089,59.08,1.4624,4870.47,754.55,2.0,966.84,18.55,21.38,0.00891,65.67,0.9924,2157.31,745.32,4.0,414.34,19.1,21.41,0.0089,61.91,1.5445,4805.65,747.51,3.0,679.69,20.14,28.82,0.00893,56.33,1.454,2157.31,765.18,8.0,2402.4,19.22,20.55,0.00891,65.03,2.3518,8908.59,763.62,4.0,404.29,11520.45,0.0,3937.65,7563444.12,13963704.68,13963704.68,20571062.92
187,18,0,30.51,64.48,30.63,62.86,0.392,480.13,19.67,60.12,0.392,784.11,19.87,60.51,8.1512,724.28,20.41,61.05,8.1512,782.42,14.33,83.93,8.1512,742.6,14.66,83.45,8.1512,765.96,14.83,82.39,8.1512,731.0,20.35,23.25,0.0089,60.43,1.4624,4870.47,746.88,2.0,966.84,18.25,21.21,0.00892,66.97,0.9924,2157.31,780.1,4.0,414.35,19.14,21.39,0.00891,64.78,1.7753,4805.65,742.38,5.0,679.69,18.89,27.95,0.00894,63.43,1.5694,2157.31,790.72,9.0,0.0,18.98,20.46,0.00891,64.38,2.3518,8908.59,763.85,3.0,404.29,11857.34,0.0,4278.04,5418379.44,14777429.46,14777429.46,20609380.24
187,18,15,28.66,67.38,28.68,68.59,0.3976,467.87,19.84,60.11,0.3976,752.41,19.9,61.51,8.2666,758.54,20.18,61.84,8.2666,738.96,14.46,84.65,8.2666,748.06,14.42,85.01,8.2666,754.32,15.0,83.73,8.2666,739.08,19.9,22.64,0.00888,61.22,1.4624,4870.47,747.08,2.0,966.84,18.32,20.99,0.0089,66.77,1.1078,2157.31,760.61,5.0,414.35,18.71,21.06,0.00889,64.73,1.7753,4805.65,748.06,5.0,679.68,19.44,26.88,0.00891,60.78,1.5694,2157.31,777.75,9.0,2460.96,19.1,20.36,0.00889,63.41,2.3518,8908.59,760.97,3.0,404.3,11481.89,0.0,4394.38,7595196.12,14398918.85,14398918.85,20609380.24
187,18,30,26.79,75.99,26.74,75.55,0.3643,508.94,19.96,60.64,0.3643,747.18,19.7,59.73,7.5742,761.57,20.02,63.14,7.5742,753.66,14.49,83.23,7.5742,745.97,14.31,83.67,7.5742,733.23,14.94,82.25,7.5742,731.58,19.53,22.1,0.00885,61.69,1.4624,4870.47,736.95,2.0,898.32,18.4,20.64,0.00885,67.12,0.877,2157.31,739.63,3.0,385.03,18.89,20.71,0.00885,63.58,1.4291,4805.65,785.84,2.0,574.22,19.59,25.81,0.00887,62.13,1.454,2157.31,778.05,8.0,2437.44,19.0,20.42,0.00885,63.41,2.3518,8908.59,772.11,2.0,404.3,9840.78,0.0,3717.95,8078905.44,12202855.42,12202855.42,20609380.24
187,18,45,24.8,82.62,24.51,81.69,0.3532,493.72,19.64,58.68,0.3532,763.13,19.53,61.7,7.3434,747.24,19.92,63.33,7.3434,724.58,14.39,82.12,7.3434,720.49,14.45,82.37,7.3434,735.05,14.95,80.27,7.3434,754.48,19.54,21.7,0.00878,61.09,1.4624,4870.47,729.56,2.0,898.44,18.47,20.51,0.00878,64.56,0.877,2157.31,726.95,3.0,385.04,19.31,20.55,0.00878,60.78,1.1983,4805.65,744.11,0.0,562.5,18.42,24.81,0.0088,63.63,1.454,2157.31,766.31,8.0,0.0,18.94,20.36,0.00878,61.06,2.3518,8908.59,716.32,2.0,410.15,9298.35,0.0,3504.09,5855348.52,11620624.8,11620624.8,20609380.24
187,19,0,22.72,86.83,22.77,86.3,0.3532,426.64,19.68,60.3,0.3532,743.91,19.6,60.42,7.3434,774.94,19.89,60.93,7.3434,734.8,14.61,82.02,7.3434,715.01,14.42,82.38,7.3434,779.95,14.96,82.09,7.3434,744.98,19.44,21.35,0.00871,60.47,1.4624,4870.47,739.78,2.0,898.44,18.38,20.36,0.00872,65.51,0.877,2157.31,727.39,3.0,385.04,19.41,20.5,0.0087,63.31,1.1983,4805.65,740.46,0.0,574.21,18.14,23.93,0.00873,64.95,1.454,2157.31,760.34,8.0,0.0,19.0,20.29,0.00871,63.09,2.3518,8908.59,751.32,2.0,404.3,9151.13,0.0,3504.09,5890620.24,11431066.67,11431066.67,20609380.24
187,19,15,22.37,90.04,22.29,88.85,0.3532,486.32,19.45,61.75,0.3532,733.69,19.64,59.29,7.3434,759.81,19.81,61.04,7.3434,717.07,14.56,81.3,7.3434,758.16,14.54,82.87,7.3434,754.8,14.9,79.08,7.3434,729.43,19.41,21.07,0.00865,60.61,1.4624,4870.47,712.04,2.0,898.44,18.28,20.22,0.00866,64.9,0.877,2157.31,754.42,3.0,385.04,18.99,20.41,0.00864,62.4,1.3137,4805.65,751.45,1.0,562.5,18.25,23.37,0.00867,65.81,1.3386,2157.31,764.05,7.0,0.0,18.95,20.22,0.00865,62.14,2.3518,8908.59,738.29,2.0,404.3,9027.87,0.0,3504.09,5838846.12,11278765.57,11278765.57,20609380.24
187,19,30,21.7,92.72,21.6,92.38,0.3476,477.28,19.63,59.69,0.3476,736.79,19.58,60.54,7.228,769.7,19.86,61.07,7.228,780.79,14.64,81.81,7.228,721.33,14.64,82.41,7.228,701.07,14.97,79.2,7.228,695.65,19.41,20.91,0.00858,60.73,1.4624,4870.47,729.03,2.0,1035.12,18.38,20.15,0.00859,65.72,0.877,2157.31,775.07,3.0,443.64,19.15,20.22,0.00858,62.16,1.3137,4805.65,721.25,1.0,574.21,19.58,23.55,0.00859,58.5,1.2232,2157.31,745.93,6.0,2414.16,18.78,20.11,0.00858,63.29,2.3518,8908.59,725.28,2.0,404.29,8792.3,0.0,3399.36,8275852.08,10959915.22,10959915.22,20609380.24
187,19,45,21.29,95.79,20.94,95.62,0.3365,467.75,19.56,58.26,0.3365,733.47,19.58,59.45,6.9972,737.1,19.52,61.79,6.9972,705.36,14.48,81.12,6.9972,723.88,14.55,80.36,6.9972,698.78,15.02,78.3,6.9972,731.71,19.26,20.77,0.00852,60.11,1.4624,4870.47,724.37,2.0,1035.24,18.37,20.08,0.00853,64.91,0.877,2157.31,735.35,3.0,443.64,19.02,20.06,0.00851,59.82,1.1983,4805.65,736.36,0.0,562.5,18.72,23.28,0.00854,62.4,1.1078,2157.31,734.9,5.0,0.0,18.59,20.04,0.00852,62.37,2.3518,8908.59,737.4,2.0,404.3,8521.64,0.0,3194.34,6123142.08,10548585.14,10548585.14,20609380.24
187,20,0,20.68,98.56,20.51,97.45,0.3421,502.83,19.53,60.38,0.3421,744.06,19.45,62.19,7.1126,725.85,19.44,62.75,7.1126,742.55,14.51,79.41,7.1126,726.54,14.68,81.74,7.1126,721.26,15.05,77.62,7.1126,719.52,19.17,20.63,0.00847,59.5,1.4624,4870.47,738.7,2.0,1035.24,18.49,19.99,0.00849,64.05,0.877,2157.31,721.92,3.0,443.64,19.15,20.0,0.00846,60.75,1.1983,4805.65,723.9,0.0,574.22,18.27,22.84,0.0085,64.31,1.2232,2157.31,767.19,6.0,0.0,18.89,19.98,0.00847,63.41,2.3518,8908.59,711.3,2.0,404.29,8435.74,0.0,3296.11,6108442.2,10613151.73,10613151.73,20609380.24
187,20,15,20.51,98.04,20.57,97.51,0.3421,486.71,19.39,59.9,0.3421,744.46,19.45,61.14,7.1126,743.3,19.4,61.04,7.1126,704.01,14.64,79.76,7.1126,708.09,14.6,80.61,7.1126,715.57,14.96,78.7,7.1126,710.21,19.05,20.51,0.00843,60.56,1.4624,4870.47,733.29,2.0,1035.12,18.33,19.92,0.00845,64.54,0.877,2157.31,741.39,3.0,443.64,18.86,19.92,0.00842,59.58,1.1983,4805.65,728.02,0.0,574.22,19.44,23.11,0.00846,60.34,1.2232,2157.31,736.26,6.0,2437.56,18.96,19.93,0.00843,61.27,2.3518,8908.59,734.67,2.0,410.16,8334.28,0.0,3296.11,8337929.4,10476439.4,10476439.4,20609380.24
187,20,30,20.68,97.89,20.63,98.14,0.3365,473.82,19.22,60.26,0.3365,731.98,19.17,59.36,6.9972,730.54,19.19,63.44,6.9972,725.26,14.54,79.88,6.9972,705.18,14.49,79.29,6.9972,714.2,15.12,77.96,6.9972,672.25,19.05,20.6,0.00839,59.39,1.4624,4870.47,729.61,2.0,839.76,18.23,20.01,0.0084,64.52,0.877,2157.31,731.86,3.0,359.93,19.1,19.86,0.00838,59.36,1.1983,4805.65,696.46,0.0,574.22,18.14,21.4,0.00842,64.51,1.1078,2157.31,734.67,5.0,0.0,18.71,19.89,0.00839,61.04,2.3518,8908.59,727.41,2.0,404.29,8048.03,0.0,3194.34,4576691.16,10213920.84,10213920.84,20609380.24
187,20,45,20.52,97.13,20.59,97.0,0.331,455.68,19.16,57.68,0.331,721.38,19.1,60.23,6.8818,720.27,19.2,62.12,6.8818,671.71,14.61,78.83,6.8818,720.2,14.48,79.24,6.8818,714.52,15.12,74.19,6.8818,705.5,19.02,20.55,0.00835,58.65,1.4624,4870.47,724.08,2.0,830.16,18.42,19.99,0.00837,62.95,0.877,2157.31,728.09,3.0,355.75,19.03,19.78,0.00834,59.34,1.1983,4805.65,705.22,0.0,562.5,19.16,20.96,0.00837,57.64,0.9924,2157.31,724.27,4.0,2437.56,18.83,19.83,0.00835,60.79,2.3518,8908.59,717.88,2.0,404.29,7933.62,0.0,3094.05,6721712.64,9938158.42,9938158.42,20609380.24
187,21,0,20.51,97.83,20.73,98.35,0.3365,471.97,19.23,59.16,0.3365,725.84,19.19,58.05,6.9972,718.34,19.34,58.55,6.9972,712.42,14.6,80.64,6.9972,704.08,14.55,78.88,6.9972,703.49,15.11,77.74,6.9972,703.99,19.19,20.51,0.00833,60.45,1.4624,4870.47,716.45,2.0,830.04,18.34,19.98,0.00835,64.51,0.877,2157.31,719.73,3.0,355.75,18.93,19.71,0.00832,59.11,1.1983,4805.65,701.37,0.0,562.5,19.36,21.14,0.00836,57.8,1.1078,2157.31,727.05,5.0,2449.2,18.73,19.8,0.00833,60.17,2.3518,8908.59,692.67,2.0,404.29,8059.92,0.0,3194.34,6751292.76,10128832.51,10128832.51,20609380.24
187,21,15,19.98,95.59,20.08,97.34,0.3365,462.45,19.06,60.51,0.3365,720.95,18.92,57.8,6.9972,707.55,18.89,60.35,6.9972,710.88,14.55,78.98,6.9972,714.28,14.61,79.41,6.9972,675.14,14.84,77.4,6.9972,709.8,18.89,20.45,0.00829,58.16,1.4624,4870.47,706.01,2.0,830.04,18.32,19.94,0.00831,62.11,0.877,2157.31,750.21,3.0,355.74,18.94,19.64,0.00828,59.23,1.1983,4805.65,691.59,0.0,574.22,17.96,20.43,0.00832,64.98,1.1078,2157.31,733.68,5.0,0.0,18.91,19.76,0.00829,60.41,2.3518,8908.59,677.36,1.0,404.29,7744.44,0.0,3194.34,4538340.36,9964007.21,9964007.21,20609380.24
187,21,30,19.59,98.71,19.2,97.29,0.3213,469.79,19.03,59.82,0.3213,716.61,19.07,58.41,6.6812,734.11,19.03,60.81,6.6812,703.91,14.49,77.12,6.6812,682.93,14.54,78.7,6.6812,690.01,14.96,74.47,6.6812,684.57,19.31,20.37,0.00823,57.62,1.2316,4870.47,682.3,0.0,732.48,18.21,19.92,0.00825,61.43,0.877,2157.31,710.57,3.0,313.88,19.17,19.55,0.00822,59.38,1.1983,4805.65,696.5,0.0,550.78,18.74,20.27,0.00825,60.22,1.1078,2157.31,708.5,5.0,2449.2,18.72,19.52,0.00822,60.42,2.2666,8908.59,705.46,0.0,199.22,7437.55,0.0,2923.29,6025607.28,9340616.88,9340616.88,20609380.24
187,21,45,18.92,95.75,18.97,96.82,0.3102,476.93,20.04,57.11,0.3102,715.72,19.99,57.93,0.3102,691.54,18.78,97.7,0.3102,470.26,13.17,99.85,0.3102,432.99,13.03,99.67,0.3102,473.34,15.14,101.14,0.3102,488.29,21.12,20.42,0.00867,57.7,0.0592,653.98,679.62,0.0,742.2,20.85,19.87,0.00904,61.31,0.0422,532.09,773.15,3.0,318.07,20.73,19.47,0.00866,56.96,0.0576,1911.85,648.46,0.0,562.5,20.72,19.87,0.00906,62.45,0.0422,804.97,775.5,3.0,0.0,20.83,19.45,0.00866,56.89,0.109,3518.67,701.33,0.0,199.22,437.72,0.0,602.6,3814772.76,936284.5,936284.5,9502315.15
187,22,0,18.3,96.66,18.25,95.66,0.3102,499.99,20.56,53.45,0.3102,686.62,20.7,53.97,0.3102,686.86,18.3,97.32,0.3102,458.52,13.24,100.89,0.3102,476.48,13.2,100.41,0.3102,474.62,15.1,100.63,0.3102,457.31,21.19,21.09,0.00911,58.59,0.0592,0.0,648.6,0.0,732.36,21.23,20.86,0.00982,64.16,0.0422,0.0,761.09,3.0,313.9,21.11,20.23,0.00908,58.27,0.0576,1056.93,653.56,0.0,562.5,21.03,20.49,0.00983,65.76,0.0422,501.48,777.24,3.0,0.0,21.04,20.49,0.00909,59.3,0.109,1881.4,676.53,0.0,199.22,400.17,0.0,602.6,3827299.68,902494.29,902494.29,2708109.51
187,22,15,18.92,94.71,18.8,94.43,0.3102,476.83,20.85,56.01,0.3102,702.1,20.78,55.66,0.3102,710.29,18.86,96.19,0.3102,458.4,13.04,97.04,0.3102,445.31,13.06,100.33,0.3102,463.72,15.05,99.8,0.3102,479.65,21.31,21.38,0.00964,60.1,0.0592,0.0,648.89,0.0,732.48,21.51,21.23,0.01071,68.62,0.0422,0.0,753.63,3.0,313.88,21.0,20.49,0.00961,61.71,0.0576,841.9,644.78,0.0,550.79,20.93,20.67,0.01072,67.72,0.0422,439.99,743.61,3.0,0.0,21.27,20.7,0.00962,61.51,0.109,1629.73,637.58,0.0,199.22,439.28,0.0,602.6,3791703.96,937688.01,937688.01,2620447.29
187,22,30,19.42,94.81,19.44,93.67,0.3102,458.41,20.0,61.66,0.3102,646.02,19.86,60.88,6.4504,613.64,19.73,64.46,6.4504,637.34,14.48,80.67,6.4504,632.74,14.55,81.39,6.4504,623.01,14.97,78.6,6.4504,658.13,20.04,21.51,0.00905,58.03,1.2316,4870.47,661.72,0.0,654.36,18.94,21.43,0.00916,63.33,0.877,2157.31,663.99,3.0,280.43,19.6,20.65,0.00905,60.34,1.1983,4805.65,662.67,0.0,562.5,19.9,21.36,0.00916,60.03,0.877,2157.31,659.51,3.0,2414.04,19.44,20.78,0.00905,64.49,2.2666,8908.59,651.55,0.0,205.08,8299.96,0.0,2732.44,5447969.28,10444981.5,10444981.5,20609380.24
187,22,45,20.03,92.4,20.11,91.97,0.2936,472.22,19.7,61.39,0.2936,667.8,19.68,60.3,6.1042,656.08,19.58,64.77,6.1042,647.94,14.5,79.58,6.1042,620.43,14.63,80.85,6.1042,645.67,15.02,79.34,6.1042,651.83,19.47,21.02,0.00876,58.96,1.2316,4870.47,659.4,0.0,654.36,18.9,20.64,0.00875,63.51,0.7616,2157.31,647.94,2.0,280.42,19.16,20.14,0.00876,61.06,1.1983,4805.65,641.24,0.0,562.5,20.71,21.08,0.00875,57.48,0.6462,2157.31,670.48,1.0,2402.28,18.73,20.0,0.00876,63.13,2.2666,8908.59,630.82,0.0,199.21,7870.67,0.0,2457.53,5432870.88,9578539.08,9578539.08,20609380.24
187,23,0,20.72,89.21,20.6,91.96,0.2936,455.44,19.41,58.18,0.2936,637.28,19.39,61.69,6.1042,650.85,19.4,62.63,6.1042,632.87,14.59,80.7,6.1042,629.1,14.49,77.67,6.1042,647.78,15.05,78.56,6.1042,633.91,19.52,20.82,0.00855,59.98,1.2316,4870.47,639.4,0.0,644.64,18.67,20.44,0.00855,61.5,0.7616,2157.31,639.42,2.0,276.24,19.29,19.92,0.00855,60.73,1.1983,4805.65,639.86,0.0,550.78,19.12,20.76,0.00855,62.25,0.6462,2157.31,637.2,1.0,35.16,18.7,19.74,0.00855,63.77,2.2666,8908.59,638.65,0.0,199.21,7455.52,0.0,2457.53,3279286.08,9130116.45,9130116.45,20609380.24
187,23,15,20.68,91.89,20.7,91.16,0.2825,453.23,19.31,59.35,0.2825,610.68,19.3,61.14,5.8734,625.36,19.43,62.64,5.8734,628.67,14.56,77.51,5.8734,616.67,14.7,79.63,5.8734,628.62,14.87,77.99,5.8734,647.3,19.64,20.69,0.00841,59.94,1.2316,4870.47,636.59,0.0,654.36,19.19,20.23,0.0084,60.82,0.5308,2157.31,641.5,0.0,280.42,19.17,19.78,0.00841,61.11,1.1983,4805.65,636.42,0.0,562.5,18.75,20.07,0.00841,61.58,0.6462,2157.31,639.9,1.0,0.0,18.78,19.59,0.00841,61.56,2.2666,8908.59,629.74,0.0,199.21,7207.75,0.0,2281.9,3270149.28,8603600.0,8603600.0,20609380.24
187,23,30,21.01,94.13,20.92,92.61,0.2825,483.73,19.37,60.12,0.2825,630.3,19.2,59.48,5.8734,665.63,19.25,62.57,5.8734,627.4,14.54,78.59,5.8734,638.07,14.41,79.91,5.8734,617.66,14.96,77.5,5.8734,627.35,19.28,20.2,0.0083,59.74,1.2316,4870.47,618.53,0.0,468.84,19.08,20.01,0.0083,59.46,0.5308,2157.31,624.31,0.0,200.9,19.07,19.68,0.0083,59.77,1.1983,4805.65,664.49,0.0,562.5,18.39,19.72,0.00831,60.52,0.6462,2157.31,657.91,1.0,0.0,18.51,19.48,0.0083,62.06,2.2666,8908.59,627.52,0.0,199.22,7132.58,0.0,2281.9,1452230.64,8473037.26,8473037.26,20609380.24
187,23,45,21.01,95.42,20.89,96.8,0.2825,469.47,19.4,55.93,0.2825,617.64,19.29,59.77,5.8734,618.78,19.17,58.87,5.8734,637.66,14.62,76.75,5.8734,626.16,14.66,76.77,5.8734,616.2,14.97,77.04,5.8734,613.56,19.01,19.97,0.00822,59.03,1.2316,4870.47,619.8,0.0,478.44,19.2,19.88,0.00822,59.59,0.5308,2157.31,626.46,0.0,205.08,19.16,19.61,0.00822,59.99,1.1983,4805.65,634.61,0.0,550.78,20.53,21.57,0.00822,52.86,0.6462,2157.31,629.03,1.0,2402.4,18.81,19.4,0.00822,59.05,2.2666,8908.59,654.03,0.0,199.22,7041.09,0.0,2281.9,5814662.76,8371711.82,8371711.82,20609380.24
187,24,0,21.04,97.67,21.13,95.24,0.2825,485.48,19.17,59.84,0.2825,642.29,19.16,59.1,5.8734,619.16,19.31,61.82,5.8734,608.72,14.63,80.32,5.8734,605.9,14.64,78.27,5.8734,586.1,15.19,76.54,5.8734,628.0,19.04,19.82,0.00817,58.37,1.2316,4870.47,609.35,0.0,478.44,19.06,19.75,0.00817,57.35,0.5308,2157.31,600.59,0.0,205.08,18.92,19.57,0.00817,58.45,1.1983,4805.65,622.81,0.0,562.5,20.76,21.31,0.00819,52.1,0.6462,2157.31,606.28,1.0,2437.44,18.64,19.35,0.00817,60.54,2.2666,8908.59,623.3,0.0,199.22,6992.08,0.0,2281.9,3658973.04,8366345.92,8366345.92,20609380.24
188,0,15,21.03,94.83,21.15,95.0,0.0706,462.74,20.02,52.02,0.0706,623.19,20.03,51.94,1.4684,608.27,20.1,55.17,1.4684,616.92,14.64,64.7,1.4684,622.87,14.66,67.26,1.4684,636.55,14.86,63.66,1.4684,612.54,20.76,19.7,0.00786,46.93,0.3079,3655.84,618.52,0.0,468.84,20.78,19.66,0.00786,49.6,0.1327,1677.12,609.57,0.0,200.89,20.69,19.53,0.00787,48.2,0.2996,3704.42,614.38,0.0,550.78,22.04,21.34,0.00786,43.63,0.1615,0.0,633.95,1.0,2425.8,20.57,19.3,0.00787,49.09,0.5666,7307.96,598.67,0.0,199.22,2840.56,0.0,602.6,3624757.56,2944684.03,2944684.03,16142803.16
188,0,30,20.96,93.21,21.25,95.3,0.0706,464.06,20.38,51.5,0.0706,589.33,20.64,52.71,1.4684,602.77,20.54,53.56,1.4684,620.64,14.5,63.97,1.4684,611.25,14.52,66.26,1.4684,591.06,14.95,64.42,1.4684,615.23,21.16,20.45,0.00756,47.53,0.3079,2848.36,590.83,0.0,439.44,21.13,20.36,0.00756,46.71,0.1327,1309.46,603.63,0.0,188.35,21.14,20.32,0.00757,46.25,0.2996,2808.16,639.52,0.0,562.5,22.78,22.01,0.00756,39.99,0.1615,0.0,620.86,1.0,2449.2,21.07,20.37,0.00757,48.87,0.5666,5623.46,619.78,0.0,205.08,2927.93,0.0,602.6,3621937.68,3091497.51,3091497.51,10969359.71
188,0,45,21.04,91.89,21.1,95.25,0.0706,455.19,20.32,50.88,0.0706,608.53,20.51,49.14,1.4684,620.0,20.63,52.81,1.4684,624.07,14.63,63.04,1.4684,606.66,14.48,63.46,1.4684,612.5,15.07,64.34,1.4684,600.81,21.01,20.66,0.00728,44.28,0.3079,2541.85,629.6,0.0,449.28,21.3,20.59,0.00728,45.28,0.1327,1159.46,599.36,0.0,192.53,20.94,20.57,0.00729,45.51,0.2996,2475.61,622.65,0.0,562.5,23.3,22.45,0.00729,39.22,0.1615,0.0,650.02,1.0,2367.24,21.05,20.57,0.00729,45.36,0.5666,5159.1,619.06,0.0,199.21,2964.18,0.0,602.6,3577214.88,3183160.6,3183160.6,9937835.75
188,1,0,21.1,93.82,21.23,93.07,0.0706,487.18,20.7,47.71,0.0706,634.55,20.93,46.36,1.4684,615.06,20.94,46.4,1.4684,607.05,14.72,61.2,1.4684,625.66,14.61,60.31,1.4684,595.41,15.1,59.14,1.4684,623.89,21.05,20.79,0.00702,44.39,0.3079,2357.4,650.41,0.0,439.44,21.08,20.73,0.00702,44.97,0.1327,1067.06,596.75,0.0,188.35,21.18,20.72,0.00703,42.52,0.2996,2258.16,582.5,0.0,562.5,21.68,23.66,0.00703,41.11,0.1615,0.0,626.79,1.0,0.0,21.29,20.71,0.00703,44.23,0.5666,4829.63,600.63,0.0,199.21,2989.8,0.0,602.6,3596255.28,3240595.45,3240595.45,9462749.52
188,1,15,20.96,95.26,20.78,94.48,0.0706,484.17,20.69,46.07,0.0706,622.51,20.77,46.04,1.4684,591.05,20.75,46.76,1.4684,600.22,14.48,60.27,1.4684,597.18,14.62,59.82,1.4684,609.88,14.79,59.24,1.4684,599.29,21.15,20.89,0.00678,42.32,0.3079,2236.45,619.95,0.0,439.44,21.2,20.84,0.00678,42.0,0.1327,1006.43,601.86,0.0,188.35,21.21,20.84,0.00679,43.18,0.2996,2123.28,618.58,0.0,562.5,21.24,22.02,0.0068,44.85,0.1615,574.78,631.85,1.0,0.0,20.92,20.82,0.00679,43.08,0.5666,4656.58,623.84,0.0,199.21,2951.03,0.0,602.6,1413013.68,3220916.12,3220916.12,9552190.26
188,1,30,20.73,95.84,20.83,96.51,0.0706,485.57,20.75,43.95,0.0706,603.05,20.66,45.04,1.4684,613.1,20.75,47.62,1.4684,566.02,14.58,59.91,1.4684,582.03,14.66,57.18,1.4684,584.63,14.9,57.94,1.4684,603.24,21.06,20.96,0.00652,41.38,0.3079,2114.66,600.57,0.0,488.28,21.18,20.92,0.00652,38.44,0.1327,944.4,590.81,0.0,209.27,21.09,20.91,0.00654,40.99,0.2996,2041.72,607.75,0.0,562.5,21.09,21.54,0.00654,40.99,0.1615,981.91,624.84,1.0,0.0,21.27,20.87,0.00653,42.19,0.5666,4559.54,596.58,0.0,199.21,2931.76,0.0,602.6,1474594.2,3180921.43,3180921.43,9578003.11
188,1,45,20.68,98.09,20.65,98.12,0.0706,496.52,20.6,43.12,0.0706,619.98,20.68,43.93,1.4684,608.82,20.72,45.86,1.4684,612.08,14.55,58.08,1.4684,602.11,14.47,57.21,1.4684,581.88,14.94,58.09,1.4684,618.69,21.1,21.0,0.00631,39.67,0.3079,2064.34,597.18,0.0,488.28,21.06,20.97,0.00632,39.9,0.1327,913.27,597.52,0.0,209.27,20.93,20.95,0.00632,39.85,0.2996,1986.74,610.17,0.0,562.5,21.11,21.33,0.00635,40.72,0.1615,1012.24,623.62,1.0,0.0,21.03,20.91,0.00632,39.48,0.5666,4494.03,610.53,0.0,199.21,2927.64,0.0,602.6,1475254.08,3177211.9,3177211.9,9423557.53
188,2,0,20.81,99.5,20.74,99.48,0.0703,452.97,21.04,40.73,0.0703,579.38,21.04,39.99,1.4618,621.97,21.05,42.73,1.4618,608.97,14.51,53.16,1.4618,597.12,14.8,54.09,1.4618,593.85,14.87,53.68,1.4618,570.88,21.17,21.03,0.00615,38.26,0.3079,2023.61,611.75,0.0,488.28,21.24,21.01,0.00615,39.95,0.1327,889.39,576.09,0.0,209.27,21.05,20.99,0.00616,38.07,0.2996,1942.84,581.54,0.0,562.5,23.41,23.29,0.00617,32.06,0.155,0.0,622.11,0.0,2460.96,21.01,20.94,0.00616,37.32,0.5666,4437.54,605.55,0.0,199.21,2982.57,0.0,602.6,5862635.28,3196198.03,3196198.03,8364789.18
188,2,15,20.87,100.66,20.59,100.71,0.0731,473.55,21.11,40.11,0.0731,600.77,21.06,41.09,1.5208,605.25,21.22,43.64,1.5208,579.75,14.75,54.3,1.5208,593.81,14.77,52.23,1.5208,607.13,14.98,53.22,1.5208,609.94,21.13,21.08,0.00601,36.31,0.3079,1963.21,617.82,0.0,488.28,21.11,21.05,0.00601,38.39,0.1327,864.6,582.39,0.0,209.27,21.05,21.04,0.00602,36.88,0.2996,1881.57,582.06,0.0,562.5,23.77,24.91,0.00596,32.15,0.214,0.0,612.6,0.0,2425.8,21.01,20.99,0.00602,37.96,0.5666,4359.22,610.24,0.0,199.22,3107.42,0.0,602.6,5798817.0,3330513.82,3330513.82,8164725.89
188,2,30,20.8,99.22,20.84,100.14,0.0692,475.59,20.99,38.2,0.0692,619.71,21.04,36.96,1.4395,604.02,20.85,39.82,1.4395,586.73,14.77,53.02,1.4395,606.5,14.48,52.69,1.4395,575.33,15.09,50.28,1.4395,571.51,21.14,21.12,0.00587,37.68,0.3079,1983.2,588.99,0.0,429.72,21.25,21.07,0.00587,35.65,0.1327,873.1,585.81,0.0,184.14,21.11,21.08,0.00588,35.88,0.2996,1825.73,583.68,0.0,562.5,21.99,23.31,0.00583,33.83,0.1327,0.0,588.87,0.0,0.0,21.05,21.07,0.00587,39.13,0.5666,4210.99,588.75,0.0,199.22,2915.86,0.0,602.6,1554126.48,3196760.12,3196760.12,8004935.47
188,2,45,20.93,100.89,21.15,99.95,0.0692,479.87,21.01,37.41,0.0692,581.47,21.05,36.23,1.4395,625.08,21.02,38.63,1.4395,582.82,14.72,51.66,1.4395,603.08,14.68,52.82,1.4395,573.85,14.97,50.31,1.4395,619.37,21.16,21.15,0.00574,35.87,0.3079,1944.2,569.39,0.0,439.44,21.16,21.1,0.00574,36.44,0.1327,858.6,578.32,0.0,188.33,20.83,21.11,0.00575,36.85,0.2996,1802.31,594.73,0.0,562.5,21.08,22.21,0.00572,34.27,0.1327,304.23,607.96,0.0,0.0,21.22,21.1,0.00575,37.54,0.5666,4183.43,611.63,0.0,199.22,2908.95,0.0,602.6,1592434.08,3173477.78,3173477.78,8204497.94
188,3,0,21.03,99.63,21.09,100.59,0.0692,461.68,20.97,37.47,0.0692,607.94,20.91,37.11,1.4395,598.07,20.91,39.59,1.4395,594.1,14.59,50.21,1.4395,601.69,14.65,50.93,1.4395,611.64,14.99,49.3,1.4395,598.38,21.12,21.17,0.00561,36.91,0.3079,1926.19,601.12,0.0,439.44,21.03,21.12,0.00561,35.33,0.1327,847.94,621.02,0.0,188.33,21.27,21.13,0.00561,36.93,0.2996,1784.23,595.36,0.0,562.5,21.0,21.72,0.0056,36.49,0.1327,725.8,560.31,0.0,0.0,20.97,21.1,0.00561,34.53,0.5666,4173.04,602.37,0.0,199.21,2902.4,0.0,602.6,1592283.96,3154501.22,3154501.22,8511472.35
188,3,15,21.24,102.2,20.95,99.54,0.0692,482.34,21.09,37.49,0.0692,589.11,21.04,37.04,1.4395,584.0,21.06,37.05,1.4395,584.51,14.67,50.05,1.4395,611.02,14.65,50.56,1.4395,572.05,15.04,50.74,1.4395,629.34,21.17,21.17,0.00549,34.9,0.3079,1933.38,592.24,0.0,429.72,21.11,21.13,0.00549,38.1,0.1327,846.36,583.72,0.0,184.16,21.17,21.14,0.00549,34.66,0.2996,1781.33,597.51,0.0,562.5,21.03,21.48,0.00549,36.38,0.1327,741.2,579.51,0.0,35.16,21.04,21.11,0.00549,37.06,0.5666,4170.73,569.55,0.0,199.21,2898.71,0.0,602.6,1611431.28,3151175.58,3151175.58,8525700.93
188,3,30,21.09,100.86,21.13,100.5,0.0692,472.52,21.12,35.55,0.0692,610.39,21.28,34.06,1.4395,585.62,21.09,37.42,1.4395,578.24,14.48,46.98,1.4395,582.12,14.64,50.47,1.4395,556.18,14.95,48.24,1.4395,582.57,21.05,21.18,0.00539,32.37,0.3079,1885.38,582.14,0.0,468.72,21.2,21.15,0.00539,33.67,0.1327,823.54,566.41,0.0,200.9,21.15,21.14,0.0054,33.24,0.2996,1778.82,563.86,0.0,562.5,22.65,21.89,0.00539,29.78,0.1327,0.0,583.7,0.0,2402.28,21.11,21.05,0.0054,33.08,0.5666,4218.71,544.63,0.0,205.08,2900.5,0.0,602.6,3645126.36,3148035.55,3148035.55,7836609.66
188,3,45,21.06,98.56,21.13,99.54,0.0692,437.83,21.01,35.18,0.0692,592.46,21.22,33.25,1.4395,571.46,21.17,37.98,1.4395,577.01,14.63,49.05,1.4395,586.99,14.64,48.47,1.4395,593.92,15.08,46.37,1.4395,601.82,21.25,21.19,0.00523,31.65,0.3079,1868.66,595.51,0.0,478.56,21.06,21.17,0.00523,32.8,0.1327,814.65,594.31,0.0,205.08,21.38,21.14,0.00524,33.75,0.2996,1775.36,587.96,0.0,562.5,21.46,22.06,0.00523,33.68,0.1327,369.52,583.66,0.0,0.0,21.06,21.05,0.00524,34.16,0.5666,4242.32,564.17,0.0,199.22,2868.68,0.0,602.6,1489759.56,3143010.72,3143010.72,8099792.43
188,4,0,20.8,101.89,21.04,100.65,0.0692,487.54,21.07,34.46,0.0692,569.2,20.96,32.81,1.4395,604.44,21.16,34.74,1.4395,553.14,14.52,46.76,1.4395,592.42,14.62,46.75,1.4395,575.47,15.15,46.13,1.4395,561.44,21.23,21.19,0.00509,31.67,0.3079,1865.2,588.42,0.0,478.56,20.97,21.17,0.00509,32.94,0.1327,811.82,581.39,0.0,205.08,21.06,21.15,0.00509,33.88,0.2996,1773.41,560.86,0.0,562.5,21.14,21.46,0.00509,32.64,0.1327,1077.18,589.67,0.0,0.0,21.15,21.05,0.00509,32.88,0.5666,4244.75,579.82,0.0,199.22,2859.94,0.0,602.6,1490418.36,3116284.0,3116284.0,8795124.23
188,4,15,20.94,99.23,20.97,98.29,0.0692,461.15,20.95,34.77,0.0692,568.63,21.15,35.11,1.4395,561.2,21.1,35.99,1.4395,571.29,14.62,46.85,1.4395,586.36,14.57,46.98,1.4395,559.16,15.04,47.46,1.4395,585.33,21.18,21.19,0.00499,31.47,0.3079,1881.63,583.31,0.0,468.72,21.13,21.17,0.00499,32.64,0.1327,815.35,560.79,0.0,200.88,21.1,21.14,0.005,30.38,0.2996,1779.55,595.67,0.0,562.5,21.11,21.29,0.00499,30.29,0.1327,903.54,578.09,0.0,0.0,21.25,21.05,0.005,31.95,0.5666,4248.39,573.23,0.0,199.22,2846.13,0.0,602.6,1477123.56,3103857.05,3103857.05,8665614.99
188,4,30,20.97,96.08,20.83,98.28,0.0692,491.82,21.0,30.66,0.0692,591.38,21.07,31.29,1.4395,571.26,21.19,35.16,1.4395,565.36,14.67,44.77,1.4395,565.47,14.78,46.71,1.4395,545.14,15.06,44.49,1.4395,586.26,21.25,21.19,0.00493,32.12,0.3079,1872.25,564.82,0.0,478.56,21.17,21.18,0.00493,29.38,0.1327,809.02,552.52,0.0,205.08,20.93,21.15,0.00493,29.7,0.2996,1777.26,585.38,0.0,562.5,22.61,21.78,0.00493,26.66,0.1327,0.0,541.63,0.0,2425.68,20.92,21.05,0.00493,31.26,0.5666,4244.24,556.94,0.0,205.08,2822.77,0.0,602.6,3650471.28,3082542.62,3082542.62,7833207.4
188,4,45,20.73,94.14,20.71,94.37,0.0692,483.63,21.05,32.69,0.0692,564.34,20.97,30.61,1.4395,565.84,21.19,33.86,1.4395,560.38,14.59,44.13,1.4395,533.39,14.81,43.39,1.4395,570.92,15.2,41.86,1.4395,571.51,21.21,21.24,0.00483,30.18,0.3079,1814.45,545.79,0.0,478.56,21.16,21.26,0.00483,31.71,0.1327,766.54,563.06,0.0,205.08,21.33,21.29,0.00483,30.67,0.2996,1686.68,588.61,0.0,562.5,21.45,22.01,0.00483,30.61,0.1327,406.63,568.89,0.0,0.0,21.25,21.05,0.00483,30.69,0.5666,4241.03,558.91,0.0,199.22,2794.95,0.0,602.6,1461990.6,3071825.96,3071825.96,7947257.63
188,5,0,20.55,93.59,20.53,95.08,0.0692,465.84,21.07,29.66,0.0692,555.93,21.16,30.83,1.4395,565.14,20.96,34.62,1.4395,566.77,14.52,44.85,1.4395,556.22,14.46,45.22,1.4395,567.99,14.9,42.14,1.4395,573.05,21.04,21.3,0.00474,31.9,0.3079,1748.97,546.66,0.0,478.44,20.86,21.37,0.00474,30.16,0.1327,705.56,539.99,0.0,205.08,21.09,21.42,0.00474,29.45,0.2996,1486.64,582.88,0.0,550.78,21.36,21.5,0.00474,28.36,0.1327,1054.99,554.89,0.0,0.0,21.28,21.06,0.00474,31.12,0.5666,4226.47,592.16,0.0,205.08,2783.75,0.0,602.6,1456709.4,3047718.29,3047718.29,8300367.23
188,5,15,20.55,91.37,20.77,90.76,0.0692,464.38,21.15,29.08,0.0692,572.89,21.18,30.86,1.4395,549.98,21.13,32.87,1.4395,554.17,14.57,44.35,1.4395,560.5,14.62,43.87,1.4395,540.33,15.0,43.46,1.4395,603.83,21.33,21.36,0.00469,29.69,0.3079,1673.6,556.44,0.0,478.56,21.11,21.47,0.00469,28.44,0.1327,650.89,544.83,0.0,205.08,20.98,21.53,0.00469,29.71,0.2996,1353.2,568.24,0.0,562.5,21.12,21.42,0.00469,30.86,0.1327,832.46,579.88,0.0,0.0,21.13,21.06,0.00469,29.36,0.5666,4219.94,570.56,0.0,199.21,2781.42,0.0,602.6,1461970.08,3045620.71,3045620.71,7857084.41
188,5,30,20.7,94.11,20.7,90.85,0.0692,452.37,21.02,29.54,0.0692,549.04,21.07,30.97,1.4395,544.26,21.1,32.23,1.4395,562.47,14.72,45.61,1.4395,534.4,14.68,42.96,1.4395,577.2,14.95,42.73,1.4395,544.02,21.1,21.44,0.00465,30.26,0.3079,1625.3,559.31,0.0,439.44,21.08,21.57,0.00465,28.82,0.1327,609.0,550.55,0.0,188.35,21.1,21.62,0.00465,29.55,0.2996,1251.61,553.47,0.0,550.78,20.97,21.41,0.00465,30.04,0.1327,842.98,558.15,0.0,0.0,21.1,21.07,0.00465,29.66,0.5666,4199.54,593.21,0.0,205.08,2774.69,0.0,602.6,1431686.88,3039560.71,3039560.71,7675581.76
188,5,45,20.73,90.7,20.47,92.03,0.0692,456.23,21.07,30.2,0.0692,560.33,21.11,29.15,1.4395,528.0,21.33,31.92,1.4395,566.21,14.7,40.72,1.4395,573.11,14.43,41.37,1.4395,556.4,14.93,42.35,1.4395,578.84,21.26,21.5,0.00462,29.47,0.3079,1540.55,558.0,0.0,449.28,21.16,21.64,0.00462,29.01,0.1327,565.04,544.05,0.0,192.54,21.14,21.69,0.00462,31.34,0.2996,1181.64,551.03,0.0,550.78,22.69,22.0,0.00462,26.23,0.1327,0.0,559.77,0.0,2414.04,21.34,21.08,0.00462,27.58,0.5666,4184.75,556.84,0.0,199.22,2785.74,0.0,602.6,3587096.88,3042616.36,3042616.36,6725119.92
188,6,0,20.45,90.61,20.52,90.53,0.0692,478.89,21.31,29.68,0.0692,591.21,21.07,30.24,1.4395,525.93,21.24,29.97,1.4395,567.19,14.58,42.84,1.4395,569.55,14.55,42.52,1.4395,567.65,15.09,40.18,1.4395,555.99,21.08,21.58,0.00458,29.21,0.3079,1457.32,547.77,0.0,439.44,20.87,21.72,0.00458,29.16,0.1327,524.4,551.51,0.0,188.33,20.99,21.75,0.00459,28.22,0.2996,1107.76,540.68,0.0,550.78,21.42,22.33,0.00458,30.48,0.1327,210.58,542.11,0.0,0.0,21.08,21.1,0.00458,30.21,0.5666,4156.72,537.47,0.0,205.08,2783.04,0.0,602.6,1432313.28,3050434.72,3050434.72,6695371.04
188,6,15,20.98,88.84,20.85,89.11,0.0692,460.55,21.31,27.81,0.0692,556.09,21.26,28.9,1.4395,523.7,21.09,32.52,1.4395,545.1,14.39,42.23,1.4395,555.75,14.68,42.56,1.4395,567.21,15.15,42.22,1.4395,534.89,21.16,21.67,0.00454,29.04,0.3079,1361.94,542.11,0.0,439.44,21.28,21.8,0.00454,28.17,0.1327,482.68,567.79,0.0,188.33,21.17,21.82,0.00455,29.09,0.2996,1026.8,512.3,0.0,550.78,20.94,21.84,0.00454,28.49,0.1327,635.01,546.51,0.0,0.0,21.04,21.12,0.00455,29.07,0.5666,4138.82,561.99,0.0,199.22,2783.93,0.0,602.6,1401155.28,3049200.5,3049200.5,6897524.2
188,6,30,20.68,86.11,20.71,86.5,0.0692,470.6,21.15,27.5,0.0692,547.25,21.2,28.31,1.4395,529.24,21.19,32.21,1.4395,524.16,14.55,41.61,1.4395,526.11,14.42,43.33,1.4395,557.36,15.04,39.43,1.4395,548.63,21.13,21.76,0.0045,28.67,0.3079,1246.3,529.34,0.0,449.28,20.94,21.88,0.0045,30.07,0.1327,432.23,586.55,0.0,192.53,21.25,21.89,0.00451,27.59,0.2996,935.89,537.14,0.0,562.5,21.05,21.78,0.0045,29.26,0.1327,631.42,530.4,0.0,0.0,21.04,21.11,0.0045,29.07,0.5666,4315.29,534.2,0.0,0.0,2778.89,0.0,602.6,1270280.88,3043338.69,3043338.69,6805025.07
188,6,45,21.07,85.41,21.05,84.44,0.0692,490.01,21.45,27.73,0.0692,545.98,21.22,28.62,1.4395,547.57,21.28,32.14,1.4395,529.09,14.47,40.21,1.4395,509.78,14.42,40.77,1.4395,564.41,15.07,40.35,1.4395,551.95,21.07,21.85,0.00446,31.24,0.3079,1127.19,530.03,0.0,458.88,21.11,21.99,0.00446,28.57,0.1327,371.43,518.85,0.0,196.7,21.22,21.99,0.00447,29.97,0.2996,831.54,556.76,0.0,562.5,22.91,22.36,0.00446,24.34,0.1327,0.0,557.15,0.0,2402.4,21.24,21.13,0.00446,27.13,0.5666,4299.02,515.74,0.0,0.0,2810.57,0.0,602.6,3445498.08,3058573.75,3058573.75,5966627.46
188,7,0,21.27,83.11,21.2,84.13,0.0703,450.91,21.29,26.88,0.0703,537.84,21.39,28.54,1.4614,564.0,21.59,30.43,1.4614,526.23,14.46,41.66,1.4614,539.06,14.62,41.18,1.4614,529.45,14.97,41.44,1.4614,524.77,20.9,21.96,0.00442,27.24,0.3079,1006.82,554.02,0.0,459.0,21.0,22.09,0.00442,28.16,0.1327,310.54,541.54,0.0,196.72,21.02,22.09,0.00443,27.79,0.2996,716.37,546.05,0.0,562.5,23.81,23.32,0.00442,25.61,0.1546,0.0,532.11,0.0,2390.64,21.19,21.15,0.00442,29.11,0.5666,4269.21,555.44,0.0,0.0,2862.02,0.0,602.6,3434924.88,3104576.75,3104576.75,5677963.72
188,7,15,21.19,82.45,21.21,81.47,0.0692,465.26,21.66,26.42,0.0692,574.55,21.55,28.13,1.4395,540.59,21.67,30.08,1.4395,544.68,14.65,39.25,1.4395,571.31,14.68,40.66,1.4395,522.87,15.12,40.4,1.4395,529.27,20.97,22.06,0.00436,28.16,0.3079,883.34,537.29,0.0,459.0,21.19,22.2,0.00436,27.26,0.1327,250.3,541.39,0.0,196.72,21.19,22.19,0.00437,29.25,0.2996,599.5,548.87,0.0,562.5,22.65,24.77,0.00435,25.39,0.1327,0.0,568.27,0.0,0.0,21.07,21.18,0.00437,27.58,0.5666,4232.03,522.24,0.0,0.0,2879.6,0.0,602.6,3444838.2,3116125.18,3116125.18,5368852.25
188,7,30,21.46,81.33,21.36,80.58,0.0692,458.63,21.51,27.98,0.0692,561.04,21.5,28.55,1.4395,534.61,21.35,29.17,1.4395,525.12,14.68,40.04,1.4395,549.58,14.63,39.18,1.4395,537.94,15.0,38.58,1.4395,550.67,21.13,22.17,0.00432,28.56,0.3079,758.79,545.23,0.0,459.0,21.13,22.31,0.00432,27.54,0.1327,190.25,526.34,0.0,196.72,21.22,22.3,0.00433,28.38,0.2996,463.52,559.59,0.0,574.22,21.57,23.48,0.00432,25.73,0.1327,0.0,553.33,0.0,0.0,21.16,21.31,0.00433,27.08,0.5666,3931.68,540.85,0.0,199.22,2845.43,0.0,602.6,1634727.96,3116824.07,3116824.07,4810149.36
188,7,45,21.53,78.78,21.56,80.18,0.0692,476.18,21.35,28.23,0.0692,524.74,21.56,27.28,1.4395,534.99,21.43,30.33,1.4395,521.61,14.43,40.21,1.4395,516.17,14.7,40.47,1.4395,536.49,15.1,40.69,1.4395,562.11,21.05,22.33,0.00429,28.57,0.3079,572.66,527.28,0.0,468.72,21.19,22.9,0.00429,26.03,0.1327,0.0,529.56,0.0,200.9,20.94,22.7,0.00429,27.93,0.2996,0.0,498.82,0.0,585.94,21.14,22.97,0.00429,28.29,0.1327,0.0,565.91,0.0,0.0,21.2,21.33,0.00429,25.57,0.5666,3843.43,530.27,0.0,205.08,2843.74,0.0,602.6,1658444.76,3106232.69,3106232.69,3974656.4
188,8,0,21.75,78.17,21.58,77.14,0.0701,460.63,21.77,25.3,0.0701,546.4,21.86,27.49,1.4576,539.73,21.67,28.2,1.4576,537.53,14.45,38.94,1.4576,545.75,14.58,40.51,1.4576,511.17,15.07,40.23,1.4576,565.03,21.0,22.5,0.00426,25.98,0.3079,377.46,543.18,0.0,468.72,21.7,23.68,0.00426,27.1,0.1327,0.0,540.74,0.0,200.89,21.31,23.1,0.00426,26.49,0.2996,0.0,542.77,0.0,574.22,23.56,23.32,0.00425,22.95,0.1508,0.0,531.91,0.0,2402.4,21.06,21.36,0.00426,25.48,0.5666,3799.5,532.35,0.0,199.21,2927.99,0.0,602.6,3809913.84,3141714.07,3141714.07,3757094.23
188,8,15,22.24,77.1,22.25,74.24,0.0692,449.84,21.89,26.4,0.0692,523.12,21.78,26.35,1.4395,547.89,21.93,28.1,1.4395,551.31,14.52,39.55,1.4395,521.83,14.42,38.73,1.4395,536.55,15.0,37.1,1.4395,541.72,20.99,22.7,0.00422,26.97,0.3079,147.83,524.38,0.0,468.72,22.64,24.56,0.00422,25.57,0.1327,0.0,530.36,0.0,200.88,21.71,23.51,0.00422,26.46,0.2996,0.0,536.11,0.0,574.22,22.4,23.81,0.00422,26.15,0.1327,0.0,531.65,0.0,0.0,21.14,21.41,0.00422,26.69,0.5666,3718.18,518.45,0.0,199.21,2936.57,0.0,602.6,1641834.36,3165024.09,3165024.09,3479609.8
188,8,30,22.39,71.72,22.51,70.64,0.0706,463.14,21.85,25.47,0.0706,527.81,21.91,26.39,1.4684,546.48,22.04,27.54,1.4684,555.5,14.52,37.85,1.4684,534.37,14.59,41.19,1.4684,543.8,15.12,37.56,1.4684,539.66,21.12,22.9,0.00418,23.91,0.3079,0.0,543.26,0.0,468.84,23.33,25.65,0.00418,21.74,0.1327,0.0,542.18,0.0,200.9,22.03,23.94,0.0042,24.93,0.3284,0.0,533.21,1.0,539.06,21.8,23.44,0.00418,24.26,0.1327,0.0,506.84,0.0,0.0,20.94,21.43,0.00418,27.27,0.5666,3501.33,528.77,0.0,404.29,3008.2,0.0,602.6,1641488.76,3238191.99,3238191.99,3151329.75
188,8,45,23.02,68.42,22.89,68.35,0.0709,499.31,22.09,25.45,0.0709,551.25,21.75,26.63,1.475,528.12,21.84,28.27,1.475,545.1,14.71,38.65,1.475,533.02,14.64,38.4,1.475,547.84,15.04,37.09,1.475,526.73,21.15,23.03,0.00414,25.49,0.3079,0.0,540.23,0.0,468.72,23.85,26.25,0.00414,21.85,0.1394,0.0,547.59,0.0,200.89,22.02,24.06,0.00417,26.34,0.3284,0.0,541.24,1.0,550.78,21.55,23.27,0.00414,26.37,0.1327,0.0,534.12,0.0,0.0,21.15,21.49,0.00414,26.35,0.5666,3419.23,516.24,0.0,404.29,3040.31,0.0,602.6,1626013.44,3263690.03,3263690.03,3076215.41
188,9,0,23.38,64.24,23.4,64.95,0.0718,439.29,22.08,25.45,0.0718,540.21,21.79,26.21,1.4932,501.44,22.15,27.36,1.4932,524.74,14.63,38.68,1.4932,528.8,14.55,38.11,1.4932,523.12,15.05,38.03,1.4932,530.99,21.24,23.17,0.00409,24.26,0.3079,0.0,559.89,0.0,468.84,23.84,26.65,0.00408,21.28,0.1575,0.0,538.21,0.0,200.9,22.08,24.1,0.00413,24.49,0.3284,0.0,554.35,1.0,539.06,21.24,23.2,0.00409,25.3,0.1327,0.0,515.53,0.0,35.16,20.98,21.54,0.00409,25.93,0.5666,3341.16,534.36,0.0,404.3,3082.93,0.0,602.6,1673143.56,3316972.68,3316972.68,3007048.21
188,9,15,23.26,63.48,23.2,64.7,0.0769,476.1,22.33,25.63,0.0769,543.72,22.39,24.87,1.5982,550.09,22.43,24.93,1.5982,545.15,14.57,37.15,1.5982,542.79,14.78,36.24,1.5982,519.19,14.99,38.94,1.5982,535.2,21.38,23.27,0.00408,25.75,0.3079,0.0,513.47,0.0,468.72,24.0,26.81,0.00406,21.07,0.1624,0.0,551.28,0.0,200.89,21.97,24.08,0.00412,24.93,0.3284,0.0,535.42,1.0,539.06,23.66,23.75,0.00407,23.63,0.1752,0.0,534.79,0.0,2437.56,21.19,21.59,0.00409,25.81,0.6243,3548.8,534.33,2.0,404.29,3317.14,0.0,602.6,3809253.96,3489822.27,3489822.27,3194043.3
188,9,30,23.28,63.65,23.19,63.39,0.0805,479.96,22.21,23.99,0.0805,597.69,22.27,25.91,1.6738,538.08,22.4,27.25,1.6738,561.13,14.57,37.5,1.6738,545.56,14.53,36.88,1.6738,540.21,14.83,37.8,1.6738,536.41,21.6,23.39,0.00408,25.74,0.3079,0.0,513.65,0.0,468.84,23.9,26.88,0.00407,21.33,0.165,0.0,541.86,0.0,200.9,21.98,24.07,0.00413,24.22,0.3284,0.0,551.6,1.0,609.37,21.62,24.34,0.00424,28.16,0.2481,343.89,605.95,4.0,0.0,20.98,21.75,0.00411,25.8,0.6243,3299.64,539.53,2.0,398.44,3425.35,0.0,602.6,2060520.12,3634885.82,3634885.82,3175432.56
188,9,45,23.23,63.02,23.31,64.1,0.0797,495.76,22.56,23.29,0.0797,534.16,22.4,22.65,1.6571,587.28,22.36,26.8,1.6571,549.82,14.61,38.4,1.6571,536.66,14.54,38.37,1.6571,536.36,15.02,37.31,1.6571,539.21,21.46,23.5,0.00409,24.41,0.3079,0.0,548.04,0.0,478.44,23.75,27.09,0.00408,23.8,0.1772,0.0,523.87,0.0,205.08,22.05,24.05,0.00414,24.96,0.3284,0.0,567.3,1.0,609.37,21.15,23.62,0.00431,27.96,0.2769,381.34,622.0,5.0,0.0,20.92,21.78,0.00411,25.47,0.5666,2940.86,537.77,0.0,404.3,3440.75,0.0,602.6,2083578.12,3628914.33,3628914.33,3068705.99
188,10,0,23.33,65.94,23.33,63.88,0.0817,454.43,22.36,23.73,0.0817,563.4,22.41,23.61,1.6993,553.27,22.53,28.98,1.6993,552.37,14.7,38.37,1.6993,543.76,14.59,38.39,1.6993,560.85,15.18,36.98,1.6993,578.7,21.67,23.58,0.00411,24.37,0.3079,0.0,538.74,0.0,478.56,24.15,27.36,0.0041,22.18,0.1905,0.0,559.62,0.0,205.08,21.89,23.99,0.00416,24.86,0.3284,0.0,543.1,1.0,597.66,21.14,23.46,0.00434,27.36,0.2481,284.04,641.77,4.0,0.0,21.15,21.84,0.00414,25.0,0.6243,3170.04,546.09,2.0,404.3,3502.05,0.0,602.6,2067237.72,3694184.63,3694184.63,3108664.58
188,10,15,24.36,59.14,24.25,58.97,0.0849,491.87,22.44,23.27,0.0849,552.58,22.45,24.05,1.7655,545.5,22.57,27.69,1.7655,575.32,14.6,40.78,1.7655,549.86,14.6,40.25,1.7655,553.99,14.99,38.48,1.7655,588.89,21.85,23.77,0.00415,26.17,0.3079,0.0,552.89,0.0,478.44,23.93,27.52,0.00413,21.69,0.1991,0.0,543.41,0.0,205.08,21.77,24.04,0.00422,24.05,0.3861,0.0,573.03,3.0,609.37,21.07,23.43,0.00436,26.67,0.2481,343.93,628.27,4.0,0.0,21.04,21.87,0.00418,25.72,0.6243,3122.08,553.8,2.0,404.3,3629.73,0.0,602.6,2078221.32,3809095.03,3809095.03,3119405.76
188,10,30,25.26,52.39,25.31,54.32,0.0921,480.36,22.45,23.77,0.0921,576.35,22.57,23.87,1.9144,583.86,22.62,25.41,1.9144,600.79,14.63,40.48,1.9144,571.24,14.71,39.83,1.9144,582.42,15.06,39.22,1.9144,609.76,21.92,24.04,0.0042,26.89,0.3079,0.0,565.55,0.0,478.56,24.02,27.61,0.00419,22.66,0.2036,0.0,560.9,0.0,205.08,21.51,24.09,0.00434,26.96,0.4727,0.0,600.92,6.0,574.22,21.24,24.97,0.00444,27.27,0.2769,0.0,664.52,5.0,0.0,21.01,21.94,0.00425,28.85,0.6532,2796.88,563.05,3.0,814.46,3862.78,0.0,602.6,4634863.2,4018839.33,4018839.33,2517194.17
188,10,45,26.03,50.01,26.2,49.43,0.0932,493.01,22.72,25.61,0.0932,579.64,22.83,23.37,1.9368,594.62,22.86,24.23,1.9368,585.81,14.55,39.84,1.9368,586.68,14.73,39.65,1.9368,599.94,15.05,39.51,1.9368,606.0,22.03,24.37,0.00424,24.63,0.3079,0.0,570.87,0.0,468.72,23.83,27.5,0.00424,21.52,0.1972,0.0,595.98,0.0,200.89,21.33,24.08,0.00443,26.75,0.5015,0.0,644.86,7.0,574.21,21.41,24.05,0.0045,27.08,0.2769,104.95,664.03,5.0,0.0,21.2,21.99,0.0043,26.56,0.6532,2701.97,593.39,3.0,814.46,3966.71,0.0,602.6,2403193.32,4112376.2,4112376.2,2526231.39
188,11,0,27.25,44.46,27.2,44.89,0.0955,467.5,22.72,25.18,0.0955,603.59,22.67,24.02,1.9861,631.07,23.05,26.7,1.9861,593.76,14.66,40.34,1.9861,635.86,14.79,40.03,1.9861,594.97,15.17,41.0,1.9861,629.37,22.41,24.76,0.00429,26.86,0.3079,0.0,582.29,0.0,478.44,23.89,27.34,0.00428,22.33,0.1888,0.0,585.0,0.0,205.08,21.48,24.07,0.0045,30.07,0.5015,0.0,677.71,7.0,574.22,21.05,23.91,0.00458,27.94,0.3346,600.58,687.98,7.0,0.0,21.02,22.02,0.00435,27.17,0.6532,2661.32,647.98,3.0,808.6,4056.44,0.0,602.6,2435679.72,4193132.7,4193132.7,2935706.77
188,11,15,27.69,44.41,27.82,42.79,0.0964,482.12,22.67,26.4,0.0964,624.14,22.63,25.97,2.0037,626.25,22.82,27.47,2.0037,627.06,14.63,41.85,2.0037,638.86,14.75,42.54,2.0037,654.23,15.26,40.66,2.0037,616.57,22.87,25.18,0.00433,25.07,0.3079,0.0,631.78,0.0,468.72,23.76,27.14,0.00434,22.11,0.1776,0.0,606.17,0.0,200.89,21.34,24.1,0.00456,29.87,0.5304,0.0,711.76,8.0,574.22,21.1,23.86,0.00465,28.65,0.3346,562.1,727.11,7.0,0.0,20.9,22.05,0.0044,28.25,0.6532,2601.52,666.18,3.0,814.45,4139.35,0.0,602.6,2403183.6,4251604.05,4251604.05,2846724.81
188,11,30,27.85,38.94,28.12,40.77,0.093,495.12,22.86,27.42,0.093,695.63,22.82,25.84,1.9345,677.57,23.05,28.58,1.9345,673.7,14.52,41.27,1.9345,675.33,14.7,41.71,1.9345,675.3,14.94,40.57,1.9345,645.06,23.27,25.65,0.00438,24.39,0.3079,0.0,622.07,0.0,459.0,23.86,26.94,0.00438,21.38,0.1661,0.0,637.8,0.0,196.72,21.45,24.11,0.00461,30.16,0.5304,0.0,744.59,8.0,539.06,21.09,23.82,0.00467,31.06,0.2769,277.81,769.33,5.0,0.0,21.14,22.1,0.00445,29.19,0.6532,2889.51,665.14,3.0,398.44,4127.5,0.0,602.6,2162587.68,4232629.31,4232629.31,2850605.6
188,11,45,28.42,38.31,28.47,38.49,0.0842,517.61,23.36,25.54,0.0842,691.79,23.35,25.06,1.7499,718.19,23.51,25.26,1.7499,693.05,14.68,40.17,1.7499,694.46,14.68,40.79,1.7499,672.67,15.13,38.44,1.7499,693.96,23.54,26.12,0.00435,23.06,0.3079,0.0,662.72,0.0,468.72,23.89,26.72,0.00435,24.28,0.1546,0.0,687.34,0.0,200.89,21.69,24.09,0.00452,28.59,0.3861,0.0,711.6,3.0,550.79,23.11,24.38,0.00458,24.32,0.2481,0.0,756.53,4.0,2414.04,21.05,22.13,0.00442,29.96,0.6532,2817.38,693.39,3.0,404.29,4061.11,0.0,602.6,4359070.08,4147734.59,4147734.59,2535836.0
188,12,0,29.1,35.72,28.81,37.21,0.0899,493.73,23.76,24.7,0.0899,690.16,23.61,26.76,1.8683,705.79,23.98,27.08,1.8683,688.36,14.52,39.96,1.8683,689.65,14.56,39.1,1.8683,656.6,15.01,40.83,1.8683,682.67,23.65,26.6,0.00435,24.53,0.3245,0.0,676.4,0.0,468.84,23.93,26.52,0.00435,22.68,0.144,0.0,686.05,0.0,200.89,21.96,24.29,0.00449,26.92,0.3861,0.0,735.5,3.0,550.79,23.88,26.95,0.00458,25.1,0.3605,0.0,774.32,5.0,2437.44,21.17,22.2,0.00441,27.74,0.6532,2713.14,668.13,3.0,404.29,4359.0,0.0,602.6,6557473.8,4388553.04,4388553.04,2441261.46
188,12,15,28.53,38.03,28.56,39.26,0.0901,495.9,23.85,25.22,0.0901,698.73,23.84,24.2,1.8736,731.89,24.03,24.84,1.8736,713.06,14.82,40.74,1.8736,695.63,14.79,42.65,1.8736,678.67,15.06,39.47,1.8736,686.22,23.87,27.03,0.00436,21.78,0.361,0.0,664.82,0.0,468.72,24.01,26.32,0.00436,24.09,0.1336,0.0,676.53,0.0,200.9,21.89,24.42,0.0045,28.13,0.415,0.0,729.72,4.0,539.06,23.94,27.85,0.00452,24.89,0.3974,0.0,705.98,3.0,2449.32,21.08,22.26,0.0044,26.36,0.5666,2178.22,687.02,0.0,404.29,4437.85,0.0,602.6,6594356.88,4503370.17,4503370.17,1961475.06
188,12,30,28.12,40.08,28.11,41.3,0.0863,503.32,24.04,23.2,0.0863,707.4,23.98,24.26,1.7949,723.54,24.02,23.93,1.7949,682.98,14.76,40.4,1.7949,702.28,14.83,41.36,1.7949,684.99,15.06,38.38,1.7949,697.13,23.79,27.34,0.00435,24.39,0.4036,0.0,697.93,0.0,605.52,23.82,26.17,0.00436,23.68,0.1327,0.0,682.64,0.0,259.49,21.99,24.5,0.00449,26.09,0.415,0.0,736.73,4.0,574.21,23.47,27.79,0.00455,25.58,0.2481,0.0,753.96,4.0,0.0,21.16,22.31,0.00438,27.39,0.5955,2094.4,699.16,1.0,597.66,4372.98,0.0,602.6,4619873.88,4461800.79,4461800.79,1885035.5
188,12,45,27.57,43.33,27.62,43.19,0.0887,481.02,23.99,25.45,0.0887,726.79,24.03,23.82,1.8443,705.87,24.29,25.84,1.8443,721.94,14.54,42.43,1.8443,728.57,14.64,40.43,1.8443,704.64,14.97,39.87,1.8443,710.82,23.89,27.27,0.00434,23.12,0.3953,0.0,703.29,0.0,595.8,23.79,26.01,0.00436,22.45,0.1327,0.0,729.82,0.0,255.31,21.93,24.55,0.00452,29.62,0.4727,0.0,758.63,6.0,574.22,23.07,27.02,0.00463,25.08,0.2481,0.0,786.86,4.0,0.0,21.15,22.36,0.00438,28.06,0.5955,2014.58,707.28,1.0,603.52,4438.38,0.0,602.6,3473669.88,4537419.59,4537419.59,1813233.57
188,13,0,27.19,48.24,27.15,45.86,0.0878,484.22,23.98,22.77,0.0878,706.86,24.18,24.61,1.8259,740.28,24.06,23.5,1.8259,735.31,14.68,42.46,1.8259,704.23,14.67,40.99,1.8259,724.65,15.06,39.21,1.8259,728.23,23.93,27.11,0.00435,24.77,0.3769,0.0,694.44,0.0,605.52,23.54,25.83,0.00437,25.21,0.1327,0.0,693.94,0.0,259.49,21.68,24.45,0.00454,28.59,0.4727,0.0,767.62,6.0,574.22,22.29,25.98,0.00464,25.0,0.2481,0.0,805.56,4.0,0.0,21.04,22.38,0.00439,28.63,0.5955,1980.75,705.29,1.0,603.52,4381.24,0.0,602.6,2442052.8,4495563.18,4495563.18,1782629.18
188,13,15,27.03,46.12,27.05,44.24,0.0923,475.7,23.81,24.67,0.0923,736.61,24.04,23.09,1.9186,751.93,24.21,24.29,1.9186,752.51,14.65,44.28,1.9186,741.82,14.85,41.11,1.9186,722.46,15.06,41.47,1.9186,743.84,23.81,26.79,0.00439,23.8,0.3417,0.0,713.66,0.0,595.68,23.22,25.72,0.00449,24.52,0.1904,0.0,724.24,2.0,255.29,21.78,24.38,0.00458,27.76,0.4438,0.0,764.67,5.0,574.22,23.68,26.03,0.0047,26.93,0.3183,0.0,807.15,6.0,2437.44,21.05,22.39,0.00443,27.83,0.6243,2116.87,713.11,2.0,603.52,4512.38,0.0,602.6,4591360.8,4600598.25,4600598.25,1907502.67
188,13,30,27.01,46.55,27.0,45.43,0.0906,506.06,23.93,23.65,0.0906,769.48,23.82,25.44,1.8837,750.37,24.38,26.36,1.8837,765.24,14.65,41.08,1.8837,771.01,14.73,41.49,1.8837,751.76,15.03,42.39,1.8837,783.69,23.94,26.35,0.00444,24.05,0.3194,0.0,717.39,0.0,937.44,22.6,25.49,0.00463,24.61,0.2192,0.0,799.53,3.0,401.8,22.09,24.38,0.00459,28.05,0.3861,0.0,754.3,3.0,609.37,22.39,25.85,0.00476,28.95,0.2769,0.0,818.39,5.0,0.0,21.19,22.35,0.0045,28.74,0.682,2481.81,735.15,4.0,609.37,4453.35,0.0,602.6,2718524.16,4558957.02,4558957.02,2233417.58
188,13,45,26.9,44.42,26.8,43.32,0.097,500.58,23.87,25.48,0.097,770.81,24.04,24.76,2.0165,789.6,24.03,26.72,2.0165,775.16,14.87,42.96,2.0165,751.25,14.69,42.01,2.0165,792.31,15.1,42.09,2.0165,774.31,23.76,26.14,0.0045,24.85,0.3079,0.0,753.07,0.0,927.72,22.42,25.22,0.00473,28.68,0.2192,0.0,803.26,3.0,397.58,21.83,24.39,0.00467,30.17,0.4438,0.0,790.47,5.0,609.37,23.38,25.66,0.00484,27.74,0.3346,0.0,880.9,7.0,2437.56,21.12,22.34,0.00458,29.33,0.7109,2654.57,748.53,5.0,615.23,4609.54,0.0,602.6,4905050.04,4700040.25,4700040.25,2389011.9
188,14,0,26.68,46.34,26.53,42.96,0.0942,464.35,24.04,26.18,0.0942,765.1,23.88,25.18,1.9588,785.64,23.87,25.5,1.9588,770.64,14.81,42.25,1.9588,771.93,14.76,44.12,1.9588,780.85,15.06,40.81,1.9588,776.75,23.82,25.93,0.00454,23.91,0.3079,0.0,744.66,0.0,937.44,22.52,24.95,0.00474,28.52,0.1904,0.0,815.19,2.0,401.78,21.69,24.23,0.0047,30.01,0.415,0.0,798.38,4.0,597.66,23.69,26.14,0.00492,25.63,0.3635,0.0,865.59,8.0,2425.68,21.05,22.31,0.00462,29.81,0.682,2550.46,784.66,4.0,615.23,4551.41,0.0,602.6,4927998.96,4631472.02,4631472.02,2295270.59
188,14,15,26.67,45.16,26.59,43.74,0.1025,496.01,23.66,25.48,0.1025,841.94,23.6,25.91,2.1319,875.31,23.99,26.51,2.1319,812.38,14.67,44.88,2.1319,824.49,14.75,45.3,2.1319,837.95,14.98,43.63,2.1319,808.23,23.14,25.74,0.00473,27.71,0.4521,0.0,842.84,5.0,927.72,22.61,24.77,0.00478,28.09,0.1615,0.0,826.79,1.0,397.62,21.63,24.14,0.00481,30.92,0.4727,0.0,842.73,6.0,609.37,22.27,27.08,0.00508,32.05,0.3923,0.0,936.16,9.0,0.0,21.11,22.29,0.0047,29.8,0.6532,2451.59,813.74,3.0,609.37,4759.65,0.0,602.6,4878762.84,4852395.57,4852395.57,2206006.69
188,14,30,26.78,45.14,26.64,45.32,0.1112,464.59,23.98,26.51,0.1112,843.27,23.74,27.14,2.3116,869.93,24.27,26.33,2.3116,852.63,14.79,47.06,2.3116,847.15,14.69,46.05,2.3116,863.6,14.94,45.32,2.3116,814.95,22.74,25.69,0.00498,29.73,0.5675,0.0,861.47,9.0,2041.08,22.9,25.01,0.00492,28.29,0.1904,0.0,871.75,2.0,874.73,21.49,23.93,0.00495,32.02,0.4727,0.0,842.15,6.0,550.79,23.67,27.3,0.00517,25.55,0.399,0.0,926.94,8.0,2472.6,21.22,22.32,0.00482,32.18,0.682,2548.51,825.32,4.0,609.37,5017.83,0.0,602.6,9811726.56,5043958.15,5043958.15,2294247.02
188,14,45,26.7,43.63,26.75,44.91,0.1164,492.5,23.72,27.63,0.1164,919.35,23.65,29.38,2.4204,922.09,23.9,27.39,2.4204,859.03,14.75,48.97,2.4204,891.43,14.77,46.05,2.4204,885.67,14.95,46.42,2.4204,867.11,22.74,25.64,0.00526,29.16,0.5675,0.0,938.8,9.0,2050.68,23.16,25.17,0.00515,29.16,0.1904,0.0,866.53,2.0,878.9,21.33,23.79,0.00517,31.53,0.4727,0.0,916.43,6.0,550.79,22.27,27.52,0.00545,33.54,0.4212,0.0,1020.2,10.0,0.0,21.15,22.34,0.00506,33.27,0.7686,2968.17,887.92,7.0,609.38,5131.22,0.0,602.6,7597013.76,5169988.85,5169988.85,2670452.74
188,15,0,26.75,43.2,26.69,44.47,0.12,508.07,23.69,27.76,0.12,934.8,23.72,29.17,2.4951,915.62,23.85,27.84,2.4951,867.76,14.85,52.27,2.4951,893.82,14.69,51.28,2.4951,901.94,15.08,50.68,2.4951,898.3,22.92,25.55,0.00542,31.38,0.5675,0.0,944.8,9.0,2041.08,23.18,25.21,0.0053,31.92,0.1904,0.0,924.61,2.0,874.72,21.37,23.65,0.0053,32.64,0.4438,0.0,947.87,5.0,550.79,23.29,27.55,0.00557,30.82,0.4382,0.0,1027.85,10.0,2449.2,20.9,22.35,0.00525,33.83,0.8551,3407.08,906.5,10.0,609.37,5205.73,0.0,602.6,9785331.36,5228457.69,5228457.69,3066429.7
188,15,15,26.43,46.27,26.4,46.02,0.1206,464.92,23.6,28.91,0.1206,915.26,23.76,27.45,2.507,946.16,23.6,29.23,2.507,915.44,14.91,51.04,2.507,931.54,14.82,52.28,2.507,921.41,15.07,49.81,2.507,932.17,22.73,25.45,0.00555,32.0,0.5675,0.0,989.55,9.0,2041.08,23.22,25.2,0.00543,31.09,0.1904,0.0,957.54,2.0,874.74,20.92,23.56,0.00543,33.86,0.4727,0.0,945.72,6.0,550.79,23.85,26.69,0.00572,30.43,0.3923,0.0,1021.94,9.0,2437.56,20.98,22.35,0.00541,34.84,0.884,3559.85,961.64,11.0,609.37,5201.25,0.0,602.6,7591234.68,5234090.99,5234090.99,3203192.38
188,15,30,26.1,48.83,26.14,47.73,0.1178,485.78,23.34,30.54,0.1178,992.96,23.25,29.07,2.4493,996.24,23.37,31.99,2.4493,963.57,14.75,53.59,2.4493,954.48,14.81,52.59,2.4493,947.5,15.12,51.32,2.4493,959.36,22.52,25.24,0.00566,34.88,0.5964,0.0,1052.42,10.0,2099.64,23.08,25.06,0.00554,32.03,0.1904,0.0,981.26,2.0,899.82,21.21,23.39,0.00551,35.72,0.415,0.0,991.82,4.0,585.94,22.3,27.3,0.00583,34.53,0.3923,0.0,1101.38,9.0,0.0,21.18,22.32,0.00552,35.52,0.8551,3463.33,979.92,10.0,603.52,5127.98,0.0,602.6,7219471.68,5170368.12,5170368.12,3116237.21
188,15,45,25.93,50.29,25.9,49.86,0.1261,459.42,23.39,31.51,0.1261,1013.41,23.25,32.14,2.6224,1008.82,23.5,32.07,2.6224,997.35,14.58,53.68,2.6224,986.05,14.56,53.53,2.6224,984.66,14.93,54.25,2.6224,960.29,22.4,24.99,0.00581,34.1,0.5964,0.0,1052.02,10.0,2109.36,22.19,24.98,0.00581,34.11,0.3058,0.0,1046.15,6.0,904.01,21.02,23.27,0.00564,36.78,0.415,0.0,973.18,4.0,574.22,23.69,27.36,0.00593,34.22,0.4212,0.0,1085.56,9.0,2472.6,21.03,22.3,0.00567,37.08,0.884,3636.14,1023.42,11.0,609.37,5307.14,0.0,602.6,9462890.88,5323212.84,5323212.84,3273329.59
188,16,0,25.66,50.72,25.63,53.09,0.1206,478.02,23.34,30.7,0.1206,1045.89,23.29,33.04,2.507,1048.65,23.44,34.79,2.507,1028.76,14.67,54.04,2.507,1024.11,14.85,54.1,2.507,1046.97,15.09,54.6,2.507,1020.76,22.21,24.74,0.00594,35.11,0.5964,0.0,1084.14,10.0,2109.36,21.84,24.51,0.00599,35.75,0.3058,0.0,1115.59,6.0,904.01,21.05,23.1,0.00577,36.97,0.3861,8.91,1020.98,3.0,585.94,22.42,27.29,0.00606,35.66,0.3635,0.0,1133.62,8.0,0.0,20.99,22.27,0.00582,38.06,0.8551,3538.94,1045.19,10.0,609.38,5181.38,0.0,602.6,7226912.88,5210131.45,5210131.45,3188901.23
188,16,15,25.04,53.83,25.34,53.9,0.1241,476.89,23.13,32.64,0.1241,1090.58,23.25,34.17,2.5807,1096.48,23.4,32.55,2.5807,1061.82,14.88,55.28,2.5807,1058.38,14.64,55.34,2.5807,1083.88,14.91,53.65,2.5807,1085.31,22.01,24.47,0.00605,36.08,0.5964,0.0,1143.33,10.0,2099.52,21.6,24.2,0.0061,37.39,0.3058,0.0,1173.36,6.0,899.82,21.22,22.93,0.00589,36.81,0.415,353.47,1097.96,4.0,574.22,23.43,27.2,0.00617,33.01,0.4084,0.0,1170.6,9.0,2414.04,20.95,22.23,0.00594,37.88,0.8551,3599.55,1106.47,10.0,609.37,5223.28,0.0,602.6,9397550.88,5254315.58,5254315.58,3559282.23
188,16,30,24.7,56.86,24.8,58.02,0.1215,499.98,23.07,34.4,0.1215,1136.65,23.12,32.59,2.5262,1131.55,23.31,36.56,2.5262,1063.06,14.62,54.63,2.5262,1075.38,14.54,56.78,2.5262,1084.15,15.04,54.29,2.5262,1084.45,21.66,24.17,0.00612,36.25,0.5964,0.0,1172.35,10.0,1816.44,21.43,23.88,0.00616,38.17,0.3058,0.0,1172.05,6.0,778.45,21.12,22.76,0.00596,39.16,0.3861,403.08,1109.66,3.0,574.21,23.66,27.59,0.0062,32.07,0.4115,0.0,1163.27,7.0,2460.96,21.15,22.18,0.00601,39.58,0.8263,3527.25,1095.74,9.0,603.52,5170.85,0.0,602.6,9048053.16,5197411.74,5197411.74,3537619.95
188,16,45,24.42,61.79,24.39,61.76,0.115,478.27,23.0,34.54,0.115,1147.0,23.01,34.2,2.3916,1152.59,22.95,36.05,2.3916,1104.92,14.67,54.37,2.3916,1130.63,14.74,56.39,2.3916,1109.63,14.91,53.7,2.3916,1090.84,21.65,23.91,0.00614,37.51,0.5964,0.0,1172.74,10.0,1816.44,21.3,23.61,0.00617,39.75,0.3058,0.0,1180.22,6.0,778.45,21.18,22.67,0.006,38.22,0.415,647.11,1135.05,4.0,585.94,22.64,27.11,0.00625,36.51,0.3346,0.0,1192.88,7.0,0.0,21.04,22.12,0.00602,37.66,0.7397,3167.91,1139.62,6.0,609.37,4956.47,0.0,602.6,6833804.76,5031122.17,5031122.17,3433265.16
188,17,0,24.0,66.69,23.96,66.02,0.1157,501.16,22.88,34.72,0.1157,1183.38,22.88,33.9,2.4055,1196.99,22.98,35.11,2.4055,1129.51,14.79,57.57,2.4055,1139.75,14.61,55.14,2.4055,1148.05,15.1,56.38,2.4055,1157.75,21.6,23.71,0.00617,38.05,0.5964,0.0,1200.28,10.0,1816.44,21.07,23.4,0.0062,41.19,0.3058,0.0,1230.49,6.0,778.45,21.07,22.57,0.00603,35.97,0.3861,619.5,1147.24,3.0,574.21,23.52,27.06,0.00628,34.11,0.4063,0.0,1223.51,9.0,2437.44,21.09,22.06,0.00604,36.88,0.7109,3110.42,1155.9,5.0,609.38,4947.9,0.0,602.6,9063919.44,5002402.18,5002402.18,3357149.7
188,17,15,23.98,67.9,23.78,64.88,0.115,490.16,22.64,35.18,0.115,1204.76,22.78,35.62,2.3916,1196.73,22.83,35.52,2.3916,1170.24,14.87,55.06,2.3916,1150.31,14.76,54.62,2.3916,1164.82,14.96,55.68,2.3916,1153.54,21.56,23.54,0.00619,39.44,0.5675,0.0,1207.62,9.0,1816.32,21.16,23.23,0.00622,39.68,0.3058,85.01,1237.59,6.0,778.46,21.08,22.53,0.00608,36.99,0.4438,980.2,1176.97,5.0,574.21,22.23,26.91,0.00634,39.32,0.3635,0.0,1244.9,8.0,0.0,21.21,22.02,0.00606,38.68,0.7109,3173.46,1163.68,5.0,609.37,4889.69,0.0,602.6,6823146.24,4965757.31,4965757.31,3813995.37
188,17,30,23.63,68.21,23.43,69.62,0.1109,497.68,22.8,36.48,0.1109,1205.07,22.52,35.11,2.305,1177.75,22.6,38.76,2.305,1172.32,14.87,56.87,2.305,1161.67,14.67,55.76,2.305,1181.55,15.04,52.17,2.305,1173.0,21.25,23.41,0.00618,39.85,0.5675,0.0,1222.74,9.0,1699.2,21.45,23.02,0.00616,38.57,0.1904,0.0,1205.25,2.0,728.22,20.98,22.46,0.00609,38.55,0.4438,1058.15,1183.48,5.0,574.22,21.73,26.21,0.0063,38.37,0.3635,0.0,1261.31,8.0,0.0,21.01,21.91,0.00606,36.56,0.7397,3685.57,1163.25,6.0,398.44,4738.19,0.0,602.6,6282294.12,4830593.51,4830593.51,4269287.11
188,17,45,23.51,69.34,23.5,69.29,0.1095,480.51,22.84,36.02,0.1095,1219.04,22.77,33.23,2.2762,1230.79,22.79,36.06,2.2762,1183.72,14.69,55.53,2.2762,1187.4,14.68,54.85,2.2762,1212.24,15.0,55.15,2.2762,1194.31,21.25,23.24,0.00616,38.21,0.5675,0.0,1243.15,9.0,1709.04,21.87,23.01,0.0061,37.32,0.1615,0.0,1214.09,1.0,732.42,21.09,22.36,0.00609,38.27,0.4438,1161.49,1225.26,5.0,574.21,23.41,26.39,0.00626,33.59,0.3635,0.0,1284.49,8.0,2449.2,21.01,21.87,0.00605,37.66,0.7397,3756.9,1187.54,6.0,404.3,4724.42,0.0,602.6,8534882.52,4773331.71,4773331.71,4425845.11
188,18,0,23.45,70.53,23.47,71.01,0.1053,495.91,22.72,35.14,0.1053,1223.61,22.81,37.32,2.1896,1229.26,22.65,37.86,2.1896,1189.62,14.5,55.59,2.1896,1195.19,14.84,53.81,2.1896,1179.58,14.95,53.62,2.1896,1210.55,21.11,23.08,0.00612,38.16,0.5675,0.0,1284.84,9.0,1708.92,22.01,22.99,0.00602,36.06,0.1327,0.0,1172.07,0.0,732.42,21.24,22.28,0.00606,37.92,0.4438,1257.35,1207.7,5.0,574.22,22.26,26.47,0.00625,38.69,0.3346,0.0,1295.09,7.0,0.0,21.3,21.83,0.00602,39.22,0.7109,3668.57,1202.09,5.0,404.29,4590.9,0.0,602.6,6310016.64,4679833.31,4679833.31,4433493.87
188,18,15,23.44,69.79,23.17,69.21,0.0952,506.17,22.71,35.6,0.0952,1224.84,22.76,34.25,1.9784,1215.05,22.62,36.1,1.9784,1166.04,14.6,52.28,1.9784,1175.23,14.73,55.05,1.9784,1173.37,15.03,52.14,1.9784,1183.95,21.45,22.84,0.00598,37.24,0.3367,0.0,1231.8,1.0,1699.2,21.61,23.03,0.00594,36.17,0.1904,0.0,1223.55,2.0,728.24,21.16,22.19,0.00596,36.92,0.415,1207.63,1207.69,4.0,574.21,23.78,26.3,0.00603,31.98,0.3254,0.0,1226.34,4.0,2449.32,21.03,21.79,0.00593,38.06,0.7109,3728.74,1185.66,5.0,398.44,4319.08,0.0,602.6,8486682.12,4409986.46,4409986.46,4444666.73
188,18,30,23.27,66.75,23.23,67.36,0.0831,470.8,22.85,36.26,0.0831,1202.28,22.74,34.52,1.728,1215.65,22.83,36.27,1.728,1178.99,14.65,52.48,1.728,1200.14,14.68,51.17,1.728,1180.6,15.17,51.01,1.728,1163.79,21.56,22.87,0.00575,36.88,0.3367,0.0,1183.53,1.0,1523.52,21.26,22.81,0.00578,36.69,0.1904,0.0,1222.46,2.0,652.9,21.14,22.09,0.00576,35.51,0.3573,992.91,1213.12,2.0,574.21,23.6,26.28,0.00579,31.97,0.1904,0.0,1239.06,2.0,35.16,21.24,22.02,0.00574,35.07,0.6532,3012.09,1221.88,3.0,410.16,3939.07,0.0,602.6,6876118.08,4087503.6,4087503.6,3604501.33
188,18,45,23.09,63.85,23.12,64.03,0.0817,460.87,22.43,32.11,0.0817,1192.72,22.55,32.02,1.6992,1209.71,22.7,34.78,1.6992,1159.19,14.7,47.14,1.6992,1154.31,14.29,49.06,1.6992,1168.58,14.99,47.48,1.6992,1194.74,21.62,22.81,0.00558,31.73,0.3079,0.0,1186.47,0.0,1523.4,21.24,22.64,0.00562,34.16,0.1904,0.0,1216.87,2.0,652.91,20.95,22.01,0.0056,32.83,0.3284,963.79,1165.95,1.0,562.5,22.07,24.66,0.00566,33.73,0.2192,0.0,1237.3,3.0,0.0,21.1,22.03,0.00559,32.59,0.6532,3020.81,1185.83,3.0,404.3,3815.29,0.0,602.6,4651177.68,4018633.69,4018633.69,3587317.97
188,19,0,23.42,62.76,23.42,62.29,0.0789,489.92,22.66,30.92,0.0789,1195.99,22.55,33.35,1.6415,1209.69,22.6,33.53,1.6415,1155.33,14.43,49.24,1.6415,1188.62,14.64,48.72,1.6415,1193.04,14.99,48.25,1.6415,1156.84,21.91,22.72,0.00541,32.81,0.3079,0.0,1185.6,0.0,1523.4,21.26,22.46,0.00546,32.97,0.1615,0.0,1234.3,1.0,652.91,21.02,21.93,0.00544,34.81,0.3284,1046.6,1186.3,1.0,574.21,23.16,24.12,0.00551,29.51,0.2481,0.0,1237.55,4.0,2460.96,21.08,21.99,0.00543,33.8,0.5955,2769.55,1150.25,1.0,410.15,3703.67,0.0,602.6,6876571.68,3893493.75,3893493.75,3435346.39
188,19,15,23.38,62.99,23.31,63.09,0.0776,487.78,22.36,32.21,0.0776,1178.89,22.2,31.07,1.6126,1176.5,22.44,32.72,1.6126,1150.05,14.73,46.07,1.6126,1181.91,14.56,46.34,1.6126,1165.62,15.09,45.89,1.6126,1160.08,21.52,22.62,0.00526,30.82,0.3079,0.0,1161.96,0.0,1523.52,21.28,22.38,0.0053,31.99,0.1615,0.0,1215.52,1.0,652.9,20.99,21.84,0.00528,33.28,0.2996,1011.36,1187.71,0.0,562.5,21.49,23.83,0.00539,35.77,0.2481,444.33,1235.79,4.0,0.0,21.27,21.97,0.00528,31.93,0.5955,2810.01,1158.27,1.0,404.3,3598.92,0.0,602.6,4646112.48,3814610.38,3814610.38,3754150.1
188,19,30,23.25,61.89,23.05,62.37,0.0789,481.23,22.36,31.94,0.0789,1197.69,22.5,31.99,1.6415,1162.95,22.5,33.25,1.6415,1159.24,14.76,47.22,1.6415,1149.46,14.67,45.53,1.6415,1153.05,15.07,44.17,1.6415,1159.64,21.73,23.17,0.00515,29.6,0.3656,0.0,1188.6,2.0,1796.88,21.72,22.84,0.00517,32.23,0.1615,0.0,1203.35,1.0,770.1,21.11,21.72,0.00514,33.52,0.2996,1128.39,1175.28,0.0,574.22,21.05,22.67,0.00525,34.11,0.2192,583.03,1238.02,3.0,0.0,21.07,21.89,0.00515,31.39,0.5955,2948.36,1179.17,1.0,398.44,3657.07,0.0,602.6,7574608.08,3835434.14,3835434.14,4265890.07
188,19,45,22.82,62.13,23.11,62.65,0.0803,479.26,22.83,27.87,0.0803,1169.07,22.8,28.85,1.6703,1172.03,22.64,30.16,1.6703,1138.38,14.74,46.13,1.6703,1135.5,14.51,45.1,1.6703,1133.02,15.15,44.52,1.6703,1153.46,22.04,23.42,0.00505,29.78,0.3656,0.0,1195.63,2.0,1796.88,21.86,23.12,0.00507,30.2,0.1615,0.0,1190.83,1.0,770.1,21.09,21.67,0.00503,31.44,0.2996,1197.69,1147.68,0.0,562.5,23.24,24.37,0.00514,29.14,0.2481,0.0,1258.89,4.0,2449.2,21.18,21.88,0.00503,32.65,0.5955,2958.28,1155.15,1.0,404.29,3784.77,0.0,602.6,11987877.96,3917819.56,3917819.56,3741268.81
188,20,0,22.85,62.82,22.85,62.22,0.0845,483.23,22.71,27.51,0.0845,1182.69,22.78,29.28,1.7569,1214.77,22.71,31.33,1.7569,1159.32,14.73,47.05,1.7569,1128.88,14.81,45.41,1.7569,1144.58,14.9,44.34,1.7569,1124.11,22.01,23.59,0.00498,28.22,0.3656,0.0,1182.96,2.0,1796.88,22.0,23.31,0.00499,30.35,0.1615,0.0,1167.85,1.0,770.08,21.08,21.66,0.00494,30.93,0.2996,1208.84,1155.46,0.0,574.21,21.73,25.08,0.00515,33.87,0.3058,0.0,1263.39,6.0,0.0,21.27,21.92,0.00496,31.08,0.6243,3059.7,1137.52,2.0,404.3,3885.63,0.0,602.6,9788748.48,4047233.2,4047233.2,3842200.51
188,20,15,23.09,59.74,22.59,62.63,0.0845,452.41,22.72,30.09,0.0845,1183.32,22.8,29.47,1.7569,1166.03,22.58,28.97,1.7569,1178.2,14.82,45.16,1.7569,1131.99,14.77,44.06,1.7569,1129.47,14.89,43.08,1.7569,1137.62,22.14,23.71,0.00492,30.6,0.3656,0.0,1172.67,2.0,1796.88,22.03,23.45,0.00493,29.48,0.1615,0.0,1188.58,1.0,770.09,21.01,21.64,0.00487,30.43,0.2996,1235.72,1161.75,0.0,562.5,21.24,24.53,0.00508,31.55,0.3058,79.08,1248.67,6.0,0.0,21.04,21.92,0.00489,30.46,0.6243,3046.91,1136.81,2.0,398.44,3870.8,0.0,602.6,9695220.48,4034614.99,4034614.99,3921727.79
188,20,30,22.79,60.33,22.65,60.94,0.0859,474.97,22.72,28.62,0.0859,1172.82,22.66,29.49,1.7857,1187.8,22.55,28.74,1.7857,1145.72,14.62,43.99,1.7857,1158.12,14.63,46.75,1.7857,1143.0,15.0,44.86,1.7857,1143.29,22.4,23.92,0.00487,31.75,0.3656,0.0,1187.71,2.0,1718.76,22.36,23.65,0.00488,27.96,0.1615,0.0,1210.06,1.0,736.61,21.19,21.63,0.00482,30.37,0.2996,1250.21,1134.37,0.0,562.5,22.38,23.52,0.00504,29.01,0.3346,0.0,1266.08,7.0,2402.4,21.07,21.93,0.00484,29.29,0.6243,3025.21,1171.1,2.0,398.44,3853.1,0.0,602.6,10188131.4,4019389.22,4019389.22,3848209.33
188,20,45,22.76,59.25,22.91,60.89,0.0776,463.3,22.8,26.63,0.0776,1178.45,22.81,25.93,1.6126,1172.68,22.77,28.72,1.6126,1141.54,14.59,42.19,1.6126,1125.94,14.35,43.98,1.6126,1154.15,15.01,41.91,1.6126,1152.89,22.49,24.02,0.00475,26.76,0.3367,0.0,1164.23,1.0,1728.6,22.33,23.78,0.00477,28.95,0.1615,0.0,1159.0,1.0,740.8,20.89,21.62,0.0047,28.27,0.2996,1264.54,1160.15,0.0,562.5,22.99,23.62,0.0049,28.95,0.2481,0.0,1211.94,4.0,2425.8,21.24,21.92,0.00472,30.18,0.5666,2730.32,1158.12,0.0,404.3,3630.52,0.0,602.6,10252781.28,3804463.86,3804463.86,3595914.93
188,21,0,22.89,60.34,22.78,59.95,0.0803,435.31,22.66,26.71,0.0803,1160.26,22.5,27.22,1.6703,1159.88,22.66,28.45,1.6703,1131.98,14.52,41.67,1.6703,1122.49,14.6,42.18,1.6703,1112.94,14.88,42.86,1.6703,1136.49,22.59,24.15,0.00469,26.42,0.3656,0.0,1168.22,2.0,1728.48,22.34,23.87,0.0047,27.94,0.1615,0.0,1146.61,1.0,740.78,20.98,21.61,0.00463,29.01,0.2996,1275.88,1119.1,0.0,562.5,21.44,23.22,0.00486,31.13,0.2769,876.36,1215.66,5.0,0.0,21.23,21.93,0.00464,30.89,0.5666,2717.62,1155.82,0.0,404.3,3639.21,0.0,602.6,8044310.88,3856779.03,3856779.03,4249285.92
188,21,15,22.65,61.79,22.56,63.45,0.0776,482.52,22.44,27.7,0.0776,1177.01,22.56,28.39,1.6126,1149.36,22.55,29.66,1.6126,1117.22,14.8,40.93,1.6126,1072.36,14.69,44.01,1.6126,1122.36,15.03,40.54,1.6126,1115.35,22.64,24.17,0.00461,27.68,0.3656,0.0,1148.78,2.0,1718.76,22.64,23.91,0.0046,28.18,0.1327,0.0,1153.42,0.0,736.61,21.08,21.58,0.00455,27.09,0.2996,1299.76,1128.08,0.0,562.5,21.21,23.89,0.00475,29.03,0.2481,388.5,1218.89,4.0,0.0,21.11,21.92,0.00456,29.0,0.5666,2715.56,1149.21,0.0,404.29,3539.81,0.0,602.6,10224937.8,3728169.26,3728169.26,3963438.34
188,21,30,22.35,63.76,22.28,65.47,0.0776,483.03,22.71,24.61,0.0776,1142.43,22.78,26.31,1.6126,1154.6,22.68,28.81,1.6126,1123.72,14.6,41.65,1.6126,1097.95,14.65,42.33,1.6126,1112.06,14.85,41.39,1.6126,1124.25,22.2,23.94,0.00456,26.77,0.3656,0.0,1164.91,2.0,1484.4,22.42,23.8,0.00452,26.38,0.1327,0.0,1130.95,0.0,636.18,21.21,21.56,0.0045,27.37,0.2996,1339.74,1106.52,0.0,550.78,22.79,23.83,0.00467,26.64,0.2481,0.0,1235.79,4.0,2414.04,20.94,21.65,0.0045,28.13,0.5666,3346.43,1125.39,0.0,205.07,3534.57,0.0,602.6,8971371.0,3724756.25,3724756.25,4217987.77
188,21,45,22.02,65.47,21.81,66.61,0.0762,464.66,22.5,25.99,0.0762,1154.34,22.48,28.92,1.5838,1137.69,22.56,28.62,1.5838,1063.54,14.61,40.86,1.5838,1118.28,14.57,41.25,1.5838,1113.51,14.87,38.77,1.5838,1107.44,22.07,23.78,0.0045,27.39,0.3656,0.0,1107.3,2.0,1484.4,22.48,23.73,0.00445,25.17,0.1327,0.0,1128.24,0.0,636.17,21.39,21.54,0.00444,27.33,0.2996,1358.96,1124.19,0.0,562.5,23.68,23.83,0.00462,25.28,0.2192,0.0,1193.85,3.0,2425.8,21.14,21.6,0.00444,29.84,0.5666,3433.14,1084.09,0.0,199.21,3446.78,0.0,602.6,7926103.8,3659174.0,3659174.0,4313178.43
188,22,0,21.85,67.55,21.73,68.74,0.0762,484.42,22.62,26.1,0.0762,1103.14,22.43,26.55,1.5838,1125.3,22.49,27.91,1.5838,1103.85,14.69,40.09,1.5838,1066.83,14.59,41.24,1.5838,1085.64,15.08,37.72,1.5838,1073.42,21.87,23.66,0.00446,26.44,0.3656,0.0,1111.94,2.0,1474.68,22.25,23.66,0.0044,23.94,0.1327,0.0,1097.9,0.0,631.99,21.21,21.51,0.0044,28.25,0.2996,1392.79,1103.15,0.0,562.5,21.45,23.26,0.00458,29.59,0.2192,553.64,1170.47,3.0,0.0,21.07,21.57,0.00439,27.99,0.5666,3485.51,1069.89,0.0,205.08,3362.69,0.0,602.6,5735648.88,3606287.52,3606287.52,4747174.63
188,22,15,21.42,67.79,21.45,68.07,0.0748,471.42,22.39,25.2,0.0748,1103.36,22.37,27.63,1.5549,1114.78,22.32,29.5,1.5549,1103.71,14.59,39.06,1.5549,1096.28,14.62,40.85,1.5549,1109.88,15.08,40.74,1.5549,1090.98,21.95,23.56,0.00441,27.21,0.3656,0.0,1094.59,2.0,1484.4,22.24,23.6,0.00435,25.31,0.1327,0.0,1099.64,0.0,636.17,21.13,21.47,0.00435,27.3,0.2996,1443.53,1096.07,0.0,550.79,21.06,22.3,0.0045,28.42,0.1904,638.32,1169.05,2.0,0.0,21.14,21.53,0.00435,29.25,0.5666,3553.44,1105.55,0.0,199.22,3308.84,0.0,602.6,5732354.88,3537630.42,3537630.42,5150921.88
188,22,30,21.28,69.68,21.21,72.85,0.0748,472.38,22.4,26.89,0.0748,1117.47,22.27,26.07,1.5549,1105.6,22.38,28.83,1.5549,1065.46,14.52,39.45,1.5549,1077.03,14.7,40.65,1.5549,1078.85,15.02,39.46,1.5549,1084.86,21.82,23.44,0.00437,24.72,0.3656,0.0,1069.54,2.0,1337.88,22.17,23.52,0.0043,26.16,0.1327,0.0,1082.31,0.0,573.4,21.04,21.44,0.0043,25.94,0.2996,1480.67,1109.09,0.0,550.78,21.13,23.45,0.00443,29.03,0.1904,0.0,1132.62,2.0,0.0,21.23,21.5,0.0043,28.34,0.5666,3603.86,1079.01,0.0,199.22,3285.15,0.0,602.6,7678363.68,3498971.79,3498971.79,4576075.54
188,22,45,21.31,72.43,21.33,71.01,0.0748,445.65,22.24,25.77,0.0748,1110.06,22.34,26.91,1.5549,1104.47,22.45,29.02,1.5549,1036.42,14.69,39.08,1.5549,1087.26,14.73,40.24,1.5549,1074.85,15.05,39.13,1.5549,1093.8,21.8,23.35,0.00433,26.63,0.3656,0.0,1078.62,2.0,1347.72,22.25,23.44,0.00426,25.29,0.1327,0.0,1076.11,0.0,577.56,21.13,21.42,0.00426,27.74,0.2996,1496.91,1096.48,0.0,562.5,21.08,22.19,0.00438,28.4,0.1904,698.71,1165.02,2.0,0.0,21.08,21.48,0.00426,26.53,0.5666,3634.39,1070.57,0.0,199.22,3301.36,0.0,602.6,5518828.08,3513560.1,3513560.1,5247003.12
188,23,0,21.18,72.6,21.06,74.41,0.0748,437.6,22.34,25.22,0.0748,1091.58,22.33,25.15,1.5549,1113.18,22.23,26.01,1.5549,1071.19,14.41,37.1,1.5549,1053.75,14.56,39.25,1.5549,1063.7,15.06,37.94,1.5549,1055.27,21.61,23.25,0.0043,25.54,0.3656,0.0,1110.11,2.0,1337.88,22.17,23.36,0.00423,27.59,0.1327,0.0,1068.14,0.0,573.37,20.91,21.39,0.00423,24.87,0.2996,1543.26,1086.82,0.0,550.79,21.06,21.85,0.00435,27.51,0.1904,923.6,1128.57,2.0,0.0,21.04,21.46,0.00423,24.31,0.5666,3677.3,1052.31,0.0,199.22,3243.99,0.0,602.6,5470661.16,3461927.32,3461927.32,5529748.89
188,23,15,21.14,74.58,21.25,72.93,0.072,443.82,22.16,24.84,0.072,1052.88,22.31,25.87,1.4972,1066.59,22.25,28.07,1.4972,1029.88,14.69,38.27,1.4972,1036.6,14.45,37.79,1.4972,1033.61,14.99,37.53,1.4972,1052.58,21.94,23.16,0.00424,24.2,0.3079,0.0,1071.16,0.0,1337.88,22.05,23.31,0.0042,25.21,0.1327,0.0,1058.92,0.0,573.38,21.06,21.37,0.0042,25.55,0.2996,1563.9,1057.88,0.0,550.78,22.59,22.23,0.00432,26.34,0.1904,0.0,1118.92,2.0,2402.28,21.06,21.43,0.0042,27.21,0.5666,3715.83,1054.99,0.0,199.22,3130.76,0.0,602.6,7657714.08,3353615.53,3353615.53,4751964.91
188,23,30,21.19,77.47,21.23,75.47,0.0731,494.09,22.07,24.44,0.0731,1039.09,22.09,23.84,1.5195,1068.59,22.07,26.89,1.5195,1035.77,14.54,39.89,1.5195,1040.68,14.55,38.59,1.5195,1030.69,14.88,38.01,1.5195,1012.12,21.21,22.43,0.0042,27.11,0.3079,35.07,1075.71,0.0,927.72,21.54,22.61,0.00418,26.36,0.1327,0.0,1038.29,0.0,397.6,21.2,21.36,0.00418,27.68,0.2996,1570.75,1033.68,0.0,550.78,23.79,24.3,0.0043,22.24,0.2126,0.0,1094.32,2.0,2425.8,20.99,21.41,0.00418,26.74,0.5666,3737.77,1032.37,0.0,199.22,3138.59,0.0,602.6,6384782.88,3374629.0,3374629.0,4789813.76
188,23,45,21.1,79.47,21.08,79.96,0.072,479.69,21.98,25.1,0.072,1054.93,21.88,24.83,1.4972,1054.5,21.89,30.33,1.4972,1024.47,14.63,39.55,1.4972,1023.51,14.73,38.66,1.4972,1012.37,15.21,38.3,1.4972,1026.44,20.9,21.97,0.00417,24.79,0.3079,622.71,1038.7,0.0,917.88,21.16,22.14,0.00416,27.74,0.1327,187.85,1039.74,0.0,393.41,21.09,21.36,0.00416,26.29,0.2996,1562.2,1036.85,0.0,562.5,23.93,23.84,0.0043,24.6,0.1904,0.0,1065.87,2.0,2402.28,21.07,21.39,0.00416,26.16,0.5666,3766.96,1055.81,0.0,205.08,3061.99,0.0,602.6,4219426.08,3328260.46,3328260.46,5418948.95
188,24,0,21.16,82.21,21.23,80.72,0.0706,470.46,21.73,25.46,0.0706,1060.17,21.74,27.05,1.4684,1030.62,21.62,27.77,1.4684,1023.96,14.64,37.8,1.4684,1006.98,14.56,39.43,1.4684,1008.92,14.92,36.99,1.4684,1019.97,21.25,21.77,0.00415,25.64,0.3079,801.97,1031.03,0.0,927.72,20.95,21.84,0.00414,26.45,0.1327,270.27,1021.76,0.0,397.6,21.13,21.34,0.00415,25.67,0.2996,1586.4,1015.18,0.0,550.79,21.64,23.13,0.00427,25.9,0.1615,293.02,1054.55,1.0,0.0,21.22,21.35,0.00415,24.53,0.5666,3835.21,1026.32,0.0,199.21,2921.71,0.0,602.6,2028948.48,3201477.12,3201477.12,5975274.31
189,0,15,20.96,83.42,20.99,81.86,0.0692,456.08,21.76,23.03,0.0692,1064.2,21.68,26.71,1.4395,1046.44,21.78,29.61,1.4395,998.22,14.51,38.62,1.4395,1019.21,14.53,39.6,1.4395,1008.39,14.91,38.58,1.4395,1010.47,21.15,21.63,0.00413,26.56,0.3079,971.9,1019.47,0.0,918.0,21.24,21.67,0.00413,26.63,0.1327,370.91,1037.86,0.0,393.43,21.05,21.31,0.00413,26.05,0.2996,1616.86,1024.11,0.0,550.78,21.08,22.11,0.00421,26.14,0.1327,485.89,1040.44,0.0,0.0,20.97,21.31,0.00413,27.47,0.5666,3907.69,1053.04,0.0,199.21,2862.56,0.0,602.6,2016549.0,3136541.28,3136541.28,6648852.54
189,0,30,20.97,85.6,20.9,83.98,0.0692,484.39,21.59,25.41,0.0692,1011.87,21.58,25.9,1.4395,1028.44,21.49,30.27,1.4395,984.47,14.4,36.99,1.4395,969.14,14.52,41.29,1.4395,1016.71,14.89,36.68,1.4395,1011.88,20.88,21.48,0.00411,27.38,0.3079,1560.24,999.3,0.0,449.16,21.14,21.5,0.00411,25.69,0.1327,637.25,984.29,0.0,192.52,21.08,21.28,0.00412,24.81,0.2996,1638.91,1006.38,0.0,562.5,21.1,21.73,0.00415,26.67,0.1327,632.49,1035.13,0.0,0.0,21.17,21.32,0.00411,26.84,0.5666,3883.82,999.3,0.0,205.08,2845.77,0.0,602.6,1614174.48,3103531.94,3103531.94,7517444.73
189,0,45,20.65,86.27,20.77,86.89,0.0692,444.48,21.49,25.23,0.0692,988.72,21.63,25.32,1.4395,979.1,21.42,26.87,1.4395,973.45,14.59,39.38,1.4395,951.82,14.49,38.44,1.4395,953.05,15.06,38.73,1.4395,981.39,21.09,21.4,0.0041,26.09,0.3079,1651.62,984.39,0.0,459.0,21.1,21.41,0.0041,25.2,0.1327,686.76,964.18,0.0,196.69,21.21,21.26,0.0041,23.76,0.2996,1668.32,984.99,0.0,562.5,22.71,22.09,0.00412,22.58,0.1327,0.0,981.67,0.0,2449.2,21.0,21.29,0.0041,25.97,0.5666,3933.58,963.0,0.0,199.22,2831.96,0.0,602.6,3821068.08,3083665.83,3083665.83,7146355.98
189,1,0,20.54,88.26,20.57,90.17,0.0694,447.99,21.64,24.38,0.0694,978.02,21.65,24.29,1.4437,967.95,21.56,28.95,1.4437,950.99,14.74,38.46,1.4437,933.57,14.72,39.02,1.4437,956.04,14.96,35.81,1.4437,965.38,21.11,21.34,0.00409,25.91,0.3079,1714.9,956.96,0.0,459.0,21.11,21.35,0.00409,24.64,0.1327,721.62,974.11,0.0,196.72,20.89,21.24,0.0041,25.39,0.2996,1688.19,984.07,0.0,562.5,23.79,22.83,0.0041,20.37,0.1369,0.0,988.0,0.0,2449.32,21.07,21.28,0.00409,25.05,0.5666,3950.32,1013.63,0.0,205.08,2840.02,0.0,602.6,3831857.28,3092425.39,3092425.39,7268317.33
189,1,15,20.4,91.84,20.14,91.96,0.0705,448.14,21.75,26.5,0.0705,957.57,21.49,24.83,1.465,996.99,21.46,29.25,1.465,981.08,14.65,38.21,1.465,938.06,14.68,39.52,1.465,932.75,15.05,37.69,1.465,941.98,20.87,21.3,0.00409,27.56,0.3079,1769.55,979.5,0.0,459.0,21.06,21.3,0.00409,25.53,0.1327,751.73,953.76,0.0,196.72,21.0,21.22,0.00409,27.22,0.2996,1713.87,978.35,0.0,562.5,23.94,23.23,0.00409,22.45,0.1582,0.0,993.4,0.0,2390.52,21.06,21.27,0.00409,26.24,0.5666,3977.36,1012.32,0.0,199.22,2870.71,0.0,602.6,3767737.68,3125977.96,3125977.96,7391257.83
189,1,30,19.97,94.49,20.01,93.85,0.0692,463.3,21.51,24.7,0.0692,928.65,21.31,26.5,1.4395,929.97,21.49,28.64,1.4395,924.96,14.37,37.5,1.4395,940.34,14.59,37.97,1.4395,950.13,14.83,37.14,1.4395,921.85,21.03,21.27,0.00409,26.46,0.3079,1787.65,963.59,0.0,478.56,21.2,21.27,0.00409,25.99,0.1327,764.94,921.72,0.0,205.08,20.97,21.21,0.00409,26.23,0.2996,1731.76,940.04,0.0,562.5,21.59,22.84,0.00409,25.85,0.1327,0.0,931.74,0.0,0.0,20.93,21.21,0.00409,27.41,0.5666,4062.69,942.33,0.0,199.22,2782.03,0.0,602.6,1462639.68,3064527.05,3064527.05,7512289.11
189,1,45,19.58,98.68,19.9,97.86,0.0692,460.32,21.41,25.63,0.0692,933.64,21.5,24.82,1.4395,949.21,21.32,27.67,1.4395,918.41,14.56,38.62,1.4395,906.08,14.57,37.59,1.4395,914.46,15.06,38.33,1.4395,905.85,21.02,21.23,0.00409,26.8,0.3079,1842.24,939.71,0.0,468.72,21.13,21.23,0.00409,24.93,0.1327,790.36,975.57,0.0,200.89,21.17,21.18,0.00409,26.62,0.2996,1762.85,963.36,0.0,562.5,21.01,21.88,0.00409,25.18,0.1327,518.08,944.17,0.0,0.0,21.16,21.18,0.00409,25.65,0.5666,4084.42,940.76,0.0,205.08,2753.56,0.0,602.6,1455954.48,3036355.0,3036355.0,8133490.81
189,2,0,19.22,100.61,19.44,100.55,0.0692,472.79,21.36,25.01,0.0692,933.79,21.42,25.29,1.4395,938.88,21.44,27.3,1.4395,907.46,14.62,39.32,1.4395,901.83,14.42,38.32,1.4395,912.85,14.91,36.43,1.4395,930.68,21.09,21.19,0.0041,24.87,0.3079,1879.5,922.91,0.0,478.44,21.15,21.19,0.0041,26.41,0.1327,804.95,913.86,0.0,205.08,21.17,21.15,0.0041,24.75,0.2996,1811.61,958.86,0.0,550.78,21.01,21.53,0.0041,24.27,0.1327,793.32,931.55,0.0,0.0,21.22,21.16,0.0041,25.14,0.5666,4115.96,935.57,0.0,205.08,2745.95,0.0,602.6,1458028.08,3013698.52,3013698.52,8464802.35
189,2,15,19.31,101.1,19.17,99.26,0.0692,454.65,21.42,24.31,0.0692,931.23,21.49,24.77,1.4395,932.23,21.1,29.91,1.4395,925.17,14.64,37.57,1.4395,896.3,14.65,39.69,1.4395,902.96,15.0,37.77,1.4395,915.36,21.21,21.16,0.0041,25.72,0.3079,1932.27,927.82,0.0,468.72,21.17,21.17,0.0041,27.28,0.1327,825.03,912.99,0.0,200.88,20.95,21.11,0.0041,26.11,0.2996,1827.71,897.73,0.0,562.5,21.07,21.33,0.0041,25.67,0.1327,873.62,933.52,0.0,0.0,21.12,21.13,0.0041,27.66,0.5666,4148.64,919.52,0.0,199.22,2726.18,0.0,602.6,1450770.48,2995905.43,2995905.43,8646548.06
189,2,30,18.75,100.03,18.92,101.47,0.0692,459.16,21.29,25.21,0.0692,908.06,21.61,26.1,0.0692,928.48,18.9,99.52,0.0692,468.06,6.57,100.69,0.0692,470.12,6.45,98.79,0.0692,469.98,15.3,100.01,0.0692,483.78,21.19,21.12,0.00436,26.76,0.0148,0.0,899.02,0.0,449.28,21.23,21.14,0.00436,29.46,0.0064,0.0,913.68,0.0,192.5,21.37,21.08,0.00435,28.42,0.0144,0.0,930.69,0.0,562.5,21.01,21.2,0.00436,28.62,0.0064,5.16,899.09,0.0,0.0,21.12,21.11,0.00436,28.79,0.0273,8.71,911.54,0.0,199.22,177.67,0.0,602.6,1424429.28,702227.7,702227.7,13184.16
189,2,45,18.77,102.67,18.51,101.07,0.0692,482.81,21.57,26.14,0.0692,926.37,21.38,26.46,0.0692,911.56,18.69,101.44,0.0692,450.87,6.53,99.28,0.0692,455.48,6.71,101.14,0.0692,481.36,15.06,100.27,0.0692,482.35,21.34,21.14,0.00478,29.45,0.0148,0.0,882.04,0.0,459.0,21.55,21.17,0.00478,29.82,0.0064,0.0,900.66,0.0,196.72,21.33,21.14,0.00477,30.62,0.0144,0.0,913.44,0.0,550.79,20.97,21.1,0.00478,29.88,0.0064,48.26,901.38,0.0,0.0,21.07,21.1,0.00477,30.69,0.0273,22.76,915.89,0.0,199.22,175.15,0.0,602.6,1426978.08,699973.36,699973.36,63914.84
189,3,0,18.33,100.66,18.29,99.84,0.1672,455.84,21.54,27.05,0.1672,819.13,21.78,27.53,0.1672,780.35,18.16,101.11,0.1672,439.94,11.63,99.83,0.1672,462.69,11.37,100.42,0.1672,460.48,14.86,100.99,0.1672,467.15,21.36,21.16,0.00503,32.02,0.0148,0.0,875.96,0.0,459.0,21.37,21.19,0.00503,35.17,0.0064,0.0,876.36,0.0,196.72,21.47,21.17,0.00501,32.06,0.0144,0.0,888.21,0.0,562.5,23.57,21.72,0.00609,41.62,0.1044,0.0,739.73,0.0,2437.44,21.27,21.1,0.00502,32.37,0.0273,29.72,862.7,0.0,199.22,256.23,0.0,602.6,3631204.08,762306.82,762306.82,36790.8
189,3,15,18.33,98.41,18.17,100.0,0.0692,502.81,21.74,27.31,0.0692,898.87,21.54,27.64,0.0692,890.0,18.21,100.35,0.0692,472.67,6.67,100.03,0.0692,446.66,6.4,99.68,0.0692,462.25,15.01,99.51,0.0692,458.35,21.47,21.18,0.0053,31.66,0.0148,0.0,863.31,0.0,459.0,21.36,21.22,0.0053,34.8,0.0064,0.0,882.96,0.0,196.69,21.48,21.2,0.00528,34.58,0.0144,0.0,863.09,0.0,550.78,22.83,22.13,0.0066,38.89,0.0064,0.0,812.05,0.0,0.0,21.17,21.11,0.00528,33.43,0.0273,17.34,860.42,0.0,199.22,172.7,0.0,602.6,1426394.88,697757.18,697757.18,14469.96
189,3,30,18.22,101.36,18.33,99.25,0.0692,470.99,21.55,27.26,0.0692,869.77,21.47,26.49,0.0692,862.13,18.31,98.68,0.0692,472.25,6.57,98.87,0.0692,467.67,6.43,100.28,0.0692,465.86,15.08,99.05,0.0692,452.79,21.46,21.2,0.00553,34.74,0.0148,0.0,867.0,0.0,439.44,21.59,21.24,0.00553,34.53,0.0064,0.0,838.43,0.0,188.35,21.45,21.23,0.0055,35.89,0.0144,0.0,872.38,0.0,550.78,21.97,21.74,0.00683,41.15,0.0064,0.0,801.19,0.0,0.0,21.02,21.08,0.00551,37.24,0.0273,205.43,872.22,0.0,0.0,172.7,0.0,602.6,1222642.08,697765.61,697765.61,184565.11
189,3,45,18.37,100.15,18.26,99.4,0.0692,459.34,21.44,28.83,0.0692,887.49,21.2,30.15,0.0692,918.91,18.36,98.51,0.0692,444.93,6.59,102.27,0.0692,469.51,6.55,100.83,0.0692,480.1,14.94,100.18,0.0692,432.54,21.64,21.21,0.00577,34.52,0.0148,0.0,859.03,0.0,449.16,21.46,21.25,0.00577,35.42,0.0064,0.0,845.09,0.0,192.52,21.61,21.24,0.00574,37.82,0.0144,0.0,872.04,0.0,550.79,21.59,21.5,0.00704,43.58,0.0064,0.0,813.06,0.0,0.0,21.11,21.08,0.00575,37.09,0.0273,205.39,861.6,0.0,0.0,172.7,0.0,602.6,1235688.48,697765.61,697765.61,184759.58
189,4,0,18.09,99.52,18.2,100.72,0.0692,472.22,21.24,29.56,0.0692,830.94,21.37,28.58,0.0692,874.81,18.32,99.52,0.0692,447.17,6.69,99.59,0.0692,482.3,6.42,101.35,0.0692,473.92,14.97,100.59,0.0692,431.31,21.47,21.21,0.00607,37.88,0.0148,0.0,837.43,0.0,449.16,21.38,21.26,0.00607,36.86,0.0064,0.0,848.86,0.0,192.52,21.58,21.25,0.00603,34.66,0.0144,0.0,832.93,0.0,550.78,21.29,21.33,0.00729,43.78,0.0064,0.0,801.8,0.0,0.0,21.0,21.07,0.00605,37.66,0.0273,206.36,872.11,0.0,0.0,172.7,0.0,602.6,1235796.48,697765.61,697765.61,185720.91
189,4,15,18.16,98.78,18.1,100.24,0.0692,446.75,21.38,28.84,0.0692,837.48,21.33,29.1,0.0692,842.93,18.09,102.53,0.0692,460.57,6.64,100.58,0.0692,481.26,6.63,99.58,0.0692,448.17,14.92,102.05,0.0692,476.48,21.78,21.2,0.0064,38.01,0.0148,0.0,832.9,0.0,449.28,21.53,21.25,0.00639,39.42,0.0064,0.0,815.23,0.0,192.53,21.57,21.25,0.00635,40.42,0.0144,0.0,851.71,0.0,550.79,21.26,21.19,0.00756,48.86,0.0064,0.0,769.95,0.0,0.0,21.15,21.07,0.00637,38.64,0.0273,216.4,818.52,0.0,0.0,170.1,0.0,602.6,1235927.16,695428.51,695428.51,194761.2
189,4,30,17.83,98.97,17.53,99.6,0.0692,437.14,21.31,31.57,0.0692,831.99,21.36,30.82,0.0692,859.45,17.84,100.23,0.0692,445.54,6.47,100.15,0.0692,450.28,6.51,100.85,0.0692,480.83,15.05,99.95,0.0692,429.0,21.51,21.21,0.00672,42.01,0.0148,0.0,828.0,0.0,439.56,21.53,21.27,0.00671,41.2,0.0064,0.0,791.77,0.0,188.35,21.51,21.26,0.00667,43.13,0.0144,0.0,790.81,0.0,550.78,21.12,21.09,0.00782,48.76,0.0064,59.32,755.08,0.0,0.0,21.09,21.09,0.00668,41.98,0.0273,32.45,834.22,0.0,199.22,167.51,0.0,602.6,1401284.88,693100.56,693100.56,82594.06
189,4,45,17.47,98.87,17.56,99.16,0.1646,468.01,21.3,36.06,0.1646,718.63,21.48,36.25,0.1646,737.32,17.48,101.13,0.1646,454.07,11.32,100.44,0.1646,441.33,11.43,99.37,0.1646,463.66,14.96,101.12,0.1646,475.03,21.52,21.22,0.00689,43.8,0.0148,0.0,791.14,0.0,449.16,21.61,21.29,0.00688,41.89,0.0064,0.0,815.27,0.0,192.52,21.6,21.27,0.00683,42.82,0.0144,0.0,781.48,0.0,550.79,23.51,21.72,0.00854,51.68,0.1018,0.0,654.54,0.0,2414.04,21.04,21.09,0.00685,44.72,0.0273,35.33,806.66,0.0,199.22,229.12,0.0,602.6,3586416.48,743512.59,743512.59,41873.06
189,5,0,17.31,99.66,17.21,99.9,0.1932,435.64,21.52,36.42,0.1932,719.4,21.49,36.74,0.1932,727.4,17.01,100.2,0.1932,467.35,12.26,99.85,0.1932,443.45,12.11,98.98,0.1932,459.71,15.32,97.66,0.1932,447.65,21.49,21.24,0.00707,42.26,0.0148,0.0,769.73,0.0,449.16,21.49,21.31,0.00707,43.92,0.0064,0.0,794.17,0.0,192.52,21.67,21.3,0.00701,42.74,0.0144,0.0,779.68,0.0,550.78,23.78,22.71,0.01004,56.06,0.1303,0.0,581.64,0.0,2425.8,21.01,21.09,0.00703,44.67,0.0273,23.51,811.92,0.0,199.22,228.8,0.0,602.6,3596999.4,756924.71,756924.71,23410.06
189,5,15,17.65,99.28,17.96,99.99,0.0692,458.54,21.44,38.12,0.0692,763.37,21.29,39.16,0.0692,750.38,18.07,99.6,0.0692,460.58,6.71,99.06,0.0692,461.33,6.52,99.25,0.0692,465.77,15.0,100.99,0.0692,464.86,21.51,21.31,0.00725,45.01,0.0148,0.0,789.18,0.0,449.16,21.54,21.37,0.00724,42.92,0.0064,0.0,790.47,0.0,192.53,21.55,21.37,0.00719,43.73,0.0144,0.0,787.33,0.0,550.79,22.81,22.53,0.01031,61.19,0.0064,0.0,642.64,0.0,0.0,20.98,21.11,0.00721,45.75,0.0273,9.12,780.61,0.0,199.21,168.98,0.0,602.6,1413683.28,694416.83,694416.83,8160.65
189,5,30,18.77,101.5,18.52,98.72,0.0692,471.91,21.33,40.27,0.0692,763.62,21.47,41.67,0.0692,775.1,18.64,100.68,0.0692,483.08,6.55,98.95,0.0692,466.18,6.39,100.16,0.0692,460.1,15.06,99.62,0.0692,459.5,21.66,21.41,0.00745,47.32,0.0148,0.0,792.21,0.0,429.72,21.68,21.45,0.00744,45.57,0.0064,0.0,767.0,0.0,184.15,21.72,21.47,0.00738,47.12,0.0144,0.0,777.0,0.0,562.5,22.26,22.12,0.01044,61.37,0.0064,0.0,627.55,0.0,0.0,21.3,21.18,0.0074,47.79,0.0273,0.0,770.69,0.0,199.21,175.43,0.0,602.6,1578480.48,700223.74,700223.74,0.0
189,5,45,19.32,99.07,19.19,98.48,0.0692,450.59,21.21,45.51,0.0692,772.16,21.02,45.73,1.4395,804.19,20.92,47.64,1.4395,742.46,14.72,62.07,1.4395,758.25,14.79,58.38,1.4395,750.12,15.08,59.9,1.4395,735.76,21.01,21.53,0.00698,41.05,0.3079,1441.84,752.89,0.0,429.72,21.17,21.55,0.00698,42.71,0.1327,585.43,754.42,0.0,184.16,21.34,21.6,0.00695,43.03,0.2996,1130.69,763.32,0.0,562.5,21.0,21.97,0.00888,50.44,0.1327,597.71,713.49,0.0,0.0,21.2,21.21,0.00696,41.94,0.5666,4073.42,767.1,0.0,205.07,3094.65,0.0,602.6,1589701.68,3313964.93,3313964.93,6634614.1
189,6,0,20.04,100.32,20.13,99.56,0.0692,470.3,21.22,44.41,0.0692,754.19,21.11,44.01,1.4395,791.44,21.16,48.76,1.4395,760.21,14.69,60.13,1.4395,744.57,14.58,59.07,1.4395,712.92,15.07,58.86,1.4395,702.51,21.19,21.47,0.00656,41.24,0.3079,1836.16,734.47,0.0,429.72,21.21,21.48,0.00656,42.24,0.1327,769.13,746.75,0.0,184.14,21.19,21.5,0.00656,40.91,0.2996,1673.32,754.38,0.0,550.79,21.0,21.64,0.00735,47.17,0.1327,880.09,703.47,0.0,0.0,21.16,21.21,0.00656,41.55,0.5666,4097.12,733.15,0.0,199.21,3090.14,0.0,602.6,1543434.48,3323464.41,3323464.41,8330236.1
189,6,15,20.13,101.01,19.99,100.07,0.0692,467.5,21.33,45.51,0.0692,756.79,20.99,46.89,1.4395,774.07,21.14,47.79,1.4395,741.21,14.6,58.22,1.4395,739.61,14.64,59.23,1.4395,732.58,14.85,58.08,1.4395,734.46,21.0,21.5,0.00636,41.23,0.3079,1505.98,748.1,0.0,429.6,20.94,21.51,0.00636,39.78,0.1327,621.71,728.81,0.0,184.15,21.06,21.52,0.00636,39.08,0.2996,1313.47,721.92,0.0,562.5,21.14,21.55,0.00654,42.49,0.1327,745.47,780.57,0.0,0.0,21.05,21.2,0.00636,40.24,0.5666,4063.78,758.01,0.0,199.21,3074.59,0.0,602.6,1578361.68,3309468.68,3309468.68,7425369.17
189,6,30,20.41,101.4,20.31,99.8,0.0692,451.85,21.15,38.29,0.0692,719.84,21.23,39.07,1.4395,716.95,21.17,43.29,1.4395,731.43,14.6,54.02,1.4395,737.59,14.53,54.86,1.4395,757.14,14.99,54.73,1.4395,717.67,21.1,21.57,0.00619,36.34,0.3079,1454.26,741.15,0.0,468.72,21.05,21.57,0.00619,37.82,0.1327,600.3,746.75,0.0,200.89,21.06,21.57,0.0062,38.08,0.2996,1302.4,751.35,0.0,574.22,22.7,22.1,0.00627,34.3,0.1327,0.0,725.43,0.0,2402.28,21.22,21.15,0.0062,38.34,0.5666,4141.94,736.57,0.0,205.08,3005.52,0.0,602.6,3655776.24,3256152.19,3256152.19,6751195.76
189,6,45,20.41,99.03,20.16,99.31,0.0695,471.18,21.32,37.96,0.0695,744.62,21.26,36.49,1.4457,737.13,21.47,40.48,1.4457,745.55,14.59,54.64,1.4457,707.1,14.59,52.83,1.4457,702.39,15.01,52.15,1.4457,715.03,21.35,21.68,0.00602,38.33,0.3079,1327.36,734.93,0.0,468.84,21.18,21.85,0.00603,36.04,0.1327,441.99,734.14,0.0,200.89,21.17,21.83,0.00603,36.97,0.2996,999.9,744.6,0.0,562.5,23.64,23.01,0.00606,32.8,0.1389,0.0,701.2,0.0,2437.56,21.11,21.14,0.00603,35.91,0.5666,4120.09,761.73,0.0,199.22,3027.53,0.0,602.6,3671154.36,3269169.3,3269169.3,6208414.92
189,7,0,20.54,100.97,20.67,100.2,0.0692,449.2,21.22,37.25,0.0692,719.5,21.21,37.57,1.4395,706.45,21.05,41.08,1.4395,729.33,14.58,50.91,1.4395,713.18,14.66,51.24,1.4395,745.03,15.0,50.0,1.4395,719.12,21.1,21.8,0.00587,36.53,0.3079,1186.67,720.36,0.0,468.72,21.15,22.12,0.00587,37.22,0.1327,279.96,737.05,0.0,200.89,21.02,22.08,0.00588,36.68,0.2996,701.18,715.58,0.0,574.21,21.99,23.04,0.00589,37.31,0.1327,0.0,697.48,0.0,0.0,21.06,21.16,0.00587,36.62,0.5666,4093.98,711.74,0.0,205.08,2992.56,0.0,602.6,1493605.44,3254211.47,3254211.47,5637214.16
189,7,15,20.71,99.78,20.92,99.31,0.0692,488.96,21.31,36.79,0.0692,741.22,21.34,37.3,1.4395,734.26,21.29,38.61,1.4395,701.79,14.6,52.18,1.4395,686.09,14.58,50.42,1.4395,717.16,15.05,50.82,1.4395,700.58,21.07,21.93,0.00573,35.61,0.3079,1036.72,725.82,0.0,468.84,21.09,22.42,0.00573,34.45,0.1327,105.75,747.69,0.0,200.9,21.13,22.3,0.00574,35.78,0.2996,440.58,726.7,0.0,562.5,21.08,22.38,0.00574,34.63,0.1327,234.16,708.21,0.0,0.0,21.26,21.18,0.00573,35.0,0.5666,4072.57,752.52,0.0,199.21,2995.48,0.0,602.6,1477220.76,3246927.31,3246927.31,5328806.19
189,7,30,21.13,97.47,21.14,98.6,0.0692,444.24,21.11,37.08,0.0692,694.45,21.41,36.92,1.4395,722.56,21.4,39.22,1.4395,724.57,14.56,51.37,1.4395,711.06,14.55,50.34,1.4395,692.68,15.0,48.83,1.4395,717.07,21.01,22.06,0.00559,35.7,0.3079,904.4,693.3,0.0,449.16,21.29,22.84,0.00559,36.16,0.1327,0.0,725.17,0.0,192.53,21.05,22.6,0.00559,34.52,0.2996,91.45,717.73,0.0,574.22,20.86,22.21,0.00559,35.58,0.1327,444.28,726.41,0.0,0.0,21.09,21.21,0.00559,33.52,0.5666,4039.24,735.1,0.0,205.07,2991.56,0.0,602.6,1440142.2,3234746.72,3234746.72,4931426.45
189,7,45,21.58,97.89,21.45,97.53,0.0692,457.18,21.46,34.68,0.0692,747.26,21.33,34.55,1.4395,715.74,21.29,39.84,1.4395,734.92,14.73,49.85,1.4395,715.66,14.54,51.01,1.4395,684.51,15.03,49.25,1.4395,718.89,21.12,22.18,0.00547,35.98,0.3079,752.24,681.11,0.0,459.0,21.47,23.19,0.00547,34.49,0.1327,0.0,722.89,0.0,196.72,21.18,22.77,0.00548,34.7,0.2996,0.0,728.75,0.0,574.21,21.07,22.19,0.00547,36.28,0.1327,392.22,719.9,0.0,0.0,21.11,21.23,0.00547,35.51,0.5666,4010.68,700.68,0.0,199.22,2999.19,0.0,602.6,1447508.88,3241608.43,3241608.43,4639622.32
189,8,0,21.62,96.54,21.64,99.73,0.0692,464.55,21.31,35.76,0.0692,694.93,21.26,34.02,1.4395,706.88,21.4,37.42,1.4395,707.03,14.59,49.2,1.4395,713.59,14.56,49.02,1.4395,719.99,15.05,48.39,1.4395,690.34,21.26,22.3,0.00539,32.02,0.3079,617.0,703.22,0.0,449.16,21.51,23.59,0.00539,31.29,0.1327,0.0,706.84,0.0,192.52,21.21,22.92,0.0054,34.51,0.2996,0.0,726.31,0.0,574.22,21.18,22.23,0.00539,35.31,0.1327,409.86,716.16,0.0,0.0,21.01,21.26,0.0054,35.73,0.5666,3966.33,720.78,0.0,205.08,3019.61,0.0,602.6,1440046.08,3255291.5,3255291.5,4494028.96
189,8,15,22.74,94.4,22.75,93.25,0.0706,450.69,21.52,33.93,0.0706,684.87,21.54,33.86,1.4684,701.74,21.72,35.06,1.4684,676.88,14.67,46.84,1.4684,679.9,14.5,47.99,1.4684,712.08,14.97,44.51,1.4684,674.34,20.93,22.46,0.00533,32.5,0.3079,423.75,704.0,0.0,449.28,22.17,24.06,0.00533,28.61,0.1327,0.0,690.94,0.0,192.53,21.23,23.13,0.00535,33.34,0.3284,0.0,692.03,1.0,574.21,23.22,22.89,0.00533,26.4,0.1327,0.0,717.39,0.0,2414.04,21.1,21.29,0.00534,35.15,0.5666,3904.18,657.64,0.0,199.22,3144.55,0.0,602.6,3607626.6,3349706.63,3349706.63,3895607.78
189,8,30,23.34,91.42,23.55,90.88,0.0735,482.11,21.8,32.27,0.0735,705.08,21.73,31.11,1.5284,678.1,21.78,34.21,1.5284,670.79,14.46,47.77,1.5284,711.94,14.62,48.16,1.5284,672.62,14.88,46.66,1.5284,667.31,21.0,22.64,0.0053,33.92,0.3079,212.78,690.22,0.0,449.16,22.44,24.54,0.0053,29.9,0.1327,0.0,685.77,0.0,192.54,21.46,23.3,0.00532,32.67,0.3284,0.0,712.49,1.0,574.21,23.83,24.05,0.00527,27.76,0.1928,0.0,676.72,0.0,2425.8,21.04,21.39,0.0053,32.74,0.5666,3738.86,719.71,0.0,199.22,3300.4,0.0,602.6,3803334.48,3491446.14,3491446.14,3559340.0
189,8,45,24.48,88.34,24.59,88.27,0.0706,462.77,21.91,32.95,0.0706,691.4,21.74,30.98,1.4684,707.68,22.21,34.43,1.4684,677.26,14.46,47.77,1.4684,681.18,14.55,47.62,1.4684,705.72,14.9,45.13,1.4684,664.5,21.03,22.79,0.00527,34.08,0.3079,25.89,678.37,0.0,459.0,23.27,25.26,0.00527,29.51,0.1327,0.0,682.05,0.0,196.69,21.62,23.51,0.00529,33.29,0.3284,0.0,720.67,1.0,574.22,22.28,24.03,0.00525,30.75,0.1327,0.0,684.01,0.0,0.0,21.12,21.45,0.00527,32.47,0.5666,3629.23,662.97,0.0,205.08,3248.55,0.0,602.6,1633388.76,3462367.0,3462367.0,3289824.72
189,9,0,25.49,84.63,25.58,84.2,0.0706,492.2,21.86,30.86,0.0706,697.82,22.06,31.38,1.4684,696.49,22.1,34.74,1.4684,702.65,14.46,46.78,1.4684,668.47,14.47,47.58,1.4684,721.41,14.98,46.17,1.4684,707.57,21.23,22.94,0.00525,33.12,0.3079,0.0,699.25,0.0,459.0,23.57,25.93,0.00525,28.45,0.1327,0.0,700.98,0.0,196.72,21.76,23.67,0.00528,32.96,0.3284,0.0,701.05,1.0,574.22,21.68,23.55,0.00524,32.52,0.1327,0.0,690.38,0.0,0.0,20.94,21.5,0.00526,32.03,0.5666,3533.16,680.75,0.0,199.21,3288.65,0.0,602.6,1633290.48,3493653.12,3493653.12,3179934.53
189,9,15,25.64,86.11,25.63,86.65,0.0763,513.62,22.08,30.58,0.0763,686.34,22.03,32.1,1.586,675.5,22.04,34.93,1.586,675.14,14.6,48.1,1.586,703.48,14.7,48.21,1.586,682.15,14.97,46.82,1.586,691.69,21.38,23.07,0.00525,32.18,0.3079,0.0,678.24,0.0,459.0,23.84,26.68,0.00524,27.6,0.1638,0.0,714.66,0.0,196.7,21.58,23.77,0.00529,32.65,0.3284,0.0,700.63,1.0,574.22,21.14,23.36,0.00527,33.88,0.1615,0.0,666.56,1.0,0.0,21.07,21.56,0.00527,35.87,0.6243,3747.37,687.52,2.0,199.21,3491.94,0.0,602.6,1627987.68,3666512.46,3666512.46,3371150.18
189,9,30,25.66,87.17,25.57,84.09,0.0773,499.26,22.11,31.8,0.0773,676.24,22.01,31.35,1.608,692.14,22.26,34.85,1.608,688.17,14.56,48.25,1.608,710.28,14.68,47.93,1.608,680.78,15.03,45.7,1.608,669.4,21.36,23.2,0.00526,31.78,0.3079,0.0,678.17,0.0,459.0,23.83,27.18,0.00522,27.51,0.1858,0.0,682.64,0.0,196.72,21.84,23.81,0.00529,32.89,0.3284,0.0,702.23,1.0,644.53,21.14,23.22,0.00532,33.93,0.1904,163.88,696.99,2.0,0.0,21.09,21.82,0.00528,32.45,0.5955,3002.85,709.58,1.0,404.3,3537.62,0.0,602.6,2612269.44,3726194.78,3726194.78,2850054.48
189,9,45,25.64,85.74,25.49,84.51,0.0789,487.16,22.51,30.28,0.0789,710.09,22.28,29.67,1.6396,671.78,22.53,32.67,1.6396,705.9,14.49,48.39,1.6396,690.97,14.75,47.0,1.6396,678.76,14.92,47.63,1.6396,689.11,21.45,23.33,0.00526,33.51,0.3079,0.0,694.39,0.0,468.72,23.81,27.28,0.00521,27.32,0.1886,0.0,689.07,0.0,200.89,21.76,23.82,0.00529,32.15,0.3284,0.0,669.38,1.0,644.53,21.68,24.66,0.00535,33.25,0.1904,0.0,745.33,2.0,0.0,21.11,21.91,0.00528,33.75,0.6243,3013.83,708.93,2.0,404.3,3692.05,0.0,602.6,4813946.64,3835419.02,3835419.02,2712539.68
189,10,0,25.59,84.02,25.56,84.07,0.0816,511.91,22.54,29.9,0.0816,733.93,22.48,30.5,1.6961,716.37,22.66,34.63,1.6961,662.49,14.67,46.47,1.6961,689.5,14.45,50.13,1.6961,721.66,14.98,47.05,1.6961,692.66,21.53,23.47,0.00526,33.05,0.3079,0.0,695.45,0.0,458.88,23.93,27.29,0.00522,26.76,0.1874,0.0,698.38,0.0,196.69,21.69,23.85,0.00532,32.43,0.3861,0.0,738.95,3.0,644.53,22.16,25.38,0.00539,31.49,0.2192,0.0,766.2,3.0,0.0,21.08,21.99,0.00529,31.68,0.5955,2748.96,709.37,1.0,404.29,3843.92,0.0,602.6,4800523.32,3977221.55,3977221.55,2474050.5
189,10,15,26.02,82.18,26.18,83.44,0.0842,477.55,22.55,32.15,0.0842,720.82,22.39,29.82,1.7503,731.79,22.93,33.4,1.7503,689.25,14.66,49.56,1.7503,686.63,14.59,50.94,1.7503,717.45,14.94,47.37,1.7503,704.15,21.88,23.69,0.00528,32.35,0.3079,0.0,676.87,0.0,459.0,23.83,27.24,0.00524,26.95,0.1839,0.0,667.73,0.0,196.69,21.62,23.89,0.00539,33.57,0.4438,0.0,716.45,5.0,644.53,21.79,24.35,0.00545,32.39,0.2192,0.0,765.49,3.0,0.0,20.94,22.04,0.00531,33.61,0.5955,2661.72,719.56,1.0,404.29,3949.82,0.0,602.6,2617399.44,4095391.26,4095391.26,2395486.28
189,10,30,26.25,80.47,26.39,80.45,0.0887,523.47,22.82,33.14,0.0887,718.98,22.5,30.02,1.8436,753.51,22.85,34.33,1.8436,718.85,14.76,49.51,1.8436,700.23,14.67,51.97,1.8436,709.63,15.08,47.5,1.8436,689.21,21.99,23.97,0.00533,31.98,0.3079,0.0,707.24,0.0,556.56,23.99,27.11,0.00539,29.49,0.1906,0.0,722.08,2.0,238.56,21.46,23.91,0.00547,34.05,0.4438,0.0,743.31,5.0,656.24,21.07,24.04,0.00555,35.6,0.3058,344.98,760.63,6.0,0.0,21.08,22.04,0.00535,33.36,0.5955,2477.42,711.99,1.0,609.37,4102.0,0.0,602.6,2761441.2,4233615.09,4233615.09,2531671.62
189,10,45,26.87,79.66,26.82,79.81,0.09,514.28,22.62,29.55,0.09,763.28,22.55,33.02,1.8723,739.67,22.77,34.73,1.8723,734.45,14.7,52.06,1.8723,757.98,14.85,49.23,1.8723,749.62,14.91,49.29,1.8723,696.9,22.21,24.3,0.00539,31.56,0.3079,0.0,676.57,0.0,556.68,23.48,26.91,0.00554,30.6,0.1904,0.0,752.67,2.0,0.0,21.66,23.97,0.00554,33.0,0.4438,0.0,780.6,5.0,667.97,21.24,23.88,0.00564,36.4,0.3635,747.71,830.94,8.0,0.0,21.1,22.05,0.00541,34.21,0.5666,2295.34,708.17,0.0,615.23,4170.59,0.0,602.6,2518138.8,4295866.41,4295866.41,2738748.0
189,11,0,27.26,75.35,27.23,77.33,0.0942,479.56,22.76,31.19,0.0942,754.47,22.82,32.57,1.9588,770.52,22.82,35.06,1.9588,764.82,14.59,50.84,1.9588,733.67,14.76,51.59,1.9588,750.96,15.02,51.01,1.9588,736.78,22.36,24.63,0.00547,32.68,0.3079,0.0,686.27,0.0,556.56,23.25,26.67,0.00564,31.37,0.1904,0.0,752.86,2.0,0.0,21.59,24.05,0.00561,36.42,0.4438,0.0,787.03,5.0,656.26,21.17,23.88,0.00575,34.3,0.4212,999.89,866.63,10.0,0.0,21.13,22.09,0.00548,33.52,0.5955,2406.18,730.55,1.0,609.37,4340.22,0.0,602.6,2501451.72,4448537.73,4448537.73,3065459.37
189,11,15,27.42,78.41,27.22,73.41,0.0914,488.32,22.63,31.25,0.0914,762.12,22.67,32.58,1.9011,772.93,22.71,34.24,1.9011,760.64,14.71,51.8,1.9011,759.5,14.76,50.74,1.9011,755.76,15.05,49.61,1.9011,754.87,22.57,24.98,0.00552,32.29,0.3079,0.0,741.16,0.0,556.68,23.44,26.47,0.00567,29.14,0.1615,0.0,794.01,1.0,238.56,21.65,24.13,0.00567,35.55,0.4727,0.0,809.03,6.0,656.26,21.33,23.85,0.00578,35.98,0.3635,710.34,894.96,8.0,0.0,21.16,22.11,0.00554,34.62,0.5955,2343.45,766.05,1.0,609.37,4283.99,0.0,602.6,2761472.52,4397926.21,4397926.21,2748408.11
189,11,30,27.48,75.77,27.42,75.99,0.0942,489.96,22.82,30.98,0.0942,791.09,22.7,31.97,1.9588,785.03,23.04,33.86,1.9588,793.0,14.65,52.96,1.9588,774.03,14.76,50.24,1.9588,786.9,15.04,51.59,1.9588,766.97,23.16,25.36,0.00558,31.45,0.3079,0.0,748.27,0.0,693.36,23.76,26.41,0.0057,32.05,0.1615,0.0,785.88,1.0,297.16,21.52,24.21,0.00575,35.42,0.5304,0.0,838.03,8.0,621.1,20.96,23.87,0.00584,35.8,0.3635,706.08,875.43,8.0,0.0,21.14,22.18,0.0056,35.1,0.5955,2427.64,757.59,1.0,404.29,4456.95,0.0,602.6,2925453.24,4535841.21,4535841.21,2820152.24
189,11,45,27.6,73.46,27.67,75.08,0.0887,511.57,22.88,31.57,0.0887,798.51,23.06,32.92,1.8434,815.68,23.17,34.95,1.8434,809.04,14.73,50.87,1.8434,820.21,14.7,51.77,1.8434,770.91,15.07,47.42,1.8434,773.24,23.15,25.49,0.00561,29.02,0.3079,0.0,765.88,0.0,693.36,23.71,26.13,0.00572,32.08,0.1615,0.0,810.71,1.0,297.16,21.46,24.03,0.00578,36.9,0.4727,0.0,845.02,6.0,621.1,21.06,23.72,0.00584,38.45,0.3058,475.7,893.41,6.0,0.0,20.98,22.22,0.00563,36.17,0.5955,2342.79,786.15,1.0,410.16,4307.97,0.0,602.6,2935344.96,4419511.32,4419511.32,2536642.02
189,12,0,27.83,75.22,27.79,74.0,0.0845,493.23,23.07,30.62,0.0845,809.67,23.08,32.07,1.7569,811.36,23.29,34.85,1.7569,793.09,14.57,51.32,1.7569,794.54,14.77,52.37,1.7569,796.35,14.91,50.76,1.7569,795.19,23.21,25.41,0.00561,29.67,0.3079,0.0,766.6,0.0,693.36,22.64,25.81,0.00577,33.28,0.2481,0.0,859.5,4.0,297.16,21.72,23.91,0.00574,34.37,0.3861,0.0,808.84,3.0,621.08,21.15,23.58,0.00579,36.89,0.2481,256.91,885.04,4.0,0.0,21.21,22.24,0.00563,37.1,0.5666,2180.46,769.92,0.0,404.29,4286.6,0.0,602.6,2930734.44,4380394.84,4380394.84,2193703.39
189,12,15,27.77,74.3,27.94,73.14,0.0887,485.87,23.22,32.73,0.0887,821.18,23.2,33.29,1.8434,840.29,23.33,35.06,1.8434,805.39,14.65,49.12,1.8434,808.7,14.83,52.33,1.8434,777.92,15.07,50.65,1.8434,812.67,23.15,25.17,0.00563,31.86,0.3079,0.0,812.09,0.0,693.36,22.33,25.07,0.00578,34.67,0.1904,0.0,809.24,2.0,297.14,21.63,23.77,0.00572,34.91,0.3284,0.0,823.33,1.0,621.08,21.12,23.41,0.0058,36.12,0.2769,501.4,892.85,5.0,0.0,21.06,22.3,0.00567,34.63,0.7397,3000.29,814.83,6.0,404.29,4409.59,0.0,602.6,2930054.04,4513032.14,4513032.14,3151490.59
189,12,30,27.95,73.81,27.77,74.24,0.0873,519.97,23.07,32.14,0.0873,807.27,23.03,30.05,1.8146,821.32,23.29,32.15,1.8146,814.11,14.55,52.19,1.8146,818.25,14.48,53.43,1.8146,825.68,15.1,50.4,1.8146,814.2,22.94,24.76,0.00563,32.88,0.3079,0.0,797.89,0.0,859.32,21.82,24.55,0.00579,34.53,0.2192,0.0,882.57,3.0,0.0,21.44,23.63,0.00571,35.12,0.3861,0.0,853.58,3.0,632.81,21.06,23.15,0.00577,38.19,0.1904,189.38,884.29,2.0,0.0,21.08,22.31,0.00568,35.09,0.7109,2666.47,827.08,5.0,603.52,4361.36,0.0,602.6,2967730.92,4469561.47,4469561.47,2570246.5
189,12,45,27.97,73.43,27.74,74.52,0.0873,500.02,22.95,31.76,0.0873,848.95,23.02,33.26,1.8146,824.72,23.46,34.54,1.8146,834.73,14.75,52.19,1.8146,787.68,14.7,49.61,1.8146,806.31,15.16,51.0,1.8146,836.38,22.68,24.57,0.00562,33.73,0.3079,0.0,806.85,0.0,869.16,21.56,24.01,0.00577,37.17,0.2192,0.0,889.29,3.0,0.0,21.51,23.47,0.00571,37.33,0.3861,0.0,841.16,3.0,644.53,21.13,23.08,0.00576,38.65,0.2192,385.37,869.11,3.0,0.0,21.04,22.28,0.00568,35.38,0.682,2555.23,815.99,4.0,609.37,4349.19,0.0,602.6,2992527.72,4461051.84,4461051.84,2646530.61
189,13,0,27.89,74.36,27.96,74.56,0.0956,521.22,22.84,31.67,0.0956,820.25,23.02,31.53,1.9877,828.26,23.11,34.65,1.9877,806.25,14.68,51.21,1.9877,829.59,14.61,52.71,1.9877,820.73,14.99,51.14,1.9877,834.39,22.69,24.42,0.00565,32.12,0.3079,0.0,793.66,0.0,869.16,21.17,23.63,0.00581,35.65,0.2192,93.16,870.15,3.0,0.0,21.31,23.4,0.00578,35.85,0.5015,185.98,870.35,7.0,644.53,21.01,23.04,0.00582,36.4,0.2481,567.04,891.56,4.0,0.0,21.09,22.26,0.00572,36.32,0.7109,2777.99,856.21,5.0,603.52,4603.62,0.0,602.6,2981316.24,4685594.75,4685594.75,3261743.34
189,13,15,27.58,76.24,27.44,77.57,0.0914,504.52,22.89,30.87,0.0914,857.49,22.95,32.16,1.9011,831.5,23.14,36.67,1.9011,829.78,14.59,52.43,1.9011,814.78,14.58,51.58,1.9011,854.33,14.92,51.53,1.9011,818.79,22.54,24.28,0.00568,32.75,0.3079,0.0,814.43,0.0,869.16,21.12,23.43,0.00586,38.61,0.3058,650.08,928.23,6.0,0.0,21.06,23.22,0.00581,35.82,0.3861,0.0,891.42,3.0,632.82,21.16,22.98,0.00584,37.92,0.2192,437.39,893.47,3.0,0.0,21.04,22.22,0.00575,36.65,0.682,2645.25,852.26,4.0,603.52,4428.42,0.0,602.6,2976705.72,4527920.76,4527920.76,3359445.79
189,13,30,27.6,77.22,27.39,76.19,0.0914,476.87,22.87,32.06,0.0914,864.99,23.0,32.43,1.9011,863.39,23.26,35.03,1.9011,872.42,14.72,51.78,1.9011,866.11,14.79,54.9,1.9011,849.68,14.94,50.9,1.9011,852.49,22.42,24.13,0.0057,33.67,0.3079,0.0,826.26,0.0,1123.08,21.1,23.43,0.00591,36.58,0.3058,215.83,952.9,6.0,481.31,21.12,23.15,0.00581,33.9,0.3861,0.0,916.08,3.0,656.26,21.13,22.93,0.00585,35.8,0.2192,468.76,904.1,3.0,0.0,21.01,22.19,0.00577,36.7,0.682,2707.06,846.04,4.0,597.66,4423.05,0.0,602.6,3709228.68,4523079.73,4523079.73,3052490.66
189,13,45,27.35,79.86,27.17,76.73,0.0928,488.89,23.06,32.94,0.0928,920.82,23.05,31.89,1.93,883.35,23.08,35.7,1.93,866.56,14.47,54.45,1.93,848.72,14.9,51.64,1.93,879.47,14.89,52.18,1.93,867.3,22.44,24.32,0.00574,31.87,0.3079,0.0,853.17,0.0,1132.8,21.14,23.32,0.00595,37.03,0.3058,705.37,961.58,6.0,0.0,21.25,23.22,0.00583,37.21,0.3861,0.0,895.98,3.0,644.53,21.64,24.53,0.00589,36.9,0.2192,0.0,908.51,3.0,0.0,21.06,22.18,0.00581,34.82,0.7109,2871.5,906.43,5.0,603.52,4485.31,0.0,602.6,5397117.48,4567327.71,4567327.71,3219105.78
189,14,0,27.2,77.86,27.12,77.59,0.1067,494.19,23.05,31.55,0.1067,918.85,22.86,34.04,2.2187,932.65,23.33,35.83,2.2187,891.32,14.73,56.61,2.2187,900.14,14.77,55.52,2.2187,907.96,14.83,54.45,2.2187,900.63,22.75,24.61,0.00584,33.28,0.3079,0.0,853.68,0.0,1132.8,21.07,23.49,0.00609,38.09,0.2769,39.29,973.62,5.0,485.51,20.89,23.4,0.00599,36.99,0.4727,32.8,937.21,6.0,656.26,23.61,25.95,0.00603,32.11,0.3061,0.0,957.1,4.0,2402.4,21.03,22.23,0.00596,37.3,0.8551,3553.46,930.95,10.0,603.52,4965.39,0.0,602.6,8115392.16,4956279.89,4956279.89,3250178.2
189,14,15,27.43,79.58,27.31,80.24,0.1105,511.08,22.84,34.13,0.1105,938.62,23.27,32.91,2.2979,918.0,23.34,36.65,2.2979,924.45,14.56,55.02,2.2979,925.05,14.68,55.49,2.2979,911.22,15.19,54.37,2.2979,909.23,22.95,24.99,0.00601,32.58,0.3079,0.0,877.45,0.0,1132.8,21.12,23.48,0.00627,37.95,0.2769,474.08,971.36,5.0,0.0,21.15,23.53,0.0062,39.88,0.5015,82.63,945.56,7.0,644.53,24.02,26.0,0.00632,32.61,0.3564,0.0,970.97,7.0,2460.84,21.08,22.26,0.00617,38.9,0.8551,3507.5,922.55,10.0,603.52,5106.91,0.0,602.6,5449713.48,5138555.6,5138555.6,3657778.99
189,14,30,27.36,77.58,27.35,78.7,0.1039,518.16,22.87,36.42,0.1039,981.93,22.79,35.33,2.1608,988.4,23.02,38.89,2.1608,957.13,14.77,56.7,2.1608,969.48,14.82,60.09,2.1608,930.52,14.98,55.94,2.1608,986.81,23.37,25.43,0.0061,33.04,0.3079,0.0,924.11,0.0,1191.48,21.06,23.57,0.00634,40.74,0.2769,420.3,1036.93,5.0,0.0,21.42,23.67,0.00626,38.21,0.415,0.0,986.36,4.0,714.85,21.81,25.84,0.00647,39.22,0.3635,0.0,996.93,8.0,0.0,21.11,22.34,0.00624,39.89,0.7974,2875.95,968.66,8.0,814.45,4936.65,0.0,602.6,3715688.16,4988055.15,4988055.15,2965827.18
189,14,45,27.61,77.36,27.53,78.78,0.1163,496.03,23.21,35.8,0.1163,1013.32,23.21,35.76,2.4191,1016.24,23.47,37.9,2.4191,993.82,14.61,59.9,2.4191,1006.67,14.7,60.28,2.4191,958.81,15.12,58.34,2.4191,1000.78,23.61,25.64,0.00623,34.71,0.3079,0.0,927.4,0.0,1181.64,23.64,24.87,0.00646,34.95,0.4199,0.0,1019.69,5.0,4494.97,21.18,23.78,0.00642,41.17,0.4727,0.0,1030.26,6.0,714.84,22.79,25.64,0.00661,36.72,0.3923,0.0,1059.09,9.0,2449.2,21.04,22.38,0.00639,42.7,0.8263,2951.3,988.94,9.0,814.45,5458.08,0.0,602.6,10384288.56,5351971.66,5351971.66,2653707.99
189,15,0,27.78,78.47,27.81,78.83,0.1081,488.0,23.24,35.86,0.1081,1002.81,23.1,34.39,2.2473,1025.41,23.53,38.97,2.2473,998.14,14.94,58.51,2.2473,1005.34,14.72,58.1,2.2473,995.02,14.73,58.87,2.2473,995.19,23.7,25.85,0.00633,33.82,0.3079,0.0,972.79,0.0,1191.36,21.7,24.8,0.00661,40.29,0.2769,0.0,1070.5,5.0,0.0,21.3,23.72,0.00651,40.11,0.4727,0.0,1044.78,6.0,703.13,23.67,26.28,0.0067,36.13,0.3635,0.0,1095.65,8.0,2472.6,21.05,22.44,0.00648,40.05,0.8263,2861.98,1017.75,9.0,814.45,5253.41,0.0,602.6,5930367.48,5257053.98,5257053.98,2574707.44
189,15,15,27.82,77.98,27.98,76.99,0.1081,513.82,22.99,37.52,0.1081,1051.18,22.87,38.29,2.2473,1036.48,23.0,38.51,2.2473,994.97,14.66,59.06,2.2473,1064.6,14.48,60.03,2.2473,1022.99,14.99,58.81,2.2473,1037.0,23.76,25.94,0.00642,37.0,0.3367,0.0,1007.42,1.0,1181.64,21.27,23.97,0.00665,42.06,0.2769,183.73,1103.34,5.0,0.0,21.13,23.64,0.00657,41.33,0.4727,0.0,1040.85,6.0,714.84,22.12,26.09,0.00677,41.22,0.3635,0.0,1108.69,8.0,0.0,21.14,22.46,0.00654,41.8,0.7974,2677.0,1039.81,8.0,814.45,5183.46,0.0,602.6,3706723.08,5237590.07,5237590.07,2540013.23
189,15,30,28.15,75.95,28.25,76.96,0.1008,503.95,23.09,38.56,0.1008,1053.31,22.94,38.23,2.0949,1074.18,23.28,38.71,2.0949,1037.15,14.75,59.28,2.0949,1024.05,14.78,58.25,2.0949,1030.43,15.07,55.8,2.0949,1014.91,23.71,25.94,0.00645,34.88,0.3367,0.0,1010.79,1.0,1113.36,21.1,23.59,0.00662,40.2,0.2769,395.58,1095.67,5.0,0.0,21.13,23.51,0.00657,40.46,0.4727,0.0,1051.24,6.0,714.85,23.52,26.02,0.00667,34.48,0.3265,0.0,1128.24,6.0,2437.56,21.12,22.39,0.00652,42.15,0.682,2533.79,1017.89,4.0,404.3,5014.76,0.0,602.6,5464979.28,5032637.29,5032637.29,2638494.12
189,15,45,28.21,75.74,27.96,75.57,0.1039,485.43,23.04,37.08,0.1039,1046.73,22.91,36.92,2.1608,1063.81,23.46,40.18,2.1608,1039.78,14.75,57.17,2.1608,1051.36,14.73,59.86,2.1608,1064.47,15.05,57.54,2.1608,1039.04,23.59,26.08,0.00647,34.79,0.3367,0.0,1025.66,1.0,1113.24,21.04,23.45,0.00663,41.8,0.2769,477.12,1101.99,5.0,0.0,21.38,23.47,0.00658,40.45,0.4727,0.0,1100.76,6.0,714.84,22.08,26.54,0.00675,42.0,0.3923,0.0,1168.93,9.0,0.0,21.1,22.39,0.00652,40.22,0.682,2539.54,1073.81,4.0,404.3,5076.9,0.0,602.6,3289319.28,5125032.69,5125032.69,2715894.58
189,16,0,28.33,73.76,28.28,74.24,0.1055,520.87,22.88,36.05,0.1055,1061.25,22.98,38.52,2.1941,1094.34,23.22,41.02,2.1941,1050.68,14.77,59.06,2.1941,1034.7,14.75,60.22,2.1941,1040.07,14.98,58.74,2.1941,1059.47,23.98,26.24,0.0065,32.94,0.3413,0.0,1033.24,1.0,1113.24,21.03,23.36,0.00664,42.65,0.2769,527.09,1135.06,5.0,0.0,21.29,23.42,0.00658,39.17,0.415,0.0,1088.75,4.0,714.84,21.66,26.23,0.00673,40.64,0.3923,0.0,1144.75,9.0,0.0,21.02,22.4,0.00654,39.45,0.7686,2976.42,1055.66,7.0,404.3,5087.71,0.0,602.6,3288659.4,5132723.68,5132723.68,3152636.32
189,16,15,28.09,75.86,28.16,76.04,0.1051,471.65,22.97,36.81,0.1051,1085.97,23.05,36.15,2.1859,1099.96,23.47,41.31,2.1859,1095.43,14.83,60.4,2.1859,1079.06,14.73,59.83,2.1859,1062.88,14.92,59.15,2.1859,1060.02,23.95,26.39,0.00651,34.87,0.3545,0.0,1023.58,1.0,1113.36,21.13,23.3,0.00665,41.29,0.2769,563.28,1137.94,5.0,0.0,21.25,23.43,0.00658,41.18,0.3861,0.0,1102.01,3.0,714.85,23.53,27.04,0.00672,35.95,0.3997,0.0,1180.69,9.0,2425.8,21.28,22.4,0.00656,41.34,0.7686,2978.24,1091.03,7.0,404.29,5153.59,0.0,602.6,5471988.48,5141253.21,5141253.21,3185186.23
189,16,30,27.86,76.55,28.11,74.78,0.0986,511.6,23.26,37.52,0.0986,1104.18,23.2,38.78,2.0499,1073.99,23.54,38.71,2.0499,1048.74,14.92,59.62,2.0499,1064.79,14.73,58.6,2.0499,1030.98,14.87,56.59,2.0499,1057.82,23.92,26.56,0.00648,33.77,0.3702,0.0,1050.19,1.0,1083.96,21.05,23.21,0.00659,42.09,0.1904,157.04,1132.78,2.0,0.0,21.58,23.46,0.00654,41.01,0.3861,0.0,1089.82,3.0,667.97,22.8,27.92,0.00672,36.98,0.3635,0.0,1160.87,8.0,0.0,21.26,22.43,0.00654,39.19,0.7397,2595.81,1099.22,6.0,603.52,4975.57,0.0,602.6,3397985.64,4997821.51,4997821.51,2477607.01
189,16,45,28.01,76.31,27.83,75.97,0.1011,477.41,23.23,37.89,0.1011,1118.73,23.27,36.06,2.1031,1105.5,23.32,37.87,2.1031,1055.44,14.9,58.37,2.1031,1076.63,14.82,59.83,2.1031,1078.99,14.99,57.8,2.1031,1072.73,23.86,26.22,0.00647,35.15,0.3367,0.0,1075.02,1.0,1083.96,21.22,23.11,0.00654,41.08,0.1904,214.88,1091.44,2.0,0.0,21.37,23.4,0.00653,41.75,0.415,0.0,1106.61,4.0,667.97,22.66,27.26,0.0067,38.48,0.3346,0.0,1205.24,7.0,0.0,21.29,22.47,0.00653,41.48,0.8263,2982.67,1130.41,9.0,609.37,5030.09,0.0,602.6,3398094.72,5079706.11,5079706.11,2877954.54
189,17,0,27.79,76.8,27.79,75.87,0.0993,507.23,23.15,35.81,0.0993,1109.73,23.03,36.8,2.0647,1131.79,23.39,39.6,2.0647,1087.37,14.79,58.83,2.0647,1102.39,14.7,56.92,2.0647,1090.93,15.03,59.17,2.0647,1098.38,23.82,25.87,0.00645,33.68,0.3079,0.0,1090.95,0.0,1074.24,21.06,23.01,0.00652,43.26,0.1904,269.55,1106.05,2.0,0.0,21.24,23.26,0.00651,40.93,0.3861,0.0,1111.53,3.0,656.24,23.63,27.25,0.00661,36.0,0.3828,0.0,1171.59,6.0,2402.4,21.08,22.47,0.00651,39.76,0.7974,2832.2,1103.14,8.0,609.37,4958.93,0.0,602.6,5546224.44,4999644.39,4999644.39,2798690.22
189,17,15,27.54,76.47,27.53,76.78,0.0998,478.07,23.1,37.38,0.0998,1135.29,23.35,37.38,2.0742,1119.82,23.15,39.12,2.0742,1114.78,14.82,59.45,2.0742,1125.65,14.73,55.92,2.0742,1081.48,15.04,56.98,2.0742,1096.58,23.53,25.47,0.00642,35.82,0.3079,0.0,1053.07,0.0,1083.96,21.07,23.07,0.00651,41.69,0.2192,0.0,1139.93,3.0,464.56,21.19,23.16,0.00649,40.68,0.3861,0.0,1115.07,3.0,667.97,22.0,26.65,0.00667,39.54,0.3923,0.0,1216.45,9.0,0.0,20.97,22.45,0.00649,41.42,0.7686,2728.07,1145.68,7.0,603.5,4907.29,0.0,602.6,3856003.92,4993138.17,4993138.17,2455354.2
189,17,30,27.49,77.87,27.77,77.95,0.0984,451.16,23.04,37.33,0.0984,1125.1,22.81,37.41,2.0454,1143.9,23.0,38.24,2.0454,1099.54,14.64,56.97,2.0454,1112.73,14.7,56.55,2.0454,1111.81,14.98,56.41,2.0454,1088.37,23.01,24.98,0.00639,36.05,0.3079,0.0,1059.46,0.0,937.56,21.13,22.88,0.0065,42.05,0.2481,645.38,1146.3,4.0,0.0,20.93,23.0,0.00646,40.14,0.3861,98.64,1118.47,3.0,574.21,23.21,25.76,0.00662,36.03,0.3635,0.0,1230.21,8.0,2437.56,21.17,22.35,0.00646,39.61,0.7397,2742.86,1131.05,6.0,603.52,4829.8,0.0,602.6,5135148.36,4906415.46,4906415.46,3120534.34
189,17,45,27.34,78.7,27.41,79.36,0.0942,492.32,22.78,37.46,0.0942,1153.51,23.04,35.68,1.9588,1168.67,23.16,39.04,1.9588,1104.57,14.69,57.87,1.9588,1101.79,14.51,56.87,1.9588,1096.44,14.96,56.3,1.9588,1127.95,22.72,24.53,0.00632,36.6,0.3079,0.0,1067.11,0.0,947.28,21.35,22.88,0.00645,38.99,0.2481,297.41,1179.35,4.0,405.97,21.03,22.83,0.00639,39.34,0.3861,295.63,1127.1,3.0,574.22,22.06,25.28,0.00654,38.26,0.2769,0.0,1180.05,5.0,0.0,20.79,22.31,0.00639,38.3,0.7397,2817.53,1132.78,6.0,609.38,4667.9,0.0,602.6,3365321.04,4758266.25,4758266.25,3066069.72
189,18,0,27.19,79.0,27.12,80.54,0.0998,468.05,22.79,37.92,0.0998,1160.1,23.1,36.68,2.0742,1173.65,23.23,39.52,2.0742,1120.01,14.63,56.17,2.0742,1129.99,14.87,57.87,2.0742,1126.59,15.01,57.72,2.0742,1132.68,22.38,24.13,0.00628,38.41,0.3079,0.0,1090.66,0.0,937.44,21.29,22.82,0.00646,40.39,0.3058,637.7,1216.35,6.0,401.77,20.98,22.71,0.00638,39.46,0.4438,742.62,1168.23,5.0,574.22,23.44,24.83,0.00649,34.01,0.2769,0.0,1215.27,5.0,2402.4,21.15,22.26,0.00636,41.18,0.7397,2916.33,1146.6,6.0,603.5,4764.81,0.0,602.6,5510082.24,4844714.17,4844714.17,3867583.28
189,18,15,26.86,77.18,26.81,77.49,0.097,517.66,22.82,33.99,0.097,1160.7,22.61,38.01,2.0165,1199.74,22.78,39.39,2.0165,1149.21,14.79,55.54,2.0165,1114.8,14.67,56.04,2.0165,1105.24,15.03,57.25,2.0165,1129.23,22.21,23.74,0.00624,38.52,0.3079,0.0,1134.61,0.0,937.44,21.1,22.71,0.00641,39.35,0.3058,700.09,1245.36,6.0,401.8,21.18,22.55,0.00633,38.82,0.415,772.46,1147.04,4.0,574.21,21.53,24.64,0.00648,41.58,0.3058,0.0,1251.46,6.0,0.0,21.07,22.2,0.0063,40.9,0.682,2715.84,1170.56,4.0,603.52,4531.71,0.0,602.6,3347283.96,4656094.08,4656094.08,3786457.44
189,18,30,26.62,74.95,26.14,77.03,0.0914,484.93,22.56,37.09,0.0914,1187.04,22.71,37.55,1.9011,1178.31,22.83,38.53,1.9011,1129.11,14.65,57.34,1.9011,1154.67,14.76,54.32,1.9011,1148.28,15.0,54.35,1.9011,1125.38,21.89,23.36,0.00616,36.97,0.3079,0.0,1121.34,0.0,937.44,21.06,22.53,0.00631,39.29,0.2481,492.05,1216.6,4.0,401.77,21.26,22.39,0.00625,40.03,0.415,956.05,1189.01,4.0,574.21,21.28,23.42,0.00635,41.57,0.2481,331.8,1234.82,4.0,0.0,21.16,22.14,0.00622,40.57,0.682,2800.85,1146.03,4.0,609.37,4319.59,0.0,602.6,3363873.84,4446070.87,4446070.87,4175868.02
189,18,45,26.04,75.68,25.87,75.78,0.0914,498.84,22.49,36.38,0.0914,1135.23,22.81,35.5,1.9011,1176.25,22.65,37.13,1.9011,1157.15,14.66,52.99,1.9011,1173.03,14.65,53.38,1.9011,1119.2,14.9,53.69,1.9011,1138.35,21.61,23.04,0.00609,35.86,0.3079,0.0,1109.19,0.0,947.28,21.0,22.42,0.00623,37.92,0.2481,552.37,1224.68,4.0,405.98,21.31,22.26,0.00617,37.24,0.3861,953.5,1152.73,3.0,574.22,22.53,23.55,0.00625,35.47,0.2769,0.0,1202.38,5.0,2425.8,21.05,22.09,0.00614,39.19,0.682,2890.99,1171.18,4.0,609.37,4265.98,0.0,602.6,5553810.36,4383851.21,4383851.21,3958072.23
189,19,0,25.56,73.15,25.57,73.25,0.09,470.65,22.7,36.45,0.09,1181.8,22.5,35.85,1.8723,1150.77,22.73,37.1,1.8723,1161.06,14.52,55.28,1.8723,1129.97,14.72,52.56,1.8723,1145.83,15.14,53.8,1.8723,1126.34,21.35,22.76,0.006,37.79,0.3079,0.0,1123.4,0.0,937.56,21.05,22.31,0.00614,39.07,0.2481,615.29,1200.47,4.0,401.8,21.22,22.15,0.00608,38.28,0.3861,1079.23,1176.88,3.0,574.21,22.89,24.15,0.0062,35.85,0.3058,0.0,1238.68,6.0,2425.8,20.93,22.03,0.00605,37.36,0.6243,2682.65,1127.07,2.0,609.37,4202.67,0.0,602.6,5547114.36,4327323.02,4327323.02,3939793.36
189,19,15,25.49,76.2,25.73,75.59,0.0845,450.36,22.53,36.15,0.0845,1166.49,22.51,33.83,1.7569,1172.59,22.47,35.91,1.7569,1125.98,14.66,53.04,1.7569,1129.91,14.7,51.09,1.7569,1121.97,15.13,52.03,1.7569,1150.89,21.26,22.52,0.00591,36.15,0.3079,0.0,1132.21,0.0,937.44,21.22,22.22,0.00603,37.28,0.2481,664.42,1220.84,4.0,401.77,20.94,22.05,0.00597,36.83,0.3284,893.96,1143.02,1.0,574.21,21.5,23.48,0.00609,37.58,0.2481,274.53,1215.04,4.0,0.0,20.9,21.99,0.00595,38.05,0.6243,2752.61,1177.07,2.0,609.37,3959.75,0.0,602.6,3357815.04,4140181.21,4140181.21,4085348.68
189,19,30,25.58,77.69,25.75,78.57,0.0845,478.44,22.38,32.79,0.0845,1159.99,22.51,34.02,1.7569,1176.76,22.64,37.6,1.7569,1111.66,14.66,52.36,1.7569,1118.57,14.86,52.62,1.7569,1099.17,15.03,51.7,1.7569,1120.54,21.07,22.47,0.0058,34.79,0.3079,44.65,1128.13,0.0,849.6,21.25,22.28,0.00593,35.9,0.2481,662.33,1218.27,4.0,364.12,21.07,21.95,0.00585,36.21,0.3573,1161.61,1144.48,2.0,562.5,20.96,22.64,0.00595,37.73,0.2481,1012.99,1164.34,4.0,0.0,21.28,21.86,0.00583,38.34,0.5955,2981.11,1147.07,1.0,404.29,3954.68,0.0,602.6,3676099.68,4101550.26,4101550.26,5276412.68
189,19,45,25.69,78.0,25.78,79.34,0.0845,472.65,22.49,36.25,0.0845,1156.22,22.32,34.15,1.7569,1144.37,22.43,36.37,1.7569,1133.2,14.64,52.07,1.7569,1125.27,14.51,53.7,1.7569,1127.77,15.11,50.17,1.7569,1133.64,21.05,22.38,0.00572,35.26,0.3079,153.49,1115.57,0.0,859.32,21.2,22.28,0.00587,38.24,0.2481,661.46,1220.95,4.0,368.32,21.08,21.9,0.00577,36.23,0.3573,1214.78,1154.9,2.0,574.22,21.39,22.62,0.00587,35.33,0.2481,0.0,1204.3,4.0,1230.48,21.19,21.81,0.00574,35.39,0.5955,3065.63,1142.48,1.0,404.3,3933.93,0.0,602.6,4826353.68,4082875.87,4082875.87,4585820.47
189,20,0,25.76,81.79,25.59,82.26,0.0845,437.98,22.27,34.54,0.0845,1151.5,22.29,34.08,1.7569,1152.16,22.28,36.83,1.7569,1093.21,14.74,52.27,1.7569,1126.06,14.61,53.57,1.7569,1119.89,14.95,52.06,1.7569,1142.88,21.08,22.32,0.00567,36.44,0.3079,222.07,1105.93,0.0,849.6,21.0,21.97,0.00583,34.45,0.2481,1153.86,1188.4,4.0,0.0,21.22,21.86,0.00573,36.48,0.3573,1277.38,1107.16,2.0,562.5,22.35,22.88,0.00584,34.76,0.2481,0.0,1207.85,4.0,2437.56,21.13,21.78,0.00569,35.15,0.5955,3127.0,1124.24,1.0,404.29,3890.94,0.0,602.6,5273407.8,4045297.96,4045297.96,5202800.44
189,20,15,24.91,86.97,25.03,85.76,0.0831,475.36,22.52,34.72,0.0831,1161.96,22.49,31.6,1.728,1164.69,22.53,36.25,1.728,1121.27,14.94,50.21,1.728,1122.17,14.69,53.02,1.728,1141.93,14.95,48.79,1.728,1109.17,21.19,22.25,0.00562,36.05,0.3079,304.66,1115.33,0.0,849.6,23.06,23.51,0.00574,29.5,0.1615,0.0,1196.6,1.0,2184.7,21.11,21.81,0.00569,35.94,0.3861,1481.07,1148.32,3.0,562.5,21.35,22.77,0.00583,37.3,0.2769,1086.8,1194.97,5.0,0.0,21.14,21.75,0.00564,36.62,0.5955,3164.89,1133.11,1.0,404.3,3870.7,0.0,602.6,6788431.8,4018258.31,4018258.31,5289456.18
189,20,30,24.37,90.47,24.28,89.21,0.0817,486.37,22.26,31.96,0.0817,1164.3,22.07,33.09,1.6992,1145.44,22.35,37.3,1.6992,1130.18,14.46,51.26,1.6992,1099.36,14.68,50.99,1.6992,1093.32,14.83,51.24,1.6992,1089.69,21.23,22.19,0.00558,36.1,0.3079,604.84,1144.74,0.0,595.68,21.27,22.95,0.00569,36.86,0.1615,282.7,1184.26,1.0,0.0,21.16,21.77,0.00566,34.24,0.3861,1529.07,1138.88,3.0,562.5,20.94,22.2,0.00578,36.26,0.2769,1173.45,1218.86,5.0,0.0,20.96,21.79,0.0056,34.8,0.5666,2957.38,1129.47,0.0,404.3,3753.23,0.0,602.6,3077260.2,3946858.59,3946858.59,5862662.2
189,20,45,23.87,94.33,23.95,96.63,0.0789,462.74,22.24,32.58,0.0789,1139.72,22.26,33.21,1.6415,1132.08,22.56,33.94,1.6415,1096.4,14.54,50.64,1.6415,1110.63,14.56,51.3,1.6415,1076.7,14.95,49.19,1.6415,1092.76,21.05,22.12,0.00553,34.56,0.3079,677.78,1101.41,0.0,605.52,20.99,22.41,0.00561,35.63,0.1615,219.74,1153.2,1.0,259.48,21.39,21.72,0.0056,37.48,0.3861,1587.85,1140.02,3.0,562.5,22.57,22.52,0.00569,31.24,0.2192,0.0,1213.6,3.0,2414.04,21.15,21.77,0.00553,33.96,0.5666,2986.87,1130.71,0.0,398.44,3659.9,0.0,602.6,5783545.8,3833694.7,3833694.7,4929704.18
189,21,0,23.28,99.58,23.22,98.45,0.0776,507.48,22.24,31.48,0.0776,1136.9,22.5,32.43,1.6126,1123.91,22.3,38.1,1.6126,1098.68,14.51,49.86,1.6126,1095.25,14.71,50.44,1.6126,1110.24,14.96,47.77,1.6126,1083.41,21.24,22.07,0.00549,34.96,0.3079,739.22,1113.76,0.0,605.4,21.22,22.23,0.00556,35.19,0.1615,328.83,1148.81,1.0,259.48,21.31,21.68,0.00557,34.51,0.3861,1642.08,1153.78,3.0,562.5,23.29,23.11,0.00563,31.24,0.1904,0.0,1144.9,2.0,2402.4,21.01,21.76,0.0055,34.58,0.5666,3000.14,1109.44,0.0,404.29,3607.78,0.0,602.6,5798093.4,3785069.27,3785069.27,5146233.34
189,21,15,23.18,99.66,23.19,100.02,0.0762,472.01,22.24,32.33,0.0762,1121.87,22.21,31.53,1.5838,1125.71,22.45,33.54,1.5838,1091.65,14.49,50.72,1.5838,1082.84,14.65,50.57,1.5838,1061.83,14.95,49.81,1.5838,1090.56,21.07,22.04,0.00548,32.68,0.3079,765.75,1084.89,0.0,605.4,21.13,22.1,0.00552,35.88,0.1327,247.03,1126.56,0.0,259.46,21.15,21.66,0.00556,37.39,0.3861,1655.2,1119.08,3.0,562.5,23.72,23.45,0.00562,30.08,0.1904,0.0,1147.68,2.0,2425.68,21.35,21.75,0.00548,35.46,0.5666,3007.01,1100.06,0.0,398.44,3559.9,0.0,602.6,5788622.88,3747124.06,3747124.06,5108238.46
189,21,30,23.37,99.66,23.22,98.45,0.0762,479.19,21.97,31.57,0.0762,1084.29,21.98,33.59,1.5838,1120.39,22.07,36.05,1.5838,1062.09,14.61,50.13,1.5838,1032.54,14.53,51.55,1.5838,1083.0,15.01,47.91,1.5838,1064.61,21.07,21.9,0.0055,35.52,0.3079,1065.93,1093.9,0.0,449.28,21.02,21.91,0.00553,34.87,0.1327,408.06,1087.83,0.0,192.53,21.14,21.64,0.00557,36.58,0.3861,1677.73,1120.17,3.0,550.79,21.52,23.12,0.00564,35.46,0.1904,90.33,1119.76,2.0,0.0,21.09,21.52,0.0055,34.1,0.5666,3552.83,1096.39,0.0,199.22,3486.27,0.0,602.6,2024606.88,3707027.02,3707027.02,6073451.54
189,21,45,23.2,101.06,23.32,101.73,0.0762,474.13,22.0,32.11,0.0762,1106.78,22.07,33.49,1.5838,1096.67,22.06,36.93,1.5838,1079.09,14.69,49.91,1.5838,1059.55,14.8,48.28,1.5838,1078.3,14.98,48.18,1.5838,1058.19,21.26,21.82,0.00555,37.61,0.3079,1132.22,1071.86,0.0,459.0,21.03,21.81,0.00556,35.63,0.1327,457.6,1079.61,0.0,196.69,21.17,21.62,0.00561,33.96,0.3861,1690.83,1131.48,3.0,562.5,21.09,22.2,0.00565,35.26,0.1904,707.43,1107.57,2.0,0.0,21.14,21.46,0.00555,35.68,0.5666,3636.68,1070.4,0.0,205.08,3466.49,0.0,602.6,2023148.88,3679913.83,3679913.83,6917452.76
189,22,0,23.31,100.92,23.3,100.07,0.0762,487.36,22.01,33.53,0.0762,1074.48,21.84,31.7,1.5838,1087.73,22.08,37.7,1.5838,1058.73,14.68,49.7,1.5838,1072.17,14.7,49.57,1.5838,1072.22,15.08,50.56,1.5838,1073.36,21.3,21.78,0.00562,34.39,0.3079,1186.56,1072.8,0.0,449.16,21.06,21.58,0.00563,35.86,0.1327,753.25,1050.99,0.0,0.0,20.97,21.59,0.00568,35.11,0.3861,1715.5,1093.41,3.0,562.5,20.84,23.4,0.0057,38.5,0.1904,0.0,1109.22,2.0,0.0,21.21,21.41,0.00563,35.29,0.5666,3698.82,1078.02,0.0,199.22,3452.08,0.0,602.6,3861136.08,3649211.8,3649211.8,6618711.98
189,22,15,23.43,99.24,23.41,100.55,0.0776,470.29,21.77,32.98,0.0776,1060.53,21.78,34.23,1.6126,1085.63,21.97,36.75,1.6126,1051.11,14.63,51.03,1.6126,1023.41,14.7,51.15,1.6126,1034.09,14.93,48.68,1.6126,1054.27,21.09,21.75,0.00567,37.67,0.3079,1230.05,1058.09,0.0,449.28,21.74,22.46,0.00568,32.72,0.1327,0.0,1088.07,0.0,1155.14,21.09,21.57,0.00573,36.25,0.3861,1736.91,1111.59,3.0,562.5,20.83,22.18,0.00575,38.03,0.2192,865.23,1120.73,3.0,0.0,20.94,21.39,0.00568,36.92,0.5666,3739.48,1034.56,0.0,199.21,3496.81,0.0,602.6,3707429.4,3695718.99,3695718.99,6814443.44
189,22,30,23.19,99.08,23.33,99.46,0.0776,460.72,21.71,34.71,0.0776,1064.83,21.75,35.05,1.6126,1046.4,21.68,39.22,1.6126,1024.59,14.7,49.97,1.6126,1012.3,14.75,51.65,1.6126,1008.27,14.89,50.23,1.6126,1005.24,21.05,21.62,0.00573,37.41,0.3079,1396.47,1015.55,0.0,429.6,21.23,22.05,0.00573,35.56,0.1327,488.78,1039.14,0.0,0.0,21.09,21.55,0.00578,34.53,0.3861,1759.52,1101.31,3.0,562.5,21.06,21.88,0.00581,37.61,0.2192,1040.95,1124.82,3.0,0.0,21.08,21.32,0.00573,34.91,0.5666,3854.96,1027.11,0.0,205.07,3456.74,0.0,602.6,1193514.48,3672283.68,3672283.68,7606604.78
189,22,45,23.21,100.05,23.45,99.58,0.0734,460.3,21.63,35.31,0.0734,1040.75,21.85,35.97,1.5261,1050.1,21.97,38.72,1.5261,1008.66,14.58,50.89,1.5261,1014.65,14.8,52.24,1.5261,1042.94,15.02,49.74,1.5261,1022.83,21.28,21.56,0.00575,35.29,0.3079,1455.67,1043.7,0.0,429.72,21.0,21.64,0.00575,35.87,0.1327,855.6,1027.54,0.0,0.0,21.22,21.5,0.00579,34.35,0.2996,1358.51,1053.11,0.0,562.5,20.95,21.71,0.00582,36.65,0.2192,1133.0,1090.63,3.0,0.0,21.19,21.28,0.00576,37.52,0.5666,3908.32,1019.85,0.0,199.21,3316.17,0.0,602.6,1188244.08,3526891.51,3526891.51,7839996.34
189,23,0,23.16,101.25,23.23,99.11,0.0706,482.63,21.66,35.3,0.0706,1008.53,21.62,34.31,1.4684,1017.26,21.63,36.91,1.4684,970.92,14.55,51.31,1.4684,999.77,14.64,49.5,1.4684,987.0,14.89,48.37,1.4684,968.65,21.08,21.52,0.00573,35.16,0.3079,1511.25,1009.54,0.0,429.6,21.01,21.5,0.00573,37.58,0.1327,799.1,991.51,0.0,0.0,21.07,21.47,0.00576,35.95,0.2996,1401.54,988.43,0.0,562.5,22.54,22.12,0.00579,31.94,0.1615,0.0,1047.71,1.0,2402.4,20.87,21.25,0.00574,35.7,0.5666,3965.3,1005.16,0.0,205.08,3227.42,0.0,602.6,3355577.28,3438731.18,3438731.18,6911021.05
189,23,15,22.81,100.42,23.07,100.51,0.073,476.76,21.89,33.13,0.073,1004.28,21.87,34.5,1.5186,1010.58,21.86,37.26,1.5186,979.5,14.61,51.8,1.5186,1002.23,14.56,51.7,1.5186,991.65,14.88,50.85,1.5186,967.32,21.1,21.49,0.00572,35.6,0.3079,1552.64,1010.25,0.0,429.72,21.24,21.49,0.00572,35.08,0.1327,648.36,1002.59,0.0,184.15,21.02,21.44,0.00574,35.27,0.2996,1432.89,1008.7,0.0,562.5,23.74,24.3,0.00577,29.26,0.2118,0.0,1035.53,2.0,2402.28,21.12,21.24,0.00572,36.09,0.5666,3992.39,972.49,0.0,199.22,3366.25,0.0,602.6,5733887.4,3543547.0,3543547.0,6868291.37
189,23,30,22.67,100.11,22.73,99.44,0.0722,469.21,21.81,35.16,0.0722,990.35,21.86,35.44,1.5014,999.93,22.06,37.02,1.5014,957.02,14.65,52.69,1.5014,984.31,14.71,52.85,1.5014,970.82,14.94,50.2,1.5014,970.14,21.26,21.48,0.00569,35.15,0.3079,1558.98,983.22,0.0,449.28,21.03,21.46,0.00569,36.52,0.1327,663.71,985.15,0.0,192.52,21.11,21.44,0.0057,33.22,0.2996,1445.49,975.61,0.0,562.5,23.84,23.82,0.00572,32.23,0.1945,0.0,1021.91,1.0,2414.16,21.02,21.25,0.00569,35.98,0.5666,3981.25,998.31,0.0,199.22,3334.15,0.0,602.6,3572041.68,3543078.43,3543078.43,6884481.6
189,23,45,22.38,99.57,22.2,102.42,0.0706,463.9,21.74,35.71,0.0706,962.29,21.9,34.53,1.4684,974.19,21.85,37.26,1.4684,954.87,14.7,51.56,1.4684,959.06,14.49,49.38,1.4684,932.96,14.98,50.54,1.4684,929.88,21.02,21.46,0.00566,36.34,0.3079,1575.7,950.11,0.0,459.0,21.29,21.42,0.00566,34.98,0.1327,679.7,956.18,0.0,196.69,21.21,21.42,0.00567,37.02,0.2996,1472.17,951.44,0.0,562.5,21.55,23.13,0.0057,36.97,0.1615,286.59,997.43,1.0,0.0,21.13,21.25,0.00566,35.69,0.5666,3997.39,973.0,0.0,199.22,3179.07,0.0,602.6,1437605.28,3426763.48,3426763.48,7081593.48
189,24,0,22.17,98.45,22.17,100.67,0.0706,463.78,21.54,34.33,0.0706,955.49,21.73,34.26,1.4684,952.0,21.76,38.44,1.4684,964.03,14.76,50.47,1.4684,952.17,14.64,50.51,1.4684,939.89,15.07,48.01,1.4684,959.86,21.07,21.42,0.00563,33.28,0.3079,1613.32,970.43,0.0,459.0,21.12,21.39,0.00563,36.16,0.1327,699.08,965.45,0.0,196.72,21.08,21.39,0.00564,36.38,0.2996,1507.08,954.71,0.0,562.5,21.13,22.15,0.00567,35.02,0.1615,602.52,997.14,1.0,0.0,21.07,21.23,0.00563,35.09,0.5666,4027.64,964.41,0.0,199.22,3163.09,0.0,602.6,1437616.08,3401974.53,3401974.53,7644720.09
